area,rooms,floor,total_floors,minutes_to_metro,floor_ratio,is_first_floor,is_last_floor,is_studio,log_area,metro_station,renovation
78.9,3.0,4.0,5,18.0,0.8,0,0,0,4.380775852772229,Профсоюзная,Cosmetic
310.0,6.0,2.0,17,10.0,0.1176470588235294,0,0,0,5.739792912179234,Фрунзенская,Designer
107.8,3.0,31.0,34,9.0,0.9117647058823528,0,0,0,4.689511334421843,Калужская,Without renovation
19.9,0.0,11.0,33,9.0,0.3333333333333333,0,0,1,3.039749158970765,Озёрная,Cosmetic
85.0,2.0,10.0,28,25.0,0.3571428571428571,0,0,0,4.454347296253507,ЗИЛ,European-style renovation
50.0,2.0,2.0,10,9.0,0.2,0,0,0,3.9318256327243257,Проспект Вернадского,European-style renovation
68.0,2.0,6.0,16,16.0,0.375,0,0,0,4.23410650459726,Давыдково,European-style renovation
20.3,0.0,2.0,5,5.0,0.4,0,0,1,3.05870707271538,Окружная,Cosmetic
165.7,4.0,2.0,6,4.0,0.3333333333333333,0,0,0,5.116195789756748,Смоленская,Designer
153.6,5.0,64.0,67,9.0,0.9552238805970148,0,0,0,5.040841136153322,Выставочная,Designer
35.7,1.0,5.0,12,19.0,0.4166666666666667,0,0,0,3.6027767550605247,Перово,Cosmetic
84.3,3.0,19.0,32,10.0,0.59375,0,0,0,4.446174454497633,Мичуринский проспект,Without renovation
103.2,6.0,3.0,6,4.0,0.5,0,0,0,4.646312129319266,Маяковская,Cosmetic
36.2,1.0,13.0,41,8.0,0.3170731707317073,0,0,0,3.616308761279101,Лужники,European-style renovation
103.2,5.0,2.0,6,3.0,0.3333333333333333,0,0,0,4.646312129319266,Маяковская,Without renovation
45.2,1.0,18.0,25,9.0,0.72,0,0,0,3.832979798087693,Некрасовка,Designer
98.0,4.0,7.0,31,8.0,0.2258064516129032,0,0,0,4.59511985013459,Фили,Without renovation
71.0,3.0,22.0,46,4.0,0.4782608695652174,0,0,0,4.276666119016055,Фили,Without renovation
92.5,4.0,28.0,34,8.0,0.8235294117647058,0,0,0,4.537961436294641,Калужская,European-style renovation
100.0,4.0,4.0,11,15.0,0.3636363636363636,0,0,0,4.61512051684126,Университет,European-style renovation
27.6,0.0,9.0,18,18.0,0.5,0,0,1,3.353406717825807,Павелецкая,Without renovation
77.0,2.0,9.0,50,12.0,0.18,0,0,0,4.356708826689592,Мичуринский проспект,Without renovation
58.3,2.0,7.0,12,31.0,0.5833333333333334,0,0,0,4.08260930600368,Люблино,Cosmetic
380.0,5.0,3.0,4,11.0,0.75,0,0,0,5.942799375126701,Фрунзенская,European-style renovation
37.5,2.0,2.0,14,7.0,0.1428571428571428,0,0,0,3.6506582412937383,Гражданская,Without renovation
250.0,4.0,16.0,17,34.0,0.9411764705882352,0,0,0,5.525452939131784,Минская,Without renovation
20.0,0.0,2.0,17,8.0,0.1176470588235294,0,0,1,3.044522437723423,Некрасовка,European-style renovation
154.0,4.0,12.0,22,10.0,0.5454545454545454,0,0,0,5.043425116919247,Улица 1905 года,European-style renovation
131.1,4.0,2.0,17,9.0,0.1176470588235294,0,0,0,4.883559211528279,Серпуховская,Designer
63.8,2.0,18.0,25,19.0,0.72,0,0,0,4.1713056033582285,Некрасовка,Cosmetic
65.0,2.0,1.0,16,7.0,0.0625,1,0,0,4.189654742026425,Ясенево,Without renovation
76.3,2.0,9.0,28,10.0,0.3214285714285714,0,0,0,4.3476939555933765,Измайловская,European-style renovation
21.9,0.0,2.0,4,12.0,0.5,0,0,1,3.131136910560194,Речной вокзал,Cosmetic
105.0,4.0,17.0,18,32.0,0.9444444444444444,0,0,0,4.663439094112067,Покровское,European-style renovation
38.7,2.0,9.0,12,14.0,0.75,0,0,0,3.681351187693145,Кузьминки,Without renovation
58.0,2.0,16.0,24,20.0,0.6666666666666666,0,0,0,4.07753744390572,Рассказовка,Designer
53.3,2.0,3.0,14,12.0,0.2142857142857142,0,0,0,3.9945242269398897,Молодежная,Cosmetic
51.7,2.0,10.0,14,7.0,0.7142857142857143,0,0,0,3.964615455547317,Лухмановская,European-style renovation
77.8,3.0,5.0,22,9.0,0.2272727272727272,0,0,0,4.366912996863833,Бульвар Рокоссовского,Without renovation
58.5,2.0,3.0,24,8.0,0.125,0,0,0,4.085976312551584,Ботанический сад,European-style renovation
11.7,0.0,1.0,9,14.0,0.1111111111111111,1,0,1,2.5416019934645457,Планерная,European-style renovation
125.4,5.0,3.0,25,12.0,0.12,0,0,0,4.839451481712757,Юго-Западная,Without renovation
60.5,2.0,5.0,25,17.0,0.2,0,0,0,4.119037174812473,Павшино,European-style renovation
61.0,2.0,4.0,24,5.0,0.1666666666666666,0,0,0,4.127134385045092,Волгоградский проспект,European-style renovation
63.0,3.0,12.0,27,11.0,0.4444444444444444,0,0,0,4.158883083359672,Алексеевская,Without renovation
49.3,1.0,3.0,16,26.0,0.1875,0,0,0,3.918005077105693,Коммунарка,Cosmetic
84.0,3.0,18.0,18,21.0,1.0,0,1,0,4.442651256490317,Крылатское,European-style renovation
75.7,3.0,11.0,16,12.0,0.6875,0,0,0,4.33990170837321,Тропарево,Without renovation
85.8,3.0,20.0,25,27.0,0.8,0,0,0,4.463606621666305,Бабушкинская,European-style renovation
31.7,0.0,1.0,4,12.0,0.25,1,0,1,3.487375077903208,Преображенская площадь,Designer
23.2,0.0,4.0,22,19.0,0.1818181818181818,0,0,1,3.186352633162641,Саларьево,Cosmetic
46.0,1.0,4.0,43,11.0,0.0930232558139534,0,0,0,3.8501476017100575,ЗИЛ,Without renovation
128.7,5.0,33.0,33,17.0,1.0,0,1,0,4.865224091322398,Павелецкая,Without renovation
84.5,3.0,15.0,32,10.0,0.46875,0,0,0,4.448516375942715,Парк Победы,European-style renovation
11.8,0.0,1.0,3,12.0,0.3333333333333333,1,0,1,2.5494451709255714,Рязанский проспект,European-style renovation
180.0,4.0,34.0,57,9.0,0.5964912280701754,0,0,0,5.198497031265826,Аэропорт,Designer
158.2,4.0,27.0,30,11.0,0.9,0,0,0,5.0701612734102826,Новаторская,Designer
44.7,2.0,1.0,9,13.0,0.1111111111111111,1,0,0,3.822098297900159,Бескудниково,European-style renovation
39.1,1.0,8.0,12,24.0,0.6666666666666666,0,0,0,3.691376334312523,Отрадное,European-style renovation
101.0,4.0,15.0,29,20.0,0.5172413793103449,0,0,0,4.624972813284271,Автозаводская,European-style renovation
60.9,2.0,9.0,17,16.0,0.5294117647058824,0,0,0,4.12552017969055,Давыдково,European-style renovation
101.0,4.0,4.0,6,5.0,0.6666666666666666,0,0,0,4.624972813284271,Новослободская,Cosmetic
24.8,0.0,2.0,4,12.0,0.5,0,0,1,3.250374491927572,Преображенская площадь,Designer
49.8,0.0,3.0,26,7.0,0.1153846153846153,0,0,1,3.927896354584436,Водный стадион,Without renovation
118.0,3.0,3.0,22,8.0,0.1363636363636363,0,0,0,4.77912349311153,Площадь Гагарина,European-style renovation
135.0,3.0,4.0,8,7.0,0.5,0,0,0,4.912654885736052,Кропоткинская,Designer
93.0,3.0,6.0,7,17.0,0.8571428571428571,0,0,0,4.543294782270004,Электрозаводская,Without renovation
98.0,4.0,1.0,5,15.0,0.2,1,0,0,4.59511985013459,Гражданская,Cosmetic
226.0,4.0,15.0,57,10.0,0.2631578947368421,0,0,0,5.424950017481403,Сокол,European-style renovation
64.9,3.0,8.0,14,9.0,0.5714285714285714,0,0,0,4.188138441508461,Ростокино,Without renovation
61.6,4.0,1.0,4,9.0,0.25,1,0,0,4.136765278106052,Менделеевская,Without renovation
177.0,4.0,2.0,10,9.0,0.2,0,0,0,5.181783550292085,Курская,Designer
82.2,3.0,8.0,8,13.0,1.0,0,1,0,4.421247347827163,Верхние Котлы,Cosmetic
77.4,3.0,9.0,35,4.0,0.2571428571428571,0,0,0,4.361823927356363,Беломорская,European-style renovation
38.0,1.0,9.0,12,8.0,0.75,0,0,0,3.6635616461296463,Улица Скобелевская,Without renovation
140.1,3.0,10.0,11,6.0,0.9090909090909092,0,0,0,4.9494688588587685,Курская,Designer
33.72,6.0,6.0,19,7.0,0.3157894736842105,0,0,0,3.547315889792149,Красные ворота,European-style renovation
40.4,1.0,21.0,23,14.0,0.9130434782608696,0,0,0,3.7232808808312687,Бабушкинская,Cosmetic
35.5,1.0,20.0,25,22.0,0.8,0,0,0,3.597312260588446,Октябрьское поле,Without renovation
53.8,2.0,2.0,17,7.0,0.1176470588235294,0,0,0,4.00369019395397,Борисово,European-style renovation
80.4,3.0,4.0,9,6.0,0.4444444444444444,0,0,0,4.399375273008495,Сокол,European-style renovation
317.7,5.0,5.0,5,43.0,1.0,0,1,0,5.764250221423291,Тушинская,Designer
233.3,4.0,6.0,8,11.0,0.75,0,0,0,5.45660234551375,Кропоткинская,Designer
39.0,1.0,4.0,12,14.0,0.3333333333333333,0,0,0,3.688879454113936,Зюзино,Cosmetic
62.5,1.0,29.0,41,3.0,0.7073170731707317,0,0,0,4.151039905898646,Лужники,Without renovation
48.0,2.0,7.0,20,11.0,0.35,0,0,0,3.8918202981106265,Савеловская,European-style renovation
21.5,0.0,6.0,15,9.0,0.4,0,0,1,3.1135153092103742,Филатов Луг,European-style renovation
35.2,1.0,2.0,5,17.0,0.4,0,0,0,3.5890591188317256,Нагорная,European-style renovation
60.0,2.0,2.0,6,22.0,0.3333333333333333,0,0,0,4.110873864173311,Прокшино,Designer
51.0,3.0,3.0,9,10.0,0.3333333333333333,0,0,0,3.951243718581428,Рязанский проспект,European-style renovation
39.0,1.0,14.0,24,27.0,0.5833333333333334,0,0,0,3.688879454113936,Саларьево,European-style renovation
137.7,4.0,4.0,27,25.0,0.1481481481481481,0,0,0,4.932313327320786,Мнёвники,Designer
345.0,6.0,17.0,18,17.0,0.9444444444444444,0,0,0,5.846438775057725,Ломоносовский проспект,Designer
38.2,1.0,22.0,22,14.0,1.0,0,1,0,3.6686767467964168,Бунинская Аллея,Cosmetic
73.0,2.0,11.0,43,15.0,0.2558139534883721,0,0,0,4.30406509320417,Хорошево,Without renovation
185.0,5.0,7.0,7,8.0,1.0,0,1,0,5.225746673713202,Смоленская,Without renovation
22.5,0.0,1.0,12,10.0,0.0833333333333333,1,0,1,3.157000421150113,Лианозово,Without renovation
38.3,1.0,10.0,22,14.0,0.4545454545454545,0,0,0,3.6712245188752153,Бунинская Аллея,European-style renovation
13.5,0.0,1.0,9,11.0,0.1111111111111111,1,0,1,2.6741486494265287,Беломорская,European-style renovation
180.0,5.0,4.0,17,6.0,0.2352941176470588,0,0,0,5.198497031265826,Проспект Мира,Designer
19.2,0.0,1.0,8,9.0,0.125,1,0,1,3.005682604407159,Сокол,Cosmetic
170.0,4.0,15.0,15,15.0,1.0,0,1,0,5.14166355650266,Новые Черемушки,Designer
20.3,0.0,1.0,5,18.0,0.2,1,0,1,3.05870707271538,Тестовская,Without renovation
63.0,2.0,12.0,22,11.0,0.5454545454545454,0,0,0,4.158883083359672,Ясенево,Cosmetic
37.3,1.0,9.0,17,9.0,0.5294117647058824,0,0,0,3.6454498961866,Селигерская,Cosmetic
24.4,0.0,6.0,15,12.0,0.4,0,0,1,3.2347491740244907,Коммунарка,Designer
225.0,3.0,24.0,72,3.0,0.3333333333333333,0,0,0,5.420534999272286,Деловой центр,Designer
43.4,2.0,14.0,18,6.0,0.7777777777777778,0,0,0,3.7932394694381792,Панфиловская,European-style renovation
39.0,0.0,18.0,27,29.0,0.6666666666666666,0,0,1,3.688879454113936,Народное Ополчение,Cosmetic
81.7,3.0,5.0,5,10.0,1.0,0,1,0,4.415219602029645,Хорошёвская,Cosmetic
58.0,2.0,2.0,10,6.0,0.2,0,0,0,4.07753744390572,Бауманская,Cosmetic
93.2,3.0,27.0,40,12.0,0.675,0,0,0,4.545420181582317,ЗИЛ,Without renovation
282.0,5.0,2.0,6,5.0,0.3333333333333333,0,0,0,5.645446897643238,Кропоткинская,Designer
234.0,6.0,1.0,12,24.0,0.0833333333333333,1,0,0,5.459585514144159,Ломоносовский проспект,Without renovation
55.3,1.0,2.0,18,13.0,0.1111111111111111,0,0,0,4.030694535145645,Воробьёвы горы,Without renovation
54.8,2.0,10.0,19,12.0,0.5263157894736842,0,0,0,4.021773869387265,Некрасовка,European-style renovation
68.2,2.0,2.0,21,16.0,0.0952380952380952,0,0,0,4.237000862623624,Остафьево,Without renovation
137.0,4.0,8.0,12,1.0,0.6666666666666666,0,0,0,4.927253685157205,Минская,Without renovation
126.0,4.0,12.0,13,5.0,0.9230769230769232,0,0,0,4.844187086458591,Маяковская,European-style renovation
64.9,2.0,12.0,24,12.0,0.5,0,0,0,4.188138441508461,Измайлово,Cosmetic
43.1,1.0,8.0,28,26.0,0.2857142857142857,0,0,0,3.7864597824528,Фили,Without renovation
90.0,3.0,7.0,21,9.0,0.3333333333333333,0,0,0,4.51085950651685,Выставочная,Without renovation
42.2,1.0,10.0,25,20.0,0.4,0,0,0,3.765840495250065,Новопеределкино,Cosmetic
79.4,3.0,13.0,14,6.0,0.9285714285714286,0,0,0,4.387014176184921,Крымская,European-style renovation
43.6,2.0,26.0,30,20.0,0.8666666666666667,0,0,0,3.7977338590260175,Давыдково,Without renovation
77.9,3.0,2.0,22,16.0,0.0909090909090909,0,0,0,4.368181227851829,Новаторская,European-style renovation
39.3,1.0,5.0,6,13.0,0.8333333333333334,0,0,0,3.696351468952637,Беговая,Designer
103.2,3.0,2.0,8,18.0,0.25,0,0,0,4.646312129319266,Хорошево,Designer
39.2,1.0,1.0,14,13.0,0.0714285714285714,1,0,0,3.693866995624976,Алма-Атинская,European-style renovation
39.4,1.0,10.0,17,6.0,0.5882352941176471,0,0,0,3.698829784967105,Прокшино,Cosmetic
94.0,3.0,1.0,18,6.0,0.0555555555555555,1,0,0,4.553876891600541,Панфиловская,Without renovation
125.8,3.0,3.0,22,17.0,0.1363636363636363,0,0,0,4.842611042003125,Славянский бульвар,Designer
106.7,4.0,19.0,20,15.0,0.95,0,0,0,4.679349584162343,Сокольники,Designer
120.5,5.0,26.0,30,10.0,0.8666666666666667,0,0,0,4.799914262780603,Мичуринский проспект,Without renovation
100.0,3.0,6.0,7,3.0,0.8571428571428571,0,0,0,4.61512051684126,Смоленская,Designer
12.0,0.0,1.0,17,5.0,0.0588235294117647,1,0,1,2.5649493574615367,Кунцевская,Designer
85.7,3.0,2.0,16,3.0,0.125,0,0,0,4.462453883786496,Прокшино,European-style renovation
67.5,2.0,29.0,32,4.0,0.90625,0,0,0,4.22683374526818,Беговая,Designer
80.0,4.0,4.0,5,13.0,0.8,0,0,0,4.394449154672439,Петровский парк,Cosmetic
20.0,0.0,27.0,33,16.0,0.8181818181818182,0,0,1,3.044522437723423,Локомотив,European-style renovation
105.7,4.0,5.0,6,2.0,0.8333333333333334,0,0,0,4.670021158307708,Студенческая,Without renovation
32.6,1.0,14.0,17,9.0,0.8235294117647058,0,0,0,3.5145260669691587,Бунинская Аллея,Cosmetic
38.0,1.0,12.0,17,22.0,0.7058823529411765,0,0,0,3.6635616461296463,Братиславская,Cosmetic
35.5,1.0,18.0,25,12.0,0.72,0,0,0,3.597312260588446,Саларьево,Cosmetic
86.7,3.0,6.0,25,19.0,0.24,0,0,0,4.473921899378137,Некрасовка,Cosmetic
78.0,3.0,3.0,7,9.0,0.4285714285714285,0,0,0,4.3694478524670215,Университет,Designer
70.0,3.0,11.0,21,17.0,0.5238095238095238,0,0,0,4.262679877041316,Фили,Designer
104.4,4.0,8.0,10,15.0,0.8,0,0,0,4.657762636107262,Бауманская,European-style renovation
71.0,3.0,13.0,25,16.0,0.52,0,0,0,4.276666119016055,Фили,Designer
63.3,2.0,6.0,41,3.0,0.1463414634146341,0,0,0,4.163559631243574,Лужники,European-style renovation
204.9,4.0,28.0,31,20.0,0.9032258064516128,0,0,0,5.327390614033744,Славянский бульвар,Designer
34.8,1.0,2.0,12,12.0,0.1666666666666666,0,0,0,3.5779478934066544,Бульвар Рокоссовского,Without renovation
15.6,0.0,3.0,4,15.0,0.75,0,0,1,2.8094026953624978,Красный Балтиец,European-style renovation
97.8,3.0,21.0,22,12.0,0.9545454545454546,0,0,0,4.593097604753822,ЗИЛ,Without renovation
82.9,4.0,22.0,34,8.0,0.6470588235294118,0,0,0,4.429625613473161,Калужская,European-style renovation
24.2,0.0,3.0,30,9.0,0.1,0,0,1,3.226843994517377,Угрешская,European-style renovation
64.0,4.0,5.0,9,29.0,0.5555555555555556,0,0,0,4.174387269895637,Селигерская,Without renovation
282.5,8.0,12.0,14,7.0,0.8571428571428571,0,0,0,5.647212123167807,Проспект Мира,Designer
75.0,4.0,2.0,5,12.0,0.4,0,0,0,4.330733340286331,Боровицкая,European-style renovation
189.0,5.0,6.0,9,8.0,0.6666666666666666,0,0,0,5.247024072160486,Кутузовская,Designer
109.0,4.0,9.0,19,11.0,0.4736842105263157,0,0,0,4.700480365792417,Алексеевская,Without renovation
39.0,1.0,7.0,37,7.0,0.1891891891891892,0,0,0,3.688879454113936,Аминьевская,Without renovation
43.4,2.0,4.0,5,13.0,0.8,0,0,0,3.7932394694381792,Динамо,Without renovation
182.0,4.0,5.0,5,12.0,1.0,0,1,0,5.209486152841421,Тверская,Designer
103.0,3.0,22.0,25,11.0,0.88,0,0,0,4.6443908991413725,Аминьевская,Designer
46.9,1.0,13.0,13,8.0,1.0,0,1,0,3.8691155044168695,Смоленская,European-style renovation
212.0,5.0,27.0,31,11.0,0.8709677419354839,0,0,0,5.3612921657094255,Славянский бульвар,European-style renovation
69.7,0.0,6.0,7,19.0,0.8571428571428571,0,0,1,4.258445572902527,Бауманская,Without renovation
136.5,4.0,23.0,41,12.0,0.5609756097560976,0,0,0,4.923623917106626,Аэропорт,Designer
100.5,3.0,10.0,14,32.0,0.7142857142857143,0,0,0,4.620058798481842,Щербинка,European-style renovation
240.0,6.0,1.0,3,20.0,0.3333333333333333,1,0,0,5.484796933490655,Мнёвники,Designer
23.8,6.0,5.0,25,5.0,0.2,0,0,0,3.210843653170937,Тушинская,Cosmetic
135.3,0.0,37.0,37,12.0,1.0,0,1,1,4.914858338702487,Аэропорт,Without renovation
72.0,3.0,7.0,17,28.0,0.4117647058823529,0,0,0,4.290459441148391,Щербинка,European-style renovation
250.0,5.0,4.0,4,4.0,1.0,0,1,0,5.525452939131784,Сретенский бульвар,Designer
110.1,4.0,2.0,21,11.0,0.0952380952380952,0,0,0,4.710430696645584,Народное Ополчение,European-style renovation
40.0,1.0,2.0,16,18.0,0.125,0,0,0,3.713572066704308,Площадь Ильича,Cosmetic
54.0,2.0,12.0,12,56.0,1.0,0,1,0,4.007333185232471,Алма-Атинская,Cosmetic
80.2,2.0,3.0,13,9.0,0.2307692307692307,0,0,0,4.396915247167632,Смоленская,Designer
37.8,1.0,12.0,17,20.0,0.7058823529411765,0,0,0,3.658420246629228,Яхромская,European-style renovation
51.0,2.0,3.0,16,11.0,0.1875,0,0,0,3.951243718581428,Коньково,Cosmetic
62.7,2.0,7.0,9,7.0,0.7777777777777778,0,0,0,4.154184562578117,Академическая,Cosmetic
235.6,5.0,3.0,5,10.0,0.6,0,0,0,5.466370951544286,Парк культуры,Without renovation
38.6,1.0,10.0,16,15.0,0.625,0,0,0,3.6788291182604342,Выхино,Cosmetic
370.0,5.0,5.0,6,10.0,0.8333333333333334,0,0,0,5.916202062607435,Минская,Without renovation
272.2,5.0,13.0,16,28.0,0.8125,0,0,0,5.610204127696635,Спортивная,Without renovation
94.0,3.0,7.0,28,12.0,0.25,0,0,0,4.553876891600541,Багратионовская,Designer
133.1,4.0,6.0,14,10.0,0.4285714285714285,0,0,0,4.898585790287632,Спортивная,Without renovation
42.2,1.0,7.0,23,18.0,0.3043478260869565,0,0,0,3.765840495250065,Кузьминки,European-style renovation
67.8,2.0,26.0,28,18.0,0.9285714285714286,0,0,0,4.231203744939298,Фили,Designer
56.2,3.0,4.0,20,6.0,0.2,0,0,0,4.046553898385752,Фили,Designer
77.0,3.0,4.0,10,6.0,0.4,0,0,0,4.356708826689592,Смоленская,Without renovation
20.02,6.0,18.0,33,3.0,0.5454545454545454,0,0,0,3.045474365448805,Красный Строитель,Cosmetic
36.0,1.0,2.0,17,20.0,0.1176470588235294,0,0,0,3.610917912644224,Коньково,European-style renovation
44.0,1.0,3.0,14,8.0,0.2142857142857142,0,0,0,3.80666248977032,Москва-Товарная,Without renovation
20.4,0.0,1.0,5,5.0,0.2,1,0,1,3.0633909220278057,Окружная,Without renovation
80.8,3.0,2.0,9,2.0,0.2222222222222222,0,0,0,4.404277243608702,Курская,European-style renovation
108.6,2.0,9.0,17,11.0,0.5294117647058824,0,0,0,4.696837374513915,Филёвский парк,Without renovation
22.2,0.0,23.0,25,12.0,0.92,0,0,1,3.1441522786722644,Беговая,European-style renovation
28.9,0.0,29.0,32,9.0,0.90625,0,0,1,3.3978584803966405,Нижегородская,Designer
252.1,5.0,3.0,7,9.0,0.4285714285714285,0,0,0,5.533784667551078,Смоленская,Without renovation
39.0,1.0,5.0,14,11.0,0.3571428571428571,0,0,0,3.688879454113936,Орехово,European-style renovation
16.8,0.0,1.0,9,15.0,0.1111111111111111,1,0,1,2.87919845729804,Домодедовская,Cosmetic
107.3,3.0,18.0,29,11.0,0.6206896551724138,0,0,0,4.684905154006945,Измайлово,European-style renovation
95.5,4.0,6.0,21,12.0,0.2857142857142857,0,0,0,4.56954300834494,Бульвар Дмитрия Донского,Without renovation
40.6,1.0,20.0,24,15.0,0.8333333333333334,0,0,0,3.728100167267218,Перерва,Cosmetic
39.0,1.0,16.0,17,17.0,0.9411764705882352,0,0,0,3.688879454113936,Депо,Cosmetic
33.8,0.0,15.0,20,33.0,0.75,0,0,1,3.5496173867804286,Покровское,Without renovation
13.7,0.0,1.0,3,7.0,0.3333333333333333,1,0,1,2.6878474937846906,Сретенский бульвар,Without renovation
22.3,0.0,6.0,7,14.0,0.8571428571428571,0,0,1,3.1484533605716547,Красный Балтиец,Without renovation
60.4,3.0,11.0,12,27.0,0.9166666666666666,0,0,0,4.117409835153096,Бабушкинская,European-style renovation
198.8,5.0,4.0,13,8.0,0.3076923076923077,0,0,0,5.297316866214453,Новослободская,Without renovation
312.0,6.0,3.0,5,4.0,0.6,0,0,0,5.746203190540153,Кузнецкий мост,Cosmetic
163.8,4.0,2.0,10,12.0,0.2,0,0,0,5.104732617475372,Парк культуры,Without renovation
42.1,1.0,7.0,25,7.0,0.28,0,0,0,3.763522997109702,Нижегородская,Designer
37.4,1.0,2.0,17,7.0,0.1176470588235294,0,0,0,3.648057459593681,Крылатское,Without renovation
38.0,2.0,4.0,9,10.0,0.4444444444444444,0,0,0,3.6635616461296463,Павелецкая,Cosmetic
50.0,2.0,8.0,12,30.0,0.6666666666666666,0,0,0,3.9318256327243257,Прокшино,European-style renovation
63.0,3.0,1.0,9,16.0,0.1111111111111111,1,0,0,4.158883083359672,Южная,Cosmetic
232.0,5.0,4.0,7,10.0,0.5714285714285714,0,0,0,5.4510384535657,Минская,European-style renovation
15.0,0.0,3.0,9,13.0,0.3333333333333333,0,0,1,2.772588722239781,Зеленоград — Крюково,European-style renovation
78.6,3.0,9.0,14,31.0,0.6428571428571429,0,0,0,4.377014092850337,Некрасовка,Cosmetic
63.3,3.0,7.0,12,15.0,0.5833333333333334,0,0,0,4.163559631243574,Сетунь,Cosmetic
184.0,3.0,9.0,19,8.0,0.4736842105263157,0,0,0,5.220355825078324,Первомайская,European-style renovation
103.8,4.0,18.0,39,21.0,0.4615384615384615,0,0,0,4.6520537718869415,Хорошево,Without renovation
60.0,3.0,8.0,9,4.0,0.8888888888888888,0,0,0,4.110873864173311,Преображенская площадь,Cosmetic
138.2,4.0,31.0,33,10.0,0.9393939393939394,0,0,0,4.935911747900319,Щукинская,Designer
80.62,4.0,3.0,21,13.0,0.1428571428571428,0,0,0,4.402074329977659,Аминьевская,European-style renovation
37.9,1.0,2.0,23,5.0,0.0869565217391304,0,0,0,3.6609942506244,Улица Дмитриевского,European-style renovation
51.8,2.0,6.0,12,8.0,0.5,0,0,0,3.966511190712216,Выхино,Cosmetic
18.5,0.0,2.0,17,6.0,0.1176470588235294,0,0,1,2.970414465569701,Некрасовка,Cosmetic
64.8,3.0,9.0,16,12.0,0.5625,0,0,0,4.186619838331271,Аминьевская,Cosmetic
34.8,1.0,7.0,12,16.0,0.5833333333333334,0,0,0,3.5779478934066544,Зюзино,Cosmetic
52.3,2.0,9.0,14,7.0,0.6428571428571429,0,0,0,3.975936331171799,Лефортово,Cosmetic
35.0,1.0,14.0,18,31.0,0.7777777777777778,0,0,0,3.58351893845611,Бунинская Аллея,Cosmetic
38.0,2.0,4.0,15,30.0,0.2666666666666666,0,0,0,3.6635616461296463,Улица Горчакова,Cosmetic
36.0,1.0,24.0,27,14.0,0.8888888888888888,0,0,0,3.610917912644224,Авиамоторная,Designer
62.7,3.0,8.0,9,18.0,0.8888888888888888,0,0,0,4.154184562578117,Ясенево,European-style renovation
37.8,1.0,2.0,17,29.0,0.1176470588235294,0,0,0,3.658420246629228,Некрасовка,Cosmetic
220.0,5.0,2.0,6,6.0,0.3333333333333333,0,0,0,5.3981627015177525,Кропоткинская,European-style renovation
63.1,2.0,16.0,25,6.0,0.64,0,0,0,4.160444363926624,Красный Балтиец,European-style renovation
195.0,4.0,13.0,16,9.0,0.8125,0,0,0,5.278114659230517,Динамо,European-style renovation
46.7,2.0,7.0,12,23.0,0.5833333333333334,0,0,0,3.864931397894296,Прокшино,European-style renovation
72.9,1.0,2.0,5,6.0,0.4,0,0,0,4.302712827954156,Смоленская,Designer
128.0,4.0,12.0,16,14.0,0.75,0,0,0,4.859812404361672,Шаболовская,European-style renovation
143.0,4.0,16.0,27,5.0,0.5925925925925926,0,0,0,4.969813299576001,Аминьевская,Without renovation
107.7,2.0,1.0,3,3.0,0.3333333333333333,1,0,0,4.688591794127164,Китай-город,Designer
170.1,5.0,6.0,12,4.0,0.5,0,0,0,5.142248180898148,Ломоносовский проспект,Without renovation
105.0,4.0,10.0,28,12.0,0.3571428571428571,0,0,0,4.663439094112067,Багратионовская,Designer
44.4,2.0,2.0,9,18.0,0.2222222222222222,0,0,0,3.8155121050473024,Бульвар Рокоссовского,Cosmetic
59.2,2.0,22.0,27,14.0,0.8148148148148148,0,0,0,4.097672352314776,Черкизовская,Designer
176.0,4.0,12.0,17,19.0,0.7058823529411765,0,0,0,5.176149732573829,Ломоносовский проспект,Designer
70.0,3.0,13.0,20,10.0,0.65,0,0,0,4.262679877041316,Технопарк,Without renovation
22.5,0.0,8.0,14,24.0,0.5714285714285714,0,0,1,3.157000421150113,Прокшино,Cosmetic
33.0,1.0,3.0,6,20.0,0.5,0,0,0,3.5263605246161616,Войковская,Designer
78.9,2.0,4.0,4,6.0,1.0,0,1,0,4.380775852772229,Арбатская,Without renovation
42.0,1.0,14.0,14,17.0,1.0,0,1,0,3.7612001156935615,Пятницкое шоссе,Cosmetic
55.0,2.0,6.0,7,17.0,0.8571428571428571,0,0,0,4.02535169073515,Электрозаводская,Without renovation
12.7,0.0,17.0,17,18.0,1.0,0,1,1,2.617395832834079,Селигерская,European-style renovation
20.0,0.0,2.0,5,7.0,0.4,0,0,1,3.044522437723423,Окружная,Designer
40.0,0.0,59.0,68,12.0,0.8676470588235294,0,0,1,3.713572066704308,Выставочная,Without renovation
131.0,4.0,6.0,7,5.0,0.8571428571428571,0,0,0,4.882801922586371,Арбатская,European-style renovation
63.8,2.0,4.0,25,19.0,0.16,0,0,0,4.1713056033582285,Некрасовка,Cosmetic
18.9,0.0,6.0,6,8.0,1.0,0,1,1,2.990719731730447,Динамо,Designer
72.2,2.0,16.0,41,13.0,0.3902439024390244,0,0,0,4.293195420967266,Аэропорт,Designer
40.1,1.0,14.0,17,37.0,0.8235294117647058,0,0,0,3.716008121502189,Внуково,Designer
116.85,4.0,53.0,54,5.0,0.9814814814814816,0,0,0,4.76941262938214,Дмитровская,Without renovation
122.0,5.0,14.0,17,10.0,0.8235294117647058,0,0,0,4.812184355372417,Коммунарка,European-style renovation
51.3,2.0,5.0,12,9.0,0.4166666666666667,0,0,0,3.956996371070877,Шипиловская,Without renovation
54.0,2.0,14.0,17,30.0,0.8235294117647058,0,0,0,4.007333185232471,Рассказовка,European-style renovation
46.0,1.0,12.0,25,23.0,0.48,0,0,0,3.8501476017100575,Давыдково,Without renovation
38.6,2.0,16.0,21,5.0,0.7619047619047619,0,0,0,3.6788291182604342,Водный стадион,Without renovation
33.7,1.0,24.0,41,7.0,0.5853658536585366,0,0,0,3.5467396869528134,Раменки,Cosmetic
250.8,6.0,34.0,44,12.0,0.7727272727272727,0,0,0,5.528635121610247,Улица 1905 года,Designer
170.0,5.0,19.0,25,23.0,0.76,0,0,0,5.14166355650266,Давыдково,Without renovation
40.0,1.0,17.0,17,14.0,1.0,0,1,0,3.713572066704308,Некрасовка,Cosmetic
110.0,4.0,15.0,30,8.0,0.5,0,0,0,4.709530201312334,Тушинская,European-style renovation
136.0,4.0,2.0,5,8.0,0.4,0,0,0,4.919980925828125,Новокузнецкая,European-style renovation
188.0,4.0,15.0,18,7.0,0.8333333333333334,0,0,0,5.241747015059643,Белорусская,Designer
20.3,0.0,2.0,4,3.0,0.5,0,0,1,3.05870707271538,Аэропорт,Designer
62.6,2.0,5.0,6,10.0,0.8333333333333334,0,0,0,4.152613470346076,Белорусская,Designer
29.9,0.0,1.0,8,6.0,0.125,1,0,1,3.4307561839036995,Китай-город,Designer
65.1,3.0,9.0,9,12.0,1.0,0,1,0,4.191168746857641,Маяковская,Cosmetic
16.7,0.0,3.0,3,8.0,1.0,0,1,1,2.873564639579784,Электрозаводская,Without renovation
31.9,0.0,2.0,15,9.0,0.1333333333333333,0,0,1,3.493472657771326,Коммунарка,Without renovation
87.3,4.0,3.0,18,13.0,0.1666666666666666,0,0,0,4.480740107609915,Прокшино,Without renovation
17.0,0.0,1.0,14,10.0,0.0714285714285714,1,0,1,2.8903717578961645,Новопеределкино,European-style renovation
45.0,2.0,8.0,12,8.0,0.6666666666666666,0,0,0,3.828641396489095,Фонвизинская,Designer
62.0,2.0,10.0,17,9.0,0.5882352941176471,0,0,0,4.143134726391533,Селигерская,Cosmetic
125.0,4.0,14.0,25,11.0,0.56,0,0,0,4.836281906951478,Мичуринский проспект,European-style renovation
210.0,3.0,8.0,14,11.0,0.5714285714285714,0,0,0,5.351858133476067,Серпуховская,Designer
30.0,0.0,11.0,17,26.0,0.6470588235294118,0,0,1,3.4339872044851463,Царицыно,Cosmetic
45.0,2.0,6.0,9,4.0,0.6666666666666666,0,0,0,3.828641396489095,Беляево,European-style renovation
19.8,6.0,29.0,33,6.0,0.8787878787878788,0,0,0,3.0349529867072724,Бабушкинская,Cosmetic
60.5,2.0,15.0,25,20.0,0.6,0,0,0,4.119037174812473,Водный стадион,Cosmetic
37.8,2.0,2.0,9,13.0,0.2222222222222222,0,0,0,3.658420246629228,Пролетарская,Cosmetic
92.2,4.0,4.0,26,7.0,0.1538461538461538,0,0,0,4.534747721691546,Водный стадион,Designer
85.0,0.0,10.0,12,5.0,0.8333333333333334,0,0,1,4.454347296253507,Маяковская,Without renovation
58.0,2.0,8.0,46,18.0,0.1739130434782608,0,0,0,4.07753744390572,Серпуховская,Without renovation
93.0,2.0,4.0,13,9.0,0.3076923076923077,0,0,0,4.543294782270004,Смоленская,Designer
73.3,2.0,5.0,11,5.0,0.4545454545454545,0,0,0,4.308110951723713,Панфиловская,European-style renovation
46.6,2.0,30.0,34,8.0,0.8823529411764706,0,0,0,3.8628327612373754,Воронцовская,European-style renovation
181.7,6.0,15.0,21,10.0,0.7142857142857143,0,0,0,5.207845463383961,Алексеевская,Without renovation
68.0,2.0,14.0,21,9.0,0.6666666666666666,0,0,0,4.23410650459726,Улица 1905 года,Without renovation
219.0,4.0,10.0,13,9.0,0.7692307692307693,0,0,0,5.393627546352362,Смоленская,Designer
36.4,1.0,6.0,17,5.0,0.3529411764705882,0,0,0,3.6216707044204863,Бунинская Аллея,European-style renovation
61.0,3.0,7.0,12,6.0,0.5833333333333334,0,0,0,4.127134385045092,Лихоборы,Cosmetic
35.0,1.0,3.0,16,16.0,0.1875,0,0,0,3.58351893845611,Теплый Стан,Cosmetic
51.2,2.0,28.0,34,7.0,0.8235294117647058,0,0,0,3.955082494888593,Парк Победы,Without renovation
32.7,1.0,4.0,14,12.0,0.2857142857142857,0,0,0,3.517497837358316,Окружная,Cosmetic
135.3,4.0,37.0,41,15.0,0.902439024390244,0,0,0,4.914858338702487,Динамо,Designer
205.0,5.0,13.0,24,7.0,0.5416666666666666,0,0,0,5.327876168789581,Достоевская,Without renovation
90.0,3.0,6.0,8,3.0,0.75,0,0,0,4.51085950651685,Маяковская,Without renovation
225.0,4.0,63.0,79,6.0,0.7974683544303798,0,0,0,5.420534999272286,Международная,Designer
19.2,0.0,1.0,3,27.0,0.3333333333333333,1,0,1,3.005682604407159,Селигерская,Cosmetic
49.3,1.0,2.0,11,9.0,0.1818181818181818,0,0,0,3.918005077105693,Полянка,Designer
24.2,0.0,2.0,2,16.0,1.0,0,1,1,3.226843994517377,Петровский парк,Designer
79.1,3.0,2.0,14,5.0,0.1428571428571428,0,0,0,4.383275854074314,Некрасовка,Cosmetic
89.8,4.0,3.0,14,13.0,0.2142857142857142,0,0,0,4.508659285607248,Кантемировская,European-style renovation
31.0,2.0,1.0,3,14.0,0.3333333333333333,1,0,0,3.4657359027997265,Бауманская,Designer
41.0,1.0,20.0,30,16.0,0.6666666666666666,0,0,0,3.737669618283368,Мичуринский проспект,European-style renovation
44.6,2.0,1.0,9,12.0,0.1111111111111111,1,0,0,3.819907716520341,Беляево,Cosmetic
123.88,0.0,11.0,15,2.0,0.7333333333333333,0,0,1,4.827353276207177,Алексеевская,Without renovation
186.4,4.0,11.0,44,19.0,0.25,0,0,0,5.2332453698043215,Минская,Without renovation
16.9,0.0,1.0,9,26.0,0.1111111111111111,1,0,1,2.884800712846709,Новогиреево,Cosmetic
23.9,0.0,1.0,9,6.0,0.1111111111111111,1,0,1,3.214867803470662,Орехово,Cosmetic
79.7,3.0,7.0,9,12.0,0.7777777777777778,0,0,0,4.390738575275903,Университет,Cosmetic
38.9,1.0,3.0,12,22.0,0.25,0,0,0,3.686376323895818,Владыкино,European-style renovation
221.8,6.0,4.0,5,4.0,0.8,0,0,0,5.406274508053129,Кропоткинская,Designer
58.1,3.0,7.0,9,15.0,0.7777777777777778,0,0,0,4.079230924412053,Юго-Восточная,European-style renovation
67.5,3.0,2.0,12,8.0,0.1666666666666666,0,0,0,4.22683374526818,Щукинская,European-style renovation
38.7,1.0,30.0,34,9.0,0.8823529411764706,0,0,0,3.681351187693145,Калужская,Cosmetic
38.9,1.0,12.0,12,23.0,1.0,0,1,0,3.686376323895818,Сетунь,European-style renovation
44.7,1.0,2.0,18,9.0,0.1111111111111111,0,0,0,3.822098297900159,Щелковская,Cosmetic
94.7,5.0,6.0,14,17.0,0.4285714285714285,0,0,0,4.5612182984589085,Коммунарка,European-style renovation
61.6,3.0,10.0,12,27.0,0.8333333333333334,0,0,0,4.136765278106052,Сетунь,European-style renovation
34.2,0.0,5.0,7,14.0,0.7142857142857143,0,0,1,3.5610460826040518,Красный Балтиец,Designer
22.2,0.0,1.0,7,14.0,0.1428571428571428,1,0,1,3.1441522786722644,Красный Балтиец,Without renovation
17.0,0.0,1.0,14,10.0,0.0714285714285714,1,0,1,2.8903717578961645,Новопеределкино,Cosmetic
13.8,0.0,3.0,3,7.0,1.0,0,1,1,2.694627180770069,Нижегородская,Designer
115.0,4.0,3.0,15,21.0,0.2,0,0,0,4.7535901911063645,ЗИЛ,Without renovation
84.7,2.0,11.0,18,16.0,0.6111111111111112,0,0,0,4.450852825603734,Деловой центр,Designer
27.5,1.0,5.0,19,7.0,0.2631578947368421,0,0,0,3.349904087274605,Красные ворота,European-style renovation
62.0,2.0,13.0,25,11.0,0.52,0,0,0,4.143134726391533,Митино,European-style renovation
46.2,2.0,18.0,25,23.0,0.72,0,0,0,3.8543938925915096,Хорошево,Cosmetic
45.0,2.0,6.0,9,14.0,0.6666666666666666,0,0,0,3.828641396489095,Новаторская,Without renovation
88.5,4.0,5.0,6,5.0,0.8333333333333334,0,0,0,4.4942386252808095,Сретенский бульвар,European-style renovation
45.0,2.0,3.0,9,17.0,0.3333333333333333,0,0,0,3.828641396489095,Домодедовская,Cosmetic
109.1,3.0,9.0,14,9.0,0.6428571428571429,0,0,0,4.701389043728634,Бульвар Рокоссовского,European-style renovation
52.1,2.0,3.0,3,3.0,1.0,0,1,0,3.972176928247893,Китай-город,Designer
49.1,1.0,14.0,30,9.0,0.4666666666666667,0,0,0,3.914021008090819,Бульвар Рокоссовского,European-style renovation
63.6,2.0,2.0,16,4.0,0.125,0,0,0,4.168214410788556,Яхромская,Cosmetic
35.3,1.0,5.0,12,11.0,0.4166666666666667,0,0,0,3.591817741270805,Планерная,European-style renovation
39.0,1.0,13.0,46,18.0,0.2826086956521739,0,0,0,3.688879454113936,Павелецкая,Without renovation
108.0,3.0,4.0,6,11.0,0.6666666666666666,0,0,0,4.691347882229144,Бауманская,Without renovation
55.0,3.0,4.0,9,8.0,0.4444444444444444,0,0,0,4.02535169073515,Рабочий Посёлок,Cosmetic
30.0,0.0,5.0,39,18.0,0.1282051282051282,0,0,1,3.4339872044851463,Черкизовская,Designer
80.0,3.0,3.0,5,4.0,0.6,0,0,0,4.394449154672439,Бульвар Рокоссовского,European-style renovation
36.2,1.0,1.0,16,6.0,0.0625,1,0,0,3.616308761279101,Алтуфьево,Cosmetic
152.0,4.0,18.0,23,8.0,0.782608695652174,0,0,0,5.030437921392435,Сокол,European-style renovation
51.6,6.0,4.0,17,13.0,0.2352941176470588,0,0,0,3.962716119743664,Ботанический сад,Cosmetic
179.0,4.0,22.0,31,20.0,0.7096774193548387,0,0,0,5.19295685089021,Славянский бульвар,Designer
27.0,0.0,8.0,9,11.0,0.8888888888888888,0,0,1,3.332204510175204,Селигерская,European-style renovation
56.2,2.0,3.0,17,18.0,0.1764705882352941,0,0,0,4.046553898385752,Депо,European-style renovation
73.3,3.0,10.0,16,8.0,0.625,0,0,0,4.308110951723713,Лианозово,European-style renovation
40.0,1.0,6.0,14,6.0,0.4285714285714285,0,0,0,3.713572066704308,Достоевская,European-style renovation
205.0,5.0,24.0,24,14.0,1.0,0,1,0,5.327876168789581,Рабочий Посёлок,Designer
142.0,3.0,12.0,17,13.0,0.7058823529411765,0,0,0,4.962844630259907,Ленинский проспект,Designer
144.6,5.0,16.0,16,6.0,1.0,0,1,0,4.980863135762585,Зорге,Without renovation
105.0,4.0,5.0,6,2.0,0.8333333333333334,0,0,0,4.663439094112067,Студенческая,Without renovation
45.0,1.0,8.0,19,17.0,0.4210526315789473,0,0,0,3.828641396489095,Академическая,Designer
45.0,1.0,8.0,22,15.0,0.3636363636363636,0,0,0,3.828641396489095,Новаторская,European-style renovation
46.5,0.0,2.0,6,14.0,0.3333333333333333,0,0,1,3.8607297110405954,Южная,Without renovation
30.6,1.0,17.0,18,18.0,0.9444444444444444,0,0,0,3.4531571205928664,Ботанический сад,Without renovation
38.5,1.0,9.0,33,24.0,0.2727272727272727,0,0,0,3.676300671907076,Яхромская,Cosmetic
124.2,4.0,13.0,17,13.0,0.7647058823529411,0,0,0,4.829912458665998,Савеловская,Designer
14.5,0.0,2.0,9,2.0,0.2222222222222222,0,0,1,2.740840023925201,Сокол,Cosmetic
225.3,6.0,2.0,8,3.0,0.25,0,0,0,5.421861552639491,Полянка,Without renovation
42.1,2.0,2.0,6,3.0,0.3333333333333333,0,0,0,3.763522997109702,Чеховская,European-style renovation
131.2,4.0,1.0,5,5.0,0.2,1,0,0,4.884315927417586,Сретенский бульвар,Designer
38.0,1.0,16.0,25,19.0,0.64,0,0,0,3.6635616461296463,Некрасовка,Cosmetic
32.4,1.0,2.0,9,17.0,0.2222222222222222,0,0,0,3.5085558999826545,Селигерская,Cosmetic
53.6,2.0,2.0,17,19.0,0.1176470588235294,0,0,0,4.000033882750859,Люблино,Cosmetic
98.2,3.0,8.0,11,30.0,0.7272727272727273,0,0,0,4.597138014290827,Царицыно,Without renovation
43.9,0.0,8.0,14,5.0,0.5714285714285714,0,0,1,3.8044377947482086,Минская,Without renovation
23.5,0.0,1.0,8,4.0,0.125,1,0,1,3.198673117550681,Тургеневская,Designer
71.8,3.0,2.0,5,17.0,0.4,0,0,0,4.28771595520264,Сходненская,Without renovation
20.0,0.0,2.0,5,5.0,0.4,0,0,1,3.044522437723423,Окружная,Cosmetic
41.3,1.0,10.0,15,16.0,0.6666666666666666,0,0,0,3.744787086052232,Новаторская,European-style renovation
229.0,5.0,8.0,9,7.0,0.8888888888888888,0,0,0,5.438079308923196,Полянка,European-style renovation
23.0,0.0,10.0,14,27.0,0.7142857142857143,0,0,1,3.1780538303479458,Силикатная,Without renovation
114.2,2.0,46.0,75,3.0,0.6133333333333333,0,0,0,4.746669748261791,Выставочная,Designer
50.9,3.0,8.0,9,13.0,0.8888888888888888,0,0,0,3.949318790171843,Чертановская,Cosmetic
38.8,1.0,20.0,25,11.0,0.8,0,0,0,3.683866912290392,Некрасовка,Cosmetic
36.9,2.0,10.0,14,8.0,0.7142857142857143,0,0,0,3.634951112088381,Пражская,Cosmetic
66.0,2.0,13.0,32,8.0,0.40625,0,0,0,4.204692619390966,Щелковская,European-style renovation
17.3,0.0,3.0,8,13.0,0.375,0,0,1,2.9069010598473755,Чкаловская,Without renovation
55.7,3.0,4.0,14,15.0,0.2857142857142857,0,0,0,4.037774210733707,Технопарк,Without renovation
70.8,3.0,2.0,15,14.0,0.1333333333333333,0,0,0,4.273884476054178,Технопарк,Without renovation
39.0,1.0,8.0,14,11.0,0.5714285714285714,0,0,0,3.688879454113936,Новопеределкино,Cosmetic
63.8,2.0,4.0,25,14.0,0.16,0,0,0,4.1713056033582285,Некрасовка,Without renovation
80.3,3.0,6.0,35,12.0,0.1714285714285714,0,0,0,4.398146016553765,Алексеевская,Without renovation
12.1,0.0,2.0,12,5.0,0.1666666666666666,0,0,1,2.5726122302071057,Динамо,European-style renovation
160.0,4.0,3.0,9,8.0,0.3333333333333333,0,0,0,5.081404364984463,Добрынинская,Designer
90.0,3.0,6.0,8,15.0,0.75,0,0,0,4.51085950651685,ВДНХ,European-style renovation
38.4,2.0,17.0,24,16.0,0.7083333333333334,0,0,0,3.673765816303888,Верхние Котлы,Cosmetic
85.2,2.0,9.0,19,7.0,0.4736842105263157,0,0,0,4.456670177669648,Площадь Гагарина,Designer
97.2,3.0,2.0,5,11.0,0.4,0,0,0,4.58700621536042,Окская,Designer
43.0,2.0,1.0,5,12.0,0.2,1,0,0,3.784189633918261,Преображенская площадь,Designer
227.0,5.0,4.0,7,6.0,0.5714285714285714,0,0,0,5.429345628954441,Цветной бульвар,Without renovation
157.5,0.0,6.0,16,2.0,0.375,0,0,1,5.065754593317335,Тимирязевская,Without renovation
108.0,4.0,4.0,6,3.0,0.6666666666666666,0,0,0,4.691347882229144,Смоленская,Designer
84.7,4.0,25.0,30,10.0,0.8333333333333334,0,0,0,4.450852825603734,Селигерская,European-style renovation
126.0,4.0,3.0,29,11.0,0.1034482758620689,0,0,0,4.844187086458591,Строгино,Designer
74.4,3.0,4.0,9,9.0,0.4444444444444444,0,0,0,4.32280727501391,Кузьминки,Cosmetic
53.7,2.0,17.0,17,25.0,1.0,0,1,0,4.001863709427935,Новопеределкино,European-style renovation
125.0,4.0,18.0,21,8.0,0.8571428571428571,0,0,0,4.836281906951478,Выставочная,Designer
87.0,3.0,11.0,32,4.0,0.34375,0,0,0,4.477336814478207,Беговая,Designer
65.4,3.0,4.0,12,22.0,0.3333333333333333,0,0,0,4.1956970564823886,Алтуфьево,Designer
81.3,3.0,6.0,21,15.0,0.2857142857142857,0,0,0,4.410371107683024,Остафьево,Cosmetic
300.0,6.0,3.0,5,5.0,0.6,0,0,0,5.707110264748875,Чистые пруды,European-style renovation
69.0,2.0,8.0,23,18.0,0.3478260869565217,0,0,0,4.248495242049359,Авиамоторная,Designer
79.5,3.0,23.0,27,16.0,0.8518518518518519,0,0,0,4.388257184424518,Серпуховская,Without renovation
334.0,5.0,3.0,18,8.0,0.1666666666666666,0,0,0,5.814130531825066,Достоевская,Designer
58.0,2.0,14.0,16,17.0,0.875,0,0,0,4.07753744390572,Медведково,Cosmetic
36.7,1.0,2.0,25,6.0,0.08,0,0,0,3.629660094453965,Аннино,Designer
22.0,6.0,1.0,19,11.0,0.0526315789473684,1,0,0,3.1354942159291497,Филатов Луг,Cosmetic
315.0,6.0,2.0,6,9.0,0.3333333333333333,0,0,0,5.755742213586912,Спортивная,Designer
44.0,2.0,1.0,9,13.0,0.1111111111111111,1,0,0,3.80666248977032,Южная,Cosmetic
161.1,0.0,13.0,18,12.0,0.7222222222222222,0,0,1,5.08821342874163,Пролетарская,Designer
65.0,3.0,10.0,12,16.0,0.8333333333333334,0,0,0,4.189654742026425,Крымская,European-style renovation
135.0,4.0,6.0,19,24.0,0.3157894736842105,0,0,0,4.912654885736052,Белокаменная,European-style renovation
247.0,4.0,26.0,31,19.0,0.8387096774193549,0,0,0,5.513428746164983,Славянский бульвар,Designer
140.0,4.0,8.0,30,10.0,0.2666666666666666,0,0,0,4.948759890378168,Дубровка,Designer
53.0,0.0,3.0,10,9.0,0.3,0,0,1,3.9889840465642745,Преображенская площадь,European-style renovation
80.2,3.0,5.0,13,12.0,0.3846153846153846,0,0,0,4.396915247167632,Войковская,Cosmetic
140.0,4.0,6.0,7,12.0,0.8571428571428571,0,0,0,4.948759890378168,Курская,Without renovation
64.1,3.0,2.0,46,18.0,0.0434782608695652,0,0,0,4.175924549214524,Павелецкая,Without renovation
96.3,3.0,9.0,11,12.0,0.8181818181818182,0,0,0,4.577798989191959,Краснопресненская,European-style renovation
19.0,0.0,1.0,3,8.0,0.3333333333333333,1,0,1,2.995732273553991,Электрозаводская,Without renovation
37.8,1.0,7.0,17,8.0,0.4117647058823529,0,0,0,3.658420246629228,Южная,Cosmetic
45.0,2.0,4.0,5,8.0,0.8,0,0,0,3.828641396489095,Соколиная Гора,Cosmetic
41.3,2.0,2.0,4,19.0,0.5,0,0,0,3.744787086052232,Улица Дмитриевского,Cosmetic
22.0,0.0,6.0,15,14.0,0.4,0,0,1,3.1354942159291497,Коммунарка,European-style renovation
48.3,2.0,5.0,18,6.0,0.2777777777777778,0,0,0,3.897924081048645,Панфиловская,European-style renovation
38.0,1.0,2.0,16,19.0,0.125,0,0,0,3.6635616461296463,Марьино,Cosmetic
36.0,1.0,25.0,42,8.0,0.5952380952380952,0,0,0,3.610917912644224,Аминьевская,Without renovation
119.5,4.0,14.0,25,12.0,0.56,0,0,0,4.791649752930709,Рассказовка,Designer
70.9,3.0,2.0,13,15.0,0.1538461538461538,0,0,0,4.275276264727001,Фонвизинская,European-style renovation
35.0,1.0,5.0,25,13.0,0.2,0,0,0,3.58351893845611,Новокосино,Cosmetic
112.3,3.0,16.0,25,5.0,0.64,0,0,0,4.730039168033961,Давыдково,Designer
200.0,5.0,4.0,16,7.0,0.25,0,0,0,5.303304908059076,Полянка,European-style renovation
40.9,1.0,5.0,12,4.0,0.4166666666666667,0,0,0,3.735285826928092,Кленовый бульвар,Without renovation
16.0,0.0,1.0,9,10.0,0.1111111111111111,1,0,1,2.833213344056216,Орехово,Cosmetic
56.7,0.0,6.0,7,17.0,0.8571428571428571,0,0,1,4.055257173514054,Электрозаводская,Without renovation
25.0,0.0,3.0,5,16.0,0.6,0,0,1,3.258096538021482,Академическая,European-style renovation
37.5,0.0,9.0,16,20.0,0.5625,0,0,1,3.6506582412937383,Давыдково,European-style renovation
36.5,1.0,8.0,15,39.0,0.5333333333333333,0,0,0,3.624340932976365,Бунинская Аллея,Cosmetic
230.0,5.0,7.0,7,10.0,1.0,0,1,0,5.442417710521793,Кропоткинская,Designer
39.0,1.0,12.0,22,28.0,0.5454545454545454,0,0,0,3.688879454113936,Бибирево,Cosmetic
41.7,1.0,15.0,22,11.0,0.6818181818181818,0,0,0,3.754198920234579,Филатов Луг,Cosmetic
154.0,4.0,15.0,16,3.0,0.9375,0,0,0,5.043425116919247,Фили,Designer
235.0,6.0,15.0,20,19.0,0.75,0,0,0,5.4638318050256105,Выставочная,Without renovation
43.0,1.0,2.0,21,16.0,0.0952380952380952,0,0,0,3.784189633918261,Фили,Designer
32.6,1.0,2.0,9,6.0,0.2222222222222222,0,0,0,3.5145260669691587,Юго-Восточная,Without renovation
51.0,2.0,10.0,16,14.0,0.625,0,0,0,3.951243718581428,Юго-Западная,European-style renovation
83.4,3.0,2.0,4,8.0,0.5,0,0,0,4.435567401601912,Курская,European-style renovation
14.5,0.0,1.0,9,7.0,0.1111111111111111,1,0,1,2.740840023925201,Ясенево,Cosmetic
15.0,0.0,4.0,5,8.0,0.8,0,0,1,2.772588722239781,Чкаловская,Designer
15.3,0.0,4.0,22,17.0,0.1818181818181818,0,0,1,2.791165107812717,Тропарево,European-style renovation
54.0,2.0,14.0,17,7.0,0.8235294117647058,0,0,0,4.007333185232471,Новопеределкино,Cosmetic
126.0,3.0,3.0,29,8.0,0.1034482758620689,0,0,0,4.844187086458591,Строгино,European-style renovation
120.0,4.0,8.0,12,11.0,0.6666666666666666,0,0,0,4.795790545596741,Боровицкая,Without renovation
28.4,0.0,2.0,16,26.0,0.125,0,0,1,3.380994674344636,Новогиреево,European-style renovation
100.0,4.0,17.0,25,4.0,0.68,0,0,0,4.61512051684126,Октябрьское поле,European-style renovation
39.0,1.0,8.0,14,21.0,0.5714285714285714,0,0,0,3.688879454113936,Царицыно,Without renovation
68.0,3.0,5.0,16,12.0,0.3125,0,0,0,4.23410650459726,Яхромская,Cosmetic
185.0,4.0,2.0,10,9.0,0.2,0,0,0,5.225746673713202,Курская,Designer
52.0,2.0,1.0,14,18.0,0.0714285714285714,1,0,0,3.970291913552122,Университет,Cosmetic
130.0,3.0,3.0,22,19.0,0.1363636363636363,0,0,0,4.875197323201151,Сходненская,Cosmetic
35.3,1.0,2.0,17,25.0,0.1176470588235294,0,0,0,3.591817741270805,Сетунь,European-style renovation
58.0,3.0,1.0,9,8.0,0.1111111111111111,1,0,0,4.07753744390572,Депо,Cosmetic
73.3,2.0,3.0,29,8.0,0.1034482758620689,0,0,0,4.308110951723713,Тропарево,European-style renovation
238.2,5.0,3.0,12,4.0,0.25,0,0,0,5.477300022076476,Ломоносовский проспект,Without renovation
31.5,0.0,2.0,5,8.0,0.4,0,0,1,3.481240089335692,Окружная,Cosmetic
78.1,3.0,4.0,17,9.0,0.2352941176470588,0,0,0,4.370712874773608,Яхромская,Cosmetic
76.1,3.0,4.0,22,16.0,0.1818181818181818,0,0,0,4.345103280569283,Трикотажная,Cosmetic
40.1,2.0,6.0,14,16.0,0.4285714285714285,0,0,0,3.716008121502189,ЗИЛ,European-style renovation
20.3,0.0,2.0,5,5.0,0.4,0,0,1,3.05870707271538,Окружная,Cosmetic
73.0,2.0,4.0,14,10.0,0.2857142857142857,0,0,0,4.30406509320417,Серпуховская,Without renovation
28.8,1.0,2.0,14,26.0,0.1428571428571428,0,0,0,3.3945083935113587,Коммунарка,Cosmetic
49.3,1.0,4.0,42,5.0,0.0952380952380952,0,0,0,3.918005077105693,Аминьевская,Without renovation
61.2,3.0,4.0,9,5.0,0.4444444444444444,0,0,0,4.130354999745133,Люблино,European-style renovation
18.4,0.0,3.0,4,3.0,0.75,0,0,1,2.9652730660692823,Аэропорт,Designer
109.6,4.0,35.0,47,19.0,0.7446808510638298,0,0,0,4.705920089088234,Павелецкая,Without renovation
156.2,4.0,13.0,18,15.0,0.7222222222222222,0,0,0,5.057518879995106,Воробьёвы горы,Designer
127.6,2.0,4.0,21,6.0,0.1904761904761904,0,0,0,4.856706811803519,Улица 1905 года,Designer
74.8,3.0,1.0,17,10.0,0.0588235294117647,1,0,0,4.328098292648326,Мичуринский проспект,Cosmetic
35.0,1.0,4.0,16,19.0,0.25,0,0,0,3.58351893845611,Юго-Западная,Cosmetic
165.0,4.0,40.0,53,29.0,0.7547169811320755,0,0,0,5.111987788356544,Минская,Designer
64.0,3.0,1.0,12,16.0,0.0833333333333333,1,0,0,4.174387269895637,Кузьминки,Cosmetic
110.1,4.0,10.0,10,19.0,1.0,0,1,0,4.710430696645584,Университет,Designer
50.0,3.0,2.0,9,23.0,0.2222222222222222,0,0,0,3.9318256327243257,Ясенево,Designer
22.8,0.0,12.0,26,15.0,0.4615384615384615,0,0,1,3.169685580677429,ЗИЛ,Cosmetic
76.41,2.0,2.0,11,8.0,0.1818181818181818,0,0,0,4.349115971216622,Фили,Without renovation
85.3,3.0,5.0,11,15.0,0.4545454545454545,0,0,0,4.457829598089382,Павелецкая,Without renovation
44.2,2.0,9.0,9,20.0,1.0,0,1,0,3.8110970868381857,Юго-Восточная,Cosmetic
190.0,5.0,11.0,21,9.0,0.5238095238095238,0,0,0,5.25227342804663,Улица 1905 года,Designer
161.4,3.0,5.0,21,6.0,0.238095238095238,0,0,0,5.090062427727577,Улица 1905 года,Designer
44.4,2.0,1.0,9,25.0,0.1111111111111111,1,0,0,3.8155121050473024,Яхромская,Without renovation
38.0,1.0,14.0,18,9.0,0.7777777777777778,0,0,0,3.6635616461296463,Бунинская Аллея,Cosmetic
43.2,1.0,9.0,23,16.0,0.391304347826087,0,0,0,3.788724789083653,Авиамоторная,Designer
81.9,3.0,15.0,18,6.0,0.8333333333333334,0,0,0,4.417635062141249,Панфиловская,Without renovation
160.0,4.0,5.0,9,5.0,0.5555555555555556,0,0,0,5.081404364984463,Боровицкая,Designer
108.3,5.0,33.0,34,8.0,0.9705882352941176,0,0,0,4.694096395182493,Нагорная,Without renovation
61.0,3.0,1.0,12,11.0,0.0833333333333333,1,0,0,4.127134385045092,Римская,European-style renovation
96.2,3.0,5.0,15,11.0,0.3333333333333333,0,0,0,4.576770711466393,Студенческая,Designer
69.0,2.0,12.0,18,31.0,0.6666666666666666,0,0,0,4.248495242049359,Бунинская Аллея,European-style renovation
38.1,2.0,11.0,12,11.0,0.9166666666666666,0,0,0,3.66612246699132,Рабочий Посёлок,Designer
75.0,0.0,9.0,23,17.0,0.391304347826087,0,0,1,4.330733340286331,Бауманская,Designer
43.3,1.0,25.0,25,7.0,1.0,0,1,0,3.7909846770510898,Нижегородская,Designer
35.5,1.0,3.0,12,8.0,0.25,0,0,0,3.597312260588446,Новодачная,European-style renovation
25.0,0.0,11.0,27,23.0,0.4074074074074074,0,0,1,3.258096538021482,Хорошево,Designer
46.0,2.0,6.0,9,22.0,0.6666666666666666,0,0,0,3.8501476017100575,Бульвар Рокоссовского,Cosmetic
73.75,4.0,24.0,34,7.0,0.7058823529411765,0,0,0,4.314149212270796,Аминьевская,European-style renovation
149.6,4.0,6.0,23,16.0,0.2608695652173913,0,0,0,5.014627315365793,Рабочий Посёлок,Designer
53.8,2.0,9.0,12,13.0,0.75,0,0,0,4.00369019395397,Бибирево,Cosmetic
74.9,3.0,13.0,17,14.0,0.7647058823529411,0,0,0,4.329416684401584,Лефортово,European-style renovation
12.5,0.0,3.0,8,13.0,0.375,0,0,1,2.602689685444384,Чкаловская,Without renovation
97.7,6.0,3.0,3,6.0,1.0,0,1,0,4.592084946439436,Красные ворота,Without renovation
113.63,3.0,2.0,8,14.0,0.25,0,0,0,4.741709550126918,Павшино,European-style renovation
123.0,4.0,4.0,20,9.0,0.2,0,0,0,4.820281565605037,Фили,Without renovation
38.3,1.0,10.0,14,13.0,0.7142857142857143,0,0,0,3.6712245188752153,Новогиреево,Cosmetic
28.0,0.0,10.0,41,5.0,0.2439024390243902,0,0,1,3.367295829986474,Мичуринский проспект,Without renovation
136.3,4.0,4.0,5,5.0,0.8,0,0,0,4.922168312773925,Библиотека им. Ленина,Designer
36.0,1.0,10.0,15,17.0,0.6666666666666666,0,0,0,3.610917912644224,Ольховая,Cosmetic
42.2,1.0,11.0,16,13.0,0.6875,0,0,0,3.765840495250065,Сетунь,Cosmetic
28.0,1.0,5.0,15,17.0,0.3333333333333333,0,0,0,3.367295829986474,Физтех,European-style renovation
22.2,0.0,2.0,11,9.0,0.1818181818181818,0,0,1,3.1441522786722644,Курская,Without renovation
44.8,1.0,10.0,23,4.0,0.4347826086956521,0,0,0,3.824284091120139,Фонвизинская,Without renovation
38.0,1.0,2.0,17,18.0,0.1176470588235294,0,0,0,3.6635616461296463,Речной вокзал,Designer
95.5,4.0,3.0,12,14.0,0.25,0,0,0,4.56954300834494,Соколиная Гора,European-style renovation
41.0,1.0,15.0,15,11.0,1.0,0,1,0,3.737669618283368,Говорово,European-style renovation
26.0,0.0,24.0,24,18.0,1.0,0,1,1,3.295836866004329,Текстильщики,European-style renovation
80.3,3.0,12.0,32,16.0,0.375,0,0,0,4.398146016553765,Павелецкая,Without renovation
58.0,2.0,5.0,20,27.0,0.25,0,0,0,4.07753744390572,Сетунь,European-style renovation
56.7,1.0,2.0,11,5.0,0.1818181818181818,0,0,0,4.055257173514054,Панфиловская,European-style renovation
11.5,0.0,1.0,10,7.0,0.1,1,0,1,2.525728644308256,Первомайская,Cosmetic
82.9,2.0,4.0,18,6.0,0.2222222222222222,0,0,0,4.429625613473161,Лефортово,Without renovation
43.4,2.0,21.0,28,10.0,0.75,0,0,0,3.7932394694381792,Нижегородская,Without renovation
350.0,6.0,17.0,17,2.0,1.0,0,1,0,5.860786223465865,Новослободская,Designer
169.0,4.0,6.0,6,9.0,1.0,0,1,0,5.135798437050262,Арбатская,Without renovation
59.7,3.0,5.0,9,4.0,0.5555555555555556,0,0,0,4.1059436980654525,Давыдково,Cosmetic
18.0,0.0,2.0,2,8.0,1.0,0,1,1,2.9444389791664403,Измайлово,Cosmetic
60.0,2.0,1.0,14,18.0,0.0714285714285714,1,0,0,4.110873864173311,Новокосино,Designer
44.1,0.0,1.0,4,10.0,0.25,1,0,1,3.8088822465086327,Преображенская площадь,Designer
36.9,1.0,4.0,22,19.0,0.1818181818181818,0,0,0,3.634951112088381,Саларьево,Designer
112.0,3.0,3.0,6,11.0,0.5,0,0,0,4.727387818712341,Лужники,Without renovation
51.1,2.0,12.0,17,8.0,0.7058823529411765,0,0,0,3.9531649487593215,Некрасовка,European-style renovation
13.5,0.0,1.0,5,8.0,0.2,1,0,1,2.6741486494265287,Беговая,European-style renovation
30.1,1.0,9.0,30,15.0,0.3,0,0,0,3.4372078191851885,Окская,Cosmetic
36.0,1.0,8.0,17,15.0,0.4705882352941176,0,0,0,3.610917912644224,Марьино,Cosmetic
78.0,3.0,2.0,18,12.0,0.1111111111111111,0,0,0,4.3694478524670215,Красногвардейская,European-style renovation
150.8,4.0,18.0,29,16.0,0.6206896551724138,0,0,0,5.02256386496153,Шаболовская,Without renovation
46.0,1.0,30.0,41,6.0,0.7317073170731707,0,0,0,3.8501476017100575,Мичуринский проспект,Without renovation
87.0,3.0,10.0,17,19.0,0.5882352941176471,0,0,0,4.477336814478207,Коммунарка,Cosmetic
54.21,1.0,31.0,85,6.0,0.3647058823529411,0,0,0,4.011144096295953,Выставочная,European-style renovation
65.4,2.0,14.0,40,12.0,0.35,0,0,0,4.1956970564823886,ЗИЛ,European-style renovation
53.3,2.0,11.0,17,13.0,0.6470588235294118,0,0,0,3.9945242269398897,Юго-Западная,European-style renovation
191.1,4.0,16.0,23,26.0,0.6956521739130435,0,0,0,5.258016069774511,Давыдково,Without renovation
11.7,0.0,1.0,9,21.0,0.1111111111111111,1,0,1,2.5416019934645457,Выхино,Cosmetic
39.0,1.0,18.0,25,11.0,0.72,0,0,0,3.688879454113936,Шоссе Энтузиастов,European-style renovation
62.0,2.0,14.0,23,17.0,0.6086956521739131,0,0,0,4.143134726391533,Некрасовка,European-style renovation
59.1,3.0,4.0,5,18.0,0.8,0,0,0,4.096009841541162,Новогиреево,Without renovation
93.0,3.0,2.0,17,17.0,0.1176470588235294,0,0,0,4.543294782270004,Ольховая,European-style renovation
25.4,6.0,18.0,22,16.0,0.8181818181818182,0,0,0,3.2733640101522705,Печатники,Cosmetic
39.0,1.0,2.0,22,10.0,0.0909090909090909,0,0,0,3.688879454113936,Коньково,Designer
205.0,5.0,8.0,11,15.0,0.7272727272727273,0,0,0,5.327876168789581,Киевская,Without renovation
47.0,2.0,10.0,12,19.0,0.8333333333333334,0,0,0,3.871201010907891,Измайловская,Designer
44.4,2.0,8.0,12,56.0,0.6666666666666666,0,0,0,3.8155121050473024,Студенческая,Cosmetic
39.1,1.0,1.0,5,13.0,0.2,1,0,0,3.691376334312523,Марьино,Without renovation
50.8,2.0,12.0,23,22.0,0.5217391304347826,0,0,0,3.947390149265437,Текстильщики,European-style renovation
69.6,4.0,9.0,18,13.0,0.5,0,0,0,4.257030144499196,Коммунарка,Cosmetic
68.0,3.0,5.0,5,11.0,1.0,0,1,0,4.23410650459726,Нагорная,Cosmetic
182.0,5.0,7.0,16,12.0,0.4375,0,0,0,5.209486152841421,Улица 1905 года,Designer
96.0,3.0,2.0,28,7.0,0.0714285714285714,0,0,0,4.574710978503383,Молодежная,Without renovation
116.9,4.0,22.0,32,8.0,0.6875,0,0,0,4.769836807543325,Бутырская,European-style renovation
181.0,4.0,16.0,23,29.0,0.6956521739130435,0,0,0,5.204006687076795,Минская,European-style renovation
61.8,3.0,6.0,42,6.0,0.1428571428571428,0,0,0,4.139955073474153,Фили,Designer
26.8,0.0,3.0,8,8.0,0.375,0,0,1,3.3250360206965914,Калитники,Without renovation
107.0,3.0,44.0,53,29.0,0.8301886792452831,0,0,0,4.68213122712422,Минская,Designer
40.0,1.0,12.0,24,26.0,0.5,0,0,0,3.713572066704308,Лухмановская,European-style renovation
94.1,3.0,4.0,5,10.0,0.8,0,0,0,4.554928969551344,Красные ворота,Designer
35.0,1.0,3.0,26,8.0,0.1153846153846153,0,0,0,3.58351893845611,Лесопарковая,Cosmetic
92.0,4.0,17.0,19,12.0,0.8947368421052632,0,0,0,4.532599493153256,Белорусская,Designer
161.6,4.0,6.0,15,15.0,0.4,0,0,0,5.091293197113711,Новые Черемушки,European-style renovation
66.6,2.0,7.0,11,5.0,0.6363636363636364,0,0,0,4.213607983048918,Панфиловская,European-style renovation
56.8,2.0,8.0,16,8.0,0.5,0,0,0,4.056988775678332,Павелецкая,Designer
39.1,1.0,4.0,25,23.0,0.16,0,0,0,3.691376334312523,Давыдково,Designer
36.1,1.0,2.0,26,25.0,0.0769230769230769,0,0,0,3.6136169696133895,Пятницкое шоссе,European-style renovation
201.3,4.0,7.0,10,9.0,0.7,0,0,0,5.3097517441737,Динамо,Designer
82.8,3.0,9.0,20,7.0,0.45,0,0,0,4.428433007488037,Раменки,Designer
36.9,1.0,4.0,16,6.0,0.25,0,0,0,3.634951112088381,Прокшино,Cosmetic
36.3,1.0,2.0,8,6.0,0.25,0,0,0,3.6189933266497696,Тверская,Without renovation
43.2,6.0,23.0,43,26.0,0.5348837209302325,0,0,0,3.788724789083653,Хорошево,European-style renovation
16.9,0.0,2.0,4,15.0,0.5,0,0,1,2.884800712846709,Рязанский проспект,Without renovation
43.52,1.0,20.0,57,8.0,0.3508771929824561,0,0,0,3.795938526407344,Марьина Роща,European-style renovation
34.7,1.0,5.0,9,16.0,0.5555555555555556,0,0,0,3.5751506887855933,Братиславская,Cosmetic
52.0,2.0,10.0,10,12.0,1.0,0,1,0,3.970291913552122,Серпуховская,Cosmetic
41.0,2.0,2.0,5,6.0,0.4,0,0,0,3.737669618283368,Шаболовская,Designer
57.0,3.0,22.0,58,6.0,0.3793103448275862,0,0,0,4.060443010546419,Дмитровская,Designer
71.0,0.0,19.0,34,11.0,0.5588235294117647,0,0,1,4.276666119016055,Аминьевская,European-style renovation
25.3,0.0,2.0,9,19.0,0.2222222222222222,0,0,1,3.269568939183719,Бескудниково,Cosmetic
34.3,1.0,10.0,16,12.0,0.625,0,0,0,3.563882963939251,Беговая,Cosmetic
90.6,4.0,8.0,26,8.0,0.3076923076923077,0,0,0,4.517431271680085,Алексеевская,European-style renovation
82.0,2.0,6.0,22,10.0,0.2727272727272727,0,0,0,4.418840607796598,Электрозаводская,Designer
33.3,1.0,8.0,30,18.0,0.2666666666666666,0,0,0,3.535145354171894,Бунинская Аллея,Cosmetic
384.2,6.0,1.0,3,27.0,0.3333333333333333,1,0,0,5.953762679923971,Давыдково,Designer
58.0,2.0,14.0,20,17.0,0.7,0,0,0,4.07753744390572,Домодедовская,European-style renovation
172.0,5.0,5.0,21,9.0,0.238095238095238,0,0,0,5.153291594497779,Выставочная,Without renovation
64.6,3.0,5.0,6,6.0,0.8333333333333334,0,0,0,4.183575695950044,Пролетарская,Cosmetic
63.0,2.0,16.0,17,16.0,0.9411764705882352,0,0,0,4.158883083359672,Аминьевская,Cosmetic
52.6,2.0,4.0,7,6.0,0.5714285714285714,0,0,0,3.981549068076757,Тверская,Without renovation
225.0,4.0,5.0,20,16.0,0.25,0,0,0,5.420534999272286,Белорусская,Without renovation
60.0,2.0,13.0,17,14.0,0.7647058823529411,0,0,0,4.110873864173311,Некрасовка,Cosmetic
67.0,3.0,11.0,29,22.0,0.3793103448275862,0,0,0,4.219507705176107,Дубровка,Without renovation
102.0,4.0,4.0,7,9.0,0.5714285714285714,0,0,0,4.634728988229636,Новослободская,European-style renovation
46.3,2.0,7.0,9,15.0,0.7777777777777778,0,0,0,3.856510295497887,Отрадное,Cosmetic
103.0,4.0,5.0,22,19.0,0.2272727272727272,0,0,0,4.6443908991413725,Калужская,European-style renovation
108.6,4.0,2.0,9,13.0,0.2222222222222222,0,0,0,4.696837374513915,Китай-город,Designer
22.0,6.0,10.0,48,15.0,0.2083333333333333,0,0,0,3.1354942159291497,Очаково,Cosmetic
180.0,3.0,74.0,97,1.0,0.7628865979381443,0,0,0,5.198497031265826,Деловой центр,Without renovation
22.2,0.0,6.0,23,9.0,0.2608695652173913,0,0,1,3.1441522786722644,Лесопарковая,European-style renovation
21.0,0.0,5.0,33,12.0,0.1515151515151515,0,0,1,3.091042453358316,Улица Скобелевская,Cosmetic
54.0,0.0,4.0,4,19.0,1.0,0,1,1,4.007333185232471,Тушинская,Cosmetic
97.7,4.0,17.0,18,32.0,0.9444444444444444,0,0,0,4.592084946439436,Покровское,Without renovation
55.1,2.0,10.0,14,11.0,0.7142857142857143,0,0,0,4.027135812528651,Рабочий Посёлок,European-style renovation
23.1,0.0,2.0,22,24.0,0.0909090909090909,0,0,1,3.1822118404966093,Ольховая,European-style renovation
96.0,4.0,4.0,9,7.0,0.4444444444444444,0,0,0,4.574710978503383,Бунинская Аллея,European-style renovation
60.2,2.0,5.0,13,7.0,0.3846153846153846,0,0,0,4.11414718951828,Щелковская,Cosmetic
112.3,2.0,2.0,20,13.0,0.1,0,0,0,4.730039168033961,Профсоюзная,Without renovation
41.0,1.0,13.0,14,19.0,0.9285714285714286,0,0,0,3.737669618283368,Солнцево,Cosmetic
132.0,5.0,3.0,15,9.0,0.2,0,0,0,4.890349128221754,Крылатское,Without renovation
104.0,3.0,3.0,15,1.0,0.2,0,0,0,4.653960350157523,Динамо,Designer
40.3,1.0,3.0,18,31.0,0.1666666666666666,0,0,0,3.720862499966987,Покровское,Cosmetic
92.0,4.0,27.0,28,8.0,0.9642857142857144,0,0,0,4.532599493153256,Стрешнево,European-style renovation
77.0,3.0,7.0,9,7.0,0.7777777777777778,0,0,0,4.356708826689592,Профсоюзная,European-style renovation
52.3,2.0,12.0,16,19.0,0.75,0,0,0,3.975936331171799,Царицыно,Cosmetic
31.5,0.0,4.0,4,12.0,1.0,0,1,1,3.481240089335692,Преображенская площадь,European-style renovation
234.7,5.0,2.0,3,8.0,0.6666666666666666,0,0,0,5.462559809942086,Октябрьское поле,Without renovation
83.5,3.0,6.0,24,6.0,0.25,0,0,0,4.436751534363128,Перово,European-style renovation
32.5,1.0,2.0,17,19.0,0.1176470588235294,0,0,0,3.5115454388310208,Щербинка,Cosmetic
44.3,2.0,6.0,9,29.0,0.6666666666666666,0,0,0,3.813307032488989,Сходненская,Designer
20.0,0.0,2.0,5,7.0,0.4,0,0,1,3.044522437723423,Окружная,European-style renovation
130.0,4.0,3.0,16,10.0,0.1875,0,0,0,4.875197323201151,Электрозаводская,Without renovation
73.0,3.0,12.0,30,13.0,0.4,0,0,0,4.30406509320417,Шелепиха,Designer
35.0,1.0,13.0,14,6.0,0.9285714285714286,0,0,0,3.58351893845611,Аэропорт,Cosmetic
80.1,3.0,14.0,34,9.0,0.4117647058823529,0,0,0,4.395682961121367,Аминьевская,Cosmetic
18.0,0.0,1.0,8,13.0,0.125,1,0,1,2.9444389791664403,Стахановская,European-style renovation
44.2,2.0,4.0,5,6.0,0.8,0,0,0,3.8110970868381857,Измайловская,Cosmetic
71.9,2.0,6.0,11,5.0,0.5454545454545454,0,0,0,4.289088639014612,Панфиловская,European-style renovation
48.2,2.0,2.0,6,7.0,0.3333333333333333,0,0,0,3.8958936234982624,Таганская,Without renovation
14.6,0.0,1.0,14,6.0,0.0714285714285714,1,0,1,2.747270914255491,Жулебино,Cosmetic
103.0,4.0,6.0,22,23.0,0.2727272727272727,0,0,0,4.6443908991413725,Марк,Cosmetic
330.0,6.0,7.0,7,3.0,1.0,0,1,0,5.802118375377063,Кропоткинская,Designer
38.0,2.0,5.0,14,5.0,0.3571428571428571,0,0,0,3.6635616461296463,Медведково,European-style renovation
40.6,1.0,21.0,33,27.0,0.6363636363636364,0,0,0,3.728100167267218,Медведково,European-style renovation
74.8,3.0,4.0,5,16.0,0.8,0,0,0,4.328098292648326,Академическая,Designer
53.5,2.0,1.0,14,13.0,0.0714285714285714,1,0,0,3.9982007016691994,ВДНХ,Cosmetic
37.8,1.0,9.0,12,12.0,0.75,0,0,0,3.658420246629228,Улица Горчакова,Cosmetic
80.58,4.0,4.0,13,14.0,0.3076923076923077,0,0,0,4.401584133889412,Варшавская,European-style renovation
15.4,0.0,2.0,4,12.0,0.5,0,0,1,2.797281334830153,Тульская,European-style renovation
86.0,3.0,2.0,6,11.0,0.3333333333333333,0,0,0,4.465908118654584,Беговая,Cosmetic
157.4,5.0,8.0,27,17.0,0.2962962962962963,0,0,0,5.0651234793803255,Технопарк,Without renovation
72.0,3.0,9.0,25,18.0,0.36,0,0,0,4.290459441148391,Говорово,Cosmetic
17.3,0.0,5.0,22,16.0,0.2272727272727272,0,0,1,2.9069010598473755,Тропарево,Designer
54.1,2.0,8.0,16,18.0,0.5,0,0,0,4.009149716158869,ЗИЛ,European-style renovation
155.0,1.0,16.0,18,13.0,0.8888888888888888,0,0,0,5.049856007249537,Алексеевская,Without renovation
175.0,4.0,3.0,6,7.0,0.5,0,0,0,5.170483995038151,Пушкинская,Designer
45.0,2.0,9.0,9,21.0,1.0,0,1,0,3.828641396489095,Тульская,European-style renovation
40.9,1.0,8.0,12,8.0,0.6666666666666666,0,0,0,3.735285826928092,Жулебино,Cosmetic
100.0,4.0,4.0,7,12.0,0.5714285714285714,0,0,0,4.61512051684126,Савеловская,Cosmetic
38.3,1.0,4.0,18,6.0,0.2222222222222222,0,0,0,3.6712245188752153,Пыхтино,European-style renovation
84.9,3.0,6.0,33,17.0,0.1818181818181818,0,0,0,4.45318382899021,Коломенская,Cosmetic
15.0,0.0,1.0,9,9.0,0.1111111111111111,1,0,1,2.772588722239781,Медведково,Cosmetic
43.3,1.0,19.0,53,13.0,0.3584905660377358,0,0,0,3.7909846770510898,Шелепиха,Without renovation
64.0,3.0,3.0,16,19.0,0.1875,0,0,0,4.174387269895637,Яхромская,Without renovation
70.4,2.0,16.0,22,12.0,0.7272727272727273,0,0,0,4.268297869345539,Зорге,Designer
42.1,2.0,2.0,5,11.0,0.4,0,0,0,3.763522997109702,Черкизовская,Without renovation
90.0,2.0,3.0,12,12.0,0.25,0,0,0,4.51085950651685,Панфиловская,Without renovation
34.6,1.0,5.0,6,13.0,0.8333333333333334,0,0,0,3.572345637857985,Беговая,Designer
59.0,2.0,4.0,14,25.0,0.2857142857142857,0,0,0,4.0943445622221,Покровское,European-style renovation
30.0,0.0,1.0,4,14.0,0.25,1,0,1,3.4339872044851463,Шаболовская,European-style renovation
38.0,1.0,13.0,17,16.0,0.7647058823529411,0,0,0,3.6635616461296463,Некрасовка,European-style renovation
17.3,0.0,7.0,10,9.0,0.7,0,0,1,2.9069010598473755,Проспект Вернадского,Designer
93.2,3.0,36.0,40,12.0,0.9,0,0,0,4.545420181582317,ЗИЛ,Without renovation
38.4,1.0,14.0,17,24.0,0.8235294117647058,0,0,0,3.673765816303888,Домодедовская,Cosmetic
62.6,2.0,6.0,15,22.0,0.4,0,0,0,4.152613470346076,ЗИЛ,European-style renovation
21.0,0.0,11.0,16,12.0,0.6875,0,0,1,3.091042453358316,Прокшино,Without renovation
51.1,1.0,31.0,67,8.0,0.4626865671641791,0,0,0,3.9531649487593215,Выставочная,Without renovation
41.2,1.0,2.0,30,9.0,0.0666666666666666,0,0,0,3.742420221041966,Угрешская,Designer
19.5,0.0,1.0,12,12.0,0.0833333333333333,1,0,1,3.0204248861443626,Бунинская Аллея,European-style renovation
30.0,0.0,1.0,4,10.0,0.25,1,0,1,3.4339872044851463,Соколиная Гора,Designer
24.0,0.0,3.0,4,3.0,0.75,0,0,1,3.218875824868201,Аэропорт,European-style renovation
46.9,1.0,2.0,16,11.0,0.125,0,0,0,3.8691155044168695,Ясенево,European-style renovation
213.9,5.0,4.0,6,7.0,0.6666666666666666,0,0,0,5.370172803648464,Библиотека им. Ленина,Designer
15.3,0.0,1.0,9,12.0,0.1111111111111111,1,0,1,2.791165107812717,Покровское,Without renovation
22.5,0.0,1.0,12,7.0,0.0833333333333333,1,0,1,3.157000421150113,Отрадное,Cosmetic
58.7,2.0,15.0,21,12.0,0.7142857142857143,0,0,0,4.089332020398556,Водный стадион,European-style renovation
61.2,2.0,4.0,5,8.0,0.8,0,0,0,4.130354999745133,Кожуховская,Cosmetic
74.6,4.0,4.0,9,13.0,0.4444444444444444,0,0,0,4.325456283185488,Кленовый бульвар,Cosmetic
52.1,2.0,6.0,12,23.0,0.5,0,0,0,3.972176928247893,Сетунь,Cosmetic
111.8,4.0,5.0,14,12.0,0.3571428571428571,0,0,0,4.725616339063959,Мичуринский проспект,Cosmetic
40.6,1.0,2.0,9,15.0,0.2222222222222222,0,0,0,3.728100167267218,Минская,Cosmetic
40.0,1.0,2.0,5,14.0,0.4,0,0,0,3.713572066704308,Сетунь,Cosmetic
37.6,2.0,2.0,9,11.0,0.2222222222222222,0,0,0,3.653252276470785,Профсоюзная,Cosmetic
86.0,3.0,4.0,17,9.0,0.2352941176470588,0,0,0,4.465908118654584,Фонвизинская,Cosmetic
27.6,0.0,24.0,25,22.0,0.96,0,0,1,3.353406717825807,Октябрьское поле,Designer
112.0,3.0,4.0,4,8.0,1.0,0,1,0,4.727387818712341,Смоленская,Designer
22.5,0.0,1.0,12,6.0,0.0833333333333333,1,0,1,3.157000421150113,Отрадное,Cosmetic
110.1,4.0,4.0,4,13.0,1.0,0,1,0,4.710430696645584,Киевская,Designer
24.5,0.0,2.0,2,14.0,1.0,0,1,1,3.2386784521643803,Савеловская,Designer
279.0,6.0,17.0,18,6.0,0.9444444444444444,0,0,0,5.634789603169249,Панфиловская,Designer
234.0,5.0,8.0,10,7.0,0.8,0,0,0,5.459585514144159,Улица 1905 года,Designer
85.7,3.0,26.0,33,7.0,0.7878787878787878,0,0,0,4.462453883786496,Юго-Западная,Designer
60.3,3.0,2.0,9,14.0,0.2222222222222222,0,0,0,4.115779842942166,Бибирево,Cosmetic
117.0,3.0,8.0,22,9.0,0.3636363636363636,0,0,0,4.770684624465665,Чертановская,European-style renovation
61.8,3.0,9.0,9,9.0,1.0,0,1,0,4.139955073474153,Гражданская,Without renovation
21.0,0.0,1.0,9,12.0,0.1111111111111111,1,0,1,3.091042453358316,Бунинская Аллея,Cosmetic
75.2,2.0,4.0,7,12.0,0.5714285714285714,0,0,0,4.333361462692601,Парк культуры,Designer
21.1,0.0,1.0,4,12.0,0.25,1,0,1,3.095577608523707,Преображенская площадь,Designer
38.8,1.0,15.0,25,11.0,0.6,0,0,0,3.683866912290392,Некрасовка,European-style renovation
48.0,1.0,10.0,15,12.0,0.6666666666666666,0,0,0,3.8918202981106265,Бауманская,European-style renovation
39.3,1.0,6.0,12,16.0,0.5,0,0,0,3.696351468952637,Улица Старокачаловская,Cosmetic
27.8,0.0,8.0,9,14.0,0.8888888888888888,0,0,1,3.3603753871419,Юго-Восточная,European-style renovation
134.0,5.0,28.0,28,18.0,1.0,0,1,0,4.90527477843843,Фили,Cosmetic
39.0,1.0,4.0,16,18.0,0.25,0,0,0,3.688879454113936,Площадь Ильича,Cosmetic
28.12,6.0,7.0,21,13.0,0.3333333333333333,0,0,0,3.3714252233284854,Зорге,Cosmetic
25.0,0.0,2.0,5,9.0,0.4,0,0,1,3.258096538021482,Авиамоторная,European-style renovation
17.3,0.0,1.0,16,9.0,0.0625,1,0,1,2.9069010598473755,Лианозово,Without renovation
45.5,2.0,10.0,12,10.0,0.8333333333333334,0,0,0,3.8394523125933104,Улица Академика Янгеля,Without renovation
73.4,3.0,1.0,17,17.0,0.0588235294117647,1,0,0,4.309455941839047,Красногвардейская,Without renovation
63.0,4.0,3.0,9,6.0,0.3333333333333333,0,0,0,4.158883083359672,Народное Ополчение,Cosmetic
22.7,0.0,17.0,33,9.0,0.5151515151515151,0,0,1,3.1654750481410856,Нижегородская,Without renovation
115.0,4.0,12.0,57,10.0,0.2105263157894736,0,0,0,4.7535901911063645,Народное Ополчение,Designer
71.5,3.0,8.0,25,10.0,0.32,0,0,0,4.283586561860629,Профсоюзная,Cosmetic
161.0,3.0,38.0,48,18.0,0.7916666666666666,0,0,0,5.087596335232384,Новаторская,European-style renovation
34.1,1.0,2.0,9,6.0,0.2222222222222222,0,0,0,3.55820113047182,Сухаревская,Designer
37.6,1.0,1.0,16,14.0,0.0625,1,0,0,3.653252276470785,Озёрная,Cosmetic
54.0,2.0,5.0,12,14.0,0.4166666666666667,0,0,0,4.007333185232471,Бескудниково,Without renovation
42.0,1.0,5.0,5,12.0,1.0,0,1,0,3.7612001156935615,Народное Ополчение,Designer
43.3,2.0,1.0,5,8.0,0.2,1,0,0,3.7909846770510898,Войковская,Cosmetic
35.7,1.0,6.0,14,57.0,0.4285714285714285,0,0,0,3.6027767550605247,Коммунарка,Without renovation
96.0,3.0,9.0,77,6.0,0.1168831168831168,0,0,0,4.574710978503383,Международная,Without renovation
50.0,0.0,6.0,14,5.0,0.4285714285714285,0,0,1,3.9318256327243257,Белорусская,European-style renovation
61.6,2.0,17.0,17,7.0,1.0,0,1,0,4.136765278106052,Некрасовка,European-style renovation
45.3,2.0,5.0,9,6.0,0.5555555555555556,0,0,0,3.835141961092188,Павелецкая,European-style renovation
86.1,3.0,13.0,15,22.0,0.8666666666666667,0,0,0,4.467056883858457,ЗИЛ,European-style renovation
35.0,1.0,13.0,26,10.0,0.5,0,0,0,3.58351893845611,Лесопарковая,Cosmetic
185.0,3.0,13.0,16,6.0,0.8125,0,0,0,5.225746673713202,Смоленская,European-style renovation
41.7,1.0,17.0,25,10.0,0.68,0,0,0,3.754198920234579,Аминьевская,Cosmetic
343.7,0.0,3.0,3,6.0,1.0,0,1,1,5.84267447352282,Новослободская,Without renovation
44.0,2.0,5.0,5,4.0,1.0,0,1,0,3.80666248977032,Каширская,European-style renovation
50.0,0.0,1.0,13,6.0,0.0769230769230769,1,0,1,3.9318256327243257,Автозаводская,Cosmetic
47.6,2.0,12.0,12,13.0,1.0,0,1,0,3.883623530906448,Яхромская,Cosmetic
250.0,4.0,2.0,7,29.0,0.2857142857142857,0,0,0,5.525452939131784,Крылатское,Without renovation
180.0,4.0,18.0,31,16.0,0.5806451612903226,0,0,0,5.198497031265826,Славянский бульвар,Designer
23.8,6.0,16.0,20,4.0,0.8,0,0,0,3.210843653170937,Красный Балтиец,Cosmetic
92.8,0.0,6.0,7,17.0,0.8571428571428571,0,0,1,4.541164856012179,Электрозаводская,Without renovation
97.7,3.0,10.0,28,26.0,0.3571428571428571,0,0,0,4.592084946439436,Фили,Designer
44.7,1.0,3.0,14,10.0,0.2142857142857142,0,0,0,3.822098297900159,Москва-Товарная,Without renovation
38.8,1.0,3.0,18,32.0,0.1666666666666666,0,0,0,3.683866912290392,Покровское,European-style renovation
105.4,4.0,4.0,19,18.0,0.2105263157894736,0,0,0,4.667205576907544,Октябрьское поле,Without renovation
93.2,3.0,37.0,40,12.0,0.925,0,0,0,4.545420181582317,ЗИЛ,Without renovation
82.9,3.0,7.0,16,15.0,0.4375,0,0,0,4.429625613473161,ЗИЛ,European-style renovation
38.6,1.0,12.0,24,15.0,0.5,0,0,0,3.6788291182604342,Бульвар Рокоссовского,Without renovation
56.0,3.0,1.0,10,18.0,0.1,1,0,0,4.04305126783455,Профсоюзная,Cosmetic
20.2,0.0,1.0,9,13.0,0.1111111111111111,1,0,1,3.054001181677967,Южная,Without renovation
45.0,1.0,11.0,17,18.0,0.6470588235294118,0,0,0,3.828641396489095,Коммунарка,European-style renovation
15.3,0.0,2.0,4,3.0,0.5,0,0,1,2.791165107812717,Аэропорт,Designer
35.2,1.0,25.0,25,11.0,1.0,0,1,0,3.5890591188317256,Митино,European-style renovation
48.8,3.0,2.0,4,8.0,0.5,0,0,0,3.9080149840306073,Академическая,Cosmetic
96.0,5.0,2.0,5,12.0,0.4,0,0,0,4.574710978503383,Щукинская,Cosmetic
51.35,1.0,2.0,6,15.0,0.3333333333333333,0,0,0,3.9579519373165457,Новокузнецкая,Without renovation
78.7,3.0,4.0,8,4.0,0.5,0,0,0,4.378269585796169,Сухаревская,European-style renovation
96.0,3.0,16.0,16,23.0,1.0,0,1,0,4.574710978503383,Тропарево,Designer
39.0,1.0,3.0,12,30.0,0.25,0,0,0,3.688879454113936,Прокшино,European-style renovation
20.5,0.0,2.0,17,8.0,0.1176470588235294,0,0,1,3.068052935133617,Некрасовка,European-style renovation
50.0,0.0,1.0,13,5.0,0.0769230769230769,1,0,1,3.9318256327243257,Автозаводская,Cosmetic
14.0,0.0,1.0,14,12.0,0.0714285714285714,1,0,1,2.70805020110221,Молодежная,Cosmetic
60.0,2.0,4.0,24,15.0,0.1666666666666666,0,0,0,4.110873864173311,Перерва,European-style renovation
64.5,3.0,10.0,16,22.0,0.625,0,0,0,4.182050142641207,Беляево,European-style renovation
25.4,1.0,1.0,5,18.0,0.2,1,0,0,3.2733640101522705,Озёрная,European-style renovation
42.7,1.0,6.0,20,19.0,0.3,0,0,0,3.777348102101545,Беляево,European-style renovation
26.0,0.0,2.0,10,16.0,0.2,0,0,1,3.295836866004329,Калитники,Designer
47.0,2.0,6.0,27,24.0,0.2222222222222222,0,0,0,3.871201010907891,Беломорская,Without renovation
52.18,1.0,2.0,9,1.0,0.2222222222222222,0,0,0,3.9736823858148735,Октябрьская,Without renovation
230.0,4.0,6.0,21,13.0,0.2857142857142857,0,0,0,5.442417710521793,Белорусская,Designer
19.0,0.0,1.0,16,7.0,0.0625,1,0,1,2.995732273553991,Тропарево,Cosmetic
145.0,6.0,10.0,22,26.0,0.4545454545454545,0,0,0,4.983606621708336,Домодедовская,European-style renovation
37.7,1.0,7.0,13,8.0,0.5384615384615384,0,0,0,3.655839600035736,Тульская,European-style renovation
42.7,2.0,11.0,21,15.0,0.5238095238095238,0,0,0,3.777348102101545,Народное Ополчение,Designer
58.3,2.0,12.0,17,5.0,0.7058823529411765,0,0,0,4.08260930600368,Южная,Cosmetic
27.5,0.0,2.0,18,32.0,0.1111111111111111,0,0,1,3.349904087274605,Покровское,Without renovation
35.7,0.0,1.0,17,24.0,0.0588235294117647,1,0,1,3.6027767550605247,Речной вокзал,Designer
75.9,3.0,3.0,17,23.0,0.1764705882352941,0,0,0,4.342505876511599,Бабушкинская,European-style renovation
45.0,1.0,8.0,24,26.0,0.3333333333333333,0,0,0,3.828641396489095,Лухмановская,European-style renovation
45.8,2.0,2.0,5,8.0,0.4,0,0,0,3.845883202923601,Планерная,Cosmetic
37.0,1.0,3.0,14,12.0,0.2142857142857142,0,0,0,3.6375861597263857,Электрозаводская,Cosmetic
61.0,2.0,15.0,25,8.0,0.6,0,0,0,4.127134385045092,Семеновская,European-style renovation
18.2,0.0,1.0,7,14.0,0.1428571428571428,1,0,1,2.954910279033736,Красный Балтиец,Cosmetic
36.0,1.0,2.0,14,19.0,0.1428571428571428,0,0,0,3.610917912644224,Давыдково,Without renovation
26.0,0.0,8.0,36,12.0,0.2222222222222222,0,0,1,3.295836866004329,Динамо,European-style renovation
56.8,3.0,8.0,9,3.0,0.8888888888888888,0,0,0,4.056988775678332,Планерная,Cosmetic
19.0,0.0,1.0,8,4.0,0.125,1,0,1,2.995732273553991,Тургеневская,European-style renovation
22.7,0.0,6.0,16,12.0,0.375,0,0,1,3.1654750481410856,Коммунарка,Designer
55.5,3.0,8.0,9,9.0,0.8888888888888888,0,0,0,4.034240638152395,Медведково,Cosmetic
227.0,4.0,1.0,3,20.0,0.3333333333333333,1,0,0,5.429345628954441,Мнёвники,Designer
25.7,6.0,11.0,14,14.0,0.7857142857142857,0,0,0,3.284663565406204,Ольховая,Cosmetic
46.5,2.0,4.0,12,20.0,0.3333333333333333,0,0,0,3.8607297110405954,Яхромская,Cosmetic
91.1,3.0,6.0,30,1.0,0.2,0,0,0,4.522874943261261,Тимирязевская,European-style renovation
74.8,3.0,4.0,17,7.0,0.2352941176470588,0,0,0,4.328098292648326,Коньково,Cosmetic
56.1,0.0,18.0,27,6.0,0.6666666666666666,0,0,1,4.044804116661965,Полежаевская,Without renovation
35.0,2.0,1.0,8,12.0,0.125,1,0,0,3.58351893845611,Электрозаводская,Cosmetic
43.5,0.0,12.0,23,18.0,0.5217391304347826,0,0,1,3.7954891891721942,Авиамоторная,European-style renovation
63.0,2.0,9.0,20,36.0,0.45,0,0,0,4.158883083359672,Царицыно,Without renovation
40.1,1.0,11.0,20,9.0,0.55,0,0,0,3.716008121502189,Фили,Without renovation
271.7,4.0,6.0,7,10.0,0.8571428571428571,0,0,0,5.608372289851543,Смоленская,Without renovation
129.7,2.0,6.0,13,8.0,0.4615384615384615,0,0,0,4.872904620630176,Смоленская,Designer
237.0,3.0,14.0,14,8.0,1.0,0,1,0,5.472270673671475,Спортивная,Designer
66.7,2.0,8.0,13,13.0,0.6153846153846154,0,0,0,4.215086179918229,Спартак,European-style renovation
49.3,2.0,20.0,34,7.0,0.5882352941176471,0,0,0,3.918005077105693,Парк Победы,Without renovation
140.0,3.0,3.0,13,8.0,0.2307692307692307,0,0,0,4.948759890378168,Новослободская,Designer
46.0,1.0,6.0,20,9.0,0.3,0,0,0,3.8501476017100575,ЗИЛ,European-style renovation
273.4,4.0,7.0,11,1.0,0.6363636363636364,0,0,0,5.61458689585173,Полянка,European-style renovation
187.7,5.0,13.0,21,13.0,0.6190476190476191,0,0,0,5.240158452374504,Улица 1905 года,Designer
44.0,1.0,11.0,17,7.0,0.6470588235294118,0,0,0,3.80666248977032,Печатники,Designer
36.0,0.0,3.0,21,8.0,0.1428571428571428,0,0,1,3.610917912644224,Волгоградский проспект,Without renovation
60.0,3.0,9.0,9,5.0,1.0,0,1,0,4.110873864173311,Рязанский проспект,European-style renovation
36.6,2.0,3.0,9,12.0,0.3333333333333333,0,0,0,3.6270040503958487,Народное Ополчение,Cosmetic
38.0,1.0,5.0,9,23.0,0.5555555555555556,0,0,0,3.6635616461296463,Рассказовка,Cosmetic
21.0,0.0,1.0,17,4.0,0.0588235294117647,1,0,1,3.091042453358316,Некрасовка,Cosmetic
211.0,5.0,6.0,6,9.0,1.0,0,1,0,5.356586274672012,Баррикадная,Without renovation
63.0,3.0,6.0,13,10.0,0.4615384615384615,0,0,0,4.158883083359672,Технопарк,Designer
191.7,6.0,2.0,5,8.0,0.4,0,0,0,5.2611345754203205,Смоленская,Without renovation
59.0,1.0,3.0,10,7.0,0.3,0,0,0,4.0943445622221,Чкаловская,Cosmetic
46.6,2.0,2.0,5,5.0,0.4,0,0,0,3.8628327612373754,Щукинская,Cosmetic
93.6,3.0,21.0,22,12.0,0.9545454545454546,0,0,0,4.549657476057832,ЗИЛ,Without renovation
182.25,6.0,6.0,17,11.0,0.3529411764705882,0,0,0,5.2108513407667605,Улица 1905 года,Designer
75.8,3.0,2.0,17,15.0,0.1176470588235294,0,0,0,4.341204640153626,Бибирево,European-style renovation
88.8,3.0,24.0,25,11.0,0.96,0,0,0,4.497584975308154,Беговая,European-style renovation
19.0,0.0,15.0,15,30.0,1.0,0,1,1,2.995732273553991,Улица Горчакова,Without renovation
113.1,3.0,3.0,21,9.0,0.1428571428571428,0,0,0,4.73707525686803,Раменки,Designer
121.7,3.0,4.0,24,11.0,0.1666666666666666,0,0,0,4.809742351716865,Юго-Западная,Without renovation
16.8,0.0,1.0,12,7.0,0.0833333333333333,1,0,1,2.87919845729804,Отрадное,Cosmetic
16.6,0.0,1.0,9,21.0,0.1111111111111111,1,0,1,2.8678989020441064,Выхино,Cosmetic
55.0,2.0,9.0,24,6.0,0.375,0,0,0,4.02535169073515,Шелепиха,European-style renovation
135.3,0.0,1.0,5,3.0,0.2,1,0,1,4.914858338702487,Гражданская,Without renovation
105.0,4.0,36.0,41,14.0,0.8780487804878049,0,0,0,4.663439094112067,Шелепиха,European-style renovation
120.0,3.0,24.0,26,13.0,0.9230769230769232,0,0,0,4.795790545596741,Чертановская,Without renovation
58.6,3.0,5.0,9,16.0,0.5555555555555556,0,0,0,4.087655574071304,Яхромская,Cosmetic
16.2,0.0,1.0,5,7.0,0.2,1,0,1,2.8449093838194077,Гражданская,Without renovation
57.0,2.0,14.0,14,12.0,1.0,0,1,0,4.060443010546419,Улица Старокачаловская,Cosmetic
40.0,1.0,6.0,7,17.0,0.8571428571428571,0,0,0,3.713572066704308,Электрозаводская,Without renovation
74.5,3.0,17.0,17,15.0,1.0,0,1,0,4.324132656254979,Марьино,Cosmetic
35.6,1.0,11.0,24,18.0,0.4583333333333333,0,0,0,3.6000482404073204,Текстильщики,Cosmetic
90.3,3.0,7.0,15,21.0,0.4666666666666667,0,0,0,4.514150787600923,ЗИЛ,Without renovation
44.0,0.0,3.0,5,6.0,0.6,0,0,1,3.80666248977032,Новокузнецкая,Without renovation
62.1,2.0,11.0,79,6.0,0.1392405063291139,0,0,0,4.144720769547168,Международная,Designer
34.6,1.0,6.0,24,10.0,0.25,0,0,0,3.572345637857985,Проспект Вернадского,European-style renovation
56.4,3.0,3.0,7,12.0,0.4285714285714285,0,0,0,4.050044303325521,Савеловская,Designer
47.4,1.0,19.0,24,13.0,0.7916666666666666,0,0,0,3.879499813722586,Шелепиха,European-style renovation
152.6,5.0,12.0,16,28.0,0.75,0,0,0,5.034351820713572,Спортивная,Without renovation
235.0,5.0,24.0,30,18.0,0.8,0,0,0,5.4638318050256105,Щукинская,Designer
61.0,2.0,17.0,39,2.0,0.4358974358974359,0,0,0,4.127134385045092,Аминьевская,Designer
168.3,4.0,7.0,12,8.0,0.5833333333333334,0,0,0,5.13167228913909,Фрунзенская,Without renovation
94.0,3.0,1.0,14,23.0,0.0714285714285714,1,0,0,4.553876891600541,Тропарево,Cosmetic
353.0,10.0,82.0,97,1.0,0.845360824742268,0,0,0,5.869296913133774,Деловой центр,Designer
20.1,0.0,1.0,25,12.0,0.04,1,0,1,3.0492730404820207,Саларьево,Cosmetic
55.0,2.0,10.0,16,3.0,0.625,0,0,0,4.02535169073515,Щелковская,Cosmetic
83.7,3.0,19.0,43,17.0,0.4418604651162791,0,0,0,4.439115601658009,Шелепиха,European-style renovation
50.0,2.0,7.0,12,6.0,0.5833333333333334,0,0,0,3.9318256327243257,Новогиреево,Cosmetic
93.2,2.0,2.0,19,5.0,0.1052631578947368,0,0,0,4.545420181582317,Университет,Designer
61.0,2.0,5.0,24,4.0,0.2083333333333333,0,0,0,4.127134385045092,Верхние Лихоборы,Without renovation
40.0,1.0,4.0,12,13.0,0.3333333333333333,0,0,0,3.713572066704308,Строгино,Cosmetic
19.0,0.0,1.0,9,13.0,0.1111111111111111,1,0,1,2.995732273553991,Бунинская Аллея,Without renovation
154.3,4.0,8.0,13,8.0,0.6153846153846154,0,0,0,5.045358730154642,Смоленская,Designer
46.0,2.0,5.0,5,7.0,1.0,0,1,0,3.8501476017100575,Измайловская,Cosmetic
44.7,1.0,13.0,26,13.0,0.5,0,0,0,3.822098297900159,Москва-Товарная,European-style renovation
40.0,1.0,13.0,25,17.0,0.52,0,0,0,3.713572066704308,Люблино,Cosmetic
200.0,5.0,4.0,15,15.0,0.2666666666666666,0,0,0,5.303304908059076,Новаторская,Designer
55.0,2.0,8.0,12,5.0,0.6666666666666666,0,0,0,4.02535169073515,Щербинка,Cosmetic
44.1,2.0,7.0,12,6.0,0.5833333333333334,0,0,0,3.8088822465086327,Павелецкая,Cosmetic
297.5,5.0,28.0,52,29.0,0.5384615384615384,0,0,0,5.698769932832657,Минская,Designer
21.6,0.0,45.0,58,11.0,0.7758620689655172,0,0,1,3.1179499062782403,Калужская,Without renovation
78.3,3.0,13.0,17,13.0,0.7647058823529411,0,0,0,4.373238128640803,Молодежная,Without renovation
90.0,3.0,8.0,14,20.0,0.5714285714285714,0,0,0,4.51085950651685,Ольховая,European-style renovation
72.9,3.0,10.0,16,18.0,0.625,0,0,0,4.302712827954156,Юго-Западная,Cosmetic
70.2,2.0,19.0,25,23.0,0.76,0,0,0,4.26549281841793,Давыдково,Without renovation
22.0,0.0,24.0,33,12.0,0.7272727272727273,0,0,1,3.1354942159291497,Бутырская,Cosmetic
17.4,0.0,2.0,5,5.0,0.4,0,0,1,2.91235066461494,Волжская,Designer
40.3,1.0,12.0,15,11.0,0.8,0,0,0,3.720862499966987,Раменки,Without renovation
165.4,4.0,6.0,11,5.0,0.5454545454545454,0,0,0,5.114394528387108,Панфиловская,Without renovation
46.7,2.0,1.0,9,25.0,0.1111111111111111,1,0,0,3.864931397894296,Прокшино,European-style renovation
13.9,0.0,7.0,10,12.0,0.7,0,0,1,2.7013612129514133,Селигерская,European-style renovation
76.7,3.0,21.0,25,6.0,0.84,0,0,0,4.3528552573736015,Красный Балтиец,European-style renovation
70.0,3.0,18.0,25,10.0,0.72,0,0,0,4.262679877041316,Аминьевская,Without renovation
76.0,3.0,7.0,10,11.0,0.7,0,0,0,4.343805421853684,Таганская,European-style renovation
36.4,0.0,2.0,17,18.0,0.1176470588235294,0,0,1,3.6216707044204863,Некрасовка,Without renovation
255.0,6.0,20.0,22,13.0,0.9090909090909092,0,0,0,5.545177444479562,Ломоносовский проспект,Without renovation
61.7,2.0,6.0,25,16.0,0.24,0,0,0,4.138361447638875,Печатники,European-style renovation
133.8,5.0,4.0,4,13.0,1.0,0,1,0,4.903792198478207,Киевская,Designer
34.4,1.0,25.0,36,22.0,0.6944444444444444,0,0,0,3.5667118201397288,Шелепиха,European-style renovation
60.8,3.0,12.0,12,6.0,1.0,0,1,0,4.123903364463645,Прокшино,Cosmetic
64.8,0.0,4.0,4,8.0,1.0,0,1,1,4.186619838331271,Улица 1905 года,Without renovation
35.2,1.0,9.0,12,16.0,0.75,0,0,0,3.5890591188317256,Академическая,European-style renovation
295.0,4.0,79.0,88,2.0,0.8977272727272727,0,0,0,5.69035945432406,Международная,Designer
35.8,1.0,24.0,33,9.0,0.7272727272727273,0,0,0,3.605497845174885,Нижегородская,Without renovation
139.1,3.0,7.0,23,8.0,0.3043478260869565,0,0,0,4.942356453342962,Ясенево,Without renovation
81.6,3.0,13.0,28,17.0,0.4642857142857143,0,0,0,4.414009680526933,Павелецкая,Without renovation
35.1,1.0,13.0,14,9.0,0.9285714285714286,0,0,0,3.586292865338835,ВДНХ,Cosmetic
69.0,2.0,15.0,28,18.0,0.5357142857142857,0,0,0,4.248495242049359,Фили,Cosmetic
109.5,4.0,8.0,8,15.0,1.0,0,1,0,4.705015520957808,Белорусская,Designer
218.47,5.0,53.0,85,6.0,0.6235294117647059,0,0,0,5.391215548914767,Выставочная,Designer
13.0,0.0,1.0,14,5.0,0.0714285714285714,1,0,1,2.6390573296152584,Кантемировская,Without renovation
114.0,3.0,7.0,21,5.0,0.3333333333333333,0,0,0,4.74493212836325,Беговая,European-style renovation
62.5,3.0,3.0,12,14.0,0.25,0,0,0,4.151039905898646,Славянский бульвар,Designer
136.4,4.0,21.0,22,6.0,0.9545454545454546,0,0,0,4.922896379788249,Пионерская,European-style renovation
24.8,0.0,3.0,5,16.0,0.6,0,0,1,3.250374491927572,Перово,Cosmetic
106.4,2.0,13.0,23,19.0,0.5652173913043478,0,0,0,4.676560182074764,Бауманская,European-style renovation
243.2,6.0,28.0,28,12.0,1.0,0,1,0,5.497987561676604,Профсоюзная,Designer
33.0,1.0,6.0,18,17.0,0.3333333333333333,0,0,0,3.5263605246161616,Ботанический сад,Cosmetic
136.5,4.0,2.0,12,5.0,0.1666666666666666,0,0,0,4.923623917106626,Минская,Without renovation
33.1,1.0,5.0,18,15.0,0.2777777777777778,0,0,0,3.529297384289471,Прокшино,Without renovation
112.1,5.0,10.0,13,14.0,0.7692307692307693,0,0,0,4.728272383122075,Электрозаводская,Without renovation
59.7,2.0,11.0,22,11.0,0.5,0,0,0,4.1059436980654525,Алтуфьево,European-style renovation
130.0,3.0,1.0,25,9.0,0.04,1,0,0,4.875197323201151,Говорово,European-style renovation
217.0,5.0,5.0,7,2.0,0.7142857142857143,0,0,0,5.384495062789089,Менделеевская,European-style renovation
67.3,3.0,5.0,6,4.0,0.8333333333333334,0,0,0,4.223909766576744,Проспект Мира,Cosmetic
21.6,0.0,6.0,25,18.0,0.24,0,0,1,3.1179499062782403,Перерва,Without renovation
38.0,1.0,14.0,16,10.0,0.875,0,0,0,3.6635616461296463,Бабушкинская,Cosmetic
170.0,5.0,4.0,6,2.0,0.6666666666666666,0,0,0,5.14166355650266,Третьяковская,European-style renovation
98.9,4.0,18.0,20,11.0,0.9,0,0,0,4.604169685654508,Солнцево,European-style renovation
46.7,2.0,2.0,16,22.0,0.125,0,0,0,3.864931397894296,Народное Ополчение,European-style renovation
190.2,5.0,6.0,6,9.0,1.0,0,1,0,5.2533200006173,Тверская,Designer
126.9,3.0,3.0,7,10.0,0.4285714285714285,0,0,0,4.851248708584797,Новокузнецкая,Designer
70.0,4.0,24.0,26,7.0,0.9230769230769232,0,0,0,4.262679877041316,Водный стадион,Designer
63.5,3.0,7.0,9,11.0,0.7777777777777778,0,0,0,4.166665223801727,Юго-Западная,Cosmetic
25.9,0.0,3.0,4,3.0,0.75,0,0,1,3.292126286607793,Аэропорт,Designer
209.0,5.0,16.0,16,8.0,1.0,0,1,0,5.3471075307174685,Спортивная,Without renovation
57.0,3.0,5.0,25,14.0,0.2,0,0,0,4.060443010546419,Коммунарка,Designer
38.3,1.0,16.0,23,14.0,0.6956521739130435,0,0,0,3.6712245188752153,Народное Ополчение,Without renovation
38.0,1.0,9.0,17,12.0,0.5294117647058824,0,0,0,3.6635616461296463,Борисово,Cosmetic
74.1,3.0,4.0,5,9.0,0.8,0,0,0,4.318820558770089,Менделеевская,European-style renovation
21.2,0.0,8.0,18,13.0,0.4444444444444444,0,0,1,3.100092288878234,Прокшино,Without renovation
379.5,6.0,5.0,6,13.0,0.8333333333333334,0,0,0,5.941486177301741,Минская,Without renovation
34.9,1.0,11.0,12,15.0,0.9166666666666666,0,0,0,3.580737295494233,Новогиреево,Without renovation
108.6,4.0,4.0,20,20.0,0.2,0,0,0,4.696837374513915,Трикотажная,European-style renovation
156.5,5.0,3.0,9,10.0,0.3333333333333333,0,0,0,5.059425458265688,Крестьянская застава,European-style renovation
101.8,4.0,5.0,16,18.0,0.3125,0,0,0,4.632785353021065,ЗИЛ,Without renovation
32.7,1.0,13.0,19,10.0,0.6842105263157895,0,0,0,3.517497837358316,Солнцево,Without renovation
46.7,1.0,6.0,17,27.0,0.3529411764705882,0,0,0,3.864931397894296,Коммунарка,European-style renovation
152.0,4.0,7.0,21,19.0,0.3333333333333333,0,0,0,5.030437921392435,Минская,Designer
39.2,1.0,12.0,12,10.0,1.0,0,1,0,3.693866995624976,Рабочий Посёлок,European-style renovation
36.5,1.0,1.0,16,19.0,0.0625,1,0,0,3.624340932976365,Пражская,Without renovation
18.1,0.0,1.0,17,5.0,0.0588235294117647,1,0,1,2.9496883350525844,Кунцевская,Designer
81.7,2.0,2.0,28,9.0,0.0714285714285714,0,0,0,4.415219602029645,Раменки,Without renovation
77.0,3.0,1.0,8,19.0,0.125,1,0,0,4.356708826689592,Щукинская,Without renovation
60.0,2.0,2.0,22,17.0,0.0909090909090909,0,0,0,4.110873864173311,Лианозово,Cosmetic
53.5,2.0,12.0,24,26.0,0.5,0,0,0,3.9982007016691994,Ольховая,Without renovation
39.0,1.0,4.0,9,22.0,0.4444444444444444,0,0,0,3.688879454113936,Улица Дмитриевского,Cosmetic
74.6,3.0,13.0,17,12.0,0.7647058823529411,0,0,0,4.325456283185488,Кузьминки,European-style renovation
34.0,1.0,4.0,9,11.0,0.4444444444444444,0,0,0,3.555348061489413,Печатники,Cosmetic
45.0,1.0,27.0,30,7.0,0.9,0,0,0,3.828641396489095,Угрешская,Without renovation
90.0,3.0,7.0,21,11.0,0.3333333333333333,0,0,0,4.51085950651685,Деловой центр,Without renovation
82.9,3.0,3.0,18,6.0,0.1666666666666666,0,0,0,4.429625613473161,Панфиловская,European-style renovation
19.6,0.0,1.0,5,10.0,0.2,1,0,1,3.025291075795536,Коломенская,Cosmetic
74.4,4.0,1.0,14,23.0,0.0714285714285714,1,0,0,4.32280727501391,Рабочий Посёлок,Without renovation
68.8,2.0,6.0,25,9.0,0.24,0,0,0,4.245634009768327,Беговая,European-style renovation
111.8,2.0,2.0,14,5.0,0.1428571428571428,0,0,0,4.725616339063959,Полянка,Designer
44.9,2.0,2.0,5,15.0,0.4,0,0,0,3.8264651170664994,Нагорная,Cosmetic
127.3,5.0,7.0,26,18.0,0.2692307692307692,0,0,0,4.854371271621591,Матвеевская,Without renovation
142.35,4.0,14.0,20,3.0,0.7,0,0,0,4.9652891923293785,Беломорская,Designer
141.3,4.0,11.0,13,5.0,0.8461538461538461,0,0,0,4.957937505095806,Маяковская,Without renovation
59.4,3.0,8.0,9,13.0,0.8888888888888888,0,0,0,4.100989104940769,Юго-Западная,Cosmetic
11.0,0.0,1.0,9,4.0,0.1111111111111111,1,0,1,2.4849066497880004,Новогиреево,Without renovation
25.47,6.0,14.0,15,13.0,0.9333333333333332,0,0,0,3.27601201623901,Говорово,Cosmetic
69.0,2.0,3.0,15,29.0,0.2,0,0,0,4.248495242049359,Автозаводская,European-style renovation
147.0,4.0,15.0,24,26.0,0.625,0,0,0,4.997212273764115,Минская,European-style renovation
29.0,0.0,3.0,23,18.0,0.1304347826086956,0,0,1,3.4011973816621555,Селигерская,Designer
73.3,2.0,2.0,12,7.0,0.1666666666666666,0,0,0,4.308110951723713,Таганская,European-style renovation
60.0,2.0,9.0,16,17.0,0.5625,0,0,0,4.110873864173311,Медведково,Cosmetic
139.0,3.0,4.0,5,7.0,0.8,0,0,0,4.941642422609304,Охотный ряд,Without renovation
176.7,4.0,3.0,6,4.0,0.5,0,0,0,5.180096735160606,Чистые пруды,Designer
170.0,5.0,3.0,5,7.0,0.6,0,0,0,5.14166355650266,Чеховская,European-style renovation
11.5,0.0,1.0,9,11.0,0.1111111111111111,1,0,1,2.525728644308256,Люблино,Cosmetic
77.0,3.0,12.0,20,13.0,0.6,0,0,0,4.356708826689592,ЗИЛ,European-style renovation
39.1,1.0,8.0,14,26.0,0.5714285714285714,0,0,0,3.691376334312523,Коммунарка,Without renovation
31.1,0.0,5.0,5,8.0,1.0,0,1,1,3.4688560301359703,Окружная,Without renovation
140.4,4.0,17.0,24,17.0,0.7083333333333334,0,0,0,4.951592753462473,Шелепиха,Without renovation
42.0,2.0,12.0,23,7.0,0.5217391304347826,0,0,0,3.7612001156935615,Люблино,European-style renovation
75.3,3.0,5.0,16,9.0,0.3125,0,0,0,4.334672938290411,Солнцево,European-style renovation
18.4,0.0,3.0,5,3.0,0.6,0,0,1,2.9652730660692823,Окружная,European-style renovation
60.2,1.0,15.0,29,8.0,0.5172413793103449,0,0,0,4.11414718951828,Строгино,European-style renovation
35.3,1.0,6.0,17,7.0,0.3529411764705882,0,0,0,3.591817741270805,Тропарево,European-style renovation
170.0,4.0,9.0,13,8.0,0.6923076923076923,0,0,0,5.14166355650266,Новослободская,Without renovation
33.0,2.0,3.0,6,14.0,0.5,0,0,0,3.5263605246161616,Красный Балтиец,Without renovation
104.0,3.0,14.0,26,23.0,0.5384615384615384,0,0,0,4.653960350157523,Славянский бульвар,Without renovation
122.5,4.0,3.0,3,9.0,1.0,0,1,0,4.816241156068032,Арбатская,Without renovation
385.0,5.0,1.0,26,4.0,0.0384615384615384,1,0,0,5.955837369464831,Давыдково,Without renovation
162.0,5.0,36.0,44,12.0,0.8181818181818182,0,0,0,5.093750200806762,Минская,Designer
31.0,0.0,11.0,25,14.0,0.44,0,0,1,3.4657359027997265,Фили,Designer
41.0,1.0,14.0,30,5.0,0.4666666666666667,0,0,0,3.737669618283368,Красногвардейская,European-style renovation
41.7,1.0,11.0,25,24.0,0.44,0,0,0,3.754198920234579,Бульвар Рокоссовского,Cosmetic
44.2,1.0,24.0,28,13.0,0.8571428571428571,0,0,0,3.8110970868381857,Бутырская,Without renovation
205.0,4.0,14.0,21,19.0,0.6666666666666666,0,0,0,5.327876168789581,Минская,Designer
63.7,2.0,19.0,27,21.0,0.7037037037037037,0,0,0,4.169761201506855,Озёрная,European-style renovation
45.0,2.0,2.0,9,3.0,0.2222222222222222,0,0,0,3.828641396489095,Речной вокзал,European-style renovation
112.6,5.0,3.0,8,5.0,0.375,0,0,0,4.732683506287051,Красные ворота,Without renovation
95.7,4.0,2.0,5,2.0,0.4,0,0,0,4.571613402459248,Окружная,European-style renovation
150.0,4.0,13.0,53,29.0,0.2452830188679245,0,0,0,5.017279836814924,Минская,Without renovation
95.6,4.0,18.0,19,7.0,0.9473684210526316,0,0,0,4.570578741218473,Динамо,Designer
184.0,6.0,6.0,17,9.0,0.3529411764705882,0,0,0,5.220355825078324,Улица 1905 года,Designer
82.0,3.0,3.0,8,11.0,0.375,0,0,0,4.418840607796598,Панфиловская,European-style renovation
58.1,2.0,2.0,22,8.0,0.0909090909090909,0,0,0,4.079230924412053,Ясенево,Cosmetic
20.2,1.0,3.0,9,7.0,0.3333333333333333,0,0,0,3.054001181677967,Маяковская,European-style renovation
35.5,1.0,5.0,12,15.0,0.4166666666666667,0,0,0,3.597312260588446,Нахимовский проспект,European-style renovation
130.0,0.0,4.0,11,2.0,0.3636363636363636,0,0,1,4.875197323201151,Панфиловская,Without renovation
65.0,3.0,4.0,16,8.0,0.25,0,0,0,4.189654742026425,Текстильщики,European-style renovation
32.0,1.0,11.0,17,17.0,0.6470588235294118,0,0,0,3.49650756146648,Люблино,European-style renovation
63.7,2.0,5.0,27,21.0,0.1851851851851851,0,0,0,4.169761201506855,Озёрная,Without renovation
47.9,2.0,9.0,9,16.0,1.0,0,1,0,3.8897773964808255,Братиславская,Cosmetic
17.0,0.0,1.0,5,16.0,0.2,1,0,1,2.8903717578961645,Соколиная Гора,European-style renovation
56.0,2.0,16.0,17,11.0,0.9411764705882352,0,0,0,4.04305126783455,Зюзино,Designer
19.0,0.0,2.0,6,9.0,0.3333333333333333,0,0,1,2.995732273553991,Маяковская,Designer
38.0,1.0,2.0,17,19.0,0.1176470588235294,0,0,0,3.6635616461296463,Крылатское,Cosmetic
34.5,1.0,6.0,12,16.0,0.5,0,0,0,3.56953269648137,Беляево,Cosmetic
55.0,2.0,4.0,25,6.0,0.16,0,0,0,4.02535169073515,Аннино,European-style renovation
35.4,1.0,7.0,14,20.0,0.5,0,0,0,3.594568774642695,Аминьевская,Without renovation
51.1,2.0,11.0,14,7.0,0.7857142857142857,0,0,0,3.9531649487593215,Марьино,Cosmetic
53.7,2.0,10.0,24,23.0,0.4166666666666667,0,0,0,4.001863709427935,Саларьево,Cosmetic
192.0,3.0,37.0,75,2.0,0.4933333333333333,0,0,0,5.262690188904886,Деловой центр,Designer
20.0,6.0,9.0,9,9.0,1.0,0,1,0,3.044522437723423,Бунинская Аллея,Cosmetic
212.0,4.0,18.0,19,15.0,0.9473684210526316,0,0,0,5.3612921657094255,Тульская,Without renovation
44.1,2.0,5.0,9,16.0,0.5555555555555556,0,0,0,3.8088822465086327,Бибирево,European-style renovation
50.5,2.0,1.0,12,15.0,0.0833333333333333,1,0,0,3.9415818076696905,Новаторская,European-style renovation
120.0,4.0,4.0,4,5.0,1.0,0,1,0,4.795790545596741,Парк культуры,European-style renovation
56.1,3.0,9.0,9,15.0,1.0,0,1,0,4.044804116661965,Варшавская,Cosmetic
59.7,2.0,22.0,25,18.0,0.88,0,0,0,4.1059436980654525,Мичуринский проспект,Cosmetic
95.1,2.0,9.0,18,6.0,0.5,0,0,0,4.565389315976247,Панфиловская,Designer
57.0,2.0,21.0,23,10.0,0.9130434782608696,0,0,0,4.060443010546419,Братиславская,Designer
130.0,6.0,13.0,21,9.0,0.6190476190476191,0,0,0,4.875197323201151,Раменки,Designer
38.9,1.0,17.0,17,6.0,1.0,0,1,0,3.686376323895818,Некрасовка,European-style renovation
35.1,0.0,26.0,37,13.0,0.7027027027027027,0,0,1,3.586292865338835,Шелепиха,Without renovation
40.0,1.0,12.0,19,20.0,0.631578947368421,0,0,0,3.713572066704308,Новодачная,Cosmetic
37.7,1.0,11.0,25,16.0,0.44,0,0,0,3.655839600035736,Соколиная Гора,European-style renovation
59.0,3.0,1.0,5,26.0,0.2,1,0,0,4.0943445622221,Белокаменная,Cosmetic
151.0,4.0,4.0,7,2.0,0.5714285714285714,0,0,0,5.0238805208462765,Менделеевская,European-style renovation
110.9,3.0,4.0,12,24.0,0.3333333333333333,0,0,0,4.71760561531788,Ломоносовский проспект,Designer
37.0,1.0,34.0,38,9.0,0.8947368421052632,0,0,0,3.6375861597263857,Дмитровская,Without renovation
171.6,4.0,2.0,6,5.0,0.3333333333333333,0,0,0,5.150976778649327,Добрынинская,Designer
65.9,1.0,5.0,21,6.0,0.238095238095238,0,0,0,4.203198967134183,Улица 1905 года,Designer
52.0,2.0,14.0,14,13.0,1.0,0,1,0,3.970291913552122,Новопеределкино,Without renovation
93.5,0.0,13.0,18,7.0,0.7222222222222222,0,0,1,4.548599834499697,Динамо,Without renovation
11.6,0.0,1.0,9,12.0,0.1111111111111111,1,0,1,2.533696813957432,Щелковская,European-style renovation
155.0,4.0,6.0,7,5.0,0.8571428571428571,0,0,0,5.049856007249537,Кропоткинская,Designer
21.0,0.0,18.0,28,15.0,0.6428571428571429,0,0,1,3.091042453358316,ЗИЛ,Cosmetic
52.0,2.0,2.0,14,21.0,0.1428571428571428,0,0,0,3.970291913552122,Медведково,European-style renovation
141.51,3.0,7.0,17,13.0,0.4117647058823529,0,0,0,4.959412172685121,Ленинский проспект,Designer
34.1,1.0,14.0,15,6.0,0.9333333333333332,0,0,0,3.55820113047182,Новоподрезково,Cosmetic
79.5,3.0,4.0,16,25.0,0.25,0,0,0,4.388257184424518,Тульская,European-style renovation
57.0,2.0,14.0,22,12.0,0.6363636363636364,0,0,0,4.060443010546419,Яхромская,Cosmetic
153.6,5.0,61.0,67,9.0,0.9104477611940298,0,0,0,5.040841136153322,Выставочная,Designer
88.3,3.0,4.0,5,9.0,0.8,0,0,0,4.492001487882454,Кунцевская,Cosmetic
102.0,3.0,9.0,15,11.0,0.6,0,0,0,4.634728988229636,Аэропорт,Designer
310.9,6.0,2.0,3,10.0,0.6666666666666666,0,0,0,5.742682623613757,Кропоткинская,Designer
24.5,0.0,16.0,39,21.0,0.4102564102564102,0,0,1,3.2386784521643803,Хорошево,Without renovation
18.5,0.0,1.0,9,8.0,0.1111111111111111,1,0,1,2.970414465569701,Щелковская,European-style renovation
37.26,1.0,12.0,21,3.0,0.5714285714285714,0,0,0,3.644404964012107,Полежаевская,Cosmetic
14.7,0.0,1.0,5,16.0,0.2,1,0,1,2.7536607123542622,Первомайская,Cosmetic
70.3,3.0,2.0,15,14.0,0.1333333333333333,0,0,0,4.26689632742025,Технопарк,Without renovation
42.94,1.0,4.0,16,10.0,0.25,0,0,0,3.782825066956464,Калитники,Cosmetic
75.0,4.0,9.0,21,14.0,0.4285714285714285,0,0,0,4.330733340286331,Москва-Товарная,Designer
125.0,5.0,3.0,3,15.0,1.0,0,1,0,4.836281906951478,Чистые пруды,European-style renovation
16.9,0.0,2.0,2,16.0,1.0,0,1,1,2.884800712846709,Рязанский проспект,Cosmetic
68.8,3.0,13.0,20,14.0,0.65,0,0,0,4.245634009768327,Тульская,European-style renovation
150.0,3.0,29.0,33,7.0,0.8787878787878788,0,0,0,5.017279836814924,Юго-Западная,Without renovation
134.0,3.0,19.0,24,17.0,0.7916666666666666,0,0,0,4.90527477843843,Авиамоторная,Without renovation
138.0,3.0,10.0,53,29.0,0.1886792452830188,0,0,0,4.934473933130692,Минская,Without renovation
115.0,4.0,10.0,14,59.0,0.7142857142857143,0,0,0,4.7535901911063645,Минская,Without renovation
75.0,3.0,8.0,17,3.0,0.4705882352941176,0,0,0,4.330733340286331,Коньково,Cosmetic
123.5,3.0,4.0,18,11.0,0.2222222222222222,0,0,0,4.824305715904762,Белорусская,European-style renovation
40.0,0.0,10.0,14,10.0,0.7142857142857143,0,0,1,3.713572066704308,Сокол,European-style renovation
175.0,4.0,40.0,60,3.0,0.6666666666666666,0,0,0,5.170483995038151,Деловой центр,Designer
76.5,2.0,13.0,23,9.0,0.5652173913043478,0,0,0,4.350277936359301,Волгоградский проспект,European-style renovation
23.8,6.0,20.0,20,4.0,1.0,0,1,0,3.210843653170937,Красный Балтиец,Cosmetic
110.0,3.0,4.0,4,8.0,1.0,0,1,0,4.709530201312334,Смоленская,Designer
116.0,4.0,7.0,7,7.0,1.0,0,1,0,4.762173934797756,Сокольники,Designer
85.2,0.0,2.0,5,7.0,0.4,0,0,1,4.456670177669648,Охотный ряд,Without renovation
57.4,2.0,7.0,9,1.0,0.7777777777777778,0,0,0,4.067315889834181,Маяковская,Designer
204.0,4.0,3.0,11,7.0,0.2727272727272727,0,0,0,5.3230099791384085,Смоленская,Designer
58.2,3.0,5.0,5,20.0,1.0,0,1,0,4.0809215418899605,Новогиреево,Cosmetic
139.0,3.0,8.0,25,10.0,0.32,0,0,0,4.941642422609304,Аминьевская,Without renovation
70.5,3.0,1.0,12,10.0,0.0833333333333333,1,0,0,4.269697449699962,Депо,Cosmetic
16.0,0.0,1.0,8,4.0,0.125,1,0,1,2.833213344056216,Сокол,Cosmetic
74.6,3.0,7.0,17,6.0,0.4117647058823529,0,0,0,4.325456283185488,Беговая,European-style renovation
111.53,3.0,4.0,6,10.0,0.6666666666666666,0,0,0,4.723219852761906,Парк культуры,Designer
77.1,3.0,15.0,22,13.0,0.6818181818181818,0,0,0,4.35799005684564,Алма-Атинская,European-style renovation
25.0,0.0,2.0,18,8.0,0.1111111111111111,0,0,1,3.258096538021482,Некрасовка,Without renovation
114.4,5.0,7.0,9,14.0,0.7777777777777778,0,0,0,4.748404354073999,Электрозаводская,Without renovation
34.0,1.0,8.0,14,26.0,0.5714285714285714,0,0,0,3.555348061489413,Коммунарка,Cosmetic
40.0,1.0,7.0,21,8.0,0.3333333333333333,0,0,0,3.713572066704308,Яхромская,Designer
65.0,4.0,2.0,14,14.0,0.1428571428571428,0,0,0,4.189654742026425,Коммунарка,Cosmetic
58.0,2.0,2.0,19,8.0,0.1052631578947368,0,0,0,4.07753744390572,Солнцево,European-style renovation
76.0,3.0,12.0,17,11.0,0.7058823529411765,0,0,0,4.343805421853684,Хорошёвская,European-style renovation
35.0,1.0,1.0,7,7.0,0.1428571428571428,1,0,0,3.58351893845611,Бабушкинская,Designer
47.3,2.0,23.0,33,16.0,0.696969696969697,0,0,0,3.877431560658527,Локомотив,European-style renovation
44.8,2.0,7.0,9,16.0,0.7777777777777778,0,0,0,3.824284091120139,Красный Балтиец,Cosmetic
67.2,2.0,2.0,18,18.0,0.1111111111111111,0,0,0,4.222444564849416,Беломорская,European-style renovation
61.0,2.0,6.0,23,22.0,0.2608695652173913,0,0,0,4.127134385045092,Текстильщики,Designer
152.1,5.0,2.0,13,11.0,0.1538461538461538,0,0,0,5.031091302663638,Прокшино,European-style renovation
40.2,1.0,5.0,12,16.0,0.4166666666666667,0,0,0,3.7184382563554808,Ботанический сад,Cosmetic
46.2,2.0,2.0,8,11.0,0.25,0,0,0,3.8543938925915096,Спортивная,Cosmetic
41.2,1.0,11.0,25,10.0,0.44,0,0,0,3.742420221041966,Гражданская,European-style renovation
77.7,4.0,3.0,6,15.0,0.5,0,0,0,4.365643155423357,Преображенская площадь,Without renovation
96.0,4.0,13.0,14,24.0,0.9285714285714286,0,0,0,4.574710978503383,Некрасовка,European-style renovation
112.1,5.0,1.0,6,5.0,0.1666666666666666,1,0,0,4.728272383122075,Сретенский бульвар,European-style renovation
69.0,2.0,15.0,25,4.0,0.6,0,0,0,4.248495242049359,Молодежная,European-style renovation
319.0,9.0,17.0,19,3.0,0.8947368421052632,0,0,0,5.768320995793772,Раменки,European-style renovation
82.0,4.0,2.0,5,6.0,0.4,0,0,0,4.418840607796598,Автозаводская,European-style renovation
27.7,0.0,23.0,23,26.0,1.0,0,1,1,3.3568971227655755,Бульвар Рокоссовского,Designer
75.0,3.0,7.0,12,12.0,0.5833333333333334,0,0,0,4.330733340286331,Улица Дмитриевского,Cosmetic
72.6,3.0,3.0,5,8.0,0.6,0,0,0,4.298645025734831,Шаболовская,Cosmetic
102.6,4.0,22.0,29,11.0,0.7586206896551724,0,0,0,4.640537329825382,Угрешская,European-style renovation
29.0,0.0,4.0,21,20.0,0.1904761904761904,0,0,1,3.4011973816621555,Рижская,Cosmetic
35.0,1.0,10.0,13,28.0,0.7692307692307693,0,0,0,3.58351893845611,Прокшино,European-style renovation
15.7,0.0,2.0,4,10.0,0.5,0,0,1,2.815408719422709,Преображенская площадь,Cosmetic
81.2,3.0,14.0,18,6.0,0.7777777777777778,0,0,0,4.409155302062135,Панфиловская,Without renovation
44.44,1.0,6.0,57,5.0,0.1052631578947368,0,0,0,3.816392774412896,Фили,European-style renovation
45.0,2.0,1.0,5,11.0,0.2,1,0,0,3.828641396489095,Первомайская,Without renovation
40.1,1.0,9.0,13,6.0,0.6923076923076923,0,0,0,3.716008121502189,Таганская,European-style renovation
136.0,4.0,19.0,21,7.0,0.9047619047619048,0,0,0,4.919980925828125,Улица 1905 года,European-style renovation
233.0,4.0,4.0,7,10.0,0.5714285714285714,0,0,0,5.455321115357702,Парк культуры,Designer
42.0,1.0,4.0,12,20.0,0.3333333333333333,0,0,0,3.7612001156935615,Тушинская,Cosmetic
55.0,2.0,10.0,21,5.0,0.4761904761904761,0,0,0,4.02535169073515,Улица 1905 года,Without renovation
91.3,4.0,6.0,14,7.0,0.4285714285714285,0,0,0,4.525044141508807,Улица Старокачаловская,Designer
107.1,4.0,10.0,17,9.0,0.5882352941176471,0,0,0,4.683056724645162,Фонвизинская,Designer
41.6,1.0,2.0,28,7.0,0.0714285714285714,0,0,0,3.751854253275325,Павелецкая,Without renovation
288.8,5.0,9.0,22,3.0,0.4090909090909091,0,0,0,5.669191029886582,Новокузнецкая,Without renovation
92.5,3.0,20.0,53,10.0,0.3773584905660377,0,0,0,4.537961436294641,Народное Ополчение,Without renovation
35.0,1.0,2.0,17,11.0,0.1176470588235294,0,0,0,3.58351893845611,Царицыно,Cosmetic
120.0,3.0,2.0,14,9.0,0.1428571428571428,0,0,0,4.795790545596741,Серпуховская,Designer
22.4,6.0,3.0,30,18.0,0.1,0,0,0,3.152736022363656,Бунинская Аллея,Cosmetic
94.0,3.0,2.0,7,6.0,0.2857142857142857,0,0,0,4.553876891600541,Арбатская,Designer
71.3,0.0,9.0,32,1.0,0.28125,0,0,1,4.280824129164719,Ховрино,Without renovation
122.0,3.0,26.0,30,12.0,0.8666666666666667,0,0,0,4.812184355372417,Щукинская,European-style renovation
356.9,5.0,23.0,26,17.0,0.8846153846153846,0,0,0,5.88025361777198,Академическая,Without renovation
50.0,0.0,2.0,16,8.0,0.125,0,0,1,3.9318256327243257,Площадь Ильича,Cosmetic
54.0,3.0,3.0,5,6.0,0.6,0,0,0,4.007333185232471,Нахимовский проспект,Cosmetic
58.3,2.0,10.0,17,3.0,0.5882352941176471,0,0,0,4.08260930600368,Пятницкое шоссе,Cosmetic
65.0,3.0,4.0,5,13.0,0.8,0,0,0,4.189654742026425,Волжская,Cosmetic
51.0,2.0,5.0,17,11.0,0.2941176470588235,0,0,0,3.951243718581428,Братиславская,Cosmetic
111.8,5.0,5.0,17,12.0,0.2941176470588235,0,0,0,4.725616339063959,Новые Черемушки,European-style renovation
303.8,6.0,3.0,9,4.0,0.3333333333333333,0,0,0,5.719655823812492,Ломоносовский проспект,Without renovation
26.5,0.0,1.0,22,26.0,0.0454545454545454,1,0,1,3.3141860046725258,Саларьево,Cosmetic
92.3,3.0,11.0,33,12.0,0.3333333333333333,0,0,0,4.535820107853298,Улица Скобелевская,European-style renovation
58.0,3.0,5.0,5,20.0,1.0,0,1,0,4.07753744390572,Белокаменная,European-style renovation
31.6,0.0,5.0,21,22.0,0.238095238095238,0,0,1,3.484312288372662,Озёрная,Cosmetic
73.6,4.0,12.0,18,12.0,0.6666666666666666,0,0,0,4.312140507209715,Прокшино,European-style renovation
50.4,1.0,2.0,3,11.0,0.6666666666666666,0,0,0,3.93963817246112,Автозаводская,Designer
45.0,1.0,39.0,51,6.0,0.7647058823529411,0,0,0,3.828641396489095,Шелепиха,Without renovation
97.7,4.0,16.0,22,4.0,0.7272727272727273,0,0,0,4.592084946439436,Коньково,Cosmetic
71.3,2.0,2.0,11,5.0,0.1818181818181818,0,0,0,4.280824129164719,Панфиловская,European-style renovation
53.5,2.0,21.0,33,13.0,0.6363636363636364,0,0,0,3.9982007016691994,Тропарево,Designer
40.0,2.0,11.0,12,4.0,0.9166666666666666,0,0,0,3.713572066704308,Алексеевская,European-style renovation
41.0,1.0,8.0,21,13.0,0.3809523809523809,0,0,0,3.737669618283368,Чкаловская,Designer
44.0,2.0,4.0,5,5.0,0.8,0,0,0,3.80666248977032,Первомайская,European-style renovation
70.0,2.0,1.0,16,21.0,0.0625,1,0,0,4.262679877041316,Трикотажная,Without renovation
24.9,0.0,6.0,23,21.0,0.2608695652173913,0,0,1,3.254242968705492,Текстильщики,Cosmetic
12.0,0.0,1.0,9,6.0,0.1111111111111111,1,0,1,2.5649493574615367,Люблино,European-style renovation
110.0,4.0,3.0,7,2.0,0.4285714285714285,0,0,0,4.709530201312334,Чеховская,Designer
62.0,0.0,1.0,5,17.0,0.2,1,0,1,4.143134726391533,Сходненская,Without renovation
38.4,1.0,5.0,9,18.0,0.5555555555555556,0,0,0,3.673765816303888,Тульская,Without renovation
42.1,1.0,21.0,44,12.0,0.4772727272727273,0,0,0,3.763522997109702,Улица 1905 года,Designer
47.3,2.0,1.0,12,16.0,0.0833333333333333,1,0,0,3.877431560658527,Преображенская площадь,Cosmetic
41.5,1.0,7.0,23,9.0,0.3043478260869565,0,0,0,3.7495040759303713,Селигерская,European-style renovation
15.0,0.0,3.0,10,16.0,0.3,0,0,1,2.772588722239781,Калитники,Cosmetic
59.0,2.0,17.0,22,16.0,0.7727272727272727,0,0,0,4.0943445622221,Новые Черемушки,Cosmetic
66.1,2.0,7.0,29,4.0,0.2413793103448276,0,0,0,4.206184043977636,Тропарево,European-style renovation
38.0,2.0,4.0,9,6.0,0.4444444444444444,0,0,0,3.6635616461296463,Речной вокзал,Without renovation
17.5,0.0,3.0,8,13.0,0.375,0,0,1,2.917770732084279,Чкаловская,Without renovation
38.9,1.0,5.0,14,23.0,0.3571428571428571,0,0,0,3.686376323895818,Борисово,Designer
56.0,2.0,1.0,5,1.0,0.2,1,0,0,4.04305126783455,Марьина Роща,European-style renovation
170.0,0.0,18.0,19,18.0,0.9473684210526316,0,0,1,5.14166355650266,Шелепиха,Without renovation
22.0,0.0,6.0,18,10.0,0.3333333333333333,0,0,1,3.1354942159291497,Прокшино,Without renovation
79.0,2.0,27.0,33,5.0,0.8181818181818182,0,0,0,4.382026634673881,Новаторская,Without renovation
28.3,0.0,9.0,44,16.0,0.2045454545454545,0,0,1,3.3775875160230218,Селигерская,Cosmetic
133.9,4.0,18.0,28,18.0,0.6428571428571429,0,0,0,4.90453376321371,Фили,European-style renovation
22.7,0.0,1.0,9,18.0,0.1111111111111111,1,0,1,3.1654750481410856,Солнцево,Cosmetic
94.0,4.0,5.0,23,6.0,0.217391304347826,0,0,0,4.553876891600541,Стахановская,Designer
45.0,1.0,5.0,9,7.0,0.5555555555555556,0,0,0,3.828641396489095,Ленинский проспект,Cosmetic
105.7,3.0,25.0,67,7.0,0.373134328358209,0,0,0,4.670021158307708,Выставочная,Designer
54.7,2.0,9.0,9,13.0,1.0,0,1,0,4.019980146933238,Говорово,Cosmetic
45.9,2.0,8.0,12,12.0,0.6666666666666666,0,0,0,3.8480176754522337,Отрадное,Without renovation
132.0,4.0,5.0,28,18.0,0.1785714285714285,0,0,0,4.890349128221754,Фили,Cosmetic
104.8,4.0,14.0,15,11.0,0.9333333333333332,0,0,0,4.661550519424199,Технопарк,Without renovation
75.0,3.0,4.0,17,12.0,0.2352941176470588,0,0,0,4.330733340286331,Народное Ополчение,European-style renovation
15.1,0.0,7.0,7,21.0,1.0,0,1,1,2.778819271990417,Бибирево,Cosmetic
35.0,1.0,12.0,12,22.0,1.0,0,1,0,3.58351893845611,Выхино,Cosmetic
52.0,2.0,9.0,14,13.0,0.6428571428571429,0,0,0,3.970291913552122,Кантемировская,European-style renovation
40.0,2.0,6.0,12,11.0,0.5,0,0,0,3.713572066704308,Лихоборы,Cosmetic
70.0,3.0,4.0,5,13.0,0.8,0,0,0,4.262679877041316,Давыдково,Designer
85.0,4.0,10.0,11,5.0,0.9090909090909092,0,0,0,4.454347296253507,Электрозаводская,Cosmetic
16.3,0.0,4.0,4,10.0,1.0,0,1,1,2.8507065015037334,Курская,Cosmetic
54.0,2.0,12.0,49,24.0,0.2448979591836734,0,0,0,4.007333185232471,Народное Ополчение,Without renovation
105.0,4.0,2.0,6,5.0,0.3333333333333333,0,0,0,4.663439094112067,Динамо,Cosmetic
137.0,5.0,8.0,12,28.0,0.6666666666666666,0,0,0,4.927253685157205,Минская,Without renovation
320.0,6.0,3.0,20,6.0,0.15,0,0,0,5.771441123130016,Менделеевская,Designer
15.7,0.0,7.0,8,11.0,0.875,0,0,1,2.815408719422709,Электрозаводская,Designer
35.0,1.0,5.0,17,18.0,0.2941176470588235,0,0,0,3.58351893845611,Братиславская,European-style renovation
68.1,3.0,4.0,5,2.0,0.8,0,0,0,4.235554730773624,Студенческая,Cosmetic
212.7,4.0,4.0,4,8.0,1.0,0,1,0,5.364573162325102,Крылатское,Designer
34.7,1.0,7.0,12,6.0,0.5833333333333334,0,0,0,3.5751506887855933,Озёрная,Cosmetic
18.8,0.0,2.0,5,13.0,0.4,0,0,1,2.9856819377004897,Ботанический сад,Cosmetic
52.0,2.0,4.0,12,26.0,0.3333333333333333,0,0,0,3.970291913552122,Братиславская,European-style renovation
15.5,0.0,1.0,9,20.0,0.1111111111111111,1,0,1,2.803360380906535,Щелковская,Cosmetic
43.2,1.0,2.0,20,4.0,0.1,0,0,0,3.788724789083653,Коптево,Without renovation
46.1,2.0,8.0,23,11.0,0.3478260869565217,0,0,0,3.852273001022372,Хорошёвская,Without renovation
39.0,1.0,3.0,12,10.0,0.25,0,0,0,3.688879454113936,Царицыно,Cosmetic
273.0,4.0,8.0,8,3.0,1.0,0,1,0,5.613128106388071,Полянка,Designer
74.3,3.0,8.0,14,4.0,0.5714285714285714,0,0,0,4.321480134805848,Бульвар Адмирала Ушакова,Cosmetic
77.8,3.0,5.0,25,13.0,0.2,0,0,0,4.366912996863833,Аминьевская,Designer
161.0,6.0,22.0,28,9.0,0.7857142857142857,0,0,0,5.087596335232384,Комсомольская,Without renovation
50.0,2.0,7.0,17,20.0,0.4117647058823529,0,0,0,3.9318256327243257,Медведково,Cosmetic
22.5,0.0,3.0,30,9.0,0.1,0,0,1,3.157000421150113,Угрешская,Cosmetic
144.0,3.0,24.0,38,18.0,0.631578947368421,0,0,0,4.976733742420574,Ломоносовский проспект,European-style renovation
60.0,3.0,5.0,9,15.0,0.5555555555555556,0,0,0,4.110873864173311,Улица Академика Янгеля,European-style renovation
112.3,3.0,16.0,23,26.0,0.6956521739130435,0,0,0,4.730039168033961,Давыдково,Designer
81.1,4.0,12.0,12,19.0,1.0,0,1,0,4.407938016458383,Строгино,European-style renovation
37.4,2.0,17.0,24,18.0,0.7083333333333334,0,0,0,3.648057459593681,Текстильщики,European-style renovation
170.0,4.0,6.0,8,5.0,0.75,0,0,0,5.14166355650266,Фрунзенская,Without renovation
63.0,2.0,25.0,32,4.0,0.78125,0,0,0,4.158883083359672,Беговая,European-style renovation
38.0,1.0,15.0,24,13.0,0.625,0,0,0,3.6635616461296463,Планерная,Cosmetic
127.1,3.0,6.0,21,6.0,0.2857142857142857,0,0,0,4.852811208902689,Улица 1905 года,Designer
73.6,3.0,15.0,16,16.0,0.9375,0,0,0,4.312140507209715,ВДНХ,Cosmetic
85.0,3.0,4.0,14,24.0,0.2857142857142857,0,0,0,4.454347296253507,Селигерская,Designer
170.0,4.0,2.0,5,15.0,0.4,0,0,0,5.14166355650266,Баррикадная,European-style renovation
47.5,2.0,4.0,9,12.0,0.4444444444444444,0,0,0,3.881563797943437,Савеловская,Designer
229.0,5.0,7.0,8,3.0,0.875,0,0,0,5.438079308923196,Маяковская,Designer
37.8,1.0,10.0,17,24.0,0.5882352941176471,0,0,0,3.658420246629228,Пыхтино,Cosmetic
182.0,4.0,4.0,4,6.0,1.0,0,1,0,5.209486152841421,Арбатская,Designer
141.0,4.0,11.0,13,5.0,0.8461538461538461,0,0,0,4.955827057601261,Маяковская,Without renovation
47.0,2.0,10.0,12,17.0,0.8333333333333334,0,0,0,3.871201010907891,Печатники,Cosmetic
37.8,1.0,10.0,17,28.0,0.5882352941176471,0,0,0,3.658420246629228,Пыхтино,Cosmetic
200.0,5.0,3.0,6,6.0,0.5,0,0,0,5.303304908059076,Чистые пруды,Designer
15.3,0.0,1.0,6,6.0,0.1666666666666666,1,0,1,2.791165107812717,Китай-город,Cosmetic
25.4,0.0,2.0,2,16.0,1.0,0,1,1,3.2733640101522705,Петровский парк,Cosmetic
36.0,1.0,17.0,19,11.0,0.8947368421052632,0,0,0,3.610917912644224,Беломорская,European-style renovation
197.5,4.0,1.0,16,12.0,0.0625,1,0,0,5.290789100127245,Минская,European-style renovation
27.4,1.0,2.0,22,5.0,0.0909090909090909,0,0,0,3.3463891451671604,Спартак,Cosmetic
37.0,2.0,9.0,22,8.0,0.4090909090909091,0,0,0,3.6375861597263857,Комсомольская,European-style renovation
75.2,3.0,8.0,16,18.0,0.5,0,0,0,4.333361462692601,Озёрная,Cosmetic
73.4,2.0,6.0,7,3.0,0.8571428571428571,0,0,0,4.309455941839047,Бутырская,Designer
198.0,5.0,6.0,48,18.0,0.125,0,0,0,5.293304824724492,Новаторская,Designer
36.0,1.0,12.0,12,15.0,1.0,0,1,0,3.610917912644224,ВДНХ,Cosmetic
57.0,3.0,3.0,8,8.0,0.375,0,0,0,4.060443010546419,Марьина Роща,Designer
56.4,3.0,2.0,8,8.0,0.25,0,0,0,4.050044303325521,Парк культуры,Cosmetic
68.0,3.0,5.0,16,14.0,0.3125,0,0,0,4.23410650459726,Марьина Роща,European-style renovation
386.0,6.0,1.0,1,18.0,1.0,1,1,0,5.958424693029782,Матвеевская,Without renovation
12.1,0.0,10.0,13,7.0,0.7692307692307693,0,0,1,2.5726122302071057,ЗИЛ,Without renovation
99.0,3.0,23.0,41,5.0,0.5609756097560976,0,0,0,4.605170185988092,Спортивная,Without renovation
14.0,0.0,1.0,2,10.0,0.5,1,0,1,2.70805020110221,Преображенская площадь,Designer
40.0,1.0,15.0,25,25.0,0.6,0,0,0,3.713572066704308,Коммунарка,Cosmetic
250.0,5.0,5.0,9,6.0,0.5555555555555556,0,0,0,5.525452939131784,Парк культуры,Designer
80.0,2.0,3.0,7,9.0,0.4285714285714285,0,0,0,4.394449154672439,Бауманская,Designer
20.6,0.0,2.0,17,8.0,0.1176470588235294,0,0,1,3.0726933146901194,Некрасовка,European-style renovation
78.2,3.0,2.0,7,5.0,0.2857142857142857,0,0,0,4.37197629882038,Парк культуры,European-style renovation
60.0,2.0,8.0,22,14.0,0.3636363636363636,0,0,0,4.110873864173311,Чертановская,European-style renovation
41.0,1.0,7.0,15,9.0,0.4666666666666667,0,0,0,3.737669618283368,Говорово,European-style renovation
62.2,2.0,17.0,20,16.0,0.85,0,0,0,4.146304301152812,Трикотажная,Cosmetic
16.0,0.0,1.0,14,12.0,0.0714285714285714,1,0,1,2.833213344056216,Войковская,Cosmetic
245.3,5.0,2.0,14,6.0,0.1428571428571428,0,0,0,5.506550305126492,Краснопресненская,European-style renovation
40.9,2.0,11.0,12,18.0,0.9166666666666666,0,0,0,3.735285826928092,Сходненская,European-style renovation
90.6,4.0,5.0,26,8.0,0.1923076923076923,0,0,0,4.517431271680085,Алексеевская,European-style renovation
47.2,2.0,8.0,12,8.0,0.6666666666666666,0,0,0,3.8753590210565543,Улица Академика Янгеля,Without renovation
16.0,0.0,1.0,12,8.0,0.0833333333333333,1,0,1,2.833213344056216,Беломорская,Cosmetic
165.0,5.0,12.0,25,16.0,0.48,0,0,0,5.111987788356544,Улица 1905 года,European-style renovation
104.8,3.0,4.0,9,3.0,0.4444444444444444,0,0,0,4.661550519424199,Фили,Without renovation
51.3,2.0,12.0,17,13.0,0.7058823529411765,0,0,0,3.956996371070877,Академическая,Cosmetic
22.5,0.0,15.0,23,7.0,0.6521739130434783,0,0,1,3.157000421150113,Солнцево,Cosmetic
43.1,1.0,7.0,30,4.0,0.2333333333333333,0,0,0,3.7864597824528,Угрешская,Without renovation
38.2,1.0,11.0,12,12.0,0.9166666666666666,0,0,0,3.6686767467964168,Лухмановская,European-style renovation
19.0,0.0,7.0,7,21.0,1.0,0,1,1,2.995732273553991,Бибирево,Cosmetic
88.0,3.0,7.0,8,2.0,0.875,0,0,0,4.48863636973214,Охотный ряд,European-style renovation
14.2,0.0,2.0,9,2.0,0.2222222222222222,0,0,1,2.7212954278522306,Сокол,Cosmetic
38.3,1.0,21.0,22,15.0,0.9545454545454546,0,0,0,3.6712245188752153,Юго-Западная,Cosmetic
30.7,1.0,1.0,17,16.0,0.0588235294117647,1,0,0,3.456316680883235,Алма-Атинская,Designer
73.0,1.0,9.0,15,11.0,0.6,0,0,0,4.30406509320417,Волжская,Cosmetic
229.1,4.0,4.0,7,10.0,0.5714285714285714,0,0,0,5.43851399704132,Новокузнецкая,Designer
52.7,2.0,5.0,9,23.0,0.5555555555555556,0,0,0,3.983413001514819,Давыдково,Cosmetic
130.0,4.0,13.0,22,16.0,0.5909090909090909,0,0,0,4.875197323201151,Кунцевская,Without renovation
32.8,0.0,27.0,41,19.0,0.6585365853658537,0,0,1,3.520460802488973,Шелепиха,Without renovation
85.0,2.0,8.0,8,17.0,1.0,0,1,0,4.454347296253507,Проспект Вернадского,European-style renovation
61.2,3.0,4.0,25,10.0,0.16,0,0,0,4.130354999745133,Павелецкая,European-style renovation
206.0,5.0,3.0,10,9.0,0.3,0,0,0,5.332718793265369,Курская,Without renovation
108.6,4.0,2.0,9,11.0,0.2222222222222222,0,0,0,4.696837374513915,Китай-город,Designer
106.1,4.0,48.0,58,10.0,0.8275862068965517,0,0,0,4.673762977453703,Народное Ополчение,Without renovation
170.0,3.0,5.0,9,6.0,0.5555555555555556,0,0,0,5.14166355650266,Смоленская,Designer
68.0,3.0,30.0,47,12.0,0.6382978723404256,0,0,0,4.23410650459726,Дмитровская,European-style renovation
27.7,0.0,18.0,32,8.0,0.5625,0,0,1,3.3568971227655755,Курьяново,Designer
49.6,3.0,2.0,9,20.0,0.2222222222222222,0,0,0,3.92395157629342,Беломорская,Cosmetic
89.5,3.0,2.0,8,9.0,0.25,0,0,0,4.505349850705881,Баррикадная,Without renovation
33.0,1.0,4.0,9,14.0,0.4444444444444444,0,0,0,3.5263605246161616,Беляево,Cosmetic
58.2,2.0,1.0,8,10.0,0.125,1,0,0,4.0809215418899605,Университет,European-style renovation
150.0,4.0,10.0,11,15.0,0.9090909090909092,0,0,0,5.017279836814924,Киевская,European-style renovation
138.3,4.0,24.0,41,15.0,0.5853658536585366,0,0,0,4.93662988078576,Динамо,Designer
18.9,0.0,4.0,5,13.0,0.8,0,0,1,2.990719731730447,Ботанический сад,Cosmetic
38.0,1.0,12.0,17,14.0,0.7058823529411765,0,0,0,3.6635616461296463,Марьино,Cosmetic
87.0,0.0,6.0,7,17.0,0.8571428571428571,0,0,1,4.477336814478207,Электрозаводская,Without renovation
16.2,0.0,5.0,22,7.0,0.2272727272727272,0,0,1,2.8449093838194077,Спартак,European-style renovation
43.7,2.0,5.0,5,9.0,1.0,0,1,0,3.7999735016195233,Озёрная,Without renovation
138.2,4.0,26.0,41,12.0,0.6341463414634146,0,0,0,4.935911747900319,Аэропорт,Designer
35.4,1.0,5.0,17,15.0,0.2941176470588235,0,0,0,3.594568774642695,Бульвар Дмитрия Донского,European-style renovation
150.0,4.0,22.0,23,16.0,0.9565217391304348,0,0,0,5.017279836814924,Отрадное,Designer
34.0,1.0,19.0,24,27.0,0.7916666666666666,0,0,0,3.555348061489413,Ольховая,European-style renovation
45.2,1.0,15.0,42,5.0,0.3571428571428571,0,0,0,3.832979798087693,Аминьевская,Without renovation
37.3,2.0,7.0,9,16.0,0.7777777777777778,0,0,0,3.6454498961866,Фонвизинская,Without renovation
47.0,2.0,12.0,29,22.0,0.4137931034482758,0,0,0,3.871201010907891,Дубровка,Without renovation
177.0,5.0,3.0,7,5.0,0.4285714285714285,0,0,0,5.181783550292085,Арбатская,European-style renovation
32.1,1.0,17.0,33,8.0,0.5151515151515151,0,0,0,3.4995332823830174,Владыкино,Cosmetic
19.7,0.0,12.0,19,12.0,0.631578947368421,0,0,1,3.030133700271324,Окружная,European-style renovation
215.0,4.0,8.0,10,3.0,0.8,0,0,0,5.375278407684165,Маяковская,Designer
330.0,5.0,11.0,13,13.0,0.8461538461538461,0,0,0,5.802118375377063,Смоленская,Designer
37.3,1.0,20.0,22,18.0,0.9090909090909092,0,0,0,3.6454498961866,Октябрьское поле,Without renovation
19.8,6.0,23.0,23,18.0,1.0,0,1,0,3.0349529867072724,Кантемировская,Cosmetic
76.0,3.0,2.0,22,14.0,0.0909090909090909,0,0,0,4.343805421853684,Чертановская,Cosmetic
29.0,0.0,1.0,9,8.0,0.1111111111111111,1,0,1,3.4011973816621555,Красносельская,European-style renovation
104.0,5.0,5.0,6,1.0,0.8333333333333334,0,0,0,4.653960350157523,Белорусская,Cosmetic
67.6,3.0,7.0,9,23.0,0.7777777777777778,0,0,0,4.22829253473184,Тропарево,Without renovation
214.0,0.0,3.0,5,7.0,0.6,0,0,1,5.3706380281276624,Охотный ряд,Without renovation
160.1,5.0,2.0,5,15.0,0.4,0,0,0,5.082025290182929,Бауманская,European-style renovation
35.4,1.0,3.0,12,7.0,0.25,0,0,0,3.594568774642695,Бунинская Аллея,Cosmetic
73.0,2.0,7.0,10,3.0,0.7,0,0,0,4.30406509320417,Маяковская,European-style renovation
23.0,0.0,2.0,17,7.0,0.1176470588235294,0,0,1,3.1780538303479458,Некрасовка,Cosmetic
44.5,2.0,1.0,9,12.0,0.1111111111111111,1,0,0,3.817712325956905,Теплый Стан,Cosmetic
206.7,4.0,3.0,5,6.0,0.6,0,0,0,5.336094730882067,Смоленская,Designer
20.0,0.0,12.0,33,12.0,0.3636363636363636,0,0,1,3.044522437723423,Владыкино,Cosmetic
53.6,2.0,9.0,18,16.0,0.5,0,0,0,4.000033882750859,Медведково,Cosmetic
137.5,3.0,2.0,6,12.0,0.3333333333333333,0,0,0,4.930870325627393,Спортивная,Designer
150.0,3.0,7.0,9,10.0,0.7777777777777778,0,0,0,5.017279836814924,Красные ворота,European-style renovation
86.3,3.0,4.0,15,22.0,0.2666666666666666,0,0,0,4.469350462845557,ЗИЛ,European-style renovation
41.5,2.0,4.0,5,15.0,0.8,0,0,0,3.7495040759303713,Крымская,Without renovation
109.8,3.0,10.0,18,6.0,0.5555555555555556,0,0,0,4.707726774313183,Панфиловская,Without renovation
38.0,1.0,13.0,17,7.0,0.7647058823529411,0,0,0,3.6635616461296463,Свиблово,European-style renovation
50.0,2.0,7.0,23,18.0,0.3043478260869565,0,0,0,3.9318256327243257,Давыдково,European-style renovation
37.0,1.0,22.0,29,1.0,0.7586206896551724,0,0,0,3.6375861597263857,Дмитровская,Cosmetic
349.3,6.0,6.0,9,8.0,0.6666666666666666,0,0,0,5.858789930203441,Арбатская,Designer
153.0,4.0,6.0,7,3.0,0.8571428571428571,0,0,0,5.0369526024136295,Кропоткинская,Designer
19.0,0.0,1.0,5,14.0,0.2,1,0,1,2.995732273553991,Фонвизинская,Without renovation
74.91,2.0,4.0,6,15.0,0.6666666666666666,0,0,0,4.3295484280286765,Новокузнецкая,Designer
54.6,2.0,3.0,6,13.0,0.5,0,0,0,4.018183201256536,Октябрьское поле,Designer
111.0,4.0,6.0,6,12.0,1.0,0,1,0,4.718498871295094,Смоленская,Designer
53.0,3.0,7.0,9,24.0,0.7777777777777778,0,0,0,3.9889840465642745,Щелковская,Without renovation
133.0,4.0,5.0,8,18.0,0.625,0,0,0,4.897839799950911,Хорошево,Designer
44.0,2.0,7.0,9,3.0,0.7777777777777778,0,0,0,3.80666248977032,Войковская,Without renovation
109.7,3.0,4.0,7,12.0,0.5714285714285714,0,0,0,4.706823839714591,Парк культуры,Designer
61.0,3.0,6.0,9,13.0,0.6666666666666666,0,0,0,4.127134385045092,Выхино,Cosmetic
26.0,0.0,3.0,4,3.0,0.75,0,0,1,3.295836866004329,Аэропорт,Designer
47.8,2.0,8.0,12,27.0,0.6666666666666666,0,0,0,3.8877303128591016,Отрадное,Cosmetic
58.2,3.0,6.0,9,6.0,0.6666666666666666,0,0,0,4.0809215418899605,Кунцевская,Cosmetic
60.0,2.0,8.0,18,8.0,0.4444444444444444,0,0,0,4.110873864173311,Новаторская,European-style renovation
78.1,3.0,7.0,17,6.0,0.4117647058823529,0,0,0,4.370712874773608,Москва-Товарная,European-style renovation
229.3,6.0,17.0,17,12.0,1.0,0,1,0,5.439382806826639,Шаболовская,Designer
39.7,1.0,14.0,36,15.0,0.3888888888888889,0,0,0,3.7062280924485496,Верхние Лихоборы,European-style renovation
54.0,2.0,3.0,9,8.0,0.3333333333333333,0,0,0,4.007333185232471,Лихоборы,Cosmetic
135.2,4.0,16.0,16,3.0,1.0,0,1,0,4.914124393715412,Коммунарка,European-style renovation
81.5,2.0,4.0,25,22.0,0.16,0,0,0,4.412798293340635,Тушинская,Without renovation
31.8,6.0,25.0,26,16.0,0.9615384615384616,0,0,0,3.490428515390098,Мичуринский проспект,Cosmetic
70.6,3.0,3.0,5,15.0,0.6,0,0,0,4.2710950739666,Тестовская,European-style renovation
41.5,2.0,2.0,5,18.0,0.4,0,0,0,3.7495040759303713,Рижская,Cosmetic
55.0,3.0,14.0,15,30.0,0.9333333333333332,0,0,0,4.02535169073515,Улица Горчакова,Designer
38.4,1.0,10.0,18,13.0,0.5555555555555556,0,0,0,3.673765816303888,Прокшино,Cosmetic
44.0,1.0,24.0,25,17.0,0.96,0,0,0,3.80666248977032,Юго-Западная,Cosmetic
15.4,0.0,2.0,4,12.0,0.5,0,0,1,2.797281334830153,Нижегородская,European-style renovation
65.5,4.0,9.0,15,17.0,0.6,0,0,0,4.197201947661808,Ольховая,Cosmetic
31.0,1.0,25.0,58,9.0,0.4310344827586206,0,0,0,3.4657359027997265,Народное Ополчение,Designer
172.0,4.0,5.0,20,22.0,0.25,0,0,0,5.153291594497779,Народное Ополчение,Designer
39.0,1.0,13.0,47,18.0,0.2765957446808511,0,0,0,3.688879454113936,Павелецкая,Without renovation
60.0,3.0,6.0,15,37.0,0.4,0,0,0,4.110873864173311,Улица Горчакова,Cosmetic
36.5,1.0,12.0,19,9.0,0.631578947368421,0,0,0,3.624340932976365,Беломорская,Cosmetic
64.3,3.0,3.0,12,12.0,0.25,0,0,0,4.178992036282385,Измайлово,Without renovation
75.0,3.0,4.0,23,22.0,0.1739130434782608,0,0,0,4.330733340286331,Текстильщики,Designer
64.5,2.0,6.0,7,16.0,0.8571428571428571,0,0,0,4.182050142641207,ЗИЛ,Without renovation
78.1,3.0,2.0,5,4.0,0.4,0,0,0,4.370712874773608,Измайлово,Cosmetic
163.5,5.0,16.0,18,20.0,0.8888888888888888,0,0,0,5.1029105702054265,Университет,Designer
39.0,1.0,2.0,17,9.0,0.1176470588235294,0,0,0,3.688879454113936,Крымская,Cosmetic
22.2,0.0,11.0,24,6.0,0.4583333333333333,0,0,1,3.1441522786722644,Говорово,Cosmetic
99.0,3.0,16.0,43,2.0,0.3720930232558139,0,0,0,4.605170185988092,Карамышевская,Without renovation
115.0,4.0,21.0,24,18.0,0.875,0,0,0,4.7535901911063645,Тушинская,European-style renovation
106.6,3.0,4.0,15,21.0,0.2666666666666666,0,0,0,4.678420647727684,ЗИЛ,Without renovation
98.5,3.0,3.0,4,3.0,0.75,0,0,0,4.600157644164547,Улица 1905 года,European-style renovation
56.7,2.0,39.0,58,1.0,0.6724137931034483,0,0,0,4.055257173514054,Дмитровская,Without renovation
179.0,5.0,14.0,21,10.0,0.6666666666666666,0,0,0,5.19295685089021,Алексеевская,Without renovation
82.7,2.0,6.0,18,14.0,0.3333333333333333,0,0,0,4.4272389774954295,Озёрная,European-style renovation
32.9,1.0,11.0,68,9.0,0.1617647058823529,0,0,0,3.5234150143864045,Кожуховская,Cosmetic
36.2,1.0,13.0,20,13.0,0.65,0,0,0,3.616308761279101,Коптево,Designer
24.2,0.0,3.0,30,6.0,0.1,0,0,1,3.226843994517377,Угрешская,Designer
36.0,2.0,3.0,8,9.0,0.375,0,0,0,3.610917912644224,ВДНХ,European-style renovation
24.6,0.0,2.0,16,18.0,0.125,0,0,1,3.242592351485517,Прокшино,Cosmetic
65.4,3.0,9.0,12,10.0,0.75,0,0,0,4.1956970564823886,Зябликово,Cosmetic
122.1,5.0,10.0,17,10.0,0.5882352941176471,0,0,0,4.812997033190408,Коммунарка,European-style renovation
83.3,3.0,7.0,9,15.0,0.7777777777777778,0,0,0,4.4343818650078095,Ленинский проспект,Designer
110.2,4.0,3.0,7,2.0,0.4285714285714285,0,0,0,4.711330381816482,Чеховская,European-style renovation
35.8,1.0,9.0,16,28.0,0.5625,0,0,0,3.605497845174885,Бабушкинская,Cosmetic
20.2,0.0,1.0,5,13.0,0.2,1,0,1,3.054001181677967,Академическая,Without renovation
40.1,1.0,23.0,27,15.0,0.8518518518518519,0,0,0,3.716008121502189,Стрешнево,Without renovation
93.0,3.0,7.0,14,5.0,0.5,0,0,0,4.543294782270004,Крестьянская застава,Cosmetic
36.3,1.0,4.0,22,13.0,0.1818181818181818,0,0,0,3.6189933266497696,Зорге,Cosmetic
77.0,3.0,22.0,25,3.0,0.88,0,0,0,4.356708826689592,Нагорная,Cosmetic
51.2,1.0,14.0,17,20.0,0.8235294117647058,0,0,0,3.955082494888593,Солнцево,European-style renovation
57.6,2.0,18.0,25,6.0,0.72,0,0,0,4.070734696582967,Щукинская,European-style renovation
29.2,1.0,3.0,14,57.0,0.2142857142857142,0,0,0,3.407841924380824,Коммунарка,European-style renovation
128.6,6.0,11.0,14,12.0,0.7857142857142857,0,0,0,4.864452783918174,Молодежная,Cosmetic
233.0,5.0,4.0,7,10.0,0.5714285714285714,0,0,0,5.455321115357702,Минская,Designer
40.1,1.0,10.0,16,17.0,0.625,0,0,0,3.716008121502189,Ботанический сад,European-style renovation
137.4,4.0,8.0,12,22.0,0.6666666666666666,0,0,0,4.93014804318357,Ломоносовский проспект,Without renovation
13.8,0.0,1.0,14,11.0,0.0714285714285714,1,0,1,2.694627180770069,Новопеределкино,Cosmetic
21.6,6.0,20.0,33,10.0,0.6060606060606061,0,0,0,3.1179499062782403,Владыкино,Cosmetic
75.0,3.0,15.0,22,5.0,0.6818181818181818,0,0,0,4.330733340286331,Строгино,European-style renovation
60.2,2.0,4.0,5,8.0,0.8,0,0,0,4.11414718951828,Фрунзенская,Cosmetic
85.2,0.0,7.0,7,19.0,1.0,0,1,1,4.456670177669648,Бауманская,Without renovation
151.0,4.0,11.0,53,29.0,0.2075471698113207,0,0,0,5.0238805208462765,Минская,Without renovation
153.1,5.0,26.0,49,11.0,0.5306122448979592,0,0,0,5.03760174232607,Мичуринский проспект,Without renovation
164.2,5.0,2.0,16,11.0,0.125,0,0,0,5.107156861086878,Прокшино,European-style renovation
54.8,2.0,14.0,14,5.0,1.0,0,1,0,4.021773869387265,Бунинская Аллея,Cosmetic
93.6,3.0,20.0,22,12.0,0.9090909090909092,0,0,0,4.549657476057832,ЗИЛ,Without renovation
46.7,1.0,2.0,25,8.0,0.08,0,0,0,3.864931397894296,Говорово,European-style renovation
100.4,3.0,4.0,6,6.0,0.6666666666666666,0,0,0,4.619073091157083,Аэропорт,Cosmetic
300.0,5.0,10.0,12,4.0,0.8333333333333334,0,0,0,5.707110264748875,Новокузнецкая,Without renovation
159.0,4.0,4.0,9,7.0,0.4444444444444444,0,0,0,5.075173815233827,Полянка,Without renovation
76.0,3.0,12.0,24,13.0,0.5,0,0,0,4.343805421853684,Некрасовка,European-style renovation
90.2,3.0,6.0,23,8.0,0.2608695652173913,0,0,0,4.513054897080286,Новопеределкино,Cosmetic
58.8,2.0,7.0,17,6.0,0.4117647058823529,0,0,0,4.091005660956586,Марьина Роща,European-style renovation
86.0,3.0,7.0,7,8.0,1.0,0,1,0,4.465908118654584,Дубровка,Designer
183.0,4.0,3.0,7,8.0,0.4285714285714285,0,0,0,5.214935757608986,Трубная,European-style renovation
73.0,3.0,12.0,23,4.0,0.5217391304347826,0,0,0,4.30406509320417,Стахановская,European-style renovation
58.3,2.0,20.0,22,16.0,0.9090909090909092,0,0,0,4.08260930600368,Некрасовка,Cosmetic
44.7,2.0,4.0,5,11.0,0.8,0,0,0,3.822098297900159,Зюзино,Cosmetic
15.3,0.0,2.0,4,3.0,0.5,0,0,1,2.791165107812717,Аэропорт,European-style renovation
12.0,0.0,1.0,9,16.0,0.1111111111111111,1,0,1,2.5649493574615367,Беломорская,Designer
40.7,1.0,7.0,22,31.0,0.3181818181818182,0,0,0,3.730501128804756,Минская,European-style renovation
28.6,0.0,5.0,25,22.0,0.2,0,0,1,3.387774361330014,Октябрьское поле,Cosmetic
41.8,1.0,19.0,25,7.0,0.76,0,0,0,3.756538102587751,Рассказовка,European-style renovation
310.0,7.0,2.0,5,10.0,0.4,0,0,0,5.739792912179234,Кропоткинская,Designer
80.4,4.0,8.0,13,15.0,0.6153846153846154,0,0,0,4.399375273008495,Хлебниково,Cosmetic
129.0,4.0,18.0,26,15.0,0.6923076923076923,0,0,0,4.867534450455582,Нагатинская,Without renovation
42.3,1.0,13.0,29,8.0,0.4482758620689655,0,0,0,3.768152635008444,Кунцевская,Without renovation
46.0,2.0,4.0,11,3.0,0.3636363636363636,0,0,0,3.8501476017100575,Белорусская,European-style renovation
115.0,4.0,12.0,19,11.0,0.631578947368421,0,0,0,4.7535901911063645,Алексеевская,Without renovation
43.0,1.0,2.0,14,16.0,0.1428571428571428,0,0,0,3.784189633918261,ЗИЛ,Designer
86.0,3.0,8.0,30,8.0,0.2666666666666666,0,0,0,4.465908118654584,Угрешская,Designer
27.8,0.0,2.0,8,8.0,0.25,0,0,1,3.3603753871419,Калитники,Cosmetic
49.0,1.0,4.0,32,18.0,0.125,0,0,0,3.912023005428146,Калужская,European-style renovation
125.3,3.0,6.0,14,10.0,0.4285714285714285,0,0,0,4.838660029356445,Спортивная,Without renovation
135.0,0.0,30.0,38,11.0,0.7894736842105263,0,0,1,4.912654885736052,Ростокино,Without renovation
48.3,2.0,10.0,10,6.0,1.0,0,1,0,3.897924081048645,Щелковская,European-style renovation
100.91,3.0,1.0,11,5.0,0.0909090909090909,1,0,0,4.6240900708406025,Парк Победы,Designer
37.6,1.0,9.0,17,6.0,0.5294117647058824,0,0,0,3.653252276470785,Крылатское,European-style renovation
162.3,5.0,60.0,67,9.0,0.8955223880597015,0,0,0,5.095588999976419,Выставочная,Designer
44.1,2.0,6.0,9,15.0,0.6666666666666666,0,0,0,3.8088822465086327,Дегунино,Cosmetic
34.0,1.0,17.0,25,10.0,0.68,0,0,0,3.555348061489413,Коммунарка,Designer
85.6,3.0,12.0,26,5.0,0.4615384615384615,0,0,0,4.461299815568389,Марьина Роща,Without renovation
45.0,2.0,2.0,21,8.0,0.0952380952380952,0,0,0,3.828641396489095,Волгоградский проспект,Without renovation
52.5,2.0,8.0,12,7.0,0.6666666666666666,0,0,0,3.979681653901961,Народное Ополчение,Cosmetic
200.0,5.0,7.0,7,4.0,1.0,0,1,0,5.303304908059076,Кропоткинская,European-style renovation
17.0,0.0,1.0,6,21.0,0.1666666666666666,1,0,1,2.8903717578961645,Перово,Cosmetic
40.4,2.0,17.0,47,9.0,0.3617021276595745,0,0,0,3.7232808808312687,Кожуховская,Cosmetic
18.5,0.0,1.0,6,10.0,0.1666666666666666,1,0,1,2.970414465569701,Новослободская,Without renovation
74.7,3.0,8.0,15,9.0,0.5333333333333333,0,0,0,4.326778160443404,Технопарк,Without renovation
75.0,3.0,14.0,17,15.0,0.8235294117647058,0,0,0,4.330733340286331,Люблино,Cosmetic
17.9,0.0,10.0,10,9.0,1.0,0,1,1,2.9391619220655967,Проспект Вернадского,Designer
238.0,5.0,5.0,8,11.0,0.625,0,0,0,5.476463551931511,Арбатская,Designer
137.0,4.0,15.0,20,15.0,0.75,0,0,0,4.927253685157205,Сокольники,Designer
63.2,4.0,9.0,9,12.0,1.0,0,1,0,4.162003210695915,Теплый Стан,Cosmetic
71.0,3.0,13.0,53,13.0,0.2452830188679245,0,0,0,4.276666119016055,Шелепиха,Without renovation
30.1,0.0,3.0,5,9.0,0.6,0,0,1,3.4372078191851885,Беговая,European-style renovation
19.0,0.0,11.0,16,4.0,0.6875,0,0,1,2.995732273553991,Владыкино,European-style renovation
144.8,5.0,8.0,22,43.5,0.3636363636363636,0,0,0,4.982235819574558,Терехово,Designer
93.0,4.0,7.0,8,8.0,0.875,0,0,0,4.543294782270004,Маяковская,European-style renovation
56.7,2.0,6.0,7,17.0,0.8571428571428571,0,0,0,4.055257173514054,Электрозаводская,Without renovation
63.9,2.0,3.0,26,5.0,0.1153846153846153,0,0,0,4.1728476237100445,Площадь Ильича,European-style renovation
68.4,2.0,8.0,11,5.0,0.7272727272727273,0,0,0,4.239886867512759,Панфиловская,European-style renovation
57.0,2.0,27.0,39,17.0,0.6923076923076923,0,0,0,4.060443010546419,Локомотив,Designer
60.0,2.0,2.0,7,14.0,0.2857142857142857,0,0,0,4.110873864173311,Улица 1905 года,European-style renovation
51.4,0.0,39.0,68,5.0,0.5735294117647058,0,0,1,3.958906591326997,Международная,Without renovation
105.0,3.0,3.0,13,7.0,0.2307692307692307,0,0,0,4.663439094112067,Площадь Ильича,Designer
47.7,2.0,3.0,17,26.0,0.1764705882352941,0,0,0,3.885679030088544,Коммунарка,European-style renovation
38.0,1.0,5.0,14,14.0,0.3571428571428571,0,0,0,3.6635616461296463,Нагорная,Cosmetic
61.0,3.0,31.0,33,16.0,0.9393939393939394,0,0,0,4.127134385045092,Локомотив,Cosmetic
82.3,3.0,5.0,24,14.0,0.2083333333333333,0,0,0,4.422448549172797,Октябрьское поле,European-style renovation
48.8,3.0,8.0,9,17.0,0.8888888888888888,0,0,0,3.9080149840306073,Новоясеневская,Without renovation
270.0,5.0,9.0,11,2.0,0.8181818181818182,0,0,0,5.602118820879701,Маяковская,Designer
42.7,2.0,1.0,5,19.0,0.2,1,0,0,3.777348102101545,Молодежная,Cosmetic
84.0,3.0,15.0,21,12.0,0.7142857142857143,0,0,0,4.442651256490317,Хорошево,Designer
132.0,4.0,22.0,31,16.0,0.7096774193548387,0,0,0,4.890349128221754,Народное Ополчение,Designer
44.1,2.0,12.0,23,19.0,0.5217391304347826,0,0,0,3.8088822465086327,Озёрная,European-style renovation
161.6,4.0,2.0,8,9.0,0.25,0,0,0,5.091293197113711,Арбатская,European-style renovation
58.0,3.0,8.0,9,13.0,0.8888888888888888,0,0,0,4.07753744390572,Улица Академика Янгеля,Cosmetic
45.0,2.0,4.0,8,10.0,0.5,0,0,0,3.828641396489095,Авиамоторная,European-style renovation
350.0,5.0,8.0,11,15.0,0.7272727272727273,0,0,0,5.860786223465865,Киевская,Without renovation
172.0,4.0,4.0,6,10.0,0.6666666666666666,0,0,0,5.153291594497779,Минская,Without renovation
95.0,5.0,15.0,19,9.0,0.7894736842105263,0,0,0,4.564348191467836,Динамо,Designer
123.0,2.0,2.0,8,8.0,0.25,0,0,0,4.820281565605037,Парк Победы,European-style renovation
35.1,1.0,3.0,12,13.0,0.25,0,0,0,3.586292865338835,Преображенская площадь,Cosmetic
190.0,5.0,5.0,7,6.0,0.7142857142857143,0,0,0,5.25227342804663,Арбатская,Designer
95.0,4.0,5.0,6,3.0,0.8333333333333334,0,0,0,4.564348191467836,Каширская,Cosmetic
43.4,1.0,4.0,14,7.0,0.2857142857142857,0,0,0,3.7932394694381792,Кузьминки,Cosmetic
30.0,1.0,2.0,9,5.0,0.2222222222222222,0,0,0,3.4339872044851463,Каховская,Designer
74.3,3.0,17.0,17,5.0,1.0,0,1,0,4.321480134805848,Новопеределкино,Cosmetic
116.4,3.0,4.0,17,9.0,0.2352941176470588,0,0,0,4.765586907393996,Сокольники,European-style renovation
95.0,4.0,3.0,17,29.0,0.1764705882352941,0,0,0,4.564348191467836,Царицыно,Designer
43.0,2.0,5.0,5,9.0,1.0,0,1,0,3.784189633918261,Щербинка,Cosmetic
16.3,0.0,3.0,5,14.0,0.6,0,0,1,2.8507065015037334,Окская,European-style renovation
99.0,4.0,3.0,5,6.0,0.6,0,0,0,4.605170185988092,Окская,Cosmetic
45.6,2.0,4.0,9,22.0,0.4444444444444444,0,0,0,3.8416005411316,Выхино,Cosmetic
172.0,5.0,4.0,5,8.0,0.8,0,0,0,5.153291594497779,Арбатская,European-style renovation
29.0,0.0,21.0,23,2.0,0.9130434782608696,0,0,1,3.4011973816621555,Рассказовка,European-style renovation
53.3,3.0,11.0,16,3.0,0.6875,0,0,0,3.9945242269398897,Каховская,Without renovation
24.0,0.0,18.0,18,18.0,1.0,0,1,1,3.218875824868201,Ботанический сад,Without renovation
198.9,5.0,10.0,19,3.0,0.5263157894736842,0,0,0,5.297817241506355,Раменки,European-style renovation
48.8,2.0,6.0,12,16.0,0.5,0,0,0,3.9080149840306073,Домодедовская,Cosmetic
19.1,0.0,1.0,8,4.0,0.125,1,0,1,3.0007198150650303,Тургеневская,Cosmetic
58.0,2.0,2.0,17,8.0,0.1176470588235294,0,0,0,4.07753744390572,Каховская,Cosmetic
48.9,1.0,5.0,8,20.0,0.625,0,0,0,3.910021002757473,Ольховая,Designer
30.0,0.0,1.0,7,13.0,0.1428571428571428,1,0,1,3.4339872044851463,Сокольники,Cosmetic
224.0,6.0,1.0,22,11.0,0.0454545454545454,1,0,0,5.41610040220442,Красные ворота,European-style renovation
65.9,3.0,8.0,9,26.0,0.8888888888888888,0,0,0,4.203198967134183,Теплый Стан,Without renovation
72.9,2.0,5.0,11,5.0,0.4545454545454545,0,0,0,4.302712827954156,Панфиловская,European-style renovation
35.1,1.0,9.0,24,13.0,0.375,0,0,0,3.586292865338835,Лермонтовский проспект,Cosmetic
107.7,1.0,1.0,3,5.0,0.3333333333333333,1,0,0,4.688591794127164,Китай-город,European-style renovation
95.1,4.0,3.0,12,9.0,0.25,0,0,0,4.565389315976247,Улица Скобелевская,European-style renovation
85.4,2.0,2.0,17,12.0,0.1176470588235294,0,0,0,4.45898767581001,Электрозаводская,Designer
313.0,5.0,2.0,8,7.0,0.25,0,0,0,5.749392985908253,Киевская,Designer
40.1,1.0,3.0,33,12.0,0.0909090909090909,0,0,0,3.716008121502189,Владыкино,European-style renovation
86.0,2.0,21.0,25,3.0,0.84,0,0,0,4.465908118654584,Технопарк,European-style renovation
90.1,3.0,7.0,21,8.0,0.3333333333333333,0,0,0,4.511957804265912,Деловой центр,Without renovation
39.0,2.0,9.0,12,8.0,0.75,0,0,0,3.688879454113936,Юго-Восточная,Cosmetic
32.1,0.0,9.0,23,8.0,0.391304347826087,0,0,1,3.4995332823830174,Солнцево,European-style renovation
46.8,2.0,6.0,15,11.0,0.4,0,0,0,3.86702563949741,ЦСКА,Designer
58.5,2.0,13.0,22,8.0,0.5909090909090909,0,0,0,4.085976312551584,Алтуфьево,Without renovation
86.0,3.0,8.0,15,27.0,0.5333333333333333,0,0,0,4.465908118654584,Покровское,European-style renovation
159.9,5.0,16.0,16,6.0,1.0,0,1,0,5.080783053998338,Зорге,Designer
83.0,3.0,15.0,17,20.0,0.8823529411764706,0,0,0,4.430816798843313,Новопеределкино,European-style renovation
45.6,1.0,2.0,23,2.0,0.0869565217391304,0,0,0,3.8416005411316,Зорге,European-style renovation
57.0,2.0,5.0,8,5.0,0.625,0,0,0,4.060443010546419,Павелецкая,European-style renovation
75.3,3.0,17.0,21,25.0,0.8095238095238095,0,0,0,4.334672938290411,Беговая,Without renovation
30.0,0.0,4.0,37,10.0,0.1081081081081081,0,0,1,3.4339872044851463,Аминьевская,Designer
17.0,0.0,8.0,9,14.0,0.8888888888888888,0,0,1,2.8903717578961645,Юго-Восточная,European-style renovation
20.3,0.0,1.0,3,6.0,0.3333333333333333,1,0,1,3.05870707271538,Бауманская,Cosmetic
143.0,5.0,23.0,24,6.0,0.9583333333333334,0,0,0,4.969813299576001,Хорошёвская,Designer
33.0,1.0,1.0,5,21.0,0.2,1,0,0,3.5263605246161616,Планерная,Cosmetic
38.0,1.0,4.0,17,8.0,0.2352941176470588,0,0,0,3.6635616461296463,Филёвский парк,Cosmetic
87.4,2.0,2.0,7,14.0,0.2857142857142857,0,0,0,4.481871969643598,Улица 1905 года,European-style renovation
41.0,1.0,3.0,5,12.0,0.6,0,0,0,3.737669618283368,Филатов Луг,Designer
60.0,3.0,4.0,9,15.0,0.4444444444444444,0,0,0,4.110873864173311,Люблино,European-style renovation
17.0,0.0,2.0,5,4.0,0.4,0,0,1,2.8903717578961645,Сухаревская,European-style renovation
123.7,3.0,14.0,39,14.0,0.358974358974359,0,0,0,4.825910852685991,Академическая,Without renovation
134.3,4.0,35.0,38,11.0,0.9210526315789472,0,0,0,4.907494535176743,Ростокино,Designer
33.0,1.0,9.0,31,11.0,0.2903225806451613,0,0,0,3.5263605246161616,Курьяново,Without renovation
43.4,1.0,8.0,12,13.0,0.6666666666666666,0,0,0,3.7932394694381792,Свиблово,Cosmetic
55.0,3.0,3.0,5,10.0,0.6,0,0,0,4.02535169073515,Смоленская,Designer
61.0,2.0,11.0,14,31.0,0.7857142857142857,0,0,0,4.127134385045092,Спортивная,European-style renovation
59.4,1.0,1.0,12,5.0,0.0833333333333333,1,0,0,4.100989104940769,Рабочий Посёлок,Without renovation
84.0,3.0,11.0,22,4.0,0.5,0,0,0,4.442651256490317,Новогиреево,European-style renovation
71.6,3.0,7.0,68,9.0,0.1029411764705882,0,0,0,4.28496492183075,Кожуховская,European-style renovation
21.0,0.0,1.0,14,11.0,0.0714285714285714,1,0,1,3.091042453358316,Солнцево,European-style renovation
18.0,0.0,1.0,10,12.0,0.1,1,0,1,2.9444389791664403,Селигерская,Cosmetic
71.4,3.0,29.0,42,5.0,0.6904761904761905,0,0,0,4.282206299391671,Аминьевская,Without renovation
72.3,3.0,17.0,30,18.0,0.5666666666666667,0,0,0,4.294560608892605,Бунинская Аллея,Cosmetic
38.9,1.0,14.0,14,14.0,1.0,0,1,0,3.686376323895818,Улица Старокачаловская,Cosmetic
35.0,1.0,9.0,12,19.0,0.75,0,0,0,3.58351893845611,Нагатинская,Cosmetic
20.0,0.0,5.0,5,15.0,1.0,0,1,1,3.044522437723423,Зюзино,European-style renovation
52.2,2.0,9.0,12,20.0,0.75,0,0,0,3.974058396347599,Алтуфьево,Cosmetic
52.1,2.0,3.0,3,5.0,1.0,0,1,0,3.972176928247893,Китай-город,Designer
91.6,4.0,6.0,9,15.0,0.6666666666666666,0,0,0,4.528289141652134,Лефортово,Without renovation
69.0,2.0,17.0,23,8.0,0.7391304347826086,0,0,0,4.248495242049359,Ясенево,Designer
52.1,2.0,3.0,12,9.0,0.25,0,0,0,3.972176928247893,Народное Ополчение,Cosmetic
227.0,4.0,39.0,72,3.0,0.5416666666666666,0,0,0,5.429345628954441,Деловой центр,Designer
36.0,6.0,10.0,23,16.0,0.4347826086956521,0,0,0,3.610917912644224,Хорошево,European-style renovation
62.8,2.0,15.0,16,19.0,0.9375,0,0,0,4.155753190350744,Давыдково,Designer
94.5,4.0,3.0,7,1.0,0.4285714285714285,0,0,0,4.5591262474866845,Проспект Мира,European-style renovation
45.6,2.0,6.0,9,18.0,0.6666666666666666,0,0,0,3.8416005411316,Новаторская,Cosmetic
102.0,2.0,4.0,8,18.0,0.5,0,0,0,4.634728988229636,Ольховая,Without renovation
20.9,0.0,1.0,3,8.0,0.3333333333333333,1,0,1,3.086486636822455,Электрозаводская,Without renovation
48.2,1.0,7.0,9,7.0,0.7777777777777778,0,0,0,3.8958936234982624,Красносельская,Cosmetic
50.0,2.0,18.0,25,17.0,0.72,0,0,0,3.9318256327243257,Павшино,Cosmetic
94.1,3.0,2.0,8,6.0,0.25,0,0,0,4.554928969551344,Арбатская,Designer
81.3,1.0,10.0,13,8.0,0.7692307692307693,0,0,0,4.410371107683024,Терехово,European-style renovation
26.2,0.0,6.0,23,11.0,0.2608695652173913,0,0,1,3.3032169733019514,Хорошёвская,Without renovation
58.2,2.0,7.0,22,12.0,0.3181818181818182,0,0,0,4.0809215418899605,Ясенево,Cosmetic
36.7,1.0,13.0,27,23.0,0.4814814814814814,0,0,0,3.629660094453965,Хорошево,Designer
90.9,3.0,6.0,6,12.0,1.0,0,1,0,4.520701029361642,Парк культуры,Designer
32.1,1.0,14.0,14,16.0,1.0,0,1,0,3.4995332823830174,Саларьево,Cosmetic
45.0,2.0,3.0,9,13.0,0.3333333333333333,0,0,0,3.828641396489095,Беляево,Cosmetic
232.5,5.0,11.0,15,10.0,0.7333333333333333,0,0,0,5.453182077108952,Кунцевская,Without renovation
84.7,4.0,21.0,30,10.0,0.7,0,0,0,4.450852825603734,Селигерская,European-style renovation
143.3,3.0,39.0,58,13.0,0.6724137931034483,0,0,0,4.971894465779825,Ростокино,Designer
72.0,3.0,7.0,17,15.0,0.4117647058823529,0,0,0,4.290459441148391,Алма-Атинская,Cosmetic
97.6,3.0,11.0,22,12.0,0.5,0,0,0,4.591071261608589,ЗИЛ,Without renovation
32.0,1.0,3.0,16,5.0,0.1875,0,0,0,3.49650756146648,Марьина Роща,Cosmetic
87.0,3.0,14.0,17,20.0,0.8235294117647058,0,0,0,4.477336814478207,Бабушкинская,Cosmetic
16.6,0.0,1.0,3,16.0,0.3333333333333333,1,0,1,2.8678989020441064,Авиамоторная,Designer
150.0,5.0,27.0,34,12.0,0.7941176470588235,0,0,0,5.017279836814924,Аэропорт,Designer
44.6,2.0,4.0,9,32.0,0.4444444444444444,0,0,0,3.819907716520341,Бульвар Рокоссовского,Without renovation
32.0,1.0,12.0,25,24.0,0.48,0,0,0,3.49650756146648,Бульвар Рокоссовского,Without renovation
129.0,4.0,1.0,17,23.0,0.0588235294117647,1,0,0,4.867534450455582,Прокшино,European-style renovation
42.3,1.0,2.0,15,30.0,0.1333333333333333,0,0,0,3.768152635008444,Прокшино,European-style renovation
76.4,3.0,8.0,21,16.0,0.3809523809523809,0,0,0,4.3489867805956814,Зюзино,European-style renovation
165.1,4.0,40.0,53,29.0,0.7547169811320755,0,0,0,5.112590016619249,Минская,Designer
24.0,0.0,7.0,29,22.0,0.2413793103448276,0,0,1,3.218875824868201,Рабочий Посёлок,Without renovation
64.0,3.0,27.0,28,19.0,0.9642857142857144,0,0,0,4.174387269895637,Рабочий Посёлок,Cosmetic
253.0,0.0,4.0,5,7.0,0.8,0,0,1,5.537334267018537,Охотный ряд,Without renovation
117.4,5.0,26.0,33,17.0,0.7878787878787878,0,0,0,4.774068722449905,Павелецкая,Without renovation
13.5,0.0,1.0,14,6.0,0.0714285714285714,1,0,1,2.6741486494265287,Новогиреево,Cosmetic
91.2,3.0,13.0,18,6.0,0.7222222222222222,0,0,0,4.523960130562548,Панфиловская,Without renovation
168.0,4.0,3.0,6,8.0,0.5,0,0,0,5.1298987149230735,Кропоткинская,Designer
26.9,1.0,8.0,25,9.0,0.32,0,0,0,3.32862668882732,Митино,Designer
13.2,0.0,3.0,8,13.0,0.375,0,0,1,2.653241964607215,Чкаловская,Without renovation
32.2,0.0,3.0,11,11.0,0.2727272727272727,0,0,1,3.502549875922443,Электрозаводская,Cosmetic
187.0,4.0,36.0,76,2.0,0.4736842105263157,0,0,0,5.236441962829949,Международная,Designer
139.5,5.0,14.0,17,10.0,0.8235294117647058,0,0,0,4.945207488773801,Коммунарка,European-style renovation
68.7,4.0,3.0,5,4.0,0.6,0,0,0,4.244200317766478,Спортивная,Cosmetic
106.0,3.0,12.0,15,21.0,0.8,0,0,0,4.672828834461906,ЗИЛ,Without renovation
14.2,0.0,1.0,5,16.0,0.2,1,0,1,2.7212954278522306,Молодежная,European-style renovation
69.0,2.0,3.0,19,16.0,0.1578947368421052,0,0,0,4.248495242049359,Фили,Designer
70.3,3.0,9.0,12,4.0,0.75,0,0,0,4.26689632742025,Красносельская,Cosmetic
101.0,3.0,12.0,22,4.0,0.5454545454545454,0,0,0,4.624972813284271,Зюзино,European-style renovation
47.4,1.0,24.0,26,6.0,0.9230769230769232,0,0,0,3.879499813722586,ЗИЛ,Designer
203.0,5.0,2.0,4,10.0,0.5,0,0,0,5.318119993844216,Арбатская,European-style renovation
87.5,3.0,1.0,12,15.0,0.0833333333333333,1,0,0,4.483002552013883,Коммунарка,European-style renovation
130.5,4.0,3.0,9,8.0,0.3333333333333333,0,0,0,4.879006851617819,Кутузовская,European-style renovation
95.78,3.0,20.0,20,18.0,1.0,0,1,0,4.572440361365173,Беломорская,Without renovation
28.1,1.0,2.0,4,10.0,0.5,0,0,0,3.370738174177447,Преображенская площадь,Designer
17.1,0.0,2.0,7,11.0,0.2857142857142857,0,0,1,2.89591193827178,Преображенская площадь,Cosmetic
181.0,4.0,29.0,30,12.0,0.9666666666666668,0,0,0,5.204006687076795,Новаторская,Designer
67.9,2.0,5.0,8,13.0,0.625,0,0,0,4.232656178019613,Чкаловская,European-style renovation
154.0,5.0,3.0,28,7.0,0.1071428571428571,0,0,0,5.043425116919247,Молодежная,Without renovation
90.0,3.0,17.0,28,7.0,0.6071428571428571,0,0,0,4.51085950651685,Молодежная,Designer
16.1,0.0,2.0,3,7.0,0.6666666666666666,0,0,1,2.8390784635086144,Нижегородская,European-style renovation
22.9,0.0,3.0,4,3.0,0.75,0,0,1,3.173878458937465,Аэропорт,Designer
297.5,5.0,28.0,53,29.0,0.5283018867924528,0,0,0,5.698769932832657,Минская,European-style renovation
180.0,4.0,6.0,15,15.0,0.4,0,0,0,5.198497031265826,Новые Черемушки,European-style renovation
70.0,3.0,5.0,14,58.0,0.3571428571428571,0,0,0,4.262679877041316,Минская,Without renovation
192.1,4.0,5.0,16,7.0,0.3125,0,0,0,5.263208189434469,Смоленская,European-style renovation
110.3,3.0,6.0,18,6.0,0.3333333333333333,0,0,0,4.712229258281499,Панфиловская,Without renovation
138.2,0.0,4.0,7,6.0,0.5714285714285714,0,0,1,4.935911747900319,Арбатская,Without renovation
19.1,6.0,15.0,15,17.0,1.0,0,1,0,3.0007198150650303,Ольховая,Cosmetic
31.3,1.0,17.0,17,20.0,1.0,0,1,0,3.475067230228611,Ботанический сад,Without renovation
33.5,1.0,9.0,24,16.0,0.375,0,0,0,3.5409593240373143,Верхние Котлы,European-style renovation
70.9,3.0,3.0,12,14.0,0.25,0,0,0,4.275276264727001,Варшавская (Коломенское),European-style renovation
154.0,4.0,10.0,20,19.0,0.5,0,0,0,5.043425116919247,Крылатское,Without renovation
34.0,1.0,5.0,5,10.0,1.0,0,1,0,3.555348061489413,Щелковская,Cosmetic
231.0,4.0,5.0,16,14.0,0.3125,0,0,0,5.44673737166631,Ломоносовский проспект,Without renovation
84.0,3.0,12.0,19,19.0,0.631578947368421,0,0,0,4.442651256490317,Шелепиха,Designer
16.7,0.0,4.0,9,9.0,0.4444444444444444,0,0,1,2.873564639579784,Красный Балтиец,Designer
107.0,5.0,4.0,5,10.0,0.8,0,0,0,4.68213122712422,Кропоткинская,Cosmetic
71.2,2.0,7.0,11,5.0,0.6363636363636364,0,0,0,4.279440045898781,Панфиловская,European-style renovation
120.0,4.0,4.0,30,9.0,0.1333333333333333,0,0,0,4.795790545596741,Бульвар Рокоссовского,Designer
17.9,1.0,7.0,9,9.0,0.7777777777777778,0,0,0,2.9391619220655967,Аэропорт,Without renovation
151.6,5.0,5.0,12,10.0,0.4166666666666667,0,0,0,5.027820118850356,Электрозаводская,Without renovation
24.0,6.0,13.0,16,5.0,0.8125,0,0,0,3.218875824868201,Улица Скобелевская,Cosmetic
129.3,4.0,36.0,40,12.0,0.9,0,0,0,4.869839484130799,ЗИЛ,Without renovation
89.3,3.0,1.0,5,13.0,0.2,1,0,0,4.50313746042294,Улица 1905 года,Cosmetic
385.0,6.0,1.0,26,24.0,0.0384615384615384,1,0,0,5.955837369464831,Славянский бульвар,Without renovation
51.0,1.0,5.0,14,11.0,0.3571428571428571,0,0,0,3.951243718581428,Краснопресненская,Without renovation
94.1,2.0,4.0,7,7.0,0.5714285714285714,0,0,0,4.554928969551344,Панфиловская,European-style renovation
59.0,3.0,4.0,9,15.0,0.4444444444444444,0,0,0,4.0943445622221,Депо,Cosmetic
88.9,4.0,3.0,6,6.0,0.5,0,0,0,4.498697941477575,Октябрьское поле,European-style renovation
38.2,1.0,6.0,22,9.0,0.2727272727272727,0,0,0,3.6686767467964168,Беляево,Cosmetic
88.0,4.0,6.0,8,6.0,0.75,0,0,0,4.48863636973214,Парк Победы,European-style renovation
67.2,3.0,1.0,10,6.0,0.1,1,0,0,4.222444564849416,Кропоткинская,European-style renovation
189.0,5.0,3.0,5,6.0,0.6,0,0,0,5.247024072160486,Пушкинская,Cosmetic
67.9,2.0,29.0,32,4.0,0.90625,0,0,0,4.232656178019613,Беговая,European-style renovation
21.0,0.0,16.0,28,15.0,0.5714285714285714,0,0,1,3.091042453358316,ЗИЛ,Cosmetic
39.4,1.0,6.0,7,25.0,0.8571428571428571,0,0,0,3.698829784967105,Тропарево,European-style renovation
74.2,3.0,18.0,32,10.0,0.5625,0,0,0,4.320151230955794,Павелецкая,Without renovation
218.37,5.0,77.0,85,6.0,0.9058823529411764,0,0,0,5.390759801937596,Выставочная,Designer
81.0,4.0,8.0,9,4.0,0.8888888888888888,0,0,0,4.406719247264253,Курская,Without renovation
80.62,4.0,5.0,21,13.0,0.238095238095238,0,0,0,4.402074329977659,Аминьевская,European-style renovation
128.3,5.0,19.0,19,14.0,1.0,0,1,0,4.862135285777812,Крымская,Cosmetic
53.4,2.0,12.0,17,14.0,0.7058823529411765,0,0,0,3.996364153861897,Некрасовка,European-style renovation
38.0,2.0,7.0,9,12.0,0.7777777777777778,0,0,0,3.6635616461296463,Водный стадион,European-style renovation
135.7,4.0,2.0,41,17.0,0.048780487804878,0,0,0,4.917788743729904,Динамо,Designer
58.0,3.0,5.0,9,9.0,0.5555555555555556,0,0,0,4.07753744390572,Давыдково,Without renovation
76.0,4.0,1.0,12,20.0,0.0833333333333333,1,0,0,4.343805421853684,Физтех,European-style renovation
53.0,2.0,24.0,26,27.0,0.9230769230769232,0,0,0,3.9889840465642745,Пятницкое шоссе,European-style renovation
60.0,2.0,11.0,17,12.0,0.6470588235294118,0,0,0,4.110873864173311,Физтех,European-style renovation
63.0,3.0,12.0,12,12.0,1.0,0,1,0,4.158883083359672,Борисово,European-style renovation
284.0,6.0,1.0,5,15.0,0.2,1,0,0,5.652489180268651,Сокол,European-style renovation
44.7,2.0,2.0,9,19.0,0.2222222222222222,0,0,0,3.822098297900159,Давыдково,European-style renovation
111.45,0.0,9.0,15,2.0,0.6,0,0,1,4.722508678405324,Алексеевская,Cosmetic
38.7,0.0,9.0,14,21.0,0.6428571428571429,0,0,1,3.681351187693145,Ольховая,Without renovation
87.6,2.0,4.0,9,14.0,0.4444444444444444,0,0,0,4.484131857611035,Белорусская,Designer
110.0,6.0,1.0,7,8.0,0.1428571428571428,1,0,0,4.709530201312334,Смоленская,Designer
58.0,2.0,8.0,8,13.0,1.0,0,1,0,4.07753744390572,Площадь Гагарина,European-style renovation
76.0,2.0,9.0,41,5.0,0.2195121951219512,0,0,0,4.343805421853684,Спортивная,Without renovation
245.0,5.0,3.0,4,8.0,0.75,0,0,0,5.5053315359323625,Парк культуры,European-style renovation
25.0,0.0,4.0,8,8.0,0.5,0,0,1,3.258096538021482,Калитники,Without renovation
224.9,5.0,24.0,72,3.0,0.3333333333333333,0,0,0,5.420092423473958,Деловой центр,European-style renovation
20.0,0.0,15.0,25,24.0,0.6,0,0,1,3.044522437723423,Пятницкое шоссе,Cosmetic
92.12,3.0,3.0,21,2.0,0.1428571428571428,0,0,0,4.533888983983128,Баррикадная,Designer
223.2,5.0,4.0,6,12.0,0.6666666666666666,0,0,0,5.41253851063806,Спортивная,Designer
149.4,4.0,18.0,30,6.0,0.6,0,0,0,5.01329841151574,Проспект Вернадского,European-style renovation
19.7,0.0,1.0,9,7.0,0.1111111111111111,1,0,1,3.030133700271324,Ясенево,Cosmetic
103.2,3.0,1.0,7,6.0,0.1428571428571428,1,0,0,4.646312129319266,Полянка,Designer
170.0,4.0,6.0,12,8.0,0.5,0,0,0,5.14166355650266,Фрунзенская,Designer
35.0,1.0,2.0,5,12.0,0.4,0,0,0,3.58351893845611,Электрозаводская,Cosmetic
62.8,3.0,2.0,10,14.0,0.2,0,0,0,4.155753190350744,Коммунарка,Cosmetic
33.4,1.0,19.0,23,20.0,0.8260869565217391,0,0,0,3.5380565643793527,Кленовый бульвар,Cosmetic
225.0,5.0,22.0,23,13.0,0.9565217391304348,0,0,0,5.420534999272286,ЦСКА,Designer
132.4,5.0,8.0,28,6.0,0.2857142857142857,0,0,0,4.893352133481524,Раменки,Without renovation
15.0,0.0,1.0,9,15.0,0.1111111111111111,1,0,1,2.772588722239781,Щелковская,Cosmetic
20.6,0.0,3.0,21,23.0,0.1428571428571428,0,0,1,3.0726933146901194,Отрадное,Designer
65.0,2.0,3.0,9,7.0,0.3333333333333333,0,0,0,4.189654742026425,Тверская,Designer
41.0,2.0,3.0,8,7.0,0.375,0,0,0,3.737669618283368,Алексеевская,Cosmetic
38.3,2.0,5.0,9,15.0,0.5555555555555556,0,0,0,3.6712245188752153,Рязанский проспект,Cosmetic
91.0,3.0,7.0,7,7.0,1.0,0,1,0,4.5217885770490405,Смоленская,Designer
16.8,0.0,1.0,14,18.0,0.0714285714285714,1,0,1,2.87919845729804,Курская,Without renovation
45.0,2.0,2.0,13,4.0,0.1538461538461538,0,0,0,3.828641396489095,Ленинский проспект,European-style renovation
40.3,1.0,11.0,16,21.0,0.6875,0,0,0,3.720862499966987,Коммунарка,Designer
51.0,2.0,2.0,12,18.0,0.1666666666666666,0,0,0,3.951243718581428,Бибирево,Cosmetic
43.5,1.0,11.0,24,21.0,0.4583333333333333,0,0,0,3.7954891891721942,Новохохловская,European-style renovation
57.5,2.0,1.0,5,18.0,0.2,1,0,0,4.069026754237811,Тушинская,Cosmetic
350.0,6.0,4.0,4,9.0,1.0,0,1,0,5.860786223465865,Смоленская,Designer
123.6,4.0,13.0,24,30.0,0.5416666666666666,0,0,0,4.825108606353353,Народное Ополчение,European-style renovation
187.0,4.0,7.0,11,3.0,0.6363636363636364,0,0,0,5.236441962829949,Парк культуры,Without renovation
110.1,4.0,19.0,20,15.0,0.95,0,0,0,4.710430696645584,Сокольники,Designer
217.3,5.0,10.0,11,15.0,0.9090909090909092,0,0,0,5.385870263555899,Киевская,Without renovation
250.0,4.0,6.0,6,11.0,1.0,0,1,0,5.525452939131784,Лужники,European-style renovation
143.0,4.0,5.0,9,9.0,0.5555555555555556,0,0,0,4.969813299576001,Маяковская,Designer
36.5,1.0,8.0,14,10.0,0.5714285714285714,0,0,0,3.624340932976365,Панфиловская,Cosmetic
60.0,3.0,4.0,9,21.0,0.4444444444444444,0,0,0,4.110873864173311,Выхино,Cosmetic
128.3,3.0,6.0,8,9.0,0.75,0,0,0,4.862135285777812,Арбатская,Designer
35.0,1.0,9.0,12,24.0,0.75,0,0,0,3.58351893845611,Кленовый бульвар,Cosmetic
93.9,0.0,34.0,39,11.0,0.8717948717948718,0,0,1,4.552823705615882,Аминьевская,Without renovation
42.0,1.0,8.0,18,15.0,0.4444444444444444,0,0,0,3.7612001156935615,Молодежная,European-style renovation
313.0,5.0,2.0,7,15.0,0.2857142857142857,0,0,0,5.749392985908253,Смоленская,Designer
18.0,0.0,1.0,9,9.0,0.1111111111111111,1,0,1,2.9444389791664403,Медведково,Cosmetic
15.9,0.0,1.0,3,7.0,0.3333333333333333,1,0,1,2.827313621929028,Сретенский бульвар,Without renovation
43.4,2.0,5.0,5,12.0,1.0,0,1,0,3.7932394694381792,Алексеевская,Without renovation
81.0,3.0,24.0,25,18.0,0.96,0,0,0,4.406719247264253,Текстильщики,Without renovation
113.5,3.0,21.0,25,13.0,0.84,0,0,0,4.740574822994295,Аминьевская,Without renovation
66.7,4.0,4.0,9,7.0,0.4444444444444444,0,0,0,4.215086179918229,Давыдково,European-style renovation
58.7,3.0,9.0,9,8.0,1.0,0,1,0,4.089332020398556,Ботанический сад,European-style renovation
63.6,3.0,10.0,14,16.0,0.7142857142857143,0,0,0,4.168214410788556,Академическая,Cosmetic
41.0,2.0,5.0,5,33.0,1.0,0,1,0,3.737669618283368,Бульвар Рокоссовского,Cosmetic
218.3,5.0,19.0,57,10.0,0.3333333333333333,0,0,0,5.390440655423842,Аэропорт,Designer
97.6,4.0,3.0,5,11.0,0.6,0,0,0,4.591071261608589,Волгоградский проспект,Cosmetic
11.3,0.0,1.0,9,18.0,0.1111111111111111,1,0,1,2.509599262378372,Ясенево,European-style renovation
78.1,3.0,19.0,24,19.0,0.7916666666666666,0,0,0,4.370712874773608,Мичуринский проспект,European-style renovation
20.0,0.0,2.0,23,9.0,0.0869565217391304,0,0,1,3.044522437723423,Лесопарковая,Without renovation
58.5,2.0,31.0,33,41.0,0.9393939393939394,0,0,0,4.085976312551584,Лианозово,European-style renovation
31.6,1.0,1.0,4,15.0,0.25,1,0,0,3.484312288372662,Авиамоторная,Cosmetic
62.3,4.0,5.0,9,16.0,0.5555555555555556,0,0,0,4.147885329150131,Бибирево,Cosmetic
11.8,0.0,4.0,4,12.0,1.0,0,1,1,2.5494451709255714,Речной вокзал,Cosmetic
203.0,5.0,1.0,8,6.0,0.125,1,0,0,5.318119993844216,Третьяковская,Without renovation
18.3,0.0,5.0,5,7.0,1.0,0,1,1,2.96010509591084,Автозаводская,Cosmetic
76.0,3.0,9.0,41,6.0,0.2195121951219512,0,0,0,4.343805421853684,Кутузовская,Without renovation
12.5,1.0,1.0,5,5.0,0.2,1,0,0,2.602689685444384,Волжская,Cosmetic
135.8,4.0,1.0,8,7.0,0.125,1,0,0,4.918520005188451,Тимирязевская,Without renovation
111.0,0.0,9.0,21,19.0,0.4285714285714285,0,0,1,4.718498871295094,Минская,Designer
58.0,2.0,36.0,58,10.0,0.6206896551724138,0,0,0,4.07753744390572,Народное Ополчение,Designer
35.0,0.0,2.0,23,9.0,0.0869565217391304,0,0,1,3.58351893845611,Лесопарковая,Without renovation
300.0,6.0,7.0,12,6.0,0.5833333333333334,0,0,0,5.707110264748875,Маяковская,Designer
60.7,0.0,2.0,20,14.0,0.1,0,0,1,4.122283930911342,Технопарк,Cosmetic
44.0,1.0,2.0,17,8.0,0.1176470588235294,0,0,0,3.80666248977032,Маяковская,Cosmetic
97.7,3.0,15.0,22,12.0,0.6818181818181818,0,0,0,4.592084946439436,ЗИЛ,Without renovation
38.3,1.0,4.0,17,5.0,0.2352941176470588,0,0,0,3.6712245188752153,Крылатское,European-style renovation
167.4,4.0,1.0,5,5.0,0.2,1,0,0,5.126342101808226,Сретенский бульвар,Designer
67.0,2.0,5.0,58,6.0,0.0862068965517241,0,0,0,4.219507705176107,Дмитровская,European-style renovation
37.0,1.0,11.0,22,21.0,0.5,0,0,0,3.6375861597263857,Текстильщики,European-style renovation
40.1,1.0,12.0,16,15.0,0.75,0,0,0,3.716008121502189,Народное Ополчение,European-style renovation
90.0,4.0,1.0,12,9.0,0.0833333333333333,1,0,0,4.51085950651685,Отрадное,Cosmetic
44.4,1.0,4.0,7,5.0,0.5714285714285714,0,0,0,3.8155121050473024,Добрынинская,European-style renovation
211.5,4.0,3.0,4,46.0,0.75,0,0,0,5.358941988364472,Терехово,Designer
98.8,4.0,2.0,22,17.0,0.0909090909090909,0,0,0,4.603168183317418,Алма-Атинская,European-style renovation
175.5,5.0,18.0,53,29.0,0.3396226415094339,0,0,0,5.173320876373351,Минская,Designer
74.7,3.0,11.0,17,14.0,0.6470588235294118,0,0,0,4.326778160443404,Депо,European-style renovation
161.5,5.0,9.0,10,12.0,0.9,0,0,0,5.090678001769792,Бульвар Дмитрия Донского,Designer
100.0,3.0,11.0,17,27.0,0.6470588235294118,0,0,0,4.61512051684126,Щербинка,Designer
94.1,3.0,20.0,24,38.0,0.8333333333333334,0,0,0,4.554928969551344,Крылатское,Designer
52.0,2.0,2.0,17,19.0,0.1176470588235294,0,0,0,3.970291913552122,Медведково,Cosmetic
75.8,3.0,8.0,9,15.0,0.8888888888888888,0,0,0,4.341204640153626,Панфиловская,Without renovation
46.2,1.0,3.0,6,8.0,0.5,0,0,0,3.8543938925915096,Динамо,Designer
30.0,0.0,5.0,30,23.0,0.1666666666666666,0,0,1,3.4339872044851463,Локомотив,European-style renovation
21.3,6.0,2.0,14,14.0,0.1428571428571428,0,0,0,3.104586678466073,Коммунарка,Cosmetic
48.2,2.0,5.0,8,6.0,0.625,0,0,0,3.8958936234982624,Ломоносовский проспект,European-style renovation
39.0,1.0,7.0,46,18.0,0.1521739130434782,0,0,0,3.688879454113936,Павелецкая,European-style renovation
45.5,1.0,3.0,40,17.0,0.075,0,0,0,3.8394523125933104,Динамо,European-style renovation
47.0,2.0,4.0,9,6.0,0.4444444444444444,0,0,0,3.871201010907891,Савеловская,Cosmetic
97.0,4.0,7.0,7,4.0,1.0,0,1,0,4.584967478670572,Автозаводская,European-style renovation
118.7,3.0,30.0,66,15.0,0.4545454545454545,0,0,0,4.784988612563928,Выставочная,Without renovation
58.7,3.0,1.0,9,6.0,0.1111111111111111,1,0,0,4.089332020398556,Люблино,Cosmetic
237.2,3.0,14.0,14,9.0,1.0,0,1,0,5.473110656921199,Спортивная,Without renovation
135.6,4.0,2.0,12,15.0,0.1666666666666666,0,0,0,4.91705694713669,Раменки,Without renovation
109.6,4.0,16.0,17,13.0,0.9411764705882352,0,0,0,4.705920089088234,Говорово,European-style renovation
63.7,2.0,4.0,25,10.0,0.16,0,0,0,4.169761201506855,Некрасовка,Cosmetic
54.7,2.0,3.0,15,14.0,0.2,0,0,0,4.019980146933238,Коммунарка,European-style renovation
72.2,3.0,4.0,25,23.0,0.16,0,0,0,4.293195420967266,Хорошево,Without renovation
184.5,4.0,8.0,8,25.0,1.0,0,1,0,5.22305488204749,Тульская,Without renovation
107.0,4.0,14.0,25,6.0,0.56,0,0,0,4.68213122712422,Красный Балтиец,Without renovation
32.2,1.0,22.0,23,8.0,0.9565217391304348,0,0,0,3.502549875922443,Яхромская,Cosmetic
37.6,1.0,10.0,12,23.0,0.8333333333333334,0,0,0,3.653252276470785,Сходненская,Cosmetic
105.0,4.0,22.0,22,12.0,1.0,0,1,0,4.663439094112067,ВДНХ,Without renovation
114.6,4.0,35.0,40,12.0,0.875,0,0,0,4.750135956238277,ЗИЛ,Without renovation
69.2,3.0,7.0,8,15.0,0.875,0,0,0,4.251348311031766,Ломоносовский проспект,European-style renovation
52.0,2.0,12.0,12,28.0,1.0,0,1,0,3.970291913552122,Бульвар Рокоссовского,Cosmetic
84.6,4.0,30.0,30,10.0,1.0,0,1,0,4.449685283147696,Селигерская,European-style renovation
260.0,5.0,6.0,9,12.0,0.6666666666666666,0,0,0,5.564520407322694,Пушкинская,Designer
20.5,0.0,1.0,9,11.0,0.1111111111111111,1,0,1,3.068052935133617,Бунинская Аллея,Without renovation
56.7,2.0,4.0,24,13.0,0.1666666666666666,0,0,0,4.055257173514054,Селигерская,European-style renovation
70.3,2.0,7.0,11,5.0,0.6363636363636364,0,0,0,4.26689632742025,Панфиловская,European-style renovation
32.3,1.0,5.0,24,10.0,0.2083333333333333,0,0,0,3.505557396986398,Домодедовская,European-style renovation
60.0,3.0,2.0,5,13.0,0.4,0,0,0,4.110873864173311,Семеновская,Cosmetic
111.0,3.0,23.0,26,14.0,0.8846153846153846,0,0,0,4.718498871295094,ЦСКА,Designer
37.0,1.0,2.0,17,23.0,0.1176470588235294,0,0,0,3.6375861597263857,Речной вокзал,Cosmetic
130.0,4.0,4.0,4,11.0,1.0,0,1,0,4.875197323201151,Алексеевская,Designer
23.4,1.0,13.0,14,9.0,0.9285714285714286,0,0,0,3.194583132299156,Бунинская Аллея,Cosmetic
20.0,0.0,1.0,17,13.0,0.0588235294117647,1,0,1,3.044522437723423,Трикотажная,Cosmetic
34.3,1.0,12.0,15,6.0,0.8,0,0,0,3.563882963939251,Новоподрезково,Cosmetic
102.5,4.0,3.0,10,11.0,0.3,0,0,0,4.639571612705423,Стрешнево,European-style renovation
42.8,2.0,20.0,22,24.0,0.9090909090909092,0,0,0,3.779633817382401,Ольховая,Cosmetic
34.0,1.0,1.0,14,8.0,0.0714285714285714,1,0,0,3.555348061489413,Верхние Лихоборы,European-style renovation
19.3,6.0,7.0,15,15.0,0.4666666666666667,0,0,0,3.0106208860477417,Прокшино,Cosmetic
84.3,3.0,7.0,17,9.0,0.4117647058823529,0,0,0,4.446174454497633,Планерная,Cosmetic
31.4,0.0,2.0,8,8.0,0.25,0,0,1,3.478158422798284,Калитники,Cosmetic
51.0,2.0,1.0,5,5.0,0.2,1,0,0,3.951243718581428,Киевская,European-style renovation
85.5,3.0,36.0,51,5.0,0.7058823529411765,0,0,0,4.460144413937834,Шелепиха,Designer
128.7,2.0,5.0,15,1.0,0.3333333333333333,0,0,0,4.865224091322398,Охотный ряд,Designer
31.5,1.0,11.0,31,11.0,0.3548387096774194,0,0,0,3.481240089335692,Курьяново,Without renovation
82.5,3.0,31.0,53,9.0,0.5849056603773585,0,0,0,4.42484663185681,Народное Ополчение,Designer
117.7,3.0,10.0,24,14.0,0.4166666666666667,0,0,0,4.776599301615622,Юго-Западная,Designer
54.1,1.0,13.0,14,10.0,0.9285714285714286,0,0,0,4.009149716158869,Серпуховская,Without renovation
76.0,3.0,15.0,51,12.0,0.2941176470588235,0,0,0,4.343805421853684,Раменки,Designer
38.3,1.0,1.0,15,6.0,0.0666666666666666,1,0,0,3.6712245188752153,Филатов Луг,European-style renovation
69.0,2.0,9.0,40,12.0,0.225,0,0,0,4.248495242049359,ЗИЛ,European-style renovation
12.0,0.0,5.0,6,8.0,0.8333333333333334,0,0,1,2.5649493574615367,Беговая,Designer
21.8,6.0,2.0,24,8.0,0.0833333333333333,0,0,0,3.126760535960395,Бибирево,Cosmetic
44.0,2.0,3.0,5,32.0,0.6,0,0,0,3.80666248977032,Бульвар Рокоссовского,Cosmetic
139.5,5.0,15.0,17,10.0,0.8823529411764706,0,0,0,4.945207488773801,Коммунарка,European-style renovation
16.8,0.0,1.0,5,16.0,0.2,1,0,1,2.87919845729804,Соколиная Гора,Cosmetic
58.0,2.0,14.0,17,16.0,0.8235294117647058,0,0,0,4.07753744390572,Москворечье,Cosmetic
75.0,2.0,38.0,68,5.0,0.5588235294117647,0,0,0,4.330733340286331,Международная,Designer
298.0,6.0,2.0,7,7.0,0.2857142857142857,0,0,0,5.700443573390687,Минская,Designer
38.0,1.0,3.0,25,23.0,0.12,0,0,0,3.6635616461296463,Давыдково,Designer
117.0,4.0,16.0,20,8.0,0.8,0,0,0,4.770684624465665,Шаболовская,Designer
88.0,4.0,6.0,27,31.0,0.2222222222222222,0,0,0,4.48863636973214,Аминьевская,Without renovation
136.9,5.0,2.0,15,5.0,0.1333333333333333,0,0,0,4.926528784799256,Филатов Луг,European-style renovation
56.0,2.0,5.0,41,12.0,0.1219512195121951,0,0,0,4.04305126783455,Шелепиха,Designer
39.0,2.0,6.0,28,6.0,0.2142857142857142,0,0,0,3.688879454113936,Водный стадион,European-style renovation
145.0,4.0,36.0,48,17.0,0.75,0,0,0,4.983606621708336,Ломоносовский проспект,Designer
124.0,4.0,7.0,17,4.0,0.4117647058823529,0,0,0,4.8283137373023015,Авиамоторная,Without renovation
65.0,2.0,11.0,20,8.0,0.55,0,0,0,4.189654742026425,Коптево,Without renovation
169.0,3.0,4.0,6,10.0,0.6666666666666666,0,0,0,5.135798437050262,Спортивная,Without renovation
35.1,1.0,3.0,12,18.0,0.25,0,0,0,3.586292865338835,Новогиреево,Cosmetic
70.2,0.0,19.0,26,18.0,0.7307692307692307,0,0,1,4.26549281841793,Матвеевская,Without renovation
16.1,0.0,2.0,4,12.0,0.5,0,0,1,2.8390784635086144,Нижегородская,European-style renovation
147.9,5.0,41.0,42,19.0,0.9761904761904762,0,0,0,5.003274939689963,Нагорная,Without renovation
36.18,1.0,20.0,33,3.0,0.6060606060606061,0,0,0,3.6157709822932977,Красный Строитель,Cosmetic
97.0,4.0,18.0,19,10.0,0.9473684210526316,0,0,0,4.584967478670572,Динамо,Designer
40.0,1.0,20.0,33,24.0,0.6060606060606061,0,0,0,3.713572066704308,Медведково,European-style renovation
355.0,6.0,3.0,5,9.0,0.6,0,0,0,5.87493073085203,Спортивная,Designer
46.0,2.0,10.0,14,7.0,0.7142857142857143,0,0,0,3.8501476017100575,Новогиреево,Cosmetic
11.4,0.0,1.0,12,8.0,0.0833333333333333,1,0,1,2.517696472610991,Люблино,European-style renovation
57.9,3.0,4.0,9,33.0,0.4444444444444444,0,0,0,4.075841090657541,Медведково,Cosmetic
40.0,1.0,15.0,16,12.0,0.9375,0,0,0,3.713572066704308,Сетунь,Cosmetic
78.0,3.0,3.0,10,6.0,0.3,0,0,0,4.3694478524670215,Новослободская,Without renovation
78.0,4.0,3.0,6,15.0,0.5,0,0,0,4.3694478524670215,Аэропорт,European-style renovation
22.3,0.0,2.0,4,12.0,0.5,0,0,1,3.1484533605716547,Преображенская площадь,Designer
38.9,1.0,5.0,13,9.0,0.3846153846153846,0,0,0,3.686376323895818,Печатники,Cosmetic
53.41,0.0,27.0,39,8.0,0.6923076923076923,0,0,1,3.996547960497834,Аминьевская,Without renovation
30.4,0.0,17.0,17,18.0,1.0,0,1,1,3.446807892914208,Селигерская,European-style renovation
93.3,3.0,33.0,40,12.0,0.825,0,0,0,4.546481189639412,ЗИЛ,Without renovation
93.8,3.0,4.0,14,7.0,0.2857142857142857,0,0,0,4.551769409260976,Тверская,European-style renovation
56.0,2.0,8.0,17,14.0,0.4705882352941176,0,0,0,4.04305126783455,Люблино,Cosmetic
57.0,1.0,32.0,41,14.0,0.7804878048780488,0,0,0,4.060443010546419,Шелепиха,Designer
65.0,3.0,1.0,12,13.0,0.0833333333333333,1,0,0,4.189654742026425,Перово,Cosmetic
91.0,4.0,5.0,11,5.0,0.4545454545454545,0,0,0,4.5217885770490405,Электрозаводская,European-style renovation
209.0,5.0,16.0,18,8.0,0.8888888888888888,0,0,0,5.3471075307174685,Фрунзенская,Without renovation
143.0,4.0,6.0,7,14.0,0.8571428571428571,0,0,0,4.969813299576001,Курская,Designer
83.0,3.0,20.0,30,3.0,0.6666666666666666,0,0,0,4.430816798843313,Стрешнево,European-style renovation
37.2,1.0,17.0,21,26.0,0.8095238095238095,0,0,0,3.6428355156125294,Щербинка,Cosmetic
79.1,4.0,2.0,3,11.0,0.6666666666666666,0,0,0,4.383275854074314,Чистые пруды,Without renovation
65.0,3.0,15.0,16,19.0,0.9375,0,0,0,4.189654742026425,Нагатинский Затон,Designer
20.5,0.0,2.0,9,2.0,0.2222222222222222,0,0,1,3.068052935133617,Сокол,Without renovation
173.7,3.0,8.0,10,5.0,0.8,0,0,0,5.163070217140011,Белорусская,Without renovation
105.7,4.0,4.0,8,6.0,0.5,0,0,0,4.670021158307708,Парк Победы,Without renovation
43.0,1.0,6.0,16,3.0,0.375,0,0,0,3.784189633918261,Марьина Роща,Designer
232.0,4.0,5.0,11,1.0,0.4545454545454545,0,0,0,5.4510384535657,Полянка,Designer
40.5,1.0,3.0,17,20.0,0.1764705882352941,0,0,0,3.725693427236653,Измайловская,Without renovation
18.5,0.0,5.0,8,12.0,0.625,0,0,1,2.970414465569701,Электрозаводская,Designer
73.3,2.0,9.0,14,11.0,0.6428571428571429,0,0,0,4.308110951723713,Добрынинская,Designer
172.0,4.0,5.0,9,13.0,0.5555555555555556,0,0,0,5.153291594497779,Киевская,Without renovation
51.9,0.0,22.0,24,9.0,0.9166666666666666,0,0,1,3.968403338864253,ЦСКА,Without renovation
35.0,1.0,7.0,12,21.0,0.5833333333333334,0,0,0,3.58351893845611,Перово,Cosmetic
353.2,0.0,82.0,95,3.0,0.8631578947368421,0,0,1,5.869861725348733,Деловой центр,Without renovation
117.0,3.0,8.0,8,10.0,1.0,0,1,0,4.770684624465665,Краснопресненская,Designer
70.0,3.0,5.0,5,16.0,1.0,0,1,0,4.262679877041316,Первомайская,Cosmetic
36.7,1.0,7.0,17,5.0,0.4117647058823529,0,0,0,3.629660094453965,Бульвар Адмирала Ушакова,Cosmetic
39.6,1.0,5.0,14,19.0,0.3571428571428571,0,0,0,3.703768066607687,Марьино,Cosmetic
37.0,1.0,14.0,17,14.0,0.8235294117647058,0,0,0,3.6375861597263857,Молодежная,Cosmetic
52.1,1.0,3.0,3,5.0,1.0,0,1,0,3.972176928247893,Китай-город,European-style renovation
58.0,3.0,7.0,9,12.0,0.7777777777777778,0,0,0,4.07753744390572,Рязанский проспект,Cosmetic
43.0,1.0,8.0,12,25.0,0.6666666666666666,0,0,0,3.784189633918261,Октябрьское поле,European-style renovation
55.1,2.0,4.0,5,15.0,0.8,0,0,0,4.027135812528651,Октябрьское поле,Without renovation
81.5,3.0,8.0,17,6.0,0.4705882352941176,0,0,0,4.412798293340635,Братиславская,European-style renovation
83.6,3.0,7.0,50,12.0,0.14,0,0,0,4.437934266612178,Мичуринский проспект,European-style renovation
140.4,5.0,3.0,17,10.0,0.1764705882352941,0,0,0,4.951592753462473,Коммунарка,European-style renovation
225.7,4.0,3.0,9,6.0,0.3333333333333333,0,0,0,5.423627557513483,Кропоткинская,Designer
39.3,1.0,16.0,20,15.0,0.8,0,0,0,3.696351468952637,Окская,Cosmetic
42.7,1.0,14.0,47,24.0,0.2978723404255319,0,0,0,3.777348102101545,Народное Ополчение,European-style renovation
20.0,0.0,1.0,9,11.0,0.1111111111111111,1,0,1,3.044522437723423,Люблино,Cosmetic
108.5,4.0,18.0,24,18.0,0.75,0,0,0,4.695924549256556,Тушинская,European-style renovation
101.3,4.0,14.0,15,6.0,0.9333333333333332,0,0,0,4.627909672957581,Новоподрезково,European-style renovation
22.0,0.0,6.0,13,8.0,0.4615384615384615,0,0,1,3.1354942159291497,Динамо,Designer
238.4,5.0,2.0,4,7.0,0.5,0,0,0,5.478135793123873,Парк культуры,European-style renovation
21.2,0.0,11.0,17,13.0,0.6470588235294118,0,0,1,3.100092288878234,Прокшино,Cosmetic
105.9,2.0,3.0,8,2.0,0.375,0,0,0,4.671893818030999,Китай-город,Cosmetic
54.0,2.0,3.0,16,10.0,0.1875,0,0,0,4.007333185232471,Ясенево,Designer
105.0,4.0,12.0,21,8.0,0.5714285714285714,0,0,0,4.663439094112067,Динамо,Designer
75.0,3.0,3.0,23,9.0,0.1304347826086956,0,0,0,4.330733340286331,Селигерская,European-style renovation
58.9,3.0,9.0,9,20.0,1.0,0,1,0,4.092676505121403,Каширская,Without renovation
14.5,0.0,1.0,9,12.0,0.1111111111111111,1,0,1,2.740840023925201,Войковская,Without renovation
50.0,2.0,2.0,44,12.0,0.0454545454545454,0,0,0,3.9318256327243257,Улица 1905 года,Designer
50.0,2.0,4.0,8,18.0,0.5,0,0,0,3.9318256327243257,Ольховая,Without renovation
63.0,2.0,2.0,17,16.0,0.1176470588235294,0,0,0,4.158883083359672,Давыдково,European-style renovation
100.3,3.0,10.0,28,9.0,0.3571428571428571,0,0,0,4.618086411254637,Раменки,Without renovation
34.3,1.0,9.0,16,15.0,0.5625,0,0,0,3.563882963939251,Москва-Товарная,Cosmetic
17.1,0.0,2.0,5,10.0,0.4,0,0,1,2.89591193827178,Ботанический сад,Cosmetic
198.8,5.0,4.0,10,8.0,0.4,0,0,0,5.297316866214453,Новослободская,Without renovation
25.4,0.0,15.0,33,14.0,0.4545454545454545,0,0,1,3.2733640101522705,Нижегородская,European-style renovation
18.7,0.0,1.0,9,12.0,0.1111111111111111,1,0,1,2.9806186357439426,Щелковская,European-style renovation
150.0,4.0,26.0,34,13.0,0.7647058823529411,0,0,0,5.017279836814924,Крылатское,Designer
47.2,2.0,5.0,18,6.0,0.2777777777777778,0,0,0,3.8753590210565543,Панфиловская,European-style renovation
194.0,4.0,12.0,44,10.0,0.2727272727272727,0,0,0,5.272999558563747,Славянский бульвар,Without renovation
42.0,1.0,1.0,9,16.0,0.1111111111111111,1,0,0,3.7612001156935615,Профсоюзная,Without renovation
44.27,2.0,3.0,5,7.0,0.6,0,0,0,3.812644561447868,Новокузнецкая,Without renovation
72.0,3.0,14.0,22,18.0,0.6363636363636364,0,0,0,4.290459441148391,Курьяново,Cosmetic
63.9,3.0,13.0,16,11.0,0.8125,0,0,0,4.1728476237100445,Свиблово,Cosmetic
122.4,5.0,37.0,48,9.0,0.7708333333333334,0,0,0,4.815431111471288,Народное Ополчение,Without renovation
73.0,3.0,9.0,16,10.0,0.5625,0,0,0,4.30406509320417,Хорошёвская,Without renovation
38.9,1.0,5.0,11,9.0,0.4545454545454545,0,0,0,3.686376323895818,Курская,Without renovation
67.0,2.0,4.0,9,5.0,0.4444444444444444,0,0,0,4.219507705176107,Кутузовская,European-style renovation
168.0,4.0,3.0,6,9.0,0.5,0,0,0,5.1298987149230735,Кропоткинская,Without renovation
90.0,4.0,5.0,36,15.0,0.1388888888888889,0,0,0,4.51085950651685,Шелепиха,Without renovation
19.91,6.0,17.0,17,11.0,1.0,0,1,0,3.0402275134405423,Щербинка,Cosmetic
36.0,1.0,3.0,12,7.0,0.25,0,0,0,3.610917912644224,Бунинская Аллея,European-style renovation
61.4,2.0,24.0,24,24.0,1.0,0,1,0,4.133565275375382,Лухмановская,Cosmetic
141.6,5.0,2.0,15,6.0,0.1333333333333333,0,0,0,4.960043507980195,Прокшино,European-style renovation
41.1,1.0,13.0,16,18.0,0.8125,0,0,0,3.740047740688336,ЗИЛ,Without renovation
135.4,3.0,19.0,28,18.0,0.6785714285714286,0,0,0,4.915591745409362,Фили,Cosmetic
198.6,5.0,3.0,6,6.0,0.5,0,0,0,5.296315363877364,Чистые пруды,Designer
46.3,1.0,22.0,42,5.0,0.5238095238095238,0,0,0,3.856510295497887,Аминьевская,Without renovation
88.0,2.0,2.0,14,15.0,0.1428571428571428,0,0,0,4.48863636973214,Фрунзенская,Designer
77.0,3.0,3.0,5,23.0,0.6,0,0,0,4.356708826689592,Преображенская площадь,Cosmetic
62.9,3.0,2.0,9,8.0,0.2222222222222222,0,0,0,4.157319361383489,Тимирязевская,Cosmetic
304.0,6.0,3.0,8,4.0,0.375,0,0,0,5.720311776607412,Ломоносовский проспект,Without renovation
73.0,2.0,7.0,10,4.0,0.7,0,0,0,4.30406509320417,Маяковская,European-style renovation
45.0,2.0,6.0,9,8.0,0.6666666666666666,0,0,0,3.828641396489095,Дегунино,European-style renovation
12.0,0.0,5.0,5,9.0,1.0,0,1,1,2.5649493574615367,Беговая,European-style renovation
16.8,0.0,1.0,9,16.0,0.1111111111111111,1,0,1,2.87919845729804,Домодедовская,Cosmetic
23.74,6.0,2.0,33,5.0,0.0606060606060606,0,0,0,3.208421366964342,Красный Строитель,Cosmetic
28.0,0.0,2.0,23,9.0,0.0869565217391304,0,0,1,3.367295829986474,Лесопарковая,Without renovation
12.5,0.0,1.0,5,13.0,0.2,1,0,1,2.602689685444384,Академическая,Without renovation
126.3,5.0,2.0,10,14.0,0.2,0,0,0,4.846546505563361,Академическая,European-style renovation
157.0,4.0,13.0,18,8.0,0.7222222222222222,0,0,0,5.062595033026967,Раменки,European-style renovation
22.5,0.0,13.0,23,7.0,0.5652173913043478,0,0,1,3.157000421150113,Солнцево,Without renovation
13.3,0.0,4.0,4,5.0,1.0,0,1,1,2.660259537265861,Семеновская,Designer
129.0,5.0,5.0,8,2.0,0.625,0,0,0,4.867534450455582,Маяковская,Designer
92.8,4.0,8.0,14,20.0,0.5714285714285714,0,0,0,4.541164856012179,Минская,Designer
14.5,0.0,1.0,8,5.0,0.125,1,0,1,2.740840023925201,Тургеневская,Without renovation
38.0,1.0,10.0,17,8.0,0.5882352941176471,0,0,0,3.6635616461296463,Южная,Cosmetic
218.0,4.0,6.0,38,18.0,0.1578947368421052,0,0,0,5.389071729816501,Ломоносовский проспект,Designer
84.0,3.0,17.0,22,11.0,0.7727272727272727,0,0,0,4.442651256490317,Борисово,Without renovation
37.9,1.0,4.0,22,12.0,0.1818181818181818,0,0,0,3.6609942506244,Некрасовка,Without renovation
83.2,3.0,25.0,25,19.0,1.0,0,1,0,4.4331949212482815,Некрасовка,Cosmetic
19.91,6.0,7.0,17,11.0,0.4117647058823529,0,0,0,3.0402275134405423,Щербинка,Cosmetic
45.5,2.0,7.0,9,18.0,0.7777777777777778,0,0,0,3.8394523125933104,Зюзино,Cosmetic
96.0,4.0,31.0,37,11.0,0.8378378378378378,0,0,0,4.574710978503383,Аминьевская,Without renovation
25.6,0.0,2.0,6,7.0,0.3333333333333333,0,0,1,3.2809112157876537,Таганская,Without renovation
36.4,1.0,26.0,52,18.0,0.5,0,0,0,3.6216707044204863,Москворечье,Without renovation
180.8,5.0,33.0,44,12.0,0.75,0,0,0,5.202907181743378,Улица 1905 года,Designer
14.6,0.0,4.0,5,9.0,0.8,0,0,1,2.747270914255491,Беговая,European-style renovation
19.8,6.0,32.0,33,10.0,0.9696969696969696,0,0,0,3.0349529867072724,Владыкино,Cosmetic
21.73,6.0,3.0,21,10.0,0.1428571428571428,0,0,0,3.123685637864452,Калитники,Cosmetic
44.0,2.0,3.0,5,18.0,0.6,0,0,0,3.80666248977032,Царицыно,Cosmetic
230.0,4.0,17.0,20,9.0,0.85,0,0,0,5.442417710521793,Савеловская,Designer
57.0,3.0,11.0,25,12.0,0.44,0,0,0,4.060443010546419,Домодедовская,European-style renovation
62.0,2.0,12.0,78,3.0,0.1538461538461538,0,0,0,4.143134726391533,Тестовская,Designer
48.8,2.0,2.0,4,20.0,0.5,0,0,0,3.9080149840306073,Тушинская,Cosmetic
22.1,0.0,2.0,21,8.0,0.0952380952380952,0,0,1,3.139832617527748,Калитники,Cosmetic
39.0,1.0,11.0,23,18.0,0.4782608695652174,0,0,0,3.688879454113936,Селигерская,Without renovation
199.0,6.0,4.0,13,8.0,0.3076923076923077,0,0,0,5.298317366548036,Новослободская,Without renovation
138.0,4.0,4.0,4,4.0,1.0,0,1,0,4.934473933130692,Тверская,European-style renovation
41.0,2.0,4.0,5,11.0,0.8,0,0,0,3.737669618283368,Кожуховская,European-style renovation
64.0,2.0,10.0,17,6.0,0.5882352941176471,0,0,0,4.174387269895637,Москва-Товарная,Cosmetic
128.9,4.0,10.0,16,8.0,0.625,0,0,0,4.866764923676554,Шаболовская,Designer
72.0,3.0,17.0,25,15.0,0.68,0,0,0,4.290459441148391,Фили,Designer
260.0,5.0,38.0,44,5.0,0.8636363636363636,0,0,0,5.564520407322694,Беговая,Designer
237.8,6.0,5.0,8,11.0,0.625,0,0,0,5.475626381518447,Арбатская,European-style renovation
85.0,0.0,29.0,29,4.0,1.0,0,1,1,4.454347296253507,Кунцевская,Without renovation
60.9,0.0,3.0,9,6.0,0.3333333333333333,0,0,1,4.12552017969055,Щелковская,Cosmetic
165.0,4.0,9.0,18,10.0,0.5,0,0,0,5.111987788356544,Улица 1905 года,Without renovation
47.0,1.0,4.0,25,11.0,0.16,0,0,0,3.871201010907891,Аминьевская,Designer
136.0,4.0,3.0,41,12.0,0.073170731707317,0,0,0,4.919980925828125,Петровский парк,Without renovation
33.2,1.0,4.0,12,8.0,0.3333333333333333,0,0,0,3.53222564406856,Коптево,Designer
38.0,1.0,6.0,14,12.0,0.4285714285714285,0,0,0,3.6635616461296463,Академическая,European-style renovation
97.8,3.0,13.0,22,12.0,0.5909090909090909,0,0,0,4.593097604753822,ЗИЛ,Without renovation
95.8,4.0,9.0,14,5.0,0.6428571428571429,0,0,0,4.572646994282532,Минская,Without renovation
27.9,0.0,1.0,5,21.0,0.2,1,0,1,3.3638415951183864,Аминьевская,European-style renovation
30.0,0.0,9.0,21,14.0,0.4285714285714285,0,0,1,3.4339872044851463,Водный стадион,Designer
42.2,1.0,15.0,21,16.0,0.7142857142857143,0,0,0,3.765840495250065,Новаторская,Cosmetic
37.9,1.0,20.0,22,5.0,0.9090909090909092,0,0,0,3.6609942506244,Физтех,Cosmetic
25.5,6.0,3.0,33,6.0,0.0909090909090909,0,0,0,3.277144732992177,Дегунино,Cosmetic
27.9,0.0,25.0,43,15.0,0.5813953488372093,0,0,1,3.3638415951183864,Аминьевская,Without renovation
38.7,1.0,2.0,14,10.0,0.1428571428571428,0,0,0,3.681351187693145,Марьино,Without renovation
38.0,1.0,14.0,17,11.0,0.8235294117647058,0,0,0,3.6635616461296463,Митино,European-style renovation
38.3,1.0,6.0,14,20.0,0.4285714285714285,0,0,0,3.6712245188752153,Ольховая,European-style renovation
25.1,0.0,41.0,45,14.0,0.9111111111111112,0,0,1,3.261935314328648,Медведково,European-style renovation
18.5,0.0,2.0,17,14.0,0.1176470588235294,0,0,1,2.970414465569701,Некрасовка,Cosmetic
53.0,2.0,6.0,9,16.0,0.6666666666666666,0,0,0,3.9889840465642745,Стрешнево,European-style renovation
21.9,6.0,4.0,17,11.0,0.2352941176470588,0,0,0,3.131136910560194,Новохохловская,Cosmetic
68.5,3.0,4.0,6,6.0,0.6666666666666666,0,0,0,4.241326752570746,Бауманская,Cosmetic
78.0,3.0,4.0,17,5.0,0.2352941176470588,0,0,0,4.3694478524670215,Свиблово,Cosmetic
73.1,4.0,6.0,16,15.0,0.375,0,0,0,4.3054155323020415,ЗИЛ,Without renovation
43.9,1.0,25.0,30,9.0,0.8333333333333334,0,0,0,3.8044377947482086,Красногвардейская,Without renovation
34.6,0.0,2.0,5,12.0,0.4,0,0,1,3.572345637857985,Курская,Cosmetic
89.0,4.0,1.0,5,14.0,0.2,1,0,0,4.499809670330265,Улица 1905 года,Cosmetic
16.2,0.0,2.0,9,2.0,0.2222222222222222,0,0,1,2.8449093838194077,Сокол,Without renovation
67.0,2.0,6.0,14,15.0,0.4285714285714285,0,0,0,4.219507705176107,Технопарк,European-style renovation
89.4,3.0,6.0,16,18.0,0.375,0,0,0,4.504244267398131,ЗИЛ,European-style renovation
40.0,1.0,8.0,14,19.0,0.5714285714285714,0,0,0,3.713572066704308,Беломорская,Cosmetic
39.0,1.0,10.0,12,25.0,0.8333333333333334,0,0,0,3.688879454113936,Октябрьское поле,Cosmetic
65.6,2.0,3.0,9,4.0,0.3333333333333333,0,0,0,4.198704577546343,Ломоносовский проспект,Without renovation
44.1,2.0,6.0,9,18.0,0.6666666666666666,0,0,0,3.8088822465086327,Коптево,European-style renovation
43.6,2.0,1.0,9,8.0,0.1111111111111111,1,0,0,3.7977338590260175,Депо,Without renovation
117.0,4.0,10.0,11,7.0,0.9090909090909092,0,0,0,4.770684624465665,Шелепиха,Without renovation
64.0,2.0,8.0,19,23.0,0.4210526315789473,0,0,0,4.174387269895637,Бабушкинская,European-style renovation
20.4,0.0,2.0,23,6.0,0.0869565217391304,0,0,1,3.0633909220278057,Рассказовка,Cosmetic
35.3,1.0,6.0,7,17.0,0.8571428571428571,0,0,0,3.591817741270805,Электрозаводская,Without renovation
30.0,1.0,4.0,30,22.0,0.1333333333333333,0,0,0,3.4339872044851463,Хорошево,Designer
190.4,5.0,44.0,72,3.0,0.6111111111111112,0,0,0,5.254365479018854,Деловой центр,Designer
180.0,5.0,8.0,17,12.0,0.4705882352941176,0,0,0,5.198497031265826,Раменки,European-style renovation
212.4,3.0,5.0,17,9.0,0.2941176470588235,0,0,0,5.363168338867653,Смоленская,Without renovation
208.0,5.0,16.0,16,12.0,1.0,0,1,0,5.342334251964811,Фрунзенская,Without renovation
43.2,1.0,13.0,38,10.0,0.3421052631578947,0,0,0,3.788724789083653,Селигерская,Designer
185.2,4.0,35.0,73,4.0,0.4794520547945205,0,0,0,5.226821364842967,Международная,Designer
57.7,1.0,5.0,8,14.0,0.625,0,0,0,4.072439726834051,Китай-город,Designer
35.0,1.0,5.0,29,11.0,0.1724137931034483,0,0,0,3.58351893845611,Водный стадион,European-style renovation
86.1,3.0,5.0,16,18.0,0.3125,0,0,0,4.467056883858457,ЗИЛ,European-style renovation
53.6,2.0,12.0,16,18.0,0.75,0,0,0,4.000033882750859,ЗИЛ,European-style renovation
166.3,4.0,6.0,10,7.0,0.6,0,0,0,5.119788607992779,Преображенская площадь,European-style renovation
138.0,6.0,33.0,46,15.0,0.717391304347826,0,0,0,4.934473933130692,Серпуховская,Without renovation
187.0,4.0,6.0,6,7.0,1.0,0,1,0,5.236441962829949,Курская,Designer
13.3,0.0,3.0,8,13.0,0.375,0,0,1,2.660259537265861,Чкаловская,Without renovation
27.1,6.0,18.0,19,11.0,0.9473684210526316,0,0,0,3.3357695763397,Филатов Луг,Cosmetic
19.0,0.0,1.0,9,12.0,0.1111111111111111,1,0,1,2.995732273553991,Отрадное,Cosmetic
17.5,0.0,1.0,9,19.0,0.1111111111111111,1,0,1,2.917770732084279,Отрадное,Cosmetic
297.0,4.0,3.0,3,6.0,1.0,0,1,0,5.697093486505405,Новослободская,Without renovation
115.0,4.0,3.0,17,13.0,0.1764705882352941,0,0,0,4.7535901911063645,Раменки,Designer
50.5,0.0,10.0,16,11.0,0.625,0,0,1,3.9415818076696905,Юго-Западная,European-style renovation
77.5,3.0,2.0,43,15.0,0.0465116279069767,0,0,0,4.363098624788363,Хорошево,Designer
14.5,0.0,1.0,5,8.0,0.2,1,0,1,2.740840023925201,Шелепиха,Cosmetic
101.0,3.0,7.0,32,10.0,0.21875,0,0,0,4.624972813284271,Новаторская,Without renovation
233.2,4.0,6.0,8,7.0,0.75,0,0,0,5.456175451163617,Парк культуры,European-style renovation
74.0,3.0,8.0,19,21.0,0.4210526315789473,0,0,0,4.31748811353631,Ботанический сад,European-style renovation
30.0,2.0,12.0,31,11.0,0.3870967741935484,0,0,0,3.4339872044851463,Курьяново,European-style renovation
71.0,2.0,5.0,16,4.0,0.3125,0,0,0,4.276666119016055,Шелепиха,European-style renovation
89.8,3.0,31.0,34,6.0,0.9117647058823528,0,0,0,4.508659285607248,Воронцовская,Without renovation
71.0,3.0,11.0,26,24.0,0.4230769230769231,0,0,0,4.276666119016055,Славянский бульвар,Without renovation
73.0,3.0,10.0,32,21.0,0.3125,0,0,0,4.30406509320417,Автозаводская,Without renovation
14.2,0.0,5.0,9,25.0,0.5555555555555556,0,0,1,2.7212954278522306,Пятницкое шоссе,European-style renovation
96.0,4.0,15.0,28,7.0,0.5357142857142857,0,0,0,4.574710978503383,Молодежная,Without renovation
19.5,0.0,14.0,18,15.0,0.7777777777777778,0,0,1,3.0204248861443626,Филатов Луг,Cosmetic
335.7,5.0,1.0,8,7.0,0.125,1,0,0,5.819192326167029,Парк культуры,European-style renovation
126.3,3.0,3.0,18,12.0,0.1666666666666666,0,0,0,4.846546505563361,Белорусская,Designer
45.3,2.0,3.0,9,10.0,0.3333333333333333,0,0,0,3.835141961092188,Бибирево,Cosmetic
75.6,3.0,9.0,15,22.0,0.6,0,0,0,4.338597076746545,ЗИЛ,European-style renovation
40.6,1.0,2.0,15,9.0,0.1333333333333333,0,0,0,3.728100167267218,Ольховая,Cosmetic
153.5,5.0,21.0,36,17.0,0.5833333333333334,0,0,0,5.0401940963378005,Петровский парк,Designer
245.4,6.0,2.0,4,6.0,0.5,0,0,0,5.506956231659364,Молодежная,Designer
27.8,6.0,2.0,14,16.0,0.1428571428571428,0,0,0,3.3603753871419,Ховрино,Cosmetic
51.0,1.0,13.0,18,8.0,0.7222222222222222,0,0,0,3.951243718581428,Преображенская площадь,Designer
85.0,4.0,6.0,35,23.0,0.1714285714285714,0,0,0,4.454347296253507,Коломенская,European-style renovation
38.0,1.0,6.0,17,21.0,0.3529411764705882,0,0,0,3.6635616461296463,Царицыно,Cosmetic
38.0,1.0,5.0,17,33.0,0.2941176470588235,0,0,0,3.6635616461296463,Ховрино,Cosmetic
42.0,1.0,8.0,26,18.0,0.3076923076923077,0,0,0,3.7612001156935615,Улица Скобелевская,European-style renovation
187.2,5.0,16.0,17,9.0,0.9411764705882352,0,0,0,5.23750522715128,Технопарк,Without renovation
41.7,2.0,3.0,5,7.0,0.6,0,0,0,3.754198920234579,Новокузнецкая,European-style renovation
88.5,4.0,25.0,35,11.0,0.7142857142857143,0,0,0,4.4942386252808095,Балтийская,European-style renovation
268.2,6.0,2.0,8,7.0,0.25,0,0,0,5.595454597770573,Парк культуры,European-style renovation
22.0,0.0,1.0,9,18.0,0.1111111111111111,1,0,1,3.1354942159291497,Аминьевская,Cosmetic
59.78,0.0,14.0,15,2.0,0.9333333333333332,0,0,1,4.107260787488647,Алексеевская,Without renovation
20.0,0.0,4.0,4,19.0,1.0,0,1,1,3.044522437723423,Калитники,European-style renovation
82.0,3.0,7.0,13,6.0,0.5384615384615384,0,0,0,4.418840607796598,Верхние Котлы,Without renovation
45.0,0.0,21.0,24,13.0,0.875,0,0,1,3.828641396489095,Хорошёвская,Without renovation
72.0,3.0,1.0,5,18.0,0.2,1,0,0,4.290459441148391,Преображенская площадь,Without renovation
47.2,1.0,3.0,7,10.0,0.4285714285714285,0,0,0,3.8753590210565543,Новокузнецкая,Designer
58.0,3.0,4.0,5,15.0,0.8,0,0,0,4.07753744390572,Молодежная,Without renovation
177.0,4.0,22.0,25,11.0,0.88,0,0,0,5.181783550292085,Динамо,Without renovation
27.9,6.0,5.0,32,8.0,0.15625,0,0,0,3.3638415951183864,Стахановская,Cosmetic
151.0,4.0,18.0,29,16.0,0.6206896551724138,0,0,0,5.0238805208462765,Шаболовская,Without renovation
64.8,3.0,3.0,16,12.0,0.1875,0,0,0,4.186619838331271,Раменки,Cosmetic
87.1,3.0,1.0,8,19.0,0.125,1,0,0,4.478472532942134,Новаторская,Without renovation
45.2,1.0,5.0,24,15.0,0.2083333333333333,0,0,0,3.832979798087693,Бульвар Дмитрия Донского,Cosmetic
40.0,2.0,3.0,9,19.0,0.3333333333333333,0,0,0,3.713572066704308,Румянцево,Designer
122.9,5.0,5.0,35,10.0,0.1428571428571428,0,0,0,4.819474788635096,Технопарк,Without renovation
155.0,0.0,7.0,7,18.0,1.0,0,1,1,5.049856007249537,Пенягино,Without renovation
53.0,2.0,12.0,12,27.0,1.0,0,1,0,3.9889840465642745,Сетунь,Cosmetic
15.1,0.0,1.0,9,18.0,0.1111111111111111,1,0,1,2.778819271990417,Солнцево,Cosmetic
272.0,5.0,5.0,6,7.0,0.8333333333333334,0,0,0,5.60947179518496,Кропоткинская,Designer
123.0,0.0,17.0,36,11.0,0.4722222222222222,0,0,1,4.820281565605037,Динамо,Without renovation
51.0,2.0,10.0,12,11.0,0.8333333333333334,0,0,0,3.951243718581428,Алтуфьево,Cosmetic
67.1,2.0,11.0,18,6.0,0.6111111111111112,0,0,0,4.220977213155467,Панфиловская,European-style renovation
51.6,2.0,8.0,12,15.0,0.6666666666666666,0,0,0,3.962716119743664,Отрадное,European-style renovation
72.7,3.0,1.0,14,13.0,0.0714285714285714,1,0,0,4.300002799195291,Академическая,Cosmetic
44.3,2.0,12.0,12,2.0,1.0,0,1,0,3.813307032488989,Нахимовский проспект,Designer
17.3,0.0,2.0,8,7.0,0.25,0,0,1,2.9069010598473755,Калитники,Cosmetic
119.9,3.0,12.0,14,10.0,0.8571428571428571,0,0,0,4.794963757620747,Серпуховская,Without renovation
64.0,3.0,5.0,9,14.0,0.5555555555555556,0,0,0,4.174387269895637,Выхино,Cosmetic
18.3,0.0,1.0,14,11.0,0.0714285714285714,1,0,1,2.96010509591084,Солнцево,European-style renovation
86.7,3.0,20.0,25,19.0,0.8,0,0,0,4.473921899378137,Некрасовка,Cosmetic
70.0,2.0,1.0,16,21.0,0.0625,1,0,0,4.262679877041316,Трикотажная,Without renovation
85.0,3.0,7.0,27,23.0,0.2592592592592592,0,0,0,4.454347296253507,Хорошево,Without renovation
26.0,0.0,1.0,5,15.0,0.2,1,0,1,3.295836866004329,Волгоградский проспект,European-style renovation
17.2,0.0,1.0,4,8.0,0.25,1,0,1,2.9014215940827497,Чистые пруды,European-style renovation
107.5,3.0,5.0,7,8.0,0.7142857142857143,0,0,0,4.686750172980514,Маяковская,European-style renovation
48.4,2.0,13.0,33,24.0,0.3939393939393939,0,0,0,3.899950424193877,Беломорская,Without renovation
34.9,1.0,6.0,9,16.0,0.6666666666666666,0,0,0,3.580737295494233,Братиславская,Cosmetic
193.2,4.0,21.0,21,12.0,1.0,0,1,0,5.268888555857225,Давыдково,Designer
285.0,5.0,7.0,7,12.0,1.0,0,1,0,5.655991810819852,Белорусская,Without renovation
34.8,1.0,24.0,24,27.0,1.0,0,1,0,3.5779478934066544,Саларьево,Without renovation
51.0,1.0,8.0,16,19.0,0.5,0,0,0,3.951243718581428,Давыдково,European-style renovation
35.6,1.0,14.0,18,7.0,0.7777777777777778,0,0,0,3.6000482404073204,Братиславская,European-style renovation
287.5,6.0,22.0,29,10.0,0.7586206896551724,0,0,0,5.664695085948154,Шаболовская,Designer
38.0,1.0,2.0,14,15.0,0.1428571428571428,0,0,0,3.6635616461296463,Южная,Designer
320.0,5.0,4.0,4,6.0,1.0,0,1,0,5.771441123130016,Боровицкая,Designer
39.1,1.0,17.0,43,26.0,0.3953488372093023,0,0,0,3.691376334312523,Хорошево,European-style renovation
47.4,1.0,2.0,25,11.0,0.08,0,0,0,3.879499813722586,Аминьевская,Without renovation
18.0,0.0,21.0,39,18.0,0.5384615384615384,0,0,1,2.9444389791664403,Локомотив,Cosmetic
82.4,2.0,3.0,8,2.0,0.375,0,0,0,4.423648309364701,Китай-город,Cosmetic
50.8,2.0,2.0,16,15.0,0.125,0,0,0,3.947390149265437,Юго-Западная,Cosmetic
16.8,0.0,1.0,5,16.0,0.2,1,0,1,2.87919845729804,Соколиная Гора,Without renovation
203.1,4.0,7.0,10,9.0,0.7,0,0,0,5.318610069815799,Динамо,Designer
38.6,2.0,11.0,12,23.0,0.9166666666666666,0,0,0,3.6788291182604342,Сходненская,Cosmetic
375.0,6.0,5.0,36,12.0,0.1388888888888889,0,0,0,5.929589143389895,Минская,Designer
207.9,4.0,5.0,15,4.0,0.3333333333333333,0,0,0,5.34185566856252,Охотный ряд,Without renovation
93.0,4.0,1.0,9,18.0,0.1111111111111111,1,0,0,4.543294782270004,Рассказовка,European-style renovation
68.0,3.0,24.0,26,25.0,0.9230769230769232,0,0,0,4.23410650459726,Пятницкое шоссе,European-style renovation
237.4,5.0,4.0,12,24.0,0.3333333333333333,0,0,0,5.473949935191195,Ломоносовский проспект,Without renovation
61.0,2.0,3.0,10,9.0,0.3,0,0,0,4.127134385045092,Красные ворота,Cosmetic
115.5,5.0,8.0,16,7.0,0.5,0,0,0,4.757891273005756,Улица Скобелевская,Cosmetic
20.0,0.0,2.0,17,6.0,0.1176470588235294,0,0,1,3.044522437723423,Некрасовка,Cosmetic
52.0,0.0,53.0,79,6.0,0.6708860759493671,0,0,1,3.970291913552122,Деловой центр,Designer
121.0,4.0,14.0,32,8.0,0.4375,0,0,0,4.804021044733257,Павелецкая,Without renovation
71.31,2.0,4.0,17,4.0,0.2352941176470588,0,0,0,4.28096243218686,Преображенская площадь,European-style renovation
38.0,1.0,8.0,42,5.0,0.1904761904761904,0,0,0,3.6635616461296463,Аминьевская,Without renovation
60.6,2.0,28.0,40,12.0,0.7,0,0,0,4.120661870539474,ЗИЛ,European-style renovation
38.0,1.0,12.0,14,13.0,0.8571428571428571,0,0,0,3.6635616461296463,Новокосино,Cosmetic
13.1,0.0,2.0,7,16.0,0.2857142857142857,0,0,1,2.6461747973841225,Преображенская площадь,European-style renovation
71.0,3.0,15.0,24,9.0,0.625,0,0,0,4.276666119016055,Бунинская Аллея,European-style renovation
58.7,0.0,7.0,7,17.0,1.0,0,1,1,4.089332020398556,Электрозаводская,Without renovation
346.0,5.0,9.0,13,13.0,0.6923076923076923,0,0,0,5.849324779946859,Алексеевская,Without renovation
87.0,3.0,6.0,18,21.0,0.3333333333333333,0,0,0,4.477336814478207,Нагатинский Затон,Designer
174.0,4.0,12.0,13,8.0,0.9230769230769232,0,0,0,5.1647859739235145,Смоленская,Without renovation
28.4,0.0,2.0,14,4.0,0.1428571428571428,0,0,1,3.380994674344636,Новогиреево,European-style renovation
17.5,0.0,1.0,9,16.0,0.1111111111111111,1,0,1,2.917770732084279,Южная,Cosmetic
65.0,3.0,16.0,23,8.0,0.6956521739130435,0,0,0,4.189654742026425,Новопеределкино,European-style renovation
52.0,1.0,10.0,16,14.0,0.625,0,0,0,3.970291913552122,Юго-Западная,Designer
154.1,3.0,7.0,11,15.0,0.6363636363636364,0,0,0,5.044070070182493,Фрунзенская,Designer
34.1,0.0,2.0,12,4.0,0.1666666666666666,0,0,1,3.55820113047182,Белорусская,Without renovation
17.0,0.0,4.0,9,11.0,0.4444444444444444,0,0,1,2.8903717578961645,Электрозаводская,European-style renovation
42.5,1.0,9.0,20,7.0,0.45,0,0,0,3.7727609380946383,Трикотажная,Without renovation
40.0,2.0,6.0,9,19.0,0.6666666666666666,0,0,0,3.713572066704308,Первомайская,Designer
31.0,0.0,3.0,5,18.0,0.6,0,0,1,3.4657359027997265,Коптево,European-style renovation
92.0,3.0,16.0,21,15.0,0.7619047619047619,0,0,0,4.532599493153256,Зорге,Without renovation
53.5,0.0,10.0,12,5.0,0.8333333333333334,0,0,1,3.9982007016691994,Маяковская,Without renovation
39.0,1.0,6.0,16,4.0,0.375,0,0,0,3.688879454113936,Беговая,Cosmetic
179.5,4.0,4.0,5,5.0,0.8,0,0,0,5.195730777772936,Сретенский бульвар,Without renovation
15.9,0.0,1.0,9,8.0,0.1111111111111111,1,0,1,2.827313621929028,Депо,Without renovation
64.3,4.0,1.0,25,9.0,0.04,1,0,0,4.178992036282385,Курьяново,European-style renovation
47.3,2.0,6.0,12,14.0,0.5,0,0,0,3.877431560658527,Теплый Стан,Without renovation
53.0,2.0,18.0,23,36.0,0.782608695652174,0,0,0,3.9889840465642745,Минская,European-style renovation
30.0,0.0,5.0,14,26.0,0.3571428571428571,0,0,1,3.4339872044851463,Коммунарка,Without renovation
56.0,2.0,16.0,16,3.0,1.0,0,1,0,4.04305126783455,Щелковская,European-style renovation
35.0,1.0,16.0,22,12.0,0.7272727272727273,0,0,0,3.58351893845611,Нижегородская,Without renovation
230.0,6.0,17.0,17,12.0,1.0,0,1,0,5.442417710521793,Шаболовская,Designer
37.9,1.0,3.0,16,10.0,0.1875,0,0,0,3.6609942506244,Молодежная,Without renovation
100.0,3.0,15.0,21,15.0,0.7142857142857143,0,0,0,4.61512051684126,Улица 1905 года,Designer
296.0,5.0,7.0,7,5.0,1.0,0,1,0,5.6937321388027,Театральная,Without renovation
56.0,3.0,4.0,5,5.0,0.8,0,0,0,4.04305126783455,Водный стадион,Cosmetic
52.7,3.0,4.0,8,11.0,0.5,0,0,0,3.983413001514819,Савеловская,Cosmetic
25.5,0.0,4.0,8,8.0,0.5,0,0,1,3.277144732992177,Калитники,Without renovation
38.0,2.0,3.0,12,19.0,0.25,0,0,0,3.6635616461296463,Перово,European-style renovation
232.0,3.0,48.0,72,3.0,0.6666666666666666,0,0,0,5.4510384535657,Деловой центр,Designer
52.6,2.0,2.0,12,11.0,0.1666666666666666,0,0,0,3.981549068076757,Бибирево,Designer
45.0,0.0,15.0,23,6.0,0.6521739130434783,0,0,1,3.828641396489095,Коммунарка,Without renovation
100.0,4.0,23.0,25,15.0,0.92,0,0,0,4.61512051684126,Фили,Designer
140.0,4.0,3.0,19,6.0,0.1578947368421052,0,0,0,4.948759890378168,Университет,Designer
35.0,1.0,12.0,12,8.0,1.0,0,1,0,3.58351893845611,Рязанский проспект,European-style renovation
66.0,2.0,22.0,23,4.0,0.9565217391304348,0,0,0,4.204692619390966,Беляево,European-style renovation
38.2,1.0,17.0,17,15.0,1.0,0,1,0,3.6686767467964168,Щелковская,European-style renovation
82.5,3.0,9.0,46,13.0,0.1956521739130435,0,0,0,4.42484663185681,Шелепиха,European-style renovation
49.3,2.0,7.0,14,19.0,0.5,0,0,0,3.918005077105693,ЗИЛ,Designer
19.0,0.0,1.0,5,7.0,0.2,1,0,1,2.995732273553991,Гражданская,Without renovation
37.8,1.0,4.0,17,10.0,0.2352941176470588,0,0,0,3.658420246629228,Новокосино,European-style renovation
59.8,2.0,3.0,17,25.0,0.1764705882352941,0,0,0,4.107589788972121,Люблино,Cosmetic
40.0,1.0,7.0,23,9.0,0.3043478260869565,0,0,0,3.713572066704308,Селигерская,Cosmetic
14.5,0.0,1.0,9,6.0,0.1111111111111111,1,0,1,2.740840023925201,Ясенево,Cosmetic
64.5,0.0,6.0,7,17.0,0.8571428571428571,0,0,1,4.182050142641207,Электрозаводская,Without renovation
42.0,2.0,11.0,12,26.0,0.9166666666666666,0,0,0,3.7612001156935615,Покровское,Without renovation
20.1,0.0,3.0,5,5.0,0.6,0,0,1,3.0492730404820207,Окружная,Without renovation
31.6,1.0,5.0,29,26.0,0.1724137931034483,0,0,0,3.484312288372662,Хорошево,Designer
53.2,2.0,10.0,24,13.0,0.4166666666666667,0,0,0,3.992680908445601,Арбатская,Designer
87.0,4.0,34.0,49,14.0,0.6938775510204082,0,0,0,4.477336814478207,Дмитровская,European-style renovation
23.5,0.0,2.0,23,9.0,0.0869565217391304,0,0,1,3.198673117550681,Лесопарковая,Without renovation
147.7,4.0,5.0,5,3.0,1.0,0,1,0,5.001930853466109,Третьяковская,European-style renovation
57.0,2.0,4.0,26,8.0,0.1538461538461538,0,0,0,4.060443010546419,Лесопарковая,Cosmetic
46.0,2.0,2.0,9,18.0,0.2222222222222222,0,0,0,3.8501476017100575,Царицыно,Cosmetic
135.0,0.0,30.0,38,10.0,0.7894736842105263,0,0,1,4.912654885736052,Ростокино,Without renovation
187.0,0.0,5.0,6,6.0,0.8333333333333334,0,0,1,5.236441962829949,Арбатская,Without renovation
22.7,0.0,1.0,8,9.0,0.125,1,0,1,3.1654750481410856,Сокол,Cosmetic
36.7,1.0,13.0,13,9.0,1.0,0,1,0,3.629660094453965,Люблино,Cosmetic
34.0,1.0,2.0,14,24.0,0.1428571428571428,0,0,0,3.555348061489413,Кленовый бульвар,Without renovation
85.3,4.0,4.0,12,15.0,0.3333333333333333,0,0,0,4.457829598089382,Люблино,Cosmetic
61.0,0.0,4.0,13,5.0,0.3076923076923077,0,0,1,4.127134385045092,Маяковская,Cosmetic
72.0,3.0,8.0,17,24.0,0.4705882352941176,0,0,0,4.290459441148391,Бибирево,European-style renovation
34.9,1.0,6.0,12,15.0,0.5,0,0,0,3.580737295494233,Бабушкинская,Cosmetic
137.3,4.0,2.0,17,8.0,0.1176470588235294,0,0,0,4.929425238670713,Озёрная,European-style renovation
34.4,1.0,1.0,12,9.0,0.0833333333333333,1,0,0,3.5667118201397288,Войковская,Without renovation
77.6,3.0,8.0,10,8.0,0.8,0,0,0,4.364371699435161,Преображенская площадь,Without renovation
65.1,3.0,10.0,16,19.0,0.625,0,0,0,4.191168746857641,Теплый Стан,European-style renovation
39.0,1.0,22.0,22,12.0,1.0,0,1,0,3.688879454113936,Ясенево,European-style renovation
138.0,4.0,21.0,30,17.0,0.7,0,0,0,4.934473933130692,Шаболовская,Without renovation
15.0,1.0,2.0,5,6.0,0.4,0,0,0,2.772588722239781,Волжская,Designer
150.8,3.0,4.0,5,10.0,0.8,0,0,0,5.02256386496153,Тверская,Designer
61.4,3.0,6.0,12,7.0,0.5,0,0,0,4.133565275375382,Славянский бульвар,European-style renovation
25.0,0.0,2.0,5,8.0,0.4,0,0,1,3.258096538021482,Окружная,Designer
189.0,3.0,41.0,73,4.0,0.5616438356164384,0,0,0,5.247024072160486,Деловой центр,Designer
97.7,3.0,19.0,42,5.0,0.4523809523809524,0,0,0,4.592084946439436,Аминьевская,Without renovation
36.1,1.0,5.0,9,16.0,0.5555555555555556,0,0,0,3.6136169696133895,Братиславская,Cosmetic
82.3,3.0,4.0,10,18.0,0.4,0,0,0,4.422448549172797,Немчиновка,Without renovation
86.0,3.0,4.0,20,10.0,0.2,0,0,0,4.465908118654584,Выставочная,Designer
288.8,5.0,9.0,10,4.0,0.9,0,0,0,5.669191029886582,Новокузнецкая,Without renovation
16.6,0.0,4.0,22,16.0,0.1818181818181818,0,0,1,2.8678989020441064,Тропарево,European-style renovation
38.0,1.0,1.0,11,13.0,0.0909090909090909,1,0,0,3.6635616461296463,Красногвардейская,European-style renovation
228.0,5.0,6.0,12,7.0,0.5,0,0,0,5.43372200355424,Спортивная,Without renovation
310.16,5.0,6.0,6,10.0,1.0,0,1,0,5.740307249338573,Парк культуры,Designer
51.2,2.0,9.0,9,9.0,1.0,0,1,0,3.955082494888593,Дмитровская,European-style renovation
72.0,2.0,36.0,41,15.0,0.8780487804878049,0,0,0,4.290459441148391,Аминьевская,Without renovation
102.0,3.0,7.0,9,9.0,0.7777777777777778,0,0,0,4.634728988229636,Третьяковская,European-style renovation
170.0,4.0,2.0,6,5.0,0.3333333333333333,0,0,0,5.14166355650266,Парк культуры,Designer
60.8,2.0,24.0,40,12.0,0.6,0,0,0,4.123903364463645,ЗИЛ,European-style renovation
65.6,3.0,1.0,5,17.0,0.2,1,0,0,4.198704577546343,Савеловская,European-style renovation
74.6,2.0,12.0,36,8.0,0.3333333333333333,0,0,0,4.325456283185488,Белорусская,Without renovation
39.7,1.0,11.0,24,6.0,0.4583333333333333,0,0,0,3.7062280924485496,Профсоюзная,Cosmetic
22.8,0.0,4.0,9,25.0,0.4444444444444444,0,0,1,3.169685580677429,Внуково,Cosmetic
96.0,3.0,5.0,11,12.0,0.4545454545454545,0,0,0,4.574710978503383,Таганская,Designer
260.0,6.0,4.0,15,10.0,0.2666666666666666,0,0,0,5.564520407322694,Речной вокзал,Designer
20.0,0.0,29.0,33,9.0,0.8787878787878788,0,0,1,3.044522437723423,Озёрная,European-style renovation
37.0,1.0,21.0,25,15.0,0.84,0,0,0,3.6375861597263857,Аминьевская,European-style renovation
35.0,1.0,7.0,16,9.0,0.4375,0,0,0,3.58351893845611,Планерная,Without renovation
335.0,10.0,6.0,6,11.0,1.0,0,1,0,5.817111159963204,Киевская,Designer
161.0,4.0,14.0,23,4.0,0.6086956521739131,0,0,0,5.087596335232384,Беляево,Designer
73.2,2.0,10.0,24,9.0,0.4166666666666667,0,0,0,4.306764150173335,Профсоюзная,Cosmetic
47.6,2.0,3.0,16,18.0,0.1875,0,0,0,3.883623530906448,Прокшино,Without renovation
95.2,4.0,2.0,22,8.0,0.0909090909090909,0,0,0,4.566429357671661,Нагорная,European-style renovation
50.4,2.0,3.0,3,5.0,1.0,0,1,0,3.93963817246112,Китай-город,European-style renovation
136.6,4.0,4.0,5,4.0,0.8,0,0,0,4.924350925499243,Библиотека и Ленина,Designer
42.0,1.0,13.0,19,10.0,0.6842105263157895,0,0,0,3.7612001156935615,Алма-Атинская,European-style renovation
75.0,3.0,2.0,17,21.0,0.1176470588235294,0,0,0,4.330733340286331,Домодедовская,European-style renovation
47.0,2.0,7.0,17,20.0,0.4117647058823529,0,0,0,3.871201010907891,Речной вокзал,European-style renovation
124.6,4.0,4.0,21,17.0,0.1904761904761904,0,0,0,4.833102254034098,Мичуринский проспект,Without renovation
46.6,1.0,2.0,5,13.0,0.4,0,0,0,3.8628327612373754,Люблино,Cosmetic
62.6,3.0,8.0,9,12.0,0.8888888888888888,0,0,0,4.152613470346076,Автозаводская,Designer
71.9,3.0,2.0,16,6.0,0.125,0,0,0,4.289088639014612,Солнцево,Cosmetic
124.4,4.0,5.0,7,16.0,0.7142857142857143,0,0,0,4.83150862819882,Щукинская,Designer
54.0,2.0,7.0,17,6.0,0.4117647058823529,0,0,0,4.007333185232471,Крестьянская застава,Cosmetic
51.4,2.0,13.0,17,6.0,0.7647058823529411,0,0,0,3.958906591326997,Красный Строитель,Without renovation
21.6,0.0,17.0,24,14.0,0.7083333333333334,0,0,1,3.1179499062782403,Солнцево,Cosmetic
91.0,3.0,13.0,25,17.0,0.52,0,0,0,4.5217885770490405,Павшино,Cosmetic
379.5,6.0,5.0,10,6.0,0.5,0,0,0,5.941486177301741,Раменки,Without renovation
79.0,4.0,7.0,21,8.0,0.3333333333333333,0,0,0,4.382026634673881,Бунинская Аллея,Cosmetic
93.3,3.0,9.0,17,6.0,0.5294117647058824,0,0,0,4.546481189639412,Печатники,European-style renovation
39.5,1.0,10.0,19,16.0,0.5263157894736842,0,0,0,3.701301974112493,Беляево,European-style renovation
71.0,4.0,3.0,5,6.0,0.6,0,0,0,4.276666119016055,Смоленская,Designer
59.8,3.0,6.0,18,10.0,0.3333333333333333,0,0,0,4.107589788972121,Прокшино,Without renovation
28.0,0.0,2.0,2,18.0,1.0,0,1,1,3.367295829986474,Семеновская,Cosmetic
71.0,3.0,7.0,8,2.0,0.875,0,0,0,4.276666119016055,Охотный ряд,European-style renovation
72.0,3.0,6.0,8,6.0,0.75,0,0,0,4.290459441148391,Окружная,Cosmetic
35.4,1.0,3.0,16,9.0,0.1875,0,0,0,3.594568774642695,Рязанский проспект,Cosmetic
16.5,0.0,6.0,6,17.0,1.0,0,1,1,2.862200880929469,Первомайская,European-style renovation
73.6,3.0,2.0,19,8.0,0.1052631578947368,0,0,0,4.312140507209715,Терехово,European-style renovation
114.7,3.0,25.0,44,16.0,0.5681818181818182,0,0,0,4.751000634199631,Селигерская,Designer
22.0,0.0,19.0,39,21.0,0.4871794871794871,0,0,1,3.1354942159291497,Хорошево,Designer
79.5,3.0,2.0,4,5.0,0.5,0,0,0,4.388257184424518,Площадь Ильича,Without renovation
34.6,1.0,6.0,12,17.0,0.5,0,0,0,3.572345637857985,Локомотив,Cosmetic
24.0,6.0,14.0,19,5.0,0.7368421052631579,0,0,0,3.218875824868201,Бунинская Аллея,Cosmetic
65.7,3.0,11.0,25,24.0,0.44,0,0,0,4.200204952921578,Трикотажная,Without renovation
198.8,5.0,4.0,13,8.0,0.3076923076923077,0,0,0,5.297316866214453,Новослободская,Designer
75.0,3.0,3.0,17,14.0,0.1764705882352941,0,0,0,4.330733340286331,Алма-Атинская,Cosmetic
13.5,0.0,1.0,12,7.0,0.0833333333333333,1,0,1,2.6741486494265287,Беломорская,Cosmetic
98.6,2.0,7.0,12,5.0,0.5833333333333334,0,0,0,4.601162164590552,Маяковская,European-style renovation
85.1,3.0,25.0,40,12.0,0.625,0,0,0,4.455509411433685,ЗИЛ,Without renovation
304.0,6.0,4.0,5,11.0,0.8,0,0,0,5.720311776607412,Арбатская,Without renovation
71.0,2.0,12.0,41,17.0,0.2926829268292683,0,0,0,4.276666119016055,Шелепиха,European-style renovation
48.6,1.0,19.0,23,14.0,0.8260869565217391,0,0,0,3.903990833730882,Народное Ополчение,Without renovation
19.9,6.0,28.0,33,3.0,0.8484848484848485,0,0,0,3.039749158970765,Бульвар Рокоссовского,Cosmetic
29.9,0.0,1.0,8,6.0,0.125,1,0,1,3.4307561839036995,Китай-город,European-style renovation
21.89,6.0,4.0,21,20.0,0.1904761904761904,0,0,0,3.130700133964476,Озёрная,Cosmetic
104.0,3.0,6.0,25,12.0,0.24,0,0,0,4.653960350157523,Юго-Западная,Designer
41.1,1.0,21.0,23,9.0,0.9130434782608696,0,0,0,3.740047740688336,Варшавская,European-style renovation
37.0,2.0,3.0,9,21.0,0.3333333333333333,0,0,0,3.6375861597263857,Народное Ополчение,Cosmetic
309.7,5.0,22.0,22,11.0,1.0,0,1,0,5.738827816399001,Кунцевская,European-style renovation
148.6,4.0,4.0,7,12.0,0.5714285714285714,0,0,0,5.007965065540377,Парк культуры,Designer
134.0,4.0,20.0,39,3.0,0.5128205128205128,0,0,0,4.90527477843843,Сокольники,Designer
124.9,4.0,2.0,6,18.0,0.3333333333333333,0,0,0,4.835487941050301,Соколиная Гора,European-style renovation
51.5,2.0,2.0,14,11.0,0.1428571428571428,0,0,0,3.960813169597578,Савеловская,Without renovation
90.8,3.0,2.0,30,24.0,0.0666666666666666,0,0,0,4.519612297626445,Белокаменная,Cosmetic
19.0,0.0,7.0,7,19.0,1.0,0,1,1,2.995732273553991,Бескудниково,Designer
44.9,2.0,1.0,9,8.0,0.1111111111111111,1,0,0,3.8264651170664994,Царицыно,Without renovation
37.7,1.0,11.0,17,28.0,0.6470588235294118,0,0,0,3.655839600035736,Люблино,European-style renovation
41.0,1.0,6.0,16,12.0,0.375,0,0,0,3.737669618283368,Тимирязевская,Cosmetic
86.0,4.0,14.0,18,13.0,0.7777777777777778,0,0,0,4.465908118654584,Прокшино,Without renovation
97.8,3.0,12.0,22,12.0,0.5454545454545454,0,0,0,4.593097604753822,ЗИЛ,Without renovation
50.0,3.0,1.0,9,9.0,0.1111111111111111,1,0,0,3.9318256327243257,Коломенская,Designer
310.0,6.0,4.0,20,5.0,0.2,0,0,0,5.739792912179234,Фрунзенская,Designer
110.0,3.0,36.0,40,6.0,0.9,0,0,0,4.709530201312334,Молодежная,Designer
59.0,3.0,9.0,23,11.0,0.391304347826087,0,0,0,4.0943445622221,Водный стадион,Without renovation
39.8,1.0,9.0,17,16.0,0.5294117647058824,0,0,0,3.708682081410116,Отрадное,Cosmetic
53.3,2.0,11.0,49,24.0,0.2244897959183673,0,0,0,3.9945242269398897,Народное Ополчение,Without renovation
90.0,3.0,3.0,6,8.0,0.5,0,0,0,4.51085950651685,Перово,European-style renovation
51.0,2.0,1.0,9,6.0,0.1111111111111111,1,0,0,3.951243718581428,Дмитровская,Cosmetic
113.13,2.0,7.0,21,5.0,0.3333333333333333,0,0,0,4.737338149565509,Беговая,European-style renovation
119.0,4.0,5.0,6,11.0,0.8333333333333334,0,0,0,4.787491742782046,Кожуховская,Without renovation
26.57,6.0,5.0,20,13.0,0.25,0,0,0,3.316728225035705,Тульская,Cosmetic
227.0,5.0,6.0,12,7.0,0.5,0,0,0,5.429345628954441,Спортивная,Without renovation
60.0,2.0,8.0,8,13.0,1.0,0,1,0,4.110873864173311,Верхние Котлы,European-style renovation
163.4,4.0,11.0,18,10.0,0.6111111111111112,0,0,0,5.10230248262208,Улица 1905 года,Designer
49.0,2.0,3.0,6,10.0,0.5,0,0,0,3.912023005428146,Парк культуры,Without renovation
46.9,1.0,8.0,14,24.0,0.5714285714285714,0,0,0,3.8691155044168695,Коммунарка,European-style renovation
75.6,3.0,29.0,31,5.0,0.935483870967742,0,0,0,4.338597076746545,Фили,Without renovation
66.6,2.0,2.0,6,7.0,0.3333333333333333,0,0,0,4.213607983048918,Таганская,Without renovation
143.9,5.0,41.0,42,11.0,0.9761904761904762,0,0,0,4.976043849326636,Мичуринский проспект,Without renovation
138.4,5.0,8.0,15,22.0,0.5333333333333333,0,0,0,4.937347498326424,ЗИЛ,Designer
100.0,4.0,2.0,4,3.0,0.5,0,0,0,4.61512051684126,Цветной бульвар,European-style renovation
50.5,1.0,3.0,12,30.0,0.25,0,0,0,3.9415818076696905,Коммунарка,Cosmetic
102.0,4.0,7.0,22,10.0,0.3181818181818182,0,0,0,4.634728988229636,ВДНХ,Without renovation
23.8,6.0,2.0,28,17.0,0.0714285714285714,0,0,0,3.210843653170937,Серпуховская,Cosmetic
36.9,1.0,2.0,8,6.0,0.25,0,0,0,3.634951112088381,Тверская,Without renovation
72.2,2.0,17.0,23,10.0,0.7391304347826086,0,0,0,4.293195420967266,Спартак,Without renovation
78.0,3.0,11.0,17,22.0,0.6470588235294118,0,0,0,4.3694478524670215,Новопеределкино,Cosmetic
85.0,1.0,2.0,5,7.0,0.4,0,0,0,4.454347296253507,Охотный ряд,Without renovation
75.0,3.0,2.0,19,23.0,0.1052631578947368,0,0,0,4.330733340286331,Бабушкинская,European-style renovation
200.0,6.0,20.0,22,7.0,0.9090909090909092,0,0,0,5.303304908059076,Щукинская,Without renovation
60.6,3.0,6.0,12,32.0,0.5,0,0,0,4.120661870539474,Покровское,Cosmetic
42.1,1.0,6.0,35,12.0,0.1714285714285714,0,0,0,3.763522997109702,Алексеевская,Cosmetic
237.0,6.0,3.0,12,4.0,0.25,0,0,0,5.472270673671475,Ломоносовский проспект,Without renovation
98.4,4.0,3.0,4,10.0,0.75,0,0,0,4.599152113662528,Комсомольская,Cosmetic
57.6,3.0,6.0,26,11.0,0.2307692307692307,0,0,0,4.070734696582967,Аннино,European-style renovation
91.1,4.0,1.0,17,17.0,0.0588235294117647,1,0,0,4.522874943261261,Дмитровская,European-style renovation
99.3,4.0,1.0,5,7.0,0.2,1,0,0,4.60816569496789,Дмитровская,Designer
98.0,3.0,14.0,22,12.0,0.6363636363636364,0,0,0,4.59511985013459,ЗИЛ,Without renovation
245.0,5.0,3.0,4,7.0,0.75,0,0,0,5.5053315359323625,Парк культуры,European-style renovation
60.5,2.0,16.0,18,16.0,0.8888888888888888,0,0,0,4.119037174812473,Медведково,Without renovation
60.0,2.0,2.0,2,9.0,1.0,0,1,0,4.110873864173311,Красные ворота,Without renovation
37.3,2.0,22.0,30,9.0,0.7333333333333333,0,0,0,3.6454498961866,Волгоградский проспект,Cosmetic
82.0,2.0,4.0,14,10.0,0.2857142857142857,0,0,0,4.418840607796598,Серпуховская,Without renovation
282.0,9.0,2.0,6,6.0,0.3333333333333333,0,0,0,5.645446897643238,Кропоткинская,European-style renovation
30.0,1.0,11.0,13,17.0,0.8461538461538461,0,0,0,3.4339872044851463,Шаболовская,Without renovation
54.0,2.0,4.0,21,25.0,0.1904761904761904,0,0,0,4.007333185232471,Беговая,Without renovation
38.5,1.0,22.0,22,6.0,1.0,0,1,0,3.676300671907076,Ясенево,Cosmetic
46.8,2.0,6.0,18,6.0,0.3333333333333333,0,0,0,3.86702563949741,Панфиловская,European-style renovation
127.04,2.0,2.0,6,3.0,0.3333333333333333,0,0,0,4.852342715101663,Третьяковская,Designer
18.9,0.0,5.0,5,6.0,1.0,0,1,1,2.990719731730447,Улица 1905 года,Designer
56.6,2.0,9.0,14,23.0,0.6428571428571429,0,0,0,4.053522567701846,Щелковская,European-style renovation
22.1,1.0,10.0,13,7.0,0.7692307692307693,0,0,0,3.139832617527748,ЗИЛ,Designer
60.5,3.0,2.0,9,8.0,0.2222222222222222,0,0,0,4.119037174812473,Бескудниково,European-style renovation
33.0,6.0,27.0,43,15.0,0.627906976744186,0,0,0,3.5263605246161616,Шелепиха,Cosmetic
75.0,3.0,9.0,16,25.0,0.5625,0,0,0,4.330733340286331,Некрасовка,Cosmetic
55.0,2.0,14.0,17,8.0,0.8235294117647058,0,0,0,4.02535169073515,Волоколамская,European-style renovation
38.0,2.0,1.0,2,31.0,0.5,1,0,0,3.6635616461296463,Новодачная,Cosmetic
82.0,3.0,3.0,5,7.0,0.6,0,0,0,4.418840607796598,Филёвский парк,Designer
18.2,0.0,1.0,9,9.0,0.1111111111111111,1,0,1,2.954910279033736,Медведково,Cosmetic
108.2,5.0,34.0,34,8.0,1.0,0,1,0,4.693181063310805,Нагорная,Without renovation
106.4,3.0,9.0,22,13.0,0.4090909090909091,0,0,0,4.676560182074764,Профсоюзная,Designer
45.3,2.0,2.0,12,26.0,0.1666666666666666,0,0,0,3.835141961092188,Щелковская,Cosmetic
21.3,6.0,2.0,14,14.0,0.1428571428571428,0,0,0,3.104586678466073,Коммунарка,Cosmetic
15.3,0.0,3.0,4,3.0,0.75,0,0,1,2.791165107812717,Аэропорт,Designer
18.5,0.0,3.0,5,13.0,0.6,0,0,1,2.970414465569701,Ботанический сад,Cosmetic
192.92,4.0,10.0,10,6.0,1.0,0,1,0,5.267445702880949,Парк Победы,Designer
38.3,1.0,18.0,22,29.0,0.8181818181818182,0,0,0,3.6712245188752153,Люблино,Cosmetic
104.0,2.0,5.0,25,12.0,0.2,0,0,0,4.653960350157523,Медведково,Designer
35.0,1.0,8.0,16,16.0,0.5,0,0,0,3.58351893845611,Водный стадион,Cosmetic
14.0,0.0,1.0,5,17.0,0.2,1,0,1,2.70805020110221,Преображенская площадь,European-style renovation
20.0,0.0,1.0,5,13.0,0.2,1,0,1,3.044522437723423,Академическая,Without renovation
36.0,1.0,4.0,9,8.0,0.4444444444444444,0,0,0,3.610917912644224,Бескудниково,Cosmetic
14.0,0.0,1.0,12,6.0,0.0833333333333333,1,0,1,2.70805020110221,Отрадное,Without renovation
40.1,1.0,10.0,13,21.0,0.7692307692307693,0,0,0,3.716008121502189,ЗИЛ,Without renovation
38.5,1.0,6.0,19,9.0,0.3157894736842105,0,0,0,3.676300671907076,Лесопарковая,Cosmetic
92.0,3.0,12.0,78,4.0,0.1538461538461538,0,0,0,4.532599493153256,Тестовская,European-style renovation
47.7,2.0,12.0,12,20.0,1.0,0,1,0,3.885679030088544,Шипиловская,Without renovation
63.0,0.0,2.0,13,9.0,0.1538461538461538,0,0,1,4.158883083359672,Смоленская,Designer
25.0,0.0,12.0,23,11.0,0.5217391304347826,0,0,1,3.258096538021482,Хорошёвская,Designer
21.1,6.0,9.0,14,14.0,0.6428571428571429,0,0,0,3.095577608523707,Ольховая,Cosmetic
47.0,2.0,1.0,12,9.0,0.0833333333333333,1,0,0,3.871201010907891,Площадь Ильича,Without renovation
37.0,1.0,14.0,15,39.0,0.9333333333333332,0,0,0,3.6375861597263857,Бунинская Аллея,Cosmetic
70.0,0.0,20.0,42,5.0,0.4761904761904761,0,0,1,4.262679877041316,Аминьевская,Without renovation
64.2,2.0,7.0,17,21.0,0.4117647058823529,0,0,0,4.177459468932607,ЗИЛ,European-style renovation
21.1,0.0,1.0,5,17.0,0.2,1,0,1,3.095577608523707,Бауманская,Designer
268.0,12.0,2.0,2,8.0,1.0,0,1,0,5.594711379601839,Марксистская,Designer
19.1,6.0,21.0,32,10.0,0.65625,0,0,0,3.0007198150650303,Шелепиха,Cosmetic
69.3,2.0,8.0,16,18.0,0.5,0,0,0,4.252771798816619,ЗИЛ,European-style renovation
81.7,2.0,2.0,40,11.0,0.05,0,0,0,4.415219602029645,ЦСКА,Without renovation
70.9,3.0,2.0,5,12.0,0.4,0,0,0,4.275276264727001,Сокольники,Designer
100.0,3.0,6.0,7,15.0,0.8571428571428571,0,0,0,4.61512051684126,Киевская,European-style renovation
34.7,1.0,7.0,12,6.0,0.5833333333333334,0,0,0,3.5751506887855933,Озёрная,Cosmetic
66.4,3.0,14.0,20,10.0,0.7,0,0,0,4.210645017918261,Прокшино,Without renovation
42.0,1.0,7.0,9,12.0,0.7777777777777778,0,0,0,3.7612001156935615,Лухмановская,Cosmetic
43.9,2.0,2.0,9,9.0,0.2222222222222222,0,0,0,3.8044377947482086,Депо,Without renovation
134.4,4.0,10.0,33,7.0,0.303030303030303,0,0,0,4.908233360478175,Юго-Западная,European-style renovation
75.1,3.0,17.0,17,13.0,1.0,0,1,0,4.33204826486764,Каховская,Designer
60.8,2.0,7.0,46,13.0,0.1521739130434782,0,0,0,4.123903364463645,Калужская,European-style renovation
22.5,0.0,2.0,2,16.0,1.0,0,1,1,3.157000421150113,Петровский парк,Designer
33.0,0.0,11.0,23,11.0,0.4782608695652174,0,0,1,3.5263605246161616,Хорошёвская,Without renovation
63.5,3.0,5.0,12,23.0,0.4166666666666667,0,0,0,4.166665223801727,Щукинская,Without renovation
44.0,2.0,5.0,5,24.0,1.0,0,1,0,3.80666248977032,Ольховая,Cosmetic
52.0,3.0,7.0,9,12.0,0.7777777777777778,0,0,0,3.970291913552122,Выхино,Cosmetic
14.5,0.0,1.0,5,19.0,0.2,1,0,1,2.740840023925201,Молодежная,European-style renovation
206.3,5.0,3.0,6,13.0,0.5,0,0,0,5.334167019441734,Минская,Without renovation
47.3,1.0,7.0,34,16.0,0.2058823529411764,0,0,0,3.877431560658527,Улица Скобелевская,Cosmetic
91.0,4.0,33.0,33,12.0,1.0,0,1,0,4.5217885770490405,Улица Скобелевская,Designer
124.1,4.0,3.0,14,3.0,0.2142857142857142,0,0,0,4.829113417472866,Проспект Мира,European-style renovation
129.4,4.0,17.0,18,1.0,0.9444444444444444,0,0,0,4.870606649492553,Ломоносовский проспект,Designer
114.3,3.0,17.0,24,17.0,0.7083333333333334,0,0,0,4.747537427275013,Пенягино,European-style renovation
38.5,1.0,10.0,22,12.0,0.4545454545454545,0,0,0,3.676300671907076,Крылатское,Cosmetic
25.1,0.0,1.0,3,27.0,0.3333333333333333,1,0,1,3.261935314328648,Селигерская,European-style renovation
157.0,4.0,7.0,16,5.0,0.4375,0,0,0,5.062595033026967,Тимирязевская,Without renovation
51.8,2.0,12.0,19,9.0,0.631578947368421,0,0,0,3.966511190712216,Яхромская,European-style renovation
35.0,1.0,1.0,12,4.0,0.0833333333333333,1,0,0,3.58351893845611,Кленовый бульвар,Cosmetic
184.5,4.0,8.0,8,27.0,1.0,0,1,0,5.22305488204749,Тульская,Without renovation
39.0,1.0,7.0,12,10.0,0.5833333333333334,0,0,0,3.688879454113936,Рабочий Посёлок,Cosmetic
55.7,2.0,5.0,5,8.0,1.0,0,1,0,4.037774210733707,Марьина Роща,Without renovation
43.5,2.0,6.0,9,15.0,0.6666666666666666,0,0,0,3.7954891891721942,Красный Строитель,European-style renovation
29.6,1.0,1.0,5,18.0,0.2,1,0,0,3.4210000089583352,Озёрная,European-style renovation
64.0,3.0,2.0,12,19.0,0.1666666666666666,0,0,0,4.174387269895637,Новогиреево,Designer
133.9,5.0,3.0,4,13.0,0.75,0,0,0,4.90453376321371,Киевская,Designer
144.7,4.0,8.0,8,18.0,1.0,0,1,0,4.981549713201159,Хорошево,Designer
70.0,3.0,17.0,22,12.0,0.7727272727272727,0,0,0,4.262679877041316,Окружная,Cosmetic
17.0,0.0,1.0,14,15.0,0.0714285714285714,1,0,1,2.8903717578961645,Таганская,Cosmetic
40.0,2.0,5.0,25,17.0,0.2,0,0,0,3.713572066704308,Павшино,European-style renovation
40.4,1.0,13.0,15,10.0,0.8666666666666667,0,0,0,3.7232808808312687,Раменки,Without renovation
97.9,3.0,16.0,22,12.0,0.7272727272727273,0,0,0,4.594109238628667,ЗИЛ,Without renovation
154.0,4.0,4.0,18,10.0,0.2222222222222222,0,0,0,5.043425116919247,Белорусская,Designer
82.0,3.0,8.0,25,18.0,0.32,0,0,0,4.418840607796598,Мичуринский проспект,European-style renovation
26.8,0.0,6.0,16,7.0,0.375,0,0,1,3.3250360206965914,Филатов Луг,European-style renovation
143.0,5.0,38.0,47,12.0,0.8085106382978723,0,0,0,4.969813299576001,Калужская,Without renovation
40.4,1.0,11.0,15,10.0,0.7333333333333333,0,0,0,3.7232808808312687,Прокшино,Cosmetic
18.4,0.0,3.0,4,9.0,0.75,0,0,1,2.9652730660692823,Измайлово,Cosmetic
89.0,4.0,44.0,55,8.0,0.8,0,0,0,4.499809670330265,Марьина Роща,European-style renovation
55.0,3.0,5.0,5,6.0,1.0,0,1,0,4.02535169073515,Шаболовская,Cosmetic
35.1,1.0,1.0,3,25.0,0.3333333333333333,1,0,0,3.586292865338835,Бунинская Аллея,Cosmetic
60.3,2.0,15.0,28,19.0,0.5357142857142857,0,0,0,4.115779842942166,Народное Ополчение,Designer
152.0,4.0,9.0,21,17.0,0.4285714285714285,0,0,0,5.030437921392435,Фили,Without renovation
20.0,0.0,1.0,5,14.0,0.2,1,0,1,3.044522437723423,Академическая,Without renovation
65.8,2.0,16.0,17,26.0,0.9411764705882352,0,0,0,4.2017030805426,Коммунарка,European-style renovation
84.2,4.0,2.0,5,9.0,0.4,0,0,0,4.44500143383527,Шаболовская,Cosmetic
64.0,3.0,8.0,14,16.0,0.5714285714285714,0,0,0,4.174387269895637,Коломенская,Cosmetic
100.0,5.0,1.0,12,7.0,0.0833333333333333,1,0,0,4.61512051684126,Рабочий Посёлок,European-style renovation
77.6,3.0,16.0,16,18.0,1.0,0,1,0,4.364371699435161,Братиславская,Cosmetic
138.8,3.0,18.0,22,13.0,0.8181818181818182,0,0,0,4.94021282979971,Шаболовская,Without renovation
16.5,0.0,1.0,9,6.0,0.1111111111111111,1,0,1,2.862200880929469,Шипиловская,Cosmetic
59.6,3.0,4.0,9,9.0,0.4444444444444444,0,0,0,4.104294893075269,Выхино,Designer
60.5,3.0,25.0,25,6.0,1.0,0,1,0,4.119037174812473,Аннино,Designer
65.8,3.0,8.0,16,18.0,0.5,0,0,0,4.2017030805426,Новогиреево,Cosmetic
340.0,4.0,6.0,6,5.0,1.0,0,1,0,5.831882477283517,Добрынинская,European-style renovation
27.73,6.0,13.0,20,13.0,0.65,0,0,0,3.3579418729911983,Тульская,Cosmetic
91.7,3.0,23.0,28,26.0,0.8214285714285714,0,0,0,4.529368472571809,Фили,Without renovation
16.8,0.0,1.0,8,7.0,0.125,1,0,1,2.87919845729804,Калитники,Without renovation
19.5,0.0,1.0,8,4.0,0.125,1,0,1,3.0204248861443626,Тургеневская,European-style renovation
26.3,0.0,9.0,40,12.0,0.225,0,0,1,3.3068867021909143,Динамо,European-style renovation
13.1,0.0,2.0,14,5.0,0.1428571428571428,0,0,1,2.6461747973841225,Кантемировская,Cosmetic
35.0,0.0,5.0,10,4.0,0.5,0,0,1,3.58351893845611,Тверская,Cosmetic
23.2,6.0,17.0,18,17.0,0.9444444444444444,0,0,0,3.186352633162641,Коммунарка,Cosmetic
34.0,0.0,23.0,37,13.0,0.6216216216216216,0,0,1,3.555348061489413,Шелепиха,Without renovation
40.0,1.0,8.0,24,15.0,0.3333333333333333,0,0,0,3.713572066704308,Бульвар Дмитрия Донского,European-style renovation
46.7,1.0,13.0,25,10.0,0.52,0,0,0,3.864931397894296,Аннино,European-style renovation
72.4,3.0,11.0,18,13.0,0.6111111111111112,0,0,0,4.29592393562047,Кантемировская,European-style renovation
90.58,3.0,10.0,21,8.0,0.4761904761904761,0,0,0,4.5172129072289495,Дубровка,European-style renovation
52.8,2.0,8.0,11,13.0,0.7272727272727273,0,0,0,3.9852734671677386,Молодежная,Cosmetic
86.7,3.0,11.0,32,4.0,0.34375,0,0,0,4.473921899378137,Беговая,Designer
35.0,1.0,1.0,6,17.0,0.1666666666666666,1,0,0,3.58351893845611,Медведково,Designer
15.8,0.0,8.0,8,12.0,1.0,0,1,1,2.8213788864092133,Электрозаводская,Designer
284.0,7.0,1.0,5,43.0,0.2,1,0,0,5.652489180268651,Тушинская,European-style renovation
18.0,0.0,2.0,2,16.0,1.0,0,1,1,2.9444389791664403,Рязанский проспект,Cosmetic
24.93,6.0,12.0,20,13.0,0.6,0,0,0,3.255400599550573,Тульская,Cosmetic
94.0,3.0,2.0,8,5.0,0.25,0,0,0,4.553876891600541,Арбатская,European-style renovation
69.8,2.0,18.0,30,15.0,0.6,0,0,0,4.259859000699674,Окская,Cosmetic
43.8,2.0,1.0,9,17.0,0.1111111111111111,1,0,0,3.80220813942094,Строгино,Cosmetic
54.4,1.0,3.0,12,9.0,0.25,0,0,0,4.014579593753238,Киевская,European-style renovation
15.5,0.0,1.0,5,13.0,0.2,1,0,1,2.803360380906535,Академическая,Without renovation
40.0,1.0,25.0,48,30.0,0.5208333333333334,0,0,0,3.713572066704308,Тестовская,European-style renovation
152.0,7.0,6.0,7,6.0,0.8571428571428571,0,0,0,5.030437921392435,Китай-город,Without renovation
72.6,3.0,16.0,17,9.0,0.9411764705882352,0,0,0,4.298645025734831,Шипиловская,Cosmetic
79.64,3.0,2.0,21,10.0,0.0952380952380952,0,0,0,4.3899948043230586,Бутырская,European-style renovation
85.0,3.0,1.0,3,10.0,0.3333333333333333,1,0,0,4.454347296253507,Свиблово,European-style renovation
162.7,5.0,7.0,8,5.0,0.875,0,0,0,5.098035484377089,Новокузнецкая,Designer
41.4,2.0,3.0,5,8.0,0.6,0,0,0,3.747148362237912,Пролетарская,Without renovation
57.1,2.0,13.0,22,16.0,0.5909090909090909,0,0,0,4.062165663857866,Братиславская,Cosmetic
37.1,1.0,2.0,24,13.0,0.0833333333333333,0,0,0,3.6402142821326553,Шелепиха,Designer
19.2,0.0,2.0,3,27.0,0.6666666666666666,0,0,1,3.005682604407159,Селигерская,European-style renovation
74.2,2.0,4.0,11,5.0,0.3636363636363636,0,0,0,4.320151230955794,Панфиловская,European-style renovation
73.0,3.0,1.0,17,6.0,0.0588235294117647,1,0,0,4.30406509320417,Борисово,Designer
39.4,1.0,3.0,17,16.0,0.1764705882352941,0,0,0,3.698829784967105,Коммунарка,European-style renovation
44.0,2.0,19.0,30,20.0,0.6333333333333333,0,0,0,3.80666248977032,Рабочий Посёлок,European-style renovation
123.0,4.0,9.0,16,28.0,0.5625,0,0,0,4.820281565605037,Тульская,Without renovation
81.0,4.0,1.0,25,16.0,0.04,1,0,0,4.406719247264253,Беляево,Cosmetic
40.0,1.0,7.0,12,15.0,0.5833333333333334,0,0,0,3.713572066704308,Народное Ополчение,Cosmetic
67.7,2.0,3.0,25,8.0,0.12,0,0,0,4.229749199228304,Нижегородская,Without renovation
40.0,2.0,4.0,14,7.0,0.2857142857142857,0,0,0,3.713572066704308,Рассказовка,Cosmetic
13.4,0.0,1.0,2,16.0,0.5,1,0,1,2.667228206581955,Семеновская,European-style renovation
108.3,4.0,4.0,5,14.0,0.8,0,0,0,4.694096395182493,Озёрная,Cosmetic
93.8,3.0,17.0,22,12.0,0.7727272727272727,0,0,0,4.551769409260976,ЗИЛ,Without renovation
46.0,2.0,11.0,12,7.0,0.9166666666666666,0,0,0,3.8501476017100575,Медведково,Without renovation
72.0,4.0,2.0,8,9.0,0.25,0,0,0,4.290459441148391,Пролетарская,European-style renovation
221.0,4.0,5.0,5,5.0,1.0,0,1,0,5.402677381872279,Кузнецкий мост,European-style renovation
48.5,1.0,28.0,34,8.0,0.8235294117647058,0,0,0,3.901972669574645,Воронцовская,European-style renovation
86.5,4.0,5.0,9,6.0,0.5555555555555556,0,0,0,4.471638793363569,Таганская,Cosmetic
55.6,3.0,5.0,9,20.0,0.5555555555555556,0,0,0,4.036008985209137,Бибирево,Cosmetic
21.5,0.0,8.0,18,15.0,0.4444444444444444,0,0,1,3.1135153092103742,Филатов Луг,European-style renovation
77.8,4.0,2.0,69,6.0,0.0289855072463768,0,0,0,4.366912996863833,Кожуховская,European-style renovation
201.0,4.0,14.0,23,5.0,0.6086956521739131,0,0,0,5.308267697401205,Раменки,Designer
164.3,4.0,4.0,6,12.0,0.6666666666666666,0,0,0,5.107762004826979,Спортивная,Designer
20.1,6.0,2.0,33,5.0,0.0606060606060606,0,0,0,3.0492730404820207,Красный Строитель,Cosmetic
75.0,3.0,17.0,17,6.0,1.0,0,1,0,4.330733340286331,Свиблово,European-style renovation
41.8,1.0,18.0,22,8.0,0.8181818181818182,0,0,0,3.756538102587751,Беляево,European-style renovation
27.0,0.0,20.0,22,17.0,0.9090909090909092,0,0,1,3.332204510175204,Селигерская,Cosmetic
42.0,1.0,15.0,17,24.0,0.8823529411764706,0,0,0,3.7612001156935615,Бунинская Аллея,European-style renovation
18.5,0.0,2.0,17,8.0,0.1176470588235294,0,0,1,2.970414465569701,Некрасовка,European-style renovation
184.0,5.0,4.0,5,11.0,0.8,0,0,0,5.220355825078324,Кропоткинская,Designer
74.78,2.0,3.0,6,15.0,0.5,0,0,0,4.327834405590455,Новокузнецкая,Designer
42.8,2.0,2.0,9,23.0,0.2222222222222222,0,0,0,3.779633817382401,Яхромская,Cosmetic
46.0,2.0,5.0,12,18.0,0.4166666666666667,0,0,0,3.8501476017100575,Селигерская,Without renovation
56.0,2.0,12.0,18,32.0,0.6666666666666666,0,0,0,4.04305126783455,Покровское,Cosmetic
75.6,3.0,6.0,15,22.0,0.4,0,0,0,4.338597076746545,ЗИЛ,European-style renovation
300.0,5.0,3.0,6,5.0,0.5,0,0,0,5.707110264748875,Фрунзенская,European-style renovation
43.0,1.0,10.0,28,13.0,0.3571428571428571,0,0,0,3.784189633918261,Раменки,Without renovation
73.0,2.0,8.0,14,11.0,0.5714285714285714,0,0,0,4.30406509320417,Добрынинская,Designer
24.5,0.0,1.0,5,7.0,0.2,1,0,1,3.2386784521643803,Окружная,European-style renovation
37.7,1.0,7.0,17,12.0,0.4117647058823529,0,0,0,3.655839600035736,Щелковская,Without renovation
70.0,3.0,5.0,5,13.0,1.0,0,1,0,4.262679877041316,Стахановская,Cosmetic
29.2,0.0,6.0,13,17.0,0.4615384615384615,0,0,1,3.407841924380824,Шаболовская,Without renovation
95.0,3.0,14.0,15,28.0,0.9333333333333332,0,0,0,4.564348191467836,Царицыно,Without renovation
139.0,4.0,4.0,10,16.0,0.4,0,0,0,4.941642422609304,Молодежная,European-style renovation
67.6,2.0,3.0,24,3.0,0.125,0,0,0,4.22829253473184,Фили,European-style renovation
101.7,2.0,3.0,6,5.0,0.5,0,0,0,4.631812116934513,Арбатская,Designer
181.0,4.0,3.0,12,12.0,0.25,0,0,0,5.204006687076795,Фрунзенская,Designer
54.1,2.0,8.0,10,8.0,0.8,0,0,0,4.009149716158869,Марьино,Cosmetic
63.2,3.0,10.0,28,8.0,0.3571428571428571,0,0,0,4.162003210695915,Стрешнево,European-style renovation
60.0,2.0,2.0,41,17.0,0.048780487804878,0,0,0,4.110873864173311,Динамо,Without renovation
24.0,0.0,9.0,12,7.0,0.75,0,0,1,3.218875824868201,Речной вокзал,Cosmetic
50.0,2.0,2.0,12,5.0,0.1666666666666666,0,0,0,3.9318256327243257,Зябликово,European-style renovation
39.7,1.0,17.0,17,16.0,1.0,0,1,0,3.7062280924485496,Дегунино,Cosmetic
165.2,4.0,2.0,5,13.0,0.4,0,0,0,5.113191882421348,Белорусская,Without renovation
53.6,2.0,15.0,17,9.0,0.8823529411764706,0,0,0,4.000033882750859,Волоколамская,Cosmetic
166.5,4.0,2.0,7,10.0,0.2857142857142857,0,0,0,5.120983351265121,Арбатская,European-style renovation
68.3,2.0,30.0,77,6.0,0.3896103896103896,0,0,0,4.238444906195857,Международная,Designer
153.5,5.0,21.0,40,13.0,0.525,0,0,0,5.0401940963378005,ЦСКА,Designer
42.1,2.0,16.0,25,17.0,0.64,0,0,0,3.763522997109702,Братиславская,Cosmetic
36.4,1.0,20.0,46,18.0,0.4347826086956521,0,0,0,3.6216707044204863,Серпуховская,Without renovation
18.7,0.0,1.0,12,7.0,0.0833333333333333,1,0,1,2.9806186357439426,Отрадное,Without renovation
32.0,1.0,5.0,9,7.0,0.5555555555555556,0,0,0,3.49650756146648,Пражская,Cosmetic
72.0,3.0,7.0,14,14.0,0.5,0,0,0,4.290459441148391,Технопарк,Without renovation
95.7,4.0,5.0,23,23.0,0.217391304347826,0,0,0,4.571613402459248,Терехово,Without renovation
40.7,1.0,12.0,22,28.0,0.5454545454545454,0,0,0,3.730501128804756,Ростокино,Cosmetic
80.0,3.0,2.0,9,12.0,0.2222222222222222,0,0,0,4.394449154672439,Савеловская,Cosmetic
152.0,4.0,12.0,24,26.0,0.5,0,0,0,5.030437921392435,Минская,Designer
34.3,2.0,3.0,32,7.0,0.09375,0,0,0,3.563882963939251,Шелепиха,Cosmetic
25.0,0.0,1.0,8,12.0,0.125,1,0,1,3.258096538021482,Электрозаводская,Designer
138.4,5.0,9.0,15,22.0,0.6,0,0,0,4.937347498326424,ЗИЛ,Designer
55.0,2.0,9.0,15,27.0,0.6,0,0,0,4.02535169073515,Покровское,European-style renovation
99.0,3.0,2.0,19,19.0,0.1052631578947368,0,0,0,4.605170185988092,Шелепиха,Designer
82.6,3.0,1.0,14,8.0,0.0714285714285714,1,0,0,4.426043520090656,Физтех,Cosmetic
22.5,0.0,15.0,18,10.0,0.8333333333333334,0,0,1,3.157000421150113,Прокшино,Cosmetic
36.0,1.0,9.0,12,14.0,0.75,0,0,0,3.610917912644224,Щелковская,European-style renovation
24.4,0.0,2.0,4,10.0,0.5,0,0,1,3.2347491740244907,Преображенская площадь,Cosmetic
19.0,0.0,1.0,9,13.0,0.1111111111111111,1,0,1,2.995732273553991,Чертановская,Cosmetic
83.2,0.0,1.0,3,7.0,0.3333333333333333,1,0,1,4.4331949212482815,Первомайская,Designer
19.2,0.0,2.0,17,18.0,0.1176470588235294,0,0,1,3.005682604407159,Некрасовка,Without renovation
200.0,5.0,13.0,23,18.0,0.5652173913043478,0,0,0,5.303304908059076,Профсоюзная,Without renovation
78.2,4.0,24.0,26,14.0,0.9230769230769232,0,0,0,4.37197629882038,Соколиная Гора,European-style renovation
56.8,2.0,5.0,18,6.0,0.2777777777777778,0,0,0,4.056988775678332,Щелковская,Cosmetic
75.0,3.0,10.0,16,15.0,0.625,0,0,0,4.330733340286331,Битцевский Парк,European-style renovation
22.8,0.0,6.0,13,10.0,0.4615384615384615,0,0,1,3.169685580677429,Калитники,European-style renovation
80.0,3.0,10.0,12,6.0,0.8333333333333334,0,0,0,4.394449154672439,Улица 1905 года,European-style renovation
22.2,0.0,3.0,7,28.0,0.4285714285714285,0,0,1,3.1441522786722644,Балтийская,Cosmetic
57.5,0.0,1.0,5,6.0,0.2,1,0,1,4.069026754237811,Достоевская,Cosmetic
148.5,2.0,3.0,9,2.0,0.3333333333333333,0,0,0,5.0072963928307415,Маяковская,Designer
178.0,4.0,6.0,12,11.0,0.5,0,0,0,5.187385805840755,Спортивная,Designer
57.0,2.0,9.0,41,6.0,0.2195121951219512,0,0,0,4.060443010546419,Раменки,Designer
40.9,1.0,8.0,14,12.0,0.5714285714285714,0,0,0,3.735285826928092,Марьино,European-style renovation
47.6,2.0,7.0,18,6.0,0.3888888888888889,0,0,0,3.883623530906448,Панфиловская,European-style renovation
138.8,4.0,4.0,6,22.0,0.6666666666666666,0,0,0,4.94021282979971,Крылатское,European-style renovation
125.2,5.0,7.0,14,57.0,0.5,0,0,0,4.837867950107113,Минская,Without renovation
23.7,0.0,1.0,4,12.0,0.25,1,0,1,3.2068032436339315,Тульская,European-style renovation
270.0,4.0,15.0,18,6.0,0.8333333333333334,0,0,0,5.602118820879701,Панфиловская,Designer
26.9,0.0,13.0,14,13.0,0.9285714285714286,0,0,1,3.32862668882732,Люблино,Cosmetic
24.4,1.0,1.0,4,15.0,0.25,1,0,0,3.2347491740244907,Бауманская,Designer
41.0,2.0,11.0,19,17.0,0.5789473684210527,0,0,0,3.737669618283368,Нагатинская,European-style renovation
38.5,1.0,16.0,22,11.0,0.7272727272727273,0,0,0,3.676300671907076,Беломорская,Cosmetic
40.2,1.0,12.0,24,11.0,0.5,0,0,0,3.7184382563554808,Некрасовка,Cosmetic
46.0,2.0,7.0,9,11.0,0.7777777777777778,0,0,0,3.8501476017100575,Ботанический сад,Without renovation
34.2,1.0,13.0,22,7.0,0.5909090909090909,0,0,0,3.5610460826040518,Тропарево,Cosmetic
39.0,1.0,18.0,25,10.0,0.72,0,0,0,3.688879454113936,Шоссе Энтузиастов,Designer
53.2,2.0,16.0,17,11.0,0.9411764705882352,0,0,0,3.992680908445601,Пятницкое шоссе,Cosmetic
38.2,0.0,3.0,3,5.0,1.0,0,1,1,3.6686767467964168,Чеховская,Without renovation
40.0,0.0,6.0,59,1.0,0.1016949152542373,0,0,1,3.713572066704308,Дмитровская,Without renovation
54.0,2.0,4.0,16,9.0,0.25,0,0,0,4.007333185232471,Бунинская Аллея,Cosmetic
83.7,4.0,14.0,30,18.0,0.4666666666666667,0,0,0,4.439115601658009,Бунинская Аллея,European-style renovation
244.1,4.0,21.0,23,7.0,0.9130434782608696,0,0,0,5.501666290534067,ЦСКА,Cosmetic
233.0,4.0,7.0,11,1.0,0.6363636363636364,0,0,0,5.455321115357702,Полянка,Designer
143.0,4.0,11.0,29,16.0,0.3793103448275862,0,0,0,4.969813299576001,Шаболовская,Without renovation
54.7,2.0,5.0,6,5.0,0.8333333333333334,0,0,0,4.019980146933238,Пушкинская,Designer
76.5,3.0,11.0,22,22.0,0.5,0,0,0,4.350277936359301,Отрадное,Cosmetic
47.0,2.0,4.0,10,9.0,0.4,0,0,0,3.871201010907891,Коптево,Cosmetic
90.0,4.0,7.0,9,11.0,0.7777777777777778,0,0,0,4.51085950651685,Проспект Мира,Cosmetic
93.4,3.0,26.0,40,12.0,0.65,0,0,0,4.547541073151455,ЗИЛ,Without renovation
94.9,4.0,8.0,13,10.0,0.6153846153846154,0,0,0,4.563305981889393,Технопарк,Without renovation
64.1,2.0,32.0,32,18.0,1.0,0,1,0,4.175924549214524,Калужская,European-style renovation
37.1,1.0,10.0,16,10.0,0.625,0,0,0,3.6402142821326553,Бабушкинская,European-style renovation
109.0,4.0,2.0,9,13.0,0.2222222222222222,0,0,0,4.700480365792417,Китай-город,Designer
68.7,3.0,3.0,5,6.0,0.6,0,0,0,4.244200317766478,Маяковская,Without renovation
42.0,1.0,6.0,24,6.0,0.25,0,0,0,3.7612001156935615,Хорошёвская,European-style renovation
187.0,6.0,9.0,9,13.0,1.0,0,1,0,5.236441962829949,Нагорная,Without renovation
35.0,1.0,5.0,12,15.0,0.4166666666666667,0,0,0,3.58351893845611,Калитники,Cosmetic
28.8,0.0,28.0,37,10.0,0.7567567567567568,0,0,1,3.3945083935113587,Аминьевская,European-style renovation
21.8,0.0,1.0,14,11.0,0.0714285714285714,1,0,1,3.126760535960395,Солнцево,European-style renovation
22.4,0.0,8.0,16,20.0,0.5,0,0,1,3.152736022363656,Прокшино,Cosmetic
149.0,4.0,5.0,10,4.0,0.5,0,0,0,5.010635294096256,Терехово (Мнёвники),Without renovation
22.4,6.0,2.0,13,10.0,0.1538461538461538,0,0,0,3.152736022363656,Коммунарка,Cosmetic
86.5,4.0,35.0,45,13.0,0.7777777777777778,0,0,0,4.471638793363569,Мичуринский проспект,European-style renovation
80.4,4.0,6.0,8,9.0,0.75,0,0,0,4.399375273008495,Автозаводская,Without renovation
248.7,6.0,8.0,16,9.0,0.5,0,0,0,5.520260197285728,Динамо,Designer
30.0,0.0,13.0,18,16.0,0.7222222222222222,0,0,1,3.4339872044851463,Медведково,Designer
130.0,3.0,4.0,13,10.0,0.3076923076923077,0,0,0,4.875197323201151,Краснопресненская,Designer
103.6,2.0,10.0,11,9.0,0.9090909090909092,0,0,0,4.650143551630823,Панфиловская,Without renovation
41.0,1.0,37.0,58,6.0,0.6379310344827587,0,0,0,3.737669618283368,Дмитровская,European-style renovation
19.8,6.0,8.0,17,18.0,0.4705882352941176,0,0,0,3.0349529867072724,Щербинка,Cosmetic
65.1,3.0,5.0,16,5.0,0.3125,0,0,0,4.191168746857641,Алексеевская,Cosmetic
103.0,4.0,4.0,20,10.0,0.2,0,0,0,4.6443908991413725,Выставочная,Without renovation
300.0,6.0,6.0,10,8.0,0.6,0,0,0,5.707110264748875,Новослободская,European-style renovation
32.6,1.0,2.0,17,14.0,0.1176470588235294,0,0,0,3.5145260669691587,Перерва,Cosmetic
154.0,0.0,4.0,30,12.0,0.1333333333333333,0,0,1,5.043425116919247,Добрынинская,Without renovation
41.2,1.0,14.0,25,15.0,0.56,0,0,0,3.742420221041966,Перерва,European-style renovation
79.9,3.0,22.0,30,9.0,0.7333333333333333,0,0,0,4.393213824064446,Угрешская,European-style renovation
112.0,3.0,7.0,8,5.0,0.875,0,0,0,4.727387818712341,Спартак,Designer
42.3,1.0,7.0,17,16.0,0.4117647058823529,0,0,0,3.768152635008444,Дегунино,Cosmetic
175.0,5.0,2.0,6,11.0,0.3333333333333333,0,0,0,5.170483995038151,Смоленская,European-style renovation
75.6,3.0,7.0,15,22.0,0.4666666666666667,0,0,0,4.338597076746545,ЗИЛ,European-style renovation
39.1,2.0,1.0,9,21.0,0.1111111111111111,1,0,0,3.691376334312523,Царицыно,Without renovation
23.3,0.0,7.0,7,14.0,1.0,0,1,1,3.190476350346503,Красный Балтиец,Without renovation
78.6,3.0,10.0,17,23.0,0.5882352941176471,0,0,0,4.377014092850337,Бабушкинская,Cosmetic
201.0,5.0,3.0,5,4.0,0.6,0,0,0,5.308267697401205,Смоленская,European-style renovation
60.0,3.0,3.0,9,13.0,0.3333333333333333,0,0,0,4.110873864173311,Петровский парк,Cosmetic
19.0,0.0,1.0,5,8.0,0.2,1,0,1,2.995732273553991,Соколиная Гора,Without renovation
19.9,6.0,33.0,33,6.0,1.0,0,1,0,3.039749158970765,Бабушкинская,Cosmetic
71.3,3.0,5.0,9,5.0,0.5555555555555556,0,0,0,4.280824129164719,Улица Горчакова,European-style renovation
95.5,3.0,22.0,25,38.0,0.88,0,0,0,4.56954300834494,Филатов Луг,Without renovation
30.0,1.0,5.0,5,10.0,1.0,0,1,0,3.4339872044851463,Черкизовская,Designer
47.6,2.0,3.0,12,10.0,0.25,0,0,0,3.883623530906448,Нижегородская,Cosmetic
22.6,6.0,2.0,16,10.0,0.125,0,0,0,3.1612467120315646,Коммунарка,Cosmetic
157.0,4.0,44.0,53,29.0,0.8301886792452831,0,0,0,5.062595033026967,Минская,Designer
83.5,3.0,2.0,15,22.0,0.1333333333333333,0,0,0,4.436751534363128,ЗИЛ,European-style renovation
114.5,4.0,30.0,40,12.0,0.75,0,0,0,4.749270529961848,ЗИЛ,Without renovation
131.0,4.0,7.0,9,4.0,0.7777777777777778,0,0,0,4.882801922586371,Ломоносовский проспект,Designer
65.0,2.0,17.0,32,8.0,0.53125,0,0,0,4.189654742026425,Щелковская,European-style renovation
46.0,2.0,11.0,41,8.0,0.2682926829268293,0,0,0,3.8501476017100575,Воробьёвы горы,European-style renovation
176.0,4.0,40.0,60,3.0,0.6666666666666666,0,0,0,5.176149732573829,Деловой центр,Designer
88.3,3.0,6.0,8,15.0,0.75,0,0,0,4.492001487882454,Варшавская (Коломенское),Without renovation
40.0,1.0,6.0,14,31.0,0.4285714285714285,0,0,0,3.713572066704308,Бескудниково,Designer
22.2,0.0,4.0,7,14.0,0.5714285714285714,0,0,1,3.1441522786722644,Красный Балтиец,Cosmetic
39.0,1.0,11.0,16,25.0,0.6875,0,0,0,3.688879454113936,Саларьево,European-style renovation
54.1,2.0,14.0,17,4.0,0.8235294117647058,0,0,0,4.009149716158869,Бунинская Аллея,Cosmetic
41.9,2.0,1.0,5,23.0,0.2,1,0,0,3.758871825933971,Щелковская,Cosmetic
186.8,4.0,7.0,11,7.0,0.6363636363636364,0,0,0,5.235377566774162,Спортивная,Without renovation
30.4,0.0,17.0,17,18.0,1.0,0,1,1,3.446807892914208,Селигерская,Designer
68.0,3.0,3.0,28,9.0,0.1071428571428571,0,0,0,4.23410650459726,Раменки,Without renovation
185.3,4.0,10.0,19,3.0,0.5263157894736842,0,0,0,5.227358277607543,Раменки,Without renovation
43.0,2.0,2.0,14,57.0,0.1428571428571428,0,0,0,3.784189633918261,Коммунарка,European-style renovation
54.0,2.0,4.0,16,3.0,0.25,0,0,0,4.007333185232471,Бабушкинская,European-style renovation
54.0,2.0,4.0,15,9.0,0.2666666666666666,0,0,0,4.007333185232471,Медведково,European-style renovation
35.5,1.0,4.0,9,7.0,0.4444444444444444,0,0,0,3.597312260588446,Бунинская Аллея,Cosmetic
28.5,0.0,9.0,22,16.0,0.4090909090909091,0,0,1,3.3843902633457743,Текстильщики,Designer
39.8,1.0,10.0,16,12.0,0.625,0,0,0,3.708682081410116,Прокшино,Without renovation
36.0,0.0,4.0,13,11.0,0.3076923076923077,0,0,1,3.610917912644224,Аннино,European-style renovation
75.0,3.0,2.0,17,11.0,0.1176470588235294,0,0,0,4.330733340286331,Аэропорт,European-style renovation
98.5,4.0,4.0,5,14.0,0.8,0,0,0,4.600157644164547,Волжская,Cosmetic
118.7,4.0,11.0,15,16.0,0.7333333333333333,0,0,0,4.784988612563928,Электрозаводская,Without renovation
16.0,0.0,9.0,10,12.0,0.9,0,0,1,2.833213344056216,Селигерская,European-style renovation
36.1,1.0,1.0,16,13.0,0.0625,1,0,0,3.6136169696133895,Бибирево,Cosmetic
140.0,4.0,5.0,28,26.0,0.1785714285714285,0,0,0,4.948759890378168,Фили,Designer
21.1,0.0,1.0,9,12.0,0.1111111111111111,1,0,1,3.095577608523707,Отрадное,Without renovation
60.0,2.0,5.0,5,14.0,1.0,0,1,0,4.110873864173311,Тульская,Cosmetic
54.0,2.0,9.0,14,12.0,0.6428571428571429,0,0,0,4.007333185232471,Бескудниково,Without renovation
63.5,1.0,4.0,7,7.0,0.5714285714285714,0,0,0,4.166665223801727,Панфиловская,European-style renovation
35.5,1.0,14.0,19,11.0,0.7368421052631579,0,0,0,3.597312260588446,Филатов Луг,Cosmetic
68.8,3.0,13.0,18,6.0,0.7222222222222222,0,0,0,4.245634009768327,Панфиловская,European-style renovation
19.6,0.0,1.0,5,6.0,0.2,1,0,1,3.025291075795536,Озёрная,European-style renovation
108.8,4.0,23.0,50,12.0,0.46,0,0,0,4.69866052907543,Мичуринский проспект,Without renovation
94.6,4.0,6.0,25,10.0,0.24,0,0,0,4.560172820057356,Гражданская,European-style renovation
73.2,3.0,13.0,16,9.0,0.8125,0,0,0,4.306764150173335,Тропарево,Cosmetic
88.1,3.0,7.0,17,6.0,0.4117647058823529,0,0,0,4.489759334476764,Некрасовка,Designer
158.0,4.0,12.0,21,7.0,0.5714285714285714,0,0,0,5.068904202220232,Улица 1905 года,Designer
19.8,0.0,13.0,33,41.0,0.3939393939393939,0,0,1,3.0349529867072724,Лианозово,Cosmetic
37.4,1.0,12.0,46,13.0,0.2608695652173913,0,0,0,3.648057459593681,Шелепиха,Cosmetic
54.0,2.0,23.0,25,6.0,0.92,0,0,0,4.007333185232471,Верхние Лихоборы,European-style renovation
90.53,3.0,10.0,21,5.0,0.4761904761904761,0,0,0,4.516666787396688,Беговая,European-style renovation
45.2,2.0,8.0,12,7.0,0.6666666666666666,0,0,0,3.832979798087693,Ховрино,European-style renovation
17.0,0.0,1.0,9,8.0,0.1111111111111111,1,0,1,2.8903717578961645,Шипиловская,Cosmetic
130.0,4.0,15.0,17,17.0,0.8823529411764706,0,0,0,4.875197323201151,ЗИЛ,Designer
78.8,3.0,3.0,17,12.0,0.1764705882352941,0,0,0,4.379523504455763,Фонвизинская,Cosmetic
32.7,1.0,2.0,23,12.0,0.0869565217391304,0,0,0,3.517497837358316,Селигерская,Designer
18.4,0.0,1.0,22,11.0,0.0454545454545454,1,0,1,2.9652730660692823,Лесопарковая,European-style renovation
50.0,3.0,9.0,9,22.0,1.0,0,1,0,3.9318256327243257,Щелковская,Cosmetic
20.4,6.0,13.0,15,17.0,0.8666666666666667,0,0,0,3.0633909220278057,Ольховая,Cosmetic
75.6,3.0,29.0,42,6.0,0.6904761904761905,0,0,0,4.338597076746545,Фили,Without renovation
100.1,3.0,2.0,11,26.0,0.1818181818181818,0,0,0,4.616110126026426,Царицыно,Without renovation
55.1,3.0,2.0,30,9.0,0.0666666666666666,0,0,0,4.027135812528651,Угрешская,Without renovation
97.8,3.0,10.0,10,6.0,1.0,0,1,0,4.593097604753822,Спортивная,Without renovation
19.5,0.0,1.0,5,9.0,0.2,1,0,1,3.0204248861443626,Красный Балтиец,Cosmetic
111.3,4.0,14.0,17,20.0,0.8235294117647058,0,0,0,4.721173861744398,Коммунарка,Cosmetic
170.9,5.0,6.0,25,11.0,0.24,0,0,0,5.146912912388804,Динамо,European-style renovation
72.2,2.0,20.0,23,10.0,0.8695652173913043,0,0,0,4.293195420967266,Спартак,Without renovation
77.0,0.0,3.0,5,11.0,0.6,0,0,1,4.356708826689592,ЗИЛ,Without renovation
29.0,0.0,6.0,24,25.0,0.25,0,0,1,3.4011973816621555,Сколково,Without renovation
63.9,2.0,5.0,33,13.0,0.1515151515151515,0,0,0,4.1728476237100445,Шоссе Энтузиастов,Cosmetic
35.6,1.0,8.0,16,16.0,0.5,0,0,0,3.6000482404073204,Новогиреево,Cosmetic
40.0,1.0,10.0,27,14.0,0.3703703703703703,0,0,0,3.713572066704308,Авиамоторная,Without renovation
45.3,2.0,10.0,26,12.0,0.3846153846153846,0,0,0,3.835141961092188,Спартак,European-style renovation
73.42,2.0,7.0,20,13.0,0.35,0,0,0,4.309724722918476,Тульская,European-style renovation
177.5,3.0,6.0,20,13.0,0.3,0,0,0,5.184588601219693,Профсоюзная,Without renovation
98.9,3.0,2.0,21,11.0,0.0952380952380952,0,0,0,4.604169685654508,Улица 1905 года,Without renovation
31.9,1.0,11.0,18,20.0,0.6111111111111112,0,0,0,3.493472657771326,Ботанический сад,European-style renovation
38.3,1.0,10.0,18,17.0,0.5555555555555556,0,0,0,3.6712245188752153,Новые Черемушки,European-style renovation
34.0,1.0,1.0,9,9.0,0.1111111111111111,1,0,0,3.555348061489413,Текстильщики,Cosmetic
92.0,3.0,19.0,28,7.0,0.6785714285714286,0,0,0,4.532599493153256,Молодежная,European-style renovation
38.6,2.0,4.0,12,8.0,0.3333333333333333,0,0,0,3.6788291182604342,Полежаевская,Cosmetic
227.0,3.0,12.0,14,6.0,0.8571428571428571,0,0,0,5.429345628954441,Охотный ряд,Designer
56.0,3.0,4.0,9,16.0,0.4444444444444444,0,0,0,4.04305126783455,Домодедовская,Cosmetic
73.5,3.0,2.0,17,14.0,0.1176470588235294,0,0,0,4.310799125385514,Некрасовка,European-style renovation
277.0,0.0,4.0,6,6.0,0.6666666666666666,0,0,1,5.627621113690637,Белорусская,Without renovation
48.0,2.0,10.0,14,17.0,0.7142857142857143,0,0,0,3.8918202981106265,Пражская,Cosmetic
200.2,3.0,5.0,5,6.0,1.0,0,1,0,5.304299438225584,Смоленская,Designer
154.0,4.0,5.0,13,6.0,0.3846153846153846,0,0,0,5.043425116919247,Новослободская,Designer
54.0,2.0,4.0,16,17.0,0.25,0,0,0,4.007333185232471,Тропарево,Cosmetic
15.5,0.0,2.0,23,6.0,0.0869565217391304,0,0,1,2.803360380906535,Рассказовка,Without renovation
64.0,3.0,7.0,9,10.0,0.7777777777777778,0,0,0,4.174387269895637,Рязанский проспект,Designer
39.5,1.0,10.0,19,10.0,0.5263157894736842,0,0,0,3.701301974112493,Солнцево,Designer
117.0,4.0,10.0,53,13.0,0.1886792452830188,0,0,0,4.770684624465665,Шелепиха,Without renovation
188.0,5.0,3.0,5,7.0,0.6,0,0,0,5.241747015059643,Чеховская,Designer
227.4,5.0,18.0,19,1.0,0.9473684210526316,0,0,0,5.431098477781855,Студенческая,Without renovation
43.6,1.0,14.0,25,17.0,0.56,0,0,0,3.7977338590260175,Юго-Западная,European-style renovation
111.0,4.0,12.0,28,16.0,0.4285714285714285,0,0,0,4.718498871295094,Авиамоторная,Without renovation
93.5,0.0,13.0,18,7.0,0.7222222222222222,0,0,1,4.548599834499697,Динамо,Without renovation
48.4,2.0,2.0,9,15.0,0.2222222222222222,0,0,0,3.899950424193877,Коньково,European-style renovation
50.3,2.0,2.0,7,8.0,0.2857142857142857,0,0,0,3.937690752176724,Красные ворота,Without renovation
180.0,4.0,10.0,11,9.0,0.9090909090909092,0,0,0,5.198497031265826,Курская,Without renovation
180.0,5.0,16.0,24,12.0,0.6666666666666666,0,0,0,5.198497031265826,Белорусская,Designer
84.0,3.0,2.0,8,9.0,0.25,0,0,0,4.442651256490317,Добрынинская,Without renovation
38.5,1.0,4.0,17,9.0,0.2352941176470588,0,0,0,3.676300671907076,Пятницкое шоссе,European-style renovation
19.7,0.0,3.0,4,3.0,0.75,0,0,1,3.030133700271324,Аэропорт,Designer
20.1,6.0,28.0,33,7.0,0.8484848484848485,0,0,0,3.0492730404820207,Яхромская,Cosmetic
16.0,0.0,1.0,9,6.0,0.1111111111111111,1,0,1,2.833213344056216,Шипиловская,Without renovation
29.4,0.0,12.0,25,17.0,0.48,0,0,1,3.414442608412176,Фили,Designer
83.0,3.0,12.0,15,6.0,0.8,0,0,0,4.430816798843313,Стахановская,European-style renovation
110.0,4.0,7.0,30,8.0,0.2333333333333333,0,0,0,4.709530201312334,Тушинская,European-style renovation
68.0,2.0,14.0,14,14.0,1.0,0,1,0,4.23410650459726,ЗИЛ,Without renovation
38.0,1.0,8.0,17,5.0,0.4705882352941176,0,0,0,3.6635616461296463,Шелепиха,Cosmetic
69.5,3.0,7.0,18,10.0,0.3888888888888889,0,0,0,4.255612709818223,Октябрьское поле,European-style renovation
17.3,0.0,1.0,4,14.0,0.25,1,0,1,2.9069010598473755,Бауманская,European-style renovation
249.0,4.0,27.0,35,14.0,0.7714285714285715,0,0,0,5.521460917862246,Щукинская,European-style renovation
73.94,3.0,3.0,19,7.0,0.1578947368421052,0,0,0,4.316687793365541,Красные ворота,Without renovation
38.0,1.0,3.0,12,23.0,0.25,0,0,0,3.6635616461296463,Новокосино,Designer
61.0,2.0,5.0,17,19.0,0.2941176470588235,0,0,0,4.127134385045092,Некрасовка,Designer
108.0,4.0,2.0,6,3.0,0.3333333333333333,0,0,0,4.691347882229144,Дмитровская,Without renovation
19.0,0.0,1.0,16,7.0,0.0625,1,0,1,2.995732273553991,Тропарево,Without renovation
77.0,2.0,6.0,13,9.0,0.4615384615384615,0,0,0,4.356708826689592,Фрунзенская,Without renovation
72.2,2.0,18.0,23,10.0,0.782608695652174,0,0,0,4.293195420967266,Спартак,Without renovation
198.0,5.0,13.0,23,18.0,0.5652173913043478,0,0,0,5.293304824724492,Профсоюзная,Without renovation
56.0,2.0,4.0,5,19.0,0.8,0,0,0,4.04305126783455,ВДНХ,Without renovation
86.7,4.0,26.0,35,11.0,0.7428571428571429,0,0,0,4.473921899378137,Балтийская,European-style renovation
63.1,3.0,6.0,12,11.0,0.5,0,0,0,4.160444363926624,Беломорская,Cosmetic
55.8,2.0,23.0,23,11.0,1.0,0,1,0,4.039536325727106,Рязанский проспект,Cosmetic
39.5,2.0,2.0,5,14.0,0.4,0,0,0,3.701301974112493,ЗИЛ,European-style renovation
102.6,4.0,2.0,7,2.0,0.2857142857142857,0,0,0,4.640537329825382,Чеховская,Cosmetic
48.0,1.0,2.0,8,5.0,0.25,0,0,0,3.8918202981106265,Арбатская,Without renovation
91.3,4.0,2.0,5,16.0,0.4,0,0,0,4.525044141508807,Сокольники,Designer
71.7,0.0,6.0,7,17.0,0.8571428571428571,0,0,1,4.286341384539473,Электрозаводская,Without renovation
56.1,2.0,8.0,27,15.0,0.2962962962962963,0,0,0,4.044804116661965,Авиамоторная,European-style renovation
45.5,1.0,5.0,14,58.0,0.3571428571428571,0,0,0,3.8394523125933104,Минская,Without renovation
245.0,5.0,14.0,18,12.0,0.7777777777777778,0,0,0,5.5053315359323625,Белорусская,Without renovation
19.4,0.0,1.0,17,22.0,0.0588235294117647,1,0,1,3.0155349008501706,Ясенево,Without renovation
111.7,4.0,2.0,5,15.0,0.4,0,0,0,4.724729421045731,Академическая,Without renovation
11.0,0.0,1.0,9,11.0,0.1111111111111111,1,0,1,2.4849066497880004,Беломорская,European-style renovation
35.5,1.0,18.0,25,12.0,0.72,0,0,0,3.597312260588446,Саларьево,European-style renovation
142.4,4.0,9.0,14,10.0,0.6428571428571429,0,0,0,4.96563792816552,Серпуховская,Designer
35.0,1.0,36.0,45,13.0,0.8,0,0,0,3.58351893845611,Селигерская,Designer
144.0,4.0,3.0,38,18.0,0.0789473684210526,0,0,0,4.976733742420574,Ломоносовский проспект,Without renovation
21.5,1.0,7.0,7,12.0,1.0,0,1,0,3.1135153092103742,Калитники,Designer
210.2,5.0,16.0,16,6.0,1.0,0,1,0,5.352805551832106,Спортивная,Without renovation
17.1,0.0,4.0,5,8.0,0.8,0,0,1,2.89591193827178,Зюзино,Designer
87.2,3.0,3.0,9,15.0,0.3333333333333333,0,0,0,4.4796069630127455,Савеловская,Cosmetic
60.7,2.0,30.0,40,12.0,0.75,0,0,0,4.122283930911342,ЗИЛ,European-style renovation
73.3,3.0,6.0,13,11.0,0.4615384615384615,0,0,0,4.308110951723713,Автозаводская,Without renovation
58.4,2.0,4.0,21,12.0,0.1904761904761904,0,0,0,4.084294226368599,Водный стадион,European-style renovation
25.5,6.0,6.0,33,6.0,0.1818181818181818,0,0,0,3.277144732992177,Дегунино,Cosmetic
34.1,1.0,1.0,9,14.0,0.1111111111111111,1,0,0,3.55820113047182,Беляево,Cosmetic
43.5,1.0,11.0,14,1.0,0.7857142857142857,0,0,0,3.7954891891721942,Минская,European-style renovation
44.5,2.0,9.0,9,6.0,1.0,0,1,0,3.817712325956905,Отрадное,Cosmetic
14.0,0.0,1.0,5,9.0,0.2,1,0,1,2.70805020110221,Кунцевская,Without renovation
137.0,4.0,8.0,9,4.0,0.8888888888888888,0,0,0,4.927253685157205,Ломоносовский проспект,Designer
65.92,3.0,3.0,21,18.0,0.1428571428571428,0,0,0,4.203497876118624,Полежаевская,European-style renovation
18.5,0.0,7.0,8,10.0,0.875,0,0,1,2.970414465569701,Электрозаводская,Designer
17.9,6.0,10.0,19,1.0,0.5263157894736842,0,0,0,2.9391619220655967,Академическая,Cosmetic
36.3,0.0,2.0,17,18.0,0.1176470588235294,0,0,1,3.6189933266497696,Некрасовка,Without renovation
32.8,0.0,2.0,5,19.0,0.4,0,0,1,3.520460802488973,Первомайская,European-style renovation
27.6,0.0,5.0,27,12.0,0.1851851851851851,0,0,1,3.353406717825807,Хорошево,Cosmetic
17.7,1.0,3.0,22,15.0,0.1363636363636363,0,0,0,2.928523523860541,Юго-Западная,European-style renovation
64.7,4.0,6.0,16,5.0,0.375,0,0,0,4.185098925490565,Бунинская Аллея,Cosmetic
20.0,0.0,9.0,16,3.0,0.5625,0,0,1,3.044522437723423,Владыкино,Designer
89.4,3.0,5.0,16,18.0,0.3125,0,0,0,4.504244267398131,ЗИЛ,European-style renovation
40.2,1.0,8.0,24,26.0,0.3333333333333333,0,0,0,3.7184382563554808,Лухмановская,Cosmetic
140.0,5.0,11.0,17,10.0,0.6470588235294118,0,0,0,4.948759890378168,Ломоносовский проспект,Designer
69.1,2.0,14.0,23,8.0,0.6086956521739131,0,0,0,4.249922794040544,Новопеределкино,Without renovation
39.0,1.0,11.0,16,13.0,0.6875,0,0,0,3.688879454113936,Алма-Атинская,Cosmetic
43.1,1.0,6.0,14,15.0,0.4285714285714285,0,0,0,3.7864597824528,Технопарк,Without renovation
60.4,2.0,4.0,28,20.0,0.1428571428571428,0,0,0,4.117409835153096,Рабочий Посёлок,Without renovation
150.0,5.0,20.0,22,10.0,0.9090909090909092,0,0,0,5.017279836814924,Академическая,Cosmetic
31.0,1.0,3.0,18,20.0,0.1666666666666666,0,0,0,3.4657359027997265,Ботанический сад,Cosmetic
36.0,1.0,27.0,27,23.0,1.0,0,1,0,3.610917912644224,Хорошево,Designer
75.0,3.0,3.0,17,13.0,0.1764705882352941,0,0,0,4.330733340286331,Яхромская,European-style renovation
231.3,5.0,3.0,8,19.0,0.375,0,0,0,5.448029639776364,Давыдково,Without renovation
33.9,1.0,4.0,22,22.0,0.1818181818181818,0,0,0,3.552486829208381,Щелковская,Cosmetic
245.0,5.0,14.0,18,10.0,0.7777777777777778,0,0,0,5.5053315359323625,Белорусская,Without renovation
161.0,4.0,2.0,5,8.0,0.4,0,0,0,5.087596335232384,Тверская,Designer
72.4,3.0,2.0,17,7.0,0.1176470588235294,0,0,0,4.29592393562047,Верхние Лихоборы,Cosmetic
325.0,5.0,1.0,21,19.0,0.0476190476190476,1,0,0,5.786897381366708,Минская,Designer
185.5,4.0,7.0,8,27.0,0.875,0,0,0,5.228431239083871,Тульская,Designer
40.0,1.0,25.0,46,13.0,0.5434782608695652,0,0,0,3.713572066704308,Шелепиха,European-style renovation
133.0,0.0,20.0,24,11.0,0.8333333333333334,0,0,1,4.897839799950911,Хорошёвская,Designer
33.4,1.0,3.0,9,15.0,0.3333333333333333,0,0,0,3.5380565643793527,Беляево,Cosmetic
15.0,0.0,2.0,20,9.0,0.1,0,0,1,2.772588722239781,Рассказовка,Cosmetic
63.1,2.0,2.0,7,6.0,0.2857142857142857,0,0,0,4.160444363926624,Улица 1905 года,Designer
19.0,0.0,1.0,16,3.0,0.0625,1,0,1,2.995732273553991,Владыкино,European-style renovation
95.2,4.0,17.0,34,6.0,0.5,0,0,0,4.566429357671661,Воронцовская,European-style renovation
84.6,5.0,7.0,26,4.0,0.2692307692307692,0,0,0,4.449685283147696,Давыдково,Without renovation
60.8,2.0,8.0,24,17.0,0.3333333333333333,0,0,0,4.123903364463645,Калитники,Cosmetic
164.0,4.0,5.0,5,12.0,1.0,0,1,0,5.10594547390058,Курская,European-style renovation
97.5,4.0,21.0,22,7.0,0.9545454545454546,0,0,0,4.590056548178043,Юго-Восточная,Cosmetic
63.3,2.0,3.0,18,14.0,0.1666666666666666,0,0,0,4.163559631243574,Остафьево,Cosmetic
61.9,3.0,9.0,14,4.0,0.6428571428571429,0,0,0,4.141546163706395,Кунцевская,Cosmetic
15.6,0.0,1.0,3,12.0,0.3333333333333333,1,0,1,2.8094026953624978,Рязанский проспект,European-style renovation
23.0,0.0,2.0,17,6.0,0.1176470588235294,0,0,1,3.1780538303479458,Некрасовка,Cosmetic
43.9,2.0,6.0,9,8.0,0.6666666666666666,0,0,0,3.8044377947482086,Новоясеневская,Cosmetic
156.8,3.0,4.0,9,9.0,0.4444444444444444,0,0,0,5.061328408411774,Фрунзенская,European-style renovation
162.0,4.0,2.0,8,9.0,0.25,0,0,0,5.093750200806762,Арбатская,Designer
38.0,1.0,12.0,12,17.0,1.0,0,1,0,3.6635616461296463,Кленовый бульвар,Cosmetic
14.4,0.0,1.0,5,7.0,0.2,1,0,1,2.734367509419584,Автозаводская,European-style renovation
40.5,1.0,7.0,19,10.0,0.3684210526315789,0,0,0,3.725693427236653,Тушинская,European-style renovation
20.0,0.0,3.0,3,27.0,1.0,0,1,1,3.044522437723423,Селигерская,European-style renovation
13.0,0.0,3.0,3,2.0,1.0,0,1,1,2.6390573296152584,Сухаревская,Cosmetic
42.1,2.0,1.0,9,8.0,0.1111111111111111,1,0,0,3.763522997109702,Южная,Cosmetic
38.6,1.0,15.0,17,13.0,0.8823529411764706,0,0,0,3.6788291182604342,Говорово,Cosmetic
34.5,1.0,3.0,16,19.0,0.1875,0,0,0,3.56953269648137,Юго-Западная,Cosmetic
167.8,4.0,4.0,5,2.0,0.8,0,0,0,5.128714582161857,Третьяковская,European-style renovation
158.2,4.0,27.0,30,11.0,0.9,0,0,0,5.0701612734102826,Новаторская,Designer
79.0,3.0,9.0,28,7.0,0.3214285714285714,0,0,0,4.382026634673881,Молодежная,Designer
60.4,3.0,8.0,10,4.0,0.8,0,0,0,4.117409835153096,Зюзино,Cosmetic
112.0,4.0,10.0,12,9.0,0.8333333333333334,0,0,0,4.727387818712341,Римская,Cosmetic
57.4,2.0,23.0,25,18.0,0.92,0,0,0,4.067315889834181,Пыхтино,Designer
340.0,6.0,21.0,21,14.0,1.0,0,1,0,5.831882477283517,Молодежная,Without renovation
37.1,1.0,8.0,47,13.0,0.1702127659574468,0,0,0,3.6402142821326553,Дмитровская,European-style renovation
21.8,6.0,14.0,14,15.0,1.0,0,1,0,3.126760535960395,Саларьево,Cosmetic
38.2,1.0,15.0,17,30.0,0.8823529411764706,0,0,0,3.6686767467964168,Щелковская,European-style renovation
118.7,3.0,3.0,5,6.0,0.6,0,0,0,4.784988612563928,Спортивная,Without renovation
121.0,3.0,16.0,39,13.0,0.4102564102564102,0,0,0,4.804021044733257,Минская,Designer
180.7,5.0,46.0,47,18.0,0.9787234042553192,0,0,0,5.202356975402125,Калужская,Designer
206.0,5.0,8.0,30,6.0,0.2666666666666666,0,0,0,5.332718793265369,Новаторская,Designer
55.0,2.0,4.0,4,13.0,1.0,0,1,0,4.02535169073515,Москва-Товарная,European-style renovation
96.4,4.0,24.0,27,4.0,0.8888888888888888,0,0,0,4.578826210648489,Октябрьское поле,European-style renovation
16.9,0.0,1.0,5,15.0,0.2,1,0,1,2.884800712846709,Соколиная Гора,Without renovation
108.0,4.0,5.0,17,23.0,0.2941176470588235,0,0,0,4.691347882229144,Прокшино,Without renovation
27.9,0.0,1.0,5,18.0,0.2,1,0,1,3.3638415951183864,Озёрная,European-style renovation
289.0,5.0,4.0,4,48.0,1.0,0,1,0,5.66988092298052,Терехово,Designer
33.0,1.0,9.0,9,11.0,1.0,0,1,0,3.5263605246161616,Чертановская,European-style renovation
28.0,0.0,10.0,17,11.0,0.5882352941176471,0,0,1,3.367295829986474,Нагатинский Затон,European-style renovation
40.1,1.0,11.0,20,10.0,0.55,0,0,0,3.716008121502189,Прокшино,Without renovation
153.0,4.0,3.0,8,7.0,0.375,0,0,0,5.0369526024136295,Парк культуры,Designer
226.0,5.0,20.0,38,18.0,0.5263157894736842,0,0,0,5.424950017481403,Ломоносовский проспект,Designer
75.5,3.0,2.0,12,4.0,0.1666666666666666,0,0,0,4.33729074083249,Красносельская,Designer
30.0,1.0,9.0,21,1.0,0.4285714285714285,0,0,0,3.4339872044851463,Волгоградский проспект,Cosmetic
57.0,2.0,36.0,58,6.0,0.6206896551724138,0,0,0,4.060443010546419,Дмитровская,Designer
25.5,0.0,13.0,33,8.0,0.3939393939393939,0,0,1,3.277144732992177,Угрешская,Without renovation
112.0,4.0,2.0,5,7.0,0.4,0,0,0,4.727387818712341,Кутузовская,European-style renovation
39.0,2.0,3.0,9,19.0,0.3333333333333333,0,0,0,3.688879454113936,Румянцево,Designer
23.93,1.0,6.0,15,10.0,0.4,0,0,0,3.2160718975354663,Говорово,Cosmetic
58.7,3.0,8.0,9,8.0,0.8888888888888888,0,0,0,4.089332020398556,Планерная,European-style renovation
133.0,3.0,4.0,5,3.0,0.8,0,0,0,4.897839799950911,Физтех,Designer
179.2,4.0,2.0,12,6.0,0.1666666666666666,0,0,0,5.194067345174237,Спортивная,Without renovation
168.0,4.0,10.0,13,12.0,0.7692307692307693,0,0,0,5.1298987149230735,Новые Черемушки,Designer
54.1,2.0,5.0,16,18.0,0.3125,0,0,0,4.009149716158869,ЗИЛ,European-style renovation
41.8,1.0,6.0,14,27.0,0.4285714285714285,0,0,0,3.756538102587751,Измайловская,European-style renovation
37.5,1.0,5.0,43,17.0,0.1162790697674418,0,0,0,3.6506582412937383,Павелецкая,European-style renovation
125.7,3.0,9.0,16,28.0,0.5625,0,0,0,4.841822087327094,Тульская,Without renovation
41.0,1.0,9.0,16,23.0,0.5625,0,0,0,3.737669618283368,Бунинская Аллея,Designer
51.0,2.0,14.0,17,5.0,0.8235294117647058,0,0,0,3.951243718581428,Люблино,Cosmetic
36.3,2.0,22.0,22,17.0,1.0,0,1,0,3.6189933266497696,Селигерская,European-style renovation
129.6,4.0,32.0,49,11.0,0.6530612244897959,0,0,0,4.8721392168423305,Мичуринский проспект,Without renovation
64.3,3.0,3.0,12,12.0,0.25,0,0,0,4.178992036282385,Курьяново,Cosmetic
131.0,5.0,12.0,22,23.0,0.5454545454545454,0,0,0,4.882801922586371,Славянский бульвар,Without renovation
37.7,2.0,12.0,12,9.0,1.0,0,1,0,3.655839600035736,Люблино,Cosmetic
102.1,4.0,7.0,16,18.0,0.4375,0,0,0,4.635699391022914,ЗИЛ,Without renovation
130.0,5.0,4.0,14,1.0,0.2857142857142857,0,0,0,4.875197323201151,Минская,Without renovation
54.2,2.0,4.0,16,14.0,0.25,0,0,0,4.01096295328305,Белорусская,European-style renovation
56.0,2.0,3.0,17,39.0,0.1764705882352941,0,0,0,4.04305126783455,Коммунарка,Cosmetic
53.0,2.0,4.0,38,10.0,0.1052631578947368,0,0,0,3.9889840465642745,Селигерская,Designer
114.0,2.0,46.0,75,3.0,0.6133333333333333,0,0,0,4.74493212836325,Деловой центр,Designer
191.0,5.0,8.0,9,4.0,0.8888888888888888,0,0,0,5.2574953720277815,Ломоносовский проспект,Without renovation
27.8,0.0,1.0,8,5.0,0.125,1,0,1,3.3603753871419,Китай-город,Designer
32.2,1.0,16.0,19,5.0,0.8421052631578947,0,0,0,3.502549875922443,Пятницкое шоссе,Cosmetic
40.0,1.0,10.0,15,8.0,0.6666666666666666,0,0,0,3.713572066704308,Динамо,European-style renovation
110.1,4.0,22.0,29,11.0,0.7586206896551724,0,0,0,4.710430696645584,Новые Черемушки,European-style renovation
195.2,4.0,5.0,5,16.0,1.0,0,1,0,5.279134547131263,Баррикадная,European-style renovation
100.0,3.0,18.0,21,25.0,0.8571428571428571,0,0,0,4.61512051684126,Беговая,Designer
38.1,1.0,17.0,32,21.0,0.53125,0,0,0,3.66612246699132,Народное Ополчение,Designer
75.6,2.0,26.0,50,12.0,0.52,0,0,0,4.338597076746545,Мичуринский проспект,Designer
186.0,5.0,6.0,23,19.0,0.2608695652173913,0,0,0,5.231108616854587,Бауманская,Designer
37.0,1.0,16.0,33,9.0,0.4848484848484848,0,0,0,3.6375861597263857,Курьяново,Cosmetic
33.5,1.0,20.0,24,15.0,0.8333333333333334,0,0,0,3.5409593240373143,Коммунарка,Cosmetic
19.6,0.0,4.0,5,5.0,0.8,0,0,1,3.025291075795536,Окружная,Without renovation
94.4,3.0,32.0,42,5.0,0.7619047619047619,0,0,0,4.558078578454241,Аминьевская,Without renovation
111.6,1.0,6.0,8,9.0,0.75,0,0,0,4.72384171570559,Арбатская,Designer
78.0,2.0,15.0,52,7.0,0.2884615384615384,0,0,0,4.3694478524670215,Минская,European-style renovation
16.2,0.0,8.0,8,11.0,1.0,0,1,1,2.8449093838194077,Чкаловская,Designer
16.5,0.0,1.0,8,4.0,0.125,1,0,1,2.862200880929469,Тургеневская,Cosmetic
55.6,2.0,5.0,22,9.0,0.2272727272727272,0,0,0,4.036008985209137,Марьино,Cosmetic
35.0,0.0,3.0,10,14.0,0.3,0,0,1,3.58351893845611,Ростокино,Designer
138.5,3.0,4.0,22,14.0,0.1818181818181818,0,0,0,4.93806460126142,Шаболовская,Without renovation
15.9,0.0,1.0,5,18.0,0.2,1,0,1,2.827313621929028,Тестовская,Cosmetic
245.0,4.0,9.0,14,7.0,0.6428571428571429,0,0,0,5.5053315359323625,Проспект Мира,European-style renovation
67.07,1.0,2.0,5,2.0,0.4,0,0,0,4.22053658745986,Площадь Революции,Designer
117.16,3.0,4.0,7,3.0,0.5714285714285714,0,0,0,4.7720396382231245,Третьяковская,Designer
51.2,2.0,3.0,14,22.0,0.2142857142857142,0,0,0,3.955082494888593,Новокосино,European-style renovation
39.0,1.0,5.0,12,5.0,0.4166666666666667,0,0,0,3.688879454113936,Бабушкинская,Without renovation
18.0,0.0,1.0,8,3.0,0.125,1,0,1,2.9444389791664403,Тургеневская,Cosmetic
119.0,3.0,14.0,35,11.0,0.4,0,0,0,4.787491742782046,Раменки,Without renovation
122.0,4.0,23.0,24,8.0,0.9583333333333334,0,0,0,4.812184355372417,ЦСКА,Without renovation
106.0,4.0,5.0,20,14.0,0.25,0,0,0,4.672828834461906,Новаторская,Designer
62.2,4.0,1.0,9,9.0,0.1111111111111111,1,0,0,4.146304301152812,Лихоборы,European-style renovation
76.0,3.0,17.0,17,13.0,1.0,0,1,0,4.343805421853684,Марьино,European-style renovation
30.0,1.0,1.0,5,14.0,0.2,1,0,0,3.4339872044851463,Сходненская,Cosmetic
19.8,6.0,2.0,33,6.0,0.0606060606060606,0,0,0,3.0349529867072724,Бабушкинская,Cosmetic
96.0,4.0,4.0,17,11.0,0.2352941176470588,0,0,0,4.574710978503383,Люблино,Cosmetic
151.4,4.0,26.0,29,16.0,0.896551724137931,0,0,0,5.026508643252546,Шаболовская,Without renovation
343.6,7.0,8.0,9,3.0,0.8888888888888888,0,0,0,5.842384324093829,Новокузнецкая,European-style renovation
130.0,4.0,5.0,5,9.0,1.0,0,1,0,4.875197323201151,Электрозаводская,Designer
145.0,5.0,4.0,5,6.0,0.8,0,0,0,4.983606621708336,Таганская,Designer
50.4,2.0,7.0,23,9.0,0.3043478260869565,0,0,0,3.93963817246112,Лесопарковая,European-style renovation
20.0,0.0,13.0,33,27.0,0.3939393939393939,0,0,1,3.044522437723423,Медведково,European-style renovation
86.0,4.0,33.0,45,13.0,0.7333333333333333,0,0,0,4.465908118654584,Мичуринский проспект,European-style renovation
126.6,4.0,16.0,34,11.0,0.4705882352941176,0,0,0,4.848900370910689,Гражданская,Designer
32.9,0.0,13.0,17,11.0,0.7647058823529411,0,0,1,3.5234150143864045,Народное Ополчение,European-style renovation
41.0,1.0,5.0,22,21.0,0.2272727272727272,0,0,0,3.737669618283368,Братиславская,Cosmetic
34.0,1.0,12.0,15,30.0,0.8,0,0,0,3.555348061489413,Силикатная,Without renovation
133.0,4.0,7.0,7,8.0,1.0,0,1,0,4.897839799950911,Чкаловская,European-style renovation
135.0,4.0,9.0,40,7.0,0.225,0,0,0,4.912654885736052,Молодежная,Designer
60.0,3.0,2.0,9,16.0,0.2222222222222222,0,0,0,4.110873864173311,Юго-Западная,Cosmetic
56.8,2.0,14.0,17,11.0,0.8235294117647058,0,0,0,4.056988775678332,Новые Черемушки,Cosmetic
41.9,1.0,14.0,25,17.0,0.56,0,0,0,3.758871825933971,Юго-Западная,European-style renovation
184.0,6.0,12.0,13,19.0,0.9230769230769232,0,0,0,5.220355825078324,Технопарк,Designer
62.0,2.0,6.0,19,18.0,0.3157894736842105,0,0,0,4.143134726391533,Октябрьское поле,Without renovation
38.5,2.0,12.0,12,4.0,1.0,0,1,0,3.676300671907076,Окская,Cosmetic
135.0,4.0,10.0,14,6.0,0.7142857142857143,0,0,0,4.912654885736052,Ломоносовский проспект,Without renovation
232.5,5.0,11.0,13,9.0,0.8461538461538461,0,0,0,5.453182077108952,Кунцевская,Without renovation
50.4,2.0,1.0,4,30.0,0.25,1,0,0,3.93963817246112,Бунинская Аллея,Without renovation
77.7,2.0,9.0,24,5.0,0.375,0,0,0,4.365643155423357,Терехово,European-style renovation
96.0,0.0,3.0,4,4.0,0.75,0,0,1,4.574710978503383,Физтех,Designer
70.0,0.0,1.0,14,10.0,0.0714285714285714,1,0,1,4.262679877041316,Сокол,European-style renovation
40.1,1.0,4.0,6,8.0,0.6666666666666666,0,0,0,3.716008121502189,Динамо,Without renovation
82.9,3.0,2.0,17,7.0,0.1176470588235294,0,0,0,4.429625613473161,Верхние Лихоборы,European-style renovation
35.5,1.0,2.0,10,14.0,0.2,0,0,0,3.597312260588446,Академическая,Cosmetic
56.0,2.0,5.0,5,14.0,1.0,0,1,0,4.04305126783455,Фонвизинская,European-style renovation
69.0,3.0,16.0,16,3.0,1.0,0,1,0,4.248495242049359,Щелковская,Cosmetic
64.1,3.0,2.0,33,7.0,0.0606060606060606,0,0,0,4.175924549214524,Шелепиха,European-style renovation
76.8,3.0,16.0,22,12.0,0.7272727272727273,0,0,0,4.354141431184346,Некрасовка,Designer
52.6,0.0,10.0,16,5.0,0.625,0,0,1,3.981549068076757,Курьяново,Without renovation
170.0,5.0,4.0,5,5.0,0.8,0,0,0,5.14166355650266,Кропоткинская,Designer
107.7,3.0,3.0,5,4.0,0.6,0,0,0,4.688591794127164,Новослободская,Designer
63.0,3.0,7.0,12,18.0,0.5833333333333334,0,0,0,4.158883083359672,Калужская,Without renovation
93.0,3.0,24.0,77,6.0,0.3116883116883117,0,0,0,4.543294782270004,Международная,Designer
47.5,1.0,29.0,37,8.0,0.7837837837837838,0,0,0,3.881563797943437,Белорусская,European-style renovation
74.3,3.0,6.0,17,8.0,0.3529411764705882,0,0,0,4.321480134805848,Волоколамская,Cosmetic
131.6,2.0,9.0,9,7.0,1.0,0,1,0,4.887337077751762,Бауманская,Designer
14.2,0.0,1.0,9,11.0,0.1111111111111111,1,0,1,2.7212954278522306,Щукинская,Without renovation
121.5,0.0,6.0,6,6.0,1.0,0,1,1,4.808111029984782,Белорусская,Without renovation
36.0,2.0,7.0,9,7.0,0.7777777777777778,0,0,0,3.610917912644224,Ломоносовский проспект,European-style renovation
76.7,2.0,3.0,22,20.0,0.1363636363636363,0,0,0,4.3528552573736015,Ломоносовский проспект,European-style renovation
48.0,1.0,8.0,24,6.0,0.3333333333333333,0,0,0,3.8918202981106265,Нагорная,European-style renovation
44.0,2.0,3.0,5,15.0,0.6,0,0,0,3.80666248977032,Сходненская,Designer
21.5,0.0,15.0,17,49.0,0.8823529411764706,0,0,1,3.1135153092103742,Коммунарка,European-style renovation
198.8,5.0,4.0,11,8.0,0.3636363636363636,0,0,0,5.297316866214453,Новослободская,Without renovation
60.5,2.0,8.0,11,5.0,0.7272727272727273,0,0,0,4.119037174812473,Панфиловская,European-style renovation
11.8,0.0,1.0,9,17.0,0.1111111111111111,1,0,1,2.5494451709255714,Выхино,Cosmetic
78.0,2.0,15.0,58,10.0,0.2586206896551724,0,0,0,4.3694478524670215,Раменки,Designer
35.8,1.0,1.0,16,11.0,0.0625,1,0,0,3.605497845174885,Проспект Мира,European-style renovation
49.6,2.0,7.0,16,7.0,0.4375,0,0,0,3.92395157629342,Румянцево,Cosmetic
38.3,1.0,14.0,16,14.0,0.875,0,0,0,3.6712245188752153,Бабушкинская,European-style renovation
32.4,1.0,1.0,12,12.0,0.0833333333333333,1,0,0,3.5085558999826545,Савеловская,European-style renovation
120.0,4.0,7.0,34,8.0,0.2058823529411764,0,0,0,4.795790545596741,Гражданская,Designer
217.0,5.0,5.0,7,3.0,0.7142857142857143,0,0,0,5.384495062789089,Менделеевская,Cosmetic
161.0,4.0,2.0,6,11.0,0.3333333333333333,0,0,0,5.087596335232384,Чистые пруды,Designer
160.0,5.0,21.0,22,12.0,0.9545454545454546,0,0,0,5.081404364984463,Молодежная,Without renovation
15.7,0.0,7.0,8,12.0,0.875,0,0,1,2.815408719422709,Электрозаводская,Designer
195.0,4.0,13.0,21,13.0,0.6190476190476191,0,0,0,5.278114659230517,Белорусская,Designer
74.3,3.0,8.0,18,11.0,0.4444444444444444,0,0,0,4.321480134805848,Солнцево,Designer
44.4,2.0,8.0,9,12.0,0.8888888888888888,0,0,0,3.8155121050473024,Рязанский проспект,Cosmetic
18.0,0.0,1.0,14,10.0,0.0714285714285714,1,0,1,2.9444389791664403,Медведково,Cosmetic
149.3,3.0,8.0,9,4.0,0.8888888888888888,0,0,0,5.012633296758929,Маяковская,Designer
42.7,2.0,7.0,42,18.0,0.1666666666666666,0,0,0,3.777348102101545,Крымская,European-style renovation
55.1,2.0,2.0,18,18.0,0.1111111111111111,0,0,0,4.027135812528651,Планерная,Cosmetic
357.0,6.0,1.0,2,7.0,0.5,1,0,0,5.8805329864007,Новослободская,Without renovation
44.4,2.0,9.0,9,10.0,1.0,0,1,0,3.8155121050473024,Бескудниково,Without renovation
209.3,4.0,5.0,13,6.0,0.3846153846153846,0,0,0,5.348535082708654,Смоленская,Designer
129.55,0.0,15.0,15,2.0,1.0,0,1,1,4.871756295145138,Алексеевская,Without renovation
40.0,1.0,1.0,14,13.0,0.0714285714285714,1,0,0,3.713572066704308,Марьина Роща (Шереметьевская),Designer
139.0,5.0,3.0,13,28.0,0.2307692307692307,0,0,0,4.941642422609304,Минская,Designer
40.2,1.0,3.0,33,16.0,0.0909090909090909,0,0,0,3.7184382563554808,Локомотив,European-style renovation
24.7,0.0,6.0,6,17.0,1.0,0,1,1,3.246490991901174,Первомайская,Cosmetic
19.0,0.0,1.0,12,12.0,0.0833333333333333,1,0,1,2.995732273553991,Бунинская Аллея,European-style renovation
71.2,2.0,2.0,11,5.0,0.1818181818181818,0,0,0,4.279440045898781,Панфиловская,European-style renovation
97.0,4.0,7.0,7,2.0,1.0,0,1,0,4.584967478670572,Автозаводская,European-style renovation
62.3,0.0,6.0,15,4.0,0.4,0,0,1,4.147885329150131,Алексеевская,Without renovation
47.3,1.0,3.0,17,19.0,0.1764705882352941,0,0,0,3.877431560658527,Бунинская Аллея,Cosmetic
100.0,0.0,9.0,19,15.0,0.4736842105263157,0,0,1,4.61512051684126,Шелепиха,Without renovation
144.0,5.0,26.0,27,17.0,0.9629629629629628,0,0,0,4.976733742420574,Павелецкая,Without renovation
15.4,0.0,2.0,9,23.0,0.2222222222222222,0,0,1,2.797281334830153,Яхромская,Without renovation
21.0,6.0,4.0,16,17.0,0.25,0,0,0,3.091042453358316,Ольховая,Cosmetic
22.0,0.0,9.0,18,10.0,0.5,0,0,1,3.1354942159291497,Прокшино,Without renovation
58.5,3.0,9.0,9,11.0,1.0,0,1,0,4.085976312551584,Отрадное,Cosmetic
54.2,2.0,20.0,21,12.0,0.9523809523809524,0,0,0,4.01096295328305,Хорошево,Designer
87.1,4.0,2.0,16,6.0,0.125,0,0,0,4.478472532942134,Зорге,European-style renovation
195.0,5.0,24.0,25,18.0,0.96,0,0,0,5.278114659230517,Речной вокзал,Designer
70.0,3.0,14.0,42,5.0,0.3333333333333333,0,0,0,4.262679877041316,Аминьевская,European-style renovation
150.0,5.0,7.0,7,6.0,1.0,0,1,0,5.017279836814924,Марьина Роща,Without renovation
59.0,3.0,5.0,47,19.0,0.1063829787234042,0,0,0,4.0943445622221,Павелецкая,Without renovation
95.0,2.0,7.0,8,5.0,0.875,0,0,0,4.564348191467836,Тульская,Designer
45.1,2.0,15.0,28,8.0,0.5357142857142857,0,0,0,3.8308129500026022,Нагорная,Cosmetic
235.0,7.0,5.0,7,10.0,0.7142857142857143,0,0,0,5.4638318050256105,Маяковская,European-style renovation
255.2,6.0,21.0,22,18.0,0.9545454545454546,0,0,0,5.545958389462633,Минская,Without renovation
63.5,1.0,4.0,19,9.0,0.2105263157894736,0,0,0,4.166665223801727,Динамо,Designer
42.0,1.0,3.0,9,23.0,0.3333333333333333,0,0,0,3.7612001156935615,Рассказовка,European-style renovation
41.1,1.0,5.0,21,12.0,0.238095238095238,0,0,0,3.740047740688336,Павелецкая,European-style renovation
79.6,3.0,16.0,18,6.0,0.8888888888888888,0,0,0,4.389498649512583,Панфиловская,Without renovation
110.6,2.0,5.0,21,6.0,0.238095238095238,0,0,0,4.71492104994721,Улица 1905 года,Designer
80.8,3.0,18.0,22,9.0,0.8181818181818182,0,0,0,4.404277243608702,Савеловская,European-style renovation
45.5,1.0,24.0,25,11.0,0.96,0,0,0,3.8394523125933104,Митино,European-style renovation
80.0,3.0,2.0,30,10.0,0.0666666666666666,0,0,0,4.394449154672439,Красногвардейская,Without renovation
56.0,2.0,5.0,5,14.0,1.0,0,1,0,4.04305126783455,Первомайская,European-style renovation
11.3,0.0,1.0,12,12.0,0.0833333333333333,1,0,1,2.509599262378372,Бунинская Аллея,Cosmetic
250.0,5.0,3.0,5,10.0,0.6,0,0,0,5.525452939131784,Кропоткинская,Designer
122.1,3.0,6.0,8,14.0,0.75,0,0,0,4.812997033190408,Китай-город,Designer
35.7,1.0,4.0,14,57.0,0.2857142857142857,0,0,0,3.6027767550605247,Коммунарка,European-style renovation
20.0,0.0,18.0,19,15.0,0.9473684210526316,0,0,1,3.044522437723423,Трикотажная,Without renovation
54.0,2.0,8.0,12,11.0,0.6666666666666666,0,0,0,4.007333185232471,Отрадное,Cosmetic
48.4,2.0,8.0,12,3.0,0.6666666666666666,0,0,0,3.899950424193877,Верхние Лихоборы,Without renovation
160.0,4.0,12.0,24,15.0,0.5,0,0,0,5.081404364984463,Тестовская,Designer
52.4,2.0,10.0,30,11.0,0.3333333333333333,0,0,0,3.977810745966149,Аминьевская,Without renovation
79.4,3.0,11.0,18,6.0,0.6111111111111112,0,0,0,4.387014176184921,Панфиловская,Without renovation
74.9,3.0,3.0,9,12.0,0.3333333333333333,0,0,0,4.329416684401584,Киевская,European-style renovation
257.0,6.0,8.0,9,12.0,0.8888888888888888,0,0,0,5.552959584921617,Киевская,Without renovation
41.6,1.0,7.0,14,7.0,0.5,0,0,0,3.751854253275325,Марьино,Cosmetic
54.9,2.0,11.0,24,6.0,0.4583333333333333,0,0,0,4.023564380161053,Хорошёвская,Without renovation
75.1,3.0,3.0,47,17.0,0.0638297872340425,0,0,0,4.33204826486764,Калужская,Without renovation
40.0,1.0,22.0,24,23.0,0.9166666666666666,0,0,0,3.713572066704308,Лухмановская,Cosmetic
44.4,2.0,1.0,9,15.0,0.1111111111111111,1,0,0,3.8155121050473024,Отрадное,Cosmetic
24.1,0.0,2.0,4,3.0,0.5,0,0,1,3.2228678461377385,Аэропорт,Designer
27.2,0.0,15.0,32,8.0,0.46875,0,0,1,3.339321977944068,Курьяново,Designer
19.5,0.0,6.0,6,17.0,1.0,0,1,1,3.0204248861443626,Первомайская,European-style renovation
272.0,5.0,5.0,6,7.0,0.8333333333333334,0,0,0,5.60947179518496,Кропоткинская,European-style renovation
39.5,1.0,17.0,17,11.0,1.0,0,1,0,3.701301974112493,Домодедовская,Cosmetic
75.1,3.0,6.0,17,11.0,0.3529411764705882,0,0,0,4.33204826486764,Марьино,European-style renovation
68.8,2.0,1.0,8,9.0,0.125,1,0,0,4.245634009768327,Говорово,Designer
40.3,1.0,8.0,20,10.0,0.4,0,0,0,3.720862499966987,Рассказовка,Designer
19.3,0.0,6.0,14,9.0,0.4285714285714285,0,0,1,3.0106208860477417,Сокол,Designer
127.7,2.0,18.0,21,16.0,0.8571428571428571,0,0,0,4.857484114602081,Зюзино,Cosmetic
121.5,4.0,24.0,29,8.0,0.8275862068965517,0,0,0,4.808111029984782,Кунцевская,Without renovation
96.0,3.0,26.0,47,19.0,0.5531914893617021,0,0,0,4.574710978503383,Павелецкая,Cosmetic
33.0,1.0,9.0,18,20.0,0.5,0,0,0,3.5263605246161616,Ботанический сад,Without renovation
47.0,1.0,18.0,25,18.0,0.72,0,0,0,3.871201010907891,Автозаводская,Without renovation
81.3,3.0,5.0,8,11.0,0.625,0,0,0,4.410371107683024,Петровско-Разумовская,Cosmetic
75.0,3.0,12.0,17,21.0,0.7058823529411765,0,0,0,4.330733340286331,Текстильщики,Cosmetic
220.9,4.0,16.0,19,8.0,0.8421052631578947,0,0,0,5.402226829938548,Первомайская,European-style renovation
87.8,3.0,18.0,22,11.0,0.8181818181818182,0,0,0,4.486386649998124,Филатов Луг,Cosmetic
36.7,1.0,1.0,17,22.0,0.0588235294117647,1,0,0,3.629660094453965,Братиславская,Cosmetic
17.7,0.0,1.0,12,12.0,0.0833333333333333,1,0,1,2.928523523860541,Бунинская Аллея,European-style renovation
77.0,3.0,7.0,22,6.0,0.3181818181818182,0,0,0,4.356708826689592,Солнцево,Cosmetic
23.3,0.0,25.0,69,8.0,0.3623188405797101,0,0,1,3.190476350346503,Кожуховская,Without renovation
184.6,3.0,12.0,13,8.0,0.9230769230769232,0,0,0,5.2235938203521,Смоленская,Designer
63.0,3.0,11.0,12,15.0,0.9166666666666666,0,0,0,4.158883083359672,Бескудниково,Without renovation
72.6,3.0,21.0,41,17.0,0.5121951219512195,0,0,0,4.298645025734831,Шелепиха,European-style renovation
96.0,0.0,3.0,25,5.0,0.12,0,0,1,4.574710978503383,Аминьевская,Without renovation
40.0,2.0,6.0,9,18.0,0.6666666666666666,0,0,0,3.713572066704308,Румянцево,Cosmetic
100.0,3.0,2.0,7,10.0,0.2857142857142857,0,0,0,4.61512051684126,Белорусская,Without renovation
157.5,0.0,5.0,16,2.0,0.3125,0,0,1,5.065754593317335,Тимирязевская,Without renovation
146.0,3.0,4.0,9,3.0,0.4444444444444444,0,0,0,4.990432586778736,Новокузнецкая,European-style renovation
37.1,1.0,11.0,15,10.0,0.7333333333333333,0,0,0,3.6402142821326553,Коммунарка,European-style renovation
91.0,4.0,10.0,41,15.0,0.2439024390243902,0,0,0,4.5217885770490405,Петровский парк,Designer
98.0,3.0,4.0,4,6.0,1.0,0,1,0,4.59511985013459,Трубная,Designer
65.0,2.0,15.0,16,20.0,0.9375,0,0,0,4.189654742026425,Нагатинский Затон,Designer
45.0,1.0,25.0,51,6.0,0.4901960784313725,0,0,0,3.828641396489095,Шелепиха,European-style renovation
39.9,1.0,7.0,18,20.0,0.3888888888888889,0,0,0,3.711130063048756,Ботанический сад,European-style renovation
130.6,5.0,8.0,21,10.0,0.3809523809523809,0,0,0,4.879767018891217,Октябрьское поле,Designer
62.3,3.0,25.0,33,11.0,0.7575757575757576,0,0,0,4.147885329150131,Новохохловская,European-style renovation
50.0,2.0,5.0,5,11.0,1.0,0,1,0,3.9318256327243257,Кунцевская,Cosmetic
151.0,3.0,3.0,18,12.0,0.1666666666666666,0,0,0,5.0238805208462765,Профсоюзная,Designer
35.6,1.0,8.0,15,6.0,0.5333333333333333,0,0,0,3.6000482404073204,Филатов Луг,European-style renovation
25.0,0.0,16.0,19,23.0,0.8421052631578947,0,0,1,3.258096538021482,Хорошево,Designer
60.0,3.0,10.0,12,11.0,0.8333333333333334,0,0,0,4.110873864173311,Выхино,Cosmetic
51.8,2.0,16.0,17,5.0,0.9411764705882352,0,0,0,3.966511190712216,Медведково,European-style renovation
135.0,5.0,17.0,22,13.0,0.7727272727272727,0,0,0,4.912654885736052,ВДНХ,Without renovation
63.0,2.0,23.0,34,16.0,0.6764705882352942,0,0,0,4.158883083359672,Улица Скобелевская,European-style renovation
74.0,3.0,2.0,16,9.0,0.125,0,0,0,4.31748811353631,Красногвардейская,Cosmetic
64.3,3.0,3.0,12,12.0,0.25,0,0,0,4.178992036282385,Курьяново,Cosmetic
164.0,4.0,5.0,18,10.0,0.2777777777777778,0,0,0,5.10594547390058,Белорусская,Without renovation
138.0,0.0,16.0,21,12.0,0.7619047619047619,0,0,1,4.934473933130692,Технопарк,Without renovation
207.0,5.0,5.0,6,8.0,0.8333333333333334,0,0,0,5.337538079701318,Арбатская,European-style renovation
156.0,4.0,5.0,53,29.0,0.0943396226415094,0,0,0,5.056245805348308,Минская,European-style renovation
77.0,3.0,15.0,17,20.0,0.8823529411764706,0,0,0,4.356708826689592,Сетунь,Cosmetic
115.0,5.0,2.0,7,6.0,0.2857142857142857,0,0,0,4.7535901911063645,Тверская,European-style renovation
73.9,2.0,3.0,11,5.0,0.2727272727272727,0,0,0,4.316153890523174,Панфиловская,European-style renovation
36.8,1.0,5.0,16,14.0,0.3125,0,0,0,3.632309102625542,Алтуфьево,Cosmetic
115.0,4.0,3.0,7,2.0,0.4285714285714285,0,0,0,4.7535901911063645,Чеховская,European-style renovation
126.4,0.0,22.0,59,12.0,0.3728813559322034,0,0,1,4.847331743138063,Ростокино,Without renovation
124.0,2.0,45.0,79,5.0,0.569620253164557,0,0,0,4.8283137373023015,Деловой центр,Designer
33.1,1.0,3.0,25,17.0,0.12,0,0,0,3.529297384289471,Братиславская,European-style renovation
176.0,6.0,2.0,6,7.0,0.3333333333333333,0,0,0,5.176149732573829,Парк культуры,European-style renovation
54.2,2.0,12.0,17,12.0,0.7058823529411765,0,0,0,4.01096295328305,Новокосино,European-style renovation
93.9,3.0,4.0,9,19.0,0.4444444444444444,0,0,0,4.552823705615882,Хорошево,Designer
34.7,1.0,1.0,12,7.0,0.0833333333333333,1,0,0,3.5751506887855933,Печатники,Cosmetic
35.4,1.0,3.0,12,7.0,0.25,0,0,0,3.594568774642695,Бунинская Аллея,Cosmetic
18.0,0.0,5.0,6,2.0,0.8333333333333334,0,0,1,2.9444389791664403,Окружная,European-style renovation
87.1,4.0,6.0,12,9.0,0.5,0,0,0,4.478472532942134,Коммунарка,European-style renovation
94.7,5.0,5.0,14,17.0,0.3571428571428571,0,0,0,4.5612182984589085,Коммунарка,European-style renovation
44.9,1.0,20.0,23,7.0,0.8695652173913043,0,0,0,3.8264651170664994,Селигерская,European-style renovation
101.9,4.0,10.0,25,13.0,0.4,0,0,0,4.633757642840004,Аминьевская,Without renovation
45.0,2.0,2.0,9,15.0,0.2222222222222222,0,0,0,3.828641396489095,Юго-Восточная,Cosmetic
34.8,1.0,8.0,12,2.0,0.6666666666666666,0,0,0,3.5779478934066544,Кленовый бульвар,European-style renovation
72.9,4.0,2.0,16,10.0,0.125,0,0,0,4.302712827954156,Коммунарка,Cosmetic
47.6,2.0,16.0,42,5.0,0.3809523809523809,0,0,0,3.883623530906448,Аминьевская,European-style renovation
170.0,4.0,2.0,6,5.0,0.3333333333333333,0,0,0,5.14166355650266,Парк культуры,European-style renovation
51.0,2.0,6.0,17,3.0,0.3529411764705882,0,0,0,3.951243718581428,Орехово,Cosmetic
12.0,0.0,1.0,9,14.0,0.1111111111111111,1,0,1,2.5649493574615367,Планерная,European-style renovation
65.2,3.0,2.0,16,6.0,0.125,0,0,0,4.192680462942962,Красный Балтиец,Cosmetic
16.3,0.0,5.0,5,14.0,1.0,0,1,1,2.8507065015037334,Окская,European-style renovation
63.8,3.0,25.0,41,15.0,0.6097560975609756,0,0,0,4.1713056033582285,Аминьевская,Without renovation
63.0,2.0,18.0,19,2.0,0.9473684210526316,0,0,0,4.158883083359672,Стахановская,European-style renovation
75.6,3.0,17.0,17,16.0,1.0,0,1,0,4.338597076746545,Новопеределкино,Cosmetic
149.0,4.0,3.0,4,10.0,0.75,0,0,0,5.010635294096256,Арбатская,European-style renovation
214.9,5.0,7.0,15,8.0,0.4666666666666667,0,0,0,5.3748153375207615,Баррикадная,Designer
64.2,3.0,3.0,12,9.0,0.25,0,0,0,4.177459468932607,Киевская,Cosmetic
38.0,0.0,2.0,23,9.0,0.0869565217391304,0,0,1,3.6635616461296463,Лесопарковая,Without renovation
67.4,3.0,16.0,26,18.0,0.6153846153846154,0,0,0,4.225372824628505,Улица Скобелевская,European-style renovation
37.7,2.0,1.0,9,6.0,0.1111111111111111,1,0,0,3.655839600035736,Коломенская,Cosmetic
51.2,3.0,10.0,12,37.0,0.8333333333333334,0,0,0,3.955082494888593,Минская,European-style renovation
11.5,0.0,2.0,10,11.0,0.2,0,0,1,2.525728644308256,Юго-Восточная,Cosmetic
181.0,3.0,5.0,17,18.0,0.2941176470588235,0,0,0,5.204006687076795,Минская,Designer
117.4,5.0,15.0,33,17.0,0.4545454545454545,0,0,0,4.774068722449905,Павелецкая,Without renovation
40.6,1.0,6.0,30,22.0,0.2,0,0,0,3.728100167267218,Хорошево,Designer
24.0,0.0,7.0,25,5.0,0.28,0,0,1,3.218875824868201,Тушинская,European-style renovation
15.2,0.0,1.0,12,12.0,0.0833333333333333,1,0,1,2.785011242238338,Бунинская Аллея,Cosmetic
14.0,0.0,1.0,7,11.0,0.1428571428571428,1,0,1,2.70805020110221,Преображенская площадь,Designer
37.0,1.0,4.0,16,12.0,0.25,0,0,0,3.6375861597263857,Озёрная,European-style renovation
121.0,4.0,7.0,18,16.0,0.3888888888888889,0,0,0,4.804021044733257,Медведково,Without renovation
150.0,4.0,13.0,25,6.0,0.52,0,0,0,5.017279836814924,Профсоюзная,Designer
170.0,5.0,4.0,5,8.0,0.8,0,0,0,5.14166355650266,Арбатская,Designer
85.6,3.0,6.0,12,4.0,0.5,0,0,0,4.461299815568389,Белорусская,Without renovation
46.0,2.0,1.0,9,18.0,0.1111111111111111,1,0,0,3.8501476017100575,Отрадное,European-style renovation
102.5,4.0,3.0,4,10.0,0.75,0,0,0,4.639571612705423,Арбатская,Cosmetic
15.9,0.0,1.0,9,8.0,0.1111111111111111,1,0,1,2.827313621929028,Депо,Cosmetic
181.4,5.0,4.0,5,10.0,0.8,0,0,0,5.206202077640231,Кропоткинская,European-style renovation
57.6,0.0,1.0,11,6.0,0.0909090909090909,1,0,1,4.070734696582967,Селигерская,Without renovation
55.9,2.0,6.0,8,6.0,0.75,0,0,0,4.041295341132285,Белорусская,Without renovation
14.0,0.0,1.0,12,6.0,0.0833333333333333,1,0,1,2.70805020110221,Отрадное,Cosmetic
100.7,4.0,5.0,14,4.0,0.3571428571428571,0,0,0,4.622027303054514,Полянка,Cosmetic
44.8,1.0,20.0,25,25.0,0.8,0,0,0,3.824284091120139,Ольховая,Designer
14.3,1.0,3.0,3,7.0,1.0,0,1,0,2.72785282839839,Нижегородская,European-style renovation
37.7,1.0,3.0,17,11.0,0.1764705882352941,0,0,0,3.655839600035736,Отрадное,Designer
48.0,2.0,7.0,8,14.0,0.875,0,0,0,3.8918202981106265,Дубровка,Cosmetic
32.5,0.0,5.0,15,4.0,0.3333333333333333,0,0,1,3.5115454388310208,Алексеевская,Designer
104.0,3.0,2.0,16,21.0,0.125,0,0,0,4.653960350157523,Трикотажная,Without renovation
168.6,4.0,9.0,20,19.0,0.45,0,0,0,5.133442723357803,Беляево,Designer
90.2,3.0,8.0,9,5.0,0.8888888888888888,0,0,0,4.513054897080286,Университет,Designer
52.6,2.0,6.0,22,16.0,0.2727272727272727,0,0,0,3.981549068076757,Кунцевская,Cosmetic
57.0,2.0,18.0,27,14.0,0.6666666666666666,0,0,0,4.060443010546419,Авиамоторная,Without renovation
235.0,4.0,5.0,8,11.0,0.625,0,0,0,5.4638318050256105,Кропоткинская,Designer
80.0,2.0,21.0,24,4.0,0.875,0,0,0,4.394449154672439,Беломорская,Designer
55.0,3.0,14.0,16,22.0,0.875,0,0,0,4.02535169073515,Новаторская,Cosmetic
34.7,1.0,2.0,12,10.0,0.1666666666666666,0,0,0,3.5751506887855933,Депо,Cosmetic
78.5,3.0,7.0,13,14.0,0.5384615384615384,0,0,0,4.375757021660286,Бунинская Аллея,Cosmetic
38.8,1.0,4.0,9,15.0,0.4444444444444444,0,0,0,3.683866912290392,Минская,Cosmetic
22.5,6.0,17.0,23,7.0,0.7391304347826086,0,0,0,3.157000421150113,Солнцево,Cosmetic
33.0,1.0,5.0,9,13.0,0.5555555555555556,0,0,0,3.5263605246161616,Текстильщики,Cosmetic
106.0,4.0,31.0,42,5.0,0.7380952380952381,0,0,0,4.672828834461906,Аминьевская,Without renovation
145.2,4.0,7.0,14,5.0,0.5,0,0,0,4.984975547315679,Фрунзенская,Cosmetic
149.0,5.0,3.0,34,8.0,0.088235294117647,0,0,0,5.010635294096256,Гражданская,European-style renovation
146.5,4.0,26.0,28,18.0,0.9285714285714286,0,0,0,4.993828175779875,Фили,Without renovation
74.0,3.0,5.0,17,19.0,0.2941176470588235,0,0,0,4.31748811353631,Солнцево,European-style renovation
177.0,5.0,4.0,5,6.0,0.8,0,0,0,5.181783550292085,Смоленская,Designer
64.7,2.0,5.0,5,17.0,1.0,0,1,0,4.185098925490565,Войковская,Cosmetic
69.0,3.0,7.0,15,30.0,0.4666666666666667,0,0,0,4.248495242049359,Улица Горчакова,Without renovation
36.6,1.0,9.0,9,8.0,1.0,0,1,0,3.6270040503958487,Бунинская Аллея,Cosmetic
14.6,0.0,1.0,4,8.0,0.25,1,0,1,2.747270914255491,Чистые пруды,European-style renovation
73.9,2.0,3.0,23,26.0,0.1304347826086956,0,0,0,4.316153890523174,Партизанская,Cosmetic
36.0,1.0,9.0,21,8.0,0.4285714285714285,0,0,0,3.610917912644224,Динамо,Designer
39.7,2.0,7.0,15,22.0,0.4666666666666667,0,0,0,3.7062280924485496,Прокшино,Without renovation
24.0,0.0,13.0,14,25.0,0.9285714285714286,0,0,1,3.218875824868201,Прокшино,Cosmetic
34.3,1.0,19.0,52,18.0,0.3653846153846153,0,0,0,3.563882963939251,Москворечье,Without renovation
67.0,2.0,9.0,26,6.0,0.3461538461538461,0,0,0,4.219507705176107,Красные ворота,Designer
18.0,0.0,1.0,5,16.0,0.2,1,0,1,2.9444389791664403,Сходненская,Designer
58.1,3.0,7.0,9,6.0,0.7777777777777778,0,0,0,4.079230924412053,Народное Ополчение,Cosmetic
19.5,0.0,4.0,9,18.0,0.4444444444444444,0,0,1,3.0204248861443626,Аминьевская,European-style renovation
108.0,4.0,4.0,6,6.0,0.6666666666666666,0,0,0,4.691347882229144,Смоленская,European-style renovation
39.0,1.0,9.0,16,19.0,0.5625,0,0,0,3.688879454113936,Пражская,Cosmetic
57.0,2.0,16.0,17,10.0,0.9411764705882352,0,0,0,4.060443010546419,Домодедовская,Cosmetic
95.0,2.0,4.0,12,5.0,0.3333333333333333,0,0,0,4.564348191467836,Сходненская,European-style renovation
39.0,2.0,6.0,12,29.0,0.5,0,0,0,3.688879454113936,Народное Ополчение,Cosmetic
234.3,4.0,18.0,21,6.0,0.8571428571428571,0,0,0,5.4608612957333165,Улица 1905 года,Designer
159.0,5.0,2.0,11,11.0,0.1818181818181818,0,0,0,5.075173815233827,Курская,Designer
60.6,2.0,27.0,40,12.0,0.675,0,0,0,4.120661870539474,ЗИЛ,European-style renovation
86.7,3.0,13.0,25,19.0,0.52,0,0,0,4.473921899378137,Некрасовка,Cosmetic
57.4,2.0,5.0,5,10.0,1.0,0,1,0,4.067315889834181,Лефортово,European-style renovation
143.0,4.0,13.0,20,15.0,0.65,0,0,0,4.969813299576001,Улица 1905 года,Designer
110.9,3.0,8.0,18,6.0,0.4444444444444444,0,0,0,4.71760561531788,Панфиловская,Without renovation
52.0,2.0,1.0,12,3.0,0.0833333333333333,1,0,0,3.970291913552122,Строгино,Cosmetic
55.0,2.0,2.0,5,10.0,0.4,0,0,0,4.02535169073515,Новокузнецкая,Designer
109.1,5.0,27.0,28,8.0,0.9642857142857144,0,0,0,4.701389043728634,Нагорная,Without renovation
232.0,6.0,24.0,24,13.0,1.0,0,1,0,5.4510384535657,Рабочий Посёлок,Without renovation
111.3,3.0,12.0,17,10.0,0.7058823529411765,0,0,0,4.721173861744398,Ломоносовский проспект,Designer
146.0,3.0,11.0,31,16.0,0.3548387096774194,0,0,0,4.990432586778736,Славянский бульвар,Without renovation
44.5,2.0,30.0,32,14.0,0.9375,0,0,0,3.817712325956905,Лианозово,European-style renovation
45.2,0.0,7.0,7,17.0,1.0,0,1,1,3.832979798087693,Электрозаводская,Without renovation
47.0,2.0,9.0,12,19.0,0.75,0,0,0,3.871201010907891,Алтуфьево,European-style renovation
184.0,4.0,5.0,7,8.0,0.7142857142857143,0,0,0,5.220355825078324,Смоленская,Without renovation
192.3,5.0,2.0,6,5.0,0.3333333333333333,0,0,0,5.264243386214285,Пушкинская,Designer
74.7,3.0,10.0,16,9.0,0.625,0,0,0,4.326778160443404,Верхние Котлы,European-style renovation
66.5,2.0,14.0,20,17.0,0.7,0,0,0,4.212127597878484,Тульская,Cosmetic
320.0,6.0,1.0,7,25.0,0.1428571428571428,1,0,0,5.771441123130016,Минская,Designer
83.6,3.0,22.0,34,7.0,0.6470588235294118,0,0,0,4.437934266612178,Парк Победы,Designer
62.8,2.0,2.0,11,5.0,0.1818181818181818,0,0,0,4.155753190350744,Панфиловская,European-style renovation
108.6,4.0,2.0,8,14.0,0.25,0,0,0,4.696837374513915,Китай-город,Designer
62.1,4.0,8.0,15,15.0,0.5333333333333333,0,0,0,4.144720769547168,Прокшино,Cosmetic
36.6,1.0,1.0,5,8.0,0.2,1,0,0,3.6270040503958487,Красные ворота,Without renovation
26.3,6.0,9.0,9,8.0,1.0,0,1,0,3.3068867021909143,Бунинская Аллея,Cosmetic
75.7,3.0,5.0,22,7.0,0.2272727272727272,0,0,0,4.33990170837321,Новаторская,European-style renovation
190.0,5.0,10.0,20,9.0,0.5,0,0,0,5.25227342804663,Улица 1905 года,European-style renovation
105.0,3.0,38.0,72,3.0,0.5277777777777778,0,0,0,4.663439094112067,Деловой центр,Designer
114.0,4.0,2.0,8,6.0,0.25,0,0,0,4.74493212836325,Сухаревская,European-style renovation
34.4,1.0,7.0,27,19.0,0.2592592592592592,0,0,0,3.5667118201397288,Нагатинская,Without renovation
45.0,2.0,3.0,14,8.0,0.2142857142857142,0,0,0,3.828641396489095,Медведково,Without renovation
20.0,6.0,10.0,17,9.0,0.5882352941176471,0,0,0,3.044522437723423,Щербинка,Cosmetic
33.0,1.0,9.0,9,13.0,1.0,0,1,0,3.5263605246161616,Юго-Восточная,Cosmetic
58.6,2.0,4.0,5,11.0,0.8,0,0,0,4.087655574071304,Тульская,Without renovation
227.0,6.0,18.0,18,4.0,1.0,0,1,0,5.429345628954441,Студенческая,Without renovation
19.5,0.0,2.0,8,8.0,0.25,0,0,1,3.0204248861443626,Калитники,Without renovation
226.2,4.0,15.0,22,10.0,0.6818181818181818,0,0,0,5.4258306868469965,Аэропорт,European-style renovation
186.0,3.0,35.0,73,4.0,0.4794520547945205,0,0,0,5.231108616854587,Деловой центр,Designer
40.5,1.0,24.0,29,22.0,0.8275862068965517,0,0,0,3.725693427236653,Дубровка,Without renovation
73.5,4.0,4.0,5,7.0,0.8,0,0,0,4.310799125385514,Трубная,Designer
75.0,3.0,7.0,10,10.0,0.7,0,0,0,4.330733340286331,Бунинская Аллея,Cosmetic
13.8,0.0,3.0,5,16.0,0.6,0,0,1,2.694627180770069,Бутырская,European-style renovation
66.0,3.0,11.0,20,14.0,0.55,0,0,0,4.204692619390966,Технопарк,Without renovation
35.2,1.0,10.0,14,18.0,0.7142857142857143,0,0,0,3.5890591188317256,Домодедовская,Without renovation
50.4,2.0,2.0,17,9.0,0.1176470588235294,0,0,0,3.93963817246112,Рабочий Посёлок,Cosmetic
18.7,0.0,1.0,4,8.0,0.25,1,0,1,2.9806186357439426,Чистые пруды,European-style renovation
31.0,0.0,3.0,4,12.0,0.75,0,0,1,3.4657359027997265,Преображенская площадь,Designer
27.0,0.0,5.0,5,12.0,1.0,0,1,1,3.332204510175204,Беговая,Cosmetic
155.2,4.0,5.0,12,12.0,0.4166666666666667,0,0,0,5.051137237405586,Мичуринский проспект,Without renovation
55.2,3.0,2.0,5,13.0,0.4,0,0,0,4.028916756899646,Савеловская,Cosmetic
160.0,4.0,2.0,9,9.0,0.2222222222222222,0,0,0,5.081404364984463,Маяковская,Designer
15.0,0.0,3.0,5,7.0,0.6,0,0,1,2.772588722239781,Кузьминки,European-style renovation
18.0,0.0,5.0,5,3.0,1.0,0,1,1,2.9444389791664403,Окружная,European-style renovation
70.0,3.0,2.0,14,28.0,0.1428571428571428,0,0,0,4.262679877041316,Минская,Without renovation
123.8,3.0,1.0,16,14.0,0.0625,1,0,0,4.826712455935327,Аэропорт,European-style renovation
109.0,5.0,37.0,42,19.0,0.8809523809523809,0,0,0,4.700480365792417,Нагорная,Without renovation
163.5,3.0,9.0,57,10.0,0.1578947368421052,0,0,0,5.1029105702054265,Аэропорт,Designer
27.8,1.0,2.0,8,7.0,0.25,0,0,0,3.3603753871419,Калитники,Cosmetic
117.0,3.0,3.0,9,15.0,0.3333333333333333,0,0,0,4.770684624465665,Чкаловская,Without renovation
85.0,4.0,9.0,12,12.0,0.75,0,0,0,4.454347296253507,Зябликово,European-style renovation
83.0,3.0,5.0,15,6.0,0.3333333333333333,0,0,0,4.430816798843313,Стахановская,European-style renovation
74.3,3.0,3.0,17,9.0,0.1764705882352941,0,0,0,4.321480134805848,Крылатское,Cosmetic
83.6,3.0,6.0,9,23.0,0.6666666666666666,0,0,0,4.437934266612178,Молодежная,Without renovation
66.4,2.0,5.0,5,4.0,1.0,0,1,0,4.210645017918261,Варшавская,Cosmetic
53.2,2.0,8.0,20,10.0,0.4,0,0,0,3.992680908445601,Прокшино,Without renovation
53.0,2.0,12.0,19,7.0,0.631578947368421,0,0,0,3.9889840465642745,Бескудниково,Cosmetic
58.3,2.0,9.0,27,16.0,0.3333333333333333,0,0,0,4.08260930600368,Серпуховская,European-style renovation
140.1,5.0,32.0,33,17.0,0.9696969696969696,0,0,0,4.9494688588587685,Павелецкая,Designer
67.0,2.0,5.0,9,6.0,0.5555555555555556,0,0,0,4.219507705176107,Цветной бульвар,Cosmetic
55.4,2.0,6.0,9,12.0,0.6666666666666666,0,0,0,4.032469158504013,Киевская,European-style renovation
68.3,2.0,8.0,24,10.0,0.3333333333333333,0,0,0,4.238444906195857,Нижегородская,European-style renovation
83.2,3.0,5.0,7,11.0,0.7142857142857143,0,0,0,4.4331949212482815,Дубровка,Designer
101.0,4.0,4.0,17,8.0,0.2352941176470588,0,0,0,4.624972813284271,Озёрная,European-style renovation
74.1,2.0,2.0,6,10.0,0.3333333333333333,0,0,0,4.318820558770089,Парк культуры,Designer
58.0,3.0,1.0,9,18.0,0.1111111111111111,1,0,0,4.07753744390572,Новогиреево,Cosmetic
77.9,4.0,12.0,15,17.0,0.8,0,0,0,4.368181227851829,Ольховая,Cosmetic
59.0,2.0,8.0,24,7.0,0.3333333333333333,0,0,0,4.0943445622221,Улица 1905 года,European-style renovation
36.7,1.0,4.0,5,12.0,0.8,0,0,0,3.629660094453965,Беговая,European-style renovation
370.0,5.0,21.0,21,19.0,1.0,0,1,0,5.916202062607435,Минская,Designer
71.0,2.0,16.0,20,13.0,0.8,0,0,0,4.276666119016055,Тульская,European-style renovation
141.0,3.0,4.0,6,10.0,0.6666666666666666,0,0,0,4.955827057601261,Арбатская,European-style renovation
45.0,2.0,1.0,9,14.0,0.1111111111111111,1,0,0,3.828641396489095,Выхино,Cosmetic
105.0,3.0,14.0,23,17.0,0.6086956521739131,0,0,0,4.663439094112067,Солнцево,European-style renovation
58.2,3.0,1.0,5,12.0,0.2,1,0,0,4.0809215418899605,Марьина Роща,Cosmetic
24.0,0.0,8.0,12,4.0,0.6666666666666666,0,0,1,3.218875824868201,Белорусская,Without renovation
38.6,1.0,21.0,22,15.0,0.9545454545454546,0,0,0,3.6788291182604342,Давыдково,Cosmetic
56.7,3.0,1.0,5,10.0,0.2,1,0,0,4.055257173514054,Кунцевская,Cosmetic
37.8,1.0,5.0,14,22.0,0.3571428571428571,0,0,0,3.658420246629228,Люблино,Cosmetic
158.0,5.0,30.0,37,12.0,0.8108108108108109,0,0,0,5.068904202220232,Шелепиха,Without renovation
54.0,2.0,12.0,47,7.0,0.2553191489361702,0,0,0,4.007333185232471,Октябрьское поле,Without renovation
36.0,1.0,12.0,17,9.0,0.7058823529411765,0,0,0,3.610917912644224,Прокшино,European-style renovation
135.2,4.0,38.0,46,18.0,0.8260869565217391,0,0,0,4.914124393715412,Павелецкая,Without renovation
110.0,4.0,3.0,6,1.0,0.5,0,0,0,4.709530201312334,Чеховская,Without renovation
40.0,2.0,1.0,5,13.0,0.2,1,0,0,3.713572066704308,Водный стадион,Without renovation
20.0,0.0,8.0,10,9.0,0.8,0,0,1,3.044522437723423,Выхино,European-style renovation
62.7,3.0,3.0,5,18.0,0.6,0,0,0,4.154184562578117,Щербинка,Cosmetic
34.5,1.0,4.0,12,9.0,0.3333333333333333,0,0,0,3.56953269648137,Рязанский проспект,European-style renovation
53.8,0.0,2.0,3,5.0,0.6666666666666666,0,0,1,4.00369019395397,Строгино,Without renovation
57.5,3.0,8.0,9,24.0,0.8888888888888888,0,0,0,4.069026754237811,Речной вокзал,Cosmetic
136.0,5.0,7.0,7,9.0,1.0,0,1,0,4.919980925828125,Рижская,European-style renovation
42.6,0.0,1.0,2,10.0,0.5,1,0,1,3.775057150354989,Преображенская площадь,Designer
46.0,1.0,8.0,15,5.0,0.5333333333333333,0,0,0,3.8501476017100575,Площадь Гагарина,European-style renovation
117.16,3.0,4.0,7,3.0,0.5714285714285714,0,0,0,4.7720396382231245,Третьяковская,Designer
20.5,0.0,4.0,28,20.0,0.1428571428571428,0,0,1,3.068052935133617,Пятницкое шоссе,Cosmetic
14.8,0.0,1.0,9,10.0,0.1111111111111111,1,0,1,2.760009940032921,Юго-Восточная,Cosmetic
79.9,3.0,2.0,2,10.0,1.0,0,1,0,4.393213824064446,Комсомольская,Designer
44.0,1.0,3.0,14,10.0,0.2142857142857142,0,0,0,3.80666248977032,Москва-Товарная,Without renovation
51.0,3.0,5.0,9,8.0,0.5555555555555556,0,0,0,3.951243718581428,Юго-Восточная,Cosmetic
32.5,0.0,3.0,16,9.0,0.1875,0,0,1,3.5115454388310208,Динамо,Without renovation
82.0,2.0,19.0,24,17.0,0.7916666666666666,0,0,0,4.418840607796598,Авиамоторная,Without renovation
39.0,1.0,8.0,9,16.0,0.8888888888888888,0,0,0,3.688879454113936,Улица Старокачаловская,Without renovation
35.7,1.0,11.0,11,15.0,1.0,0,1,0,3.6027767550605247,Электрозаводская,European-style renovation
71.8,2.0,4.0,24,19.0,0.1666666666666666,0,0,0,4.28771595520264,Селигерская,European-style renovation
28.6,0.0,3.0,22,7.0,0.1363636363636363,0,0,1,3.387774361330014,Спартак,European-style renovation
79.0,3.0,4.0,16,13.0,0.25,0,0,0,4.382026634673881,Комсомольская,Without renovation
172.0,4.0,5.0,9,12.0,0.5555555555555556,0,0,0,5.153291594497779,Киевская,Without renovation
19.2,0.0,1.0,16,9.0,0.0625,1,0,1,3.005682604407159,Ясенево,Without renovation
41.2,1.0,4.0,12,11.0,0.3333333333333333,0,0,0,3.742420221041966,Марьина Роща,European-style renovation
40.0,1.0,12.0,14,38.0,0.8571428571428571,0,0,0,3.713572066704308,Медведково,Cosmetic
17.2,0.0,1.0,12,15.0,0.0833333333333333,1,0,1,2.9014215940827497,Косино,Without renovation
45.8,2.0,4.0,12,14.0,0.3333333333333333,0,0,0,3.845883202923601,Марксистская,European-style renovation
21.5,0.0,1.0,9,12.0,0.1111111111111111,1,0,1,3.1135153092103742,Отрадное,Cosmetic
189.0,5.0,13.0,23,18.0,0.5652173913043478,0,0,0,5.247024072160486,Профсоюзная,Designer
40.2,2.0,9.0,9,15.0,1.0,0,1,0,3.7184382563554808,Новаторская,European-style renovation
91.0,4.0,10.0,40,14.0,0.25,0,0,0,4.5217885770490405,ЦСКА,Without renovation
203.0,5.0,1.0,6,6.0,0.1666666666666666,1,0,0,5.318119993844216,Третьяковская,Without renovation
37.6,1.0,5.0,17,12.0,0.2941176470588235,0,0,0,3.653252276470785,Кузьминки,Cosmetic
150.4,3.0,3.0,7,6.0,0.4285714285714285,0,0,0,5.019925341003349,Новослободская,Designer
36.0,1.0,4.0,17,20.0,0.2352941176470588,0,0,0,3.610917912644224,Новопеределкино,Cosmetic
57.0,0.0,23.0,25,24.0,0.92,0,0,1,4.060443010546419,Трикотажная,Designer
18.0,0.0,3.0,6,14.0,0.5,0,0,1,2.9444389791664403,Южная,Designer
35.0,1.0,5.0,15,8.0,0.3333333333333333,0,0,0,3.58351893845611,Кантемировская,Cosmetic
25.0,0.0,5.0,5,9.0,1.0,0,1,1,3.258096538021482,Зюзино,European-style renovation
225.0,0.0,15.0,21,9.0,0.7142857142857143,0,0,1,5.420534999272286,Выставочная,Without renovation
110.0,4.0,6.0,22,9.0,0.2727272727272727,0,0,0,4.709530201312334,Проспект Вернадского,Designer
53.5,2.0,17.0,17,11.0,1.0,0,1,0,3.9982007016691994,Люблино,European-style renovation
11.5,0.0,1.0,3,7.0,0.3333333333333333,1,0,1,2.525728644308256,Трубная,Cosmetic
57.1,1.0,4.0,11,5.0,0.3636363636363636,0,0,0,4.062165663857866,Панфиловская,European-style renovation
370.0,5.0,14.0,14,12.0,1.0,0,1,0,5.916202062607435,Аэропорт,Designer
51.8,3.0,2.0,9,21.0,0.2222222222222222,0,0,0,3.966511190712216,Ясенево,European-style renovation
78.6,3.0,3.0,16,7.0,0.1875,0,0,0,4.377014092850337,Улица Горчакова,Cosmetic
28.8,0.0,2.0,27,2.0,0.074074074074074,0,0,1,3.3945083935113587,Нагорная,Without renovation
109.0,4.0,5.0,5,5.0,1.0,0,1,0,4.700480365792417,Серпуховская,Designer
44.0,2.0,4.0,9,8.0,0.4444444444444444,0,0,0,3.80666248977032,Дегунино,European-style renovation
73.2,3.0,7.0,17,8.0,0.4117647058823529,0,0,0,4.306764150173335,Пятницкое шоссе,Cosmetic
79.0,2.0,2.0,12,23.0,0.1666666666666666,0,0,0,4.382026634673881,Коммунарка,Designer
14.0,0.0,1.0,9,5.0,0.1111111111111111,1,0,1,2.70805020110221,Люблино,Without renovation
150.0,4.0,5.0,13,10.0,0.3846153846153846,0,0,0,5.017279836814924,Достоевская,Designer
39.3,1.0,4.0,17,10.0,0.2352941176470588,0,0,0,3.696351468952637,Лианозово,Cosmetic
85.4,2.0,7.0,17,13.0,0.4117647058823529,0,0,0,4.45898767581001,Ленинский проспект,Without renovation
267.0,4.0,3.0,4,46.0,0.75,0,0,0,5.5909869805108565,Терехово,Designer
120.4,3.0,2.0,6,5.0,0.3333333333333333,0,0,0,4.799090878625398,Чистые пруды,Designer
111.0,4.0,6.0,6,10.0,1.0,0,1,0,4.718498871295094,Арбатская,Designer
75.8,3.0,5.0,17,9.0,0.2941176470588235,0,0,0,4.341204640153626,Первомайская,Cosmetic
46.0,1.0,15.0,25,23.0,0.6,0,0,0,3.8501476017100575,Давыдково,Without renovation
62.0,2.0,6.0,9,1.0,0.6666666666666666,0,0,0,4.143134726391533,Маяковская,Designer
89.8,2.0,6.0,7,7.0,0.8571428571428571,0,0,0,4.508659285607248,Панфиловская,European-style renovation
98.1,3.0,21.0,22,12.0,0.9545454545454546,0,0,0,4.596129441335942,ЗИЛ,Without renovation
69.0,2.0,1.0,12,15.0,0.0833333333333333,1,0,0,4.248495242049359,Ольховая,Designer
234.0,5.0,3.0,19,11.0,0.1578947368421052,0,0,0,5.459585514144159,Новослободская,Designer
163.7,3.0,4.0,6,6.0,0.6666666666666666,0,0,0,5.104125637183595,Полянка,Designer
136.7,5.0,2.0,15,6.0,0.1333333333333333,0,0,0,4.925077405734609,Прокшино,European-style renovation
65.0,3.0,5.0,12,6.0,0.4166666666666667,0,0,0,4.189654742026425,Южная,Cosmetic
175.0,5.0,4.0,5,5.0,0.8,0,0,0,5.170483995038151,Кропоткинская,Designer
39.5,2.0,8.0,12,24.0,0.6666666666666666,0,0,0,3.701301974112493,Сетунь,European-style renovation
57.0,2.0,15.0,25,23.0,0.6,0,0,0,4.060443010546419,Хорошево,Cosmetic
217.0,5.0,20.0,38,18.0,0.5263157894736842,0,0,0,5.384495062789089,Ломоносовский проспект,Designer
192.0,4.0,5.0,7,18.0,0.7142857142857143,0,0,0,5.262690188904886,Щукинская,Designer
200.1,5.0,4.0,13,8.0,0.3076923076923077,0,0,0,5.303802296778606,Новослободская,Without renovation
126.0,4.0,22.0,42,6.0,0.5238095238095238,0,0,0,4.844187086458591,Фили,Without renovation
136.0,4.0,19.0,21,7.0,0.9047619047619048,0,0,0,4.919980925828125,Улица 1905 года,European-style renovation
52.4,1.0,11.0,18,16.0,0.6111111111111112,0,0,0,3.977810745966149,Киевская,Without renovation
128.0,4.0,2.0,5,3.0,0.4,0,0,0,4.859812404361672,Кропоткинская,Without renovation
170.0,0.0,3.0,4,25.0,0.75,0,0,1,5.14166355650266,Тульская,Without renovation
202.0,4.0,4.0,11,15.0,0.3636363636363636,0,0,0,5.313205979041787,Фрунзенская,Designer
44.9,1.0,10.0,25,25.0,0.4,0,0,0,3.8264651170664994,Коммунарка,European-style renovation
32.0,1.0,3.0,27,15.0,0.1111111111111111,0,0,0,3.49650756146648,Полежаевская,Without renovation
46.2,2.0,11.0,12,13.0,0.9166666666666666,0,0,0,3.8543938925915096,Улица Академика Янгеля,Cosmetic
36.2,1.0,8.0,9,16.0,0.8888888888888888,0,0,0,3.616308761279101,Братиславская,Cosmetic
97.3,4.0,1.0,4,11.0,0.25,1,0,0,4.5880240271531205,Филёвский парк,Cosmetic
200.2,4.0,4.0,7,10.0,0.5714285714285714,0,0,0,5.304299438225584,Краснопресненская,Cosmetic
170.0,4.0,6.0,12,8.0,0.5,0,0,0,5.14166355650266,Фрунзенская,Designer
52.1,3.0,2.0,9,10.0,0.2222222222222222,0,0,0,3.972176928247893,Люблино,Without renovation
36.9,1.0,9.0,17,13.0,0.5294117647058824,0,0,0,3.634951112088381,Говорово,Cosmetic
121.4,4.0,11.0,14,10.0,0.7857142857142857,0,0,0,4.807294370078226,Серпуховская,European-style renovation
162.3,4.0,4.0,32,18.0,0.125,0,0,0,5.095588999976419,Калужская,Without renovation
54.0,2.0,4.0,21,6.0,0.1904761904761904,0,0,0,4.007333185232471,Улица 1905 года,Without renovation
143.4,3.0,5.0,5,6.0,1.0,0,1,0,4.972587226458726,Смоленская,Designer
70.9,3.0,33.0,41,14.0,0.8048780487804879,0,0,0,4.275276264727001,Шелепиха,Designer
85.6,3.0,6.0,23,20.0,0.2608695652173913,0,0,0,4.461299815568389,Кленовый бульвар,European-style renovation
59.2,3.0,6.0,9,7.0,0.6666666666666666,0,0,0,4.097672352314776,Пролетарская,Cosmetic
144.0,5.0,4.0,6,2.0,0.6666666666666666,0,0,0,4.976733742420574,Чеховская,European-style renovation
83.5,3.0,2.0,5,11.0,0.4,0,0,0,4.436751534363128,Бульвар Рокоссовского,European-style renovation
300.0,6.0,4.0,6,9.0,0.6666666666666666,0,0,0,5.707110264748875,Арбатская,Designer
121.7,3.0,7.0,12,6.0,0.5833333333333334,0,0,0,4.809742351716865,Краснопресненская,European-style renovation
96.0,4.0,5.0,5,9.0,1.0,0,1,0,4.574710978503383,Тверская,Designer
111.5,4.0,5.0,5,9.0,1.0,0,1,0,4.722953221644475,Красные ворота,European-style renovation
14.0,0.0,1.0,3,7.0,0.3333333333333333,1,0,1,2.70805020110221,Сретенский бульвар,Cosmetic
24.8,0.0,13.0,15,30.0,0.8666666666666667,0,0,1,3.250374491927572,Силикатная,Cosmetic
74.9,3.0,11.0,16,6.0,0.6875,0,0,0,4.329416684401584,Улица Скобелевская,European-style renovation
34.1,1.0,14.0,28,2.0,0.5,0,0,0,3.55820113047182,Карамышевская,Cosmetic
33.0,1.0,4.0,5,10.0,0.8,0,0,0,3.5263605246161616,Аэропорт,Cosmetic
74.5,3.0,6.0,17,18.0,0.3529411764705882,0,0,0,4.324132656254979,Братиславская,European-style renovation
114.76,5.0,1.0,17,7.0,0.0588235294117647,1,0,0,4.751519082323228,Новоподрезково,European-style renovation
74.8,3.0,2.0,15,8.0,0.1333333333333333,0,0,0,4.328098292648326,Бунинская Аллея,Cosmetic
64.3,3.0,2.0,5,6.0,0.4,0,0,0,4.178992036282385,Первомайская,Cosmetic
39.6,1.0,9.0,28,18.0,0.3214285714285714,0,0,0,3.703768066607687,Павелецкая,Without renovation
65.0,2.0,7.0,20,10.0,0.35,0,0,0,4.189654742026425,Выставочная,Designer
17.1,0.0,6.0,6,17.0,1.0,0,1,1,2.89591193827178,Первомайская,Cosmetic
22.9,0.0,4.0,4,3.0,1.0,0,1,1,3.173878458937465,Аэропорт,Designer
38.4,1.0,5.0,46,18.0,0.108695652173913,0,0,0,3.673765816303888,Павелецкая,Without renovation
85.8,3.0,28.0,42,12.0,0.6666666666666666,0,0,0,4.463606621666305,Шелепиха,Without renovation
20.6,0.0,3.0,4,12.0,0.75,0,0,1,3.0726933146901194,Преображенская площадь,Designer
25.1,0.0,10.0,18,20.0,0.5555555555555556,0,0,1,3.261935314328648,Ботанический сад,Without renovation
71.9,3.0,5.0,16,8.0,0.3125,0,0,0,4.289088639014612,Печатники,European-style renovation
15.5,0.0,8.0,8,11.0,1.0,0,1,1,2.803360380906535,Электрозаводская,Designer
50.0,2.0,5.0,9,18.0,0.5555555555555556,0,0,0,3.9318256327243257,Царицыно,Cosmetic
17.0,0.0,1.0,12,7.0,0.0833333333333333,1,0,1,2.8903717578961645,Отрадное,Cosmetic
34.4,1.0,16.0,17,11.0,0.9411764705882352,0,0,0,3.5667118201397288,Физтех,Cosmetic
161.5,6.0,4.0,6,14.0,0.6666666666666666,0,0,0,5.090678001769792,Менделеевская,Designer
108.1,4.0,9.0,37,8.0,0.2432432432432432,0,0,0,4.692264892839025,Белорусская,Without renovation
64.0,2.0,19.0,37,11.0,0.5135135135135135,0,0,0,4.174387269895637,Аминьевская,Without renovation
56.5,3.0,5.0,9,13.0,0.5555555555555556,0,0,0,4.051784947803305,Выхино,Cosmetic
160.0,4.0,9.0,23,26.0,0.391304347826087,0,0,0,5.081404364984463,Давыдково,Designer
122.1,3.0,4.0,17,4.0,0.2352941176470588,0,0,0,4.812997033190408,Новослободская,Designer
134.3,4.0,35.0,38,12.0,0.9210526315789472,0,0,0,4.907494535176743,Ростокино,Designer
18.4,0.0,2.0,8,11.0,0.25,0,0,1,2.9652730660692823,Дмитровская,Without renovation
110.9,4.0,21.0,23,16.0,0.9130434782608696,0,0,0,4.71760561531788,Хорошево,Without renovation
40.1,1.0,2.0,41,13.0,0.048780487804878,0,0,0,3.716008121502189,ЦСКА,European-style renovation
63.0,3.0,9.0,17,10.0,0.5294117647058824,0,0,0,4.158883083359672,Речной вокзал,European-style renovation
45.8,1.0,13.0,25,22.0,0.52,0,0,0,3.845883202923601,Тушинская,Without renovation
171.82,6.0,8.0,9,1.0,0.8888888888888888,0,0,0,5.152250590413253,Октябрьская,Designer
48.8,0.0,11.0,18,4.0,0.6111111111111112,0,0,1,3.9080149840306073,Ботанический сад,Cosmetic
42.9,2.0,1.0,5,25.0,0.2,1,0,0,3.7819143200811256,Покровское,Cosmetic
38.0,1.0,31.0,58,10.0,0.5344827586206896,0,0,0,3.6635616461296463,Народное Ополчение,Without renovation
13.5,0.0,2.0,5,19.0,0.4,0,0,1,2.6741486494265287,Москворечье,Cosmetic
110.0,3.0,2.0,17,35.0,0.1176470588235294,0,0,0,4.709530201312334,Покровское,Without renovation
275.0,6.0,14.0,18,7.0,0.7777777777777778,0,0,0,5.62040086571715,Фрунзенская,Without renovation
94.0,4.0,2.0,21,10.0,0.0952380952380952,0,0,0,4.553876891600541,Алексеевская,Designer
300.0,6.0,6.0,13,8.0,0.4615384615384615,0,0,0,5.707110264748875,Новослободская,European-style renovation
21.5,0.0,1.0,9,12.0,0.1111111111111111,1,0,1,3.1135153092103742,Отрадное,Cosmetic
55.4,2.0,17.0,33,9.0,0.5151515151515151,0,0,0,4.032469158504013,Нижегородская,Without renovation
68.1,3.0,7.0,9,14.0,0.7777777777777778,0,0,0,4.235554730773624,Ясенево,Without renovation
61.0,0.0,4.0,13,5.0,0.3076923076923077,0,0,1,4.127134385045092,Маяковская,Without renovation
45.0,2.0,10.0,12,17.0,0.8333333333333334,0,0,0,3.828641396489095,Царицыно,Cosmetic
55.2,2.0,3.0,12,19.0,0.25,0,0,0,4.028916756899646,Перово,Cosmetic
40.0,1.0,15.0,26,12.0,0.5769230769230769,0,0,0,3.713572066704308,Спартак,Without renovation
260.0,6.0,25.0,38,12.0,0.6578947368421053,0,0,0,5.564520407322694,Ростокино,Designer
65.2,3.0,1.0,16,5.0,0.0625,1,0,0,4.192680462942962,Яхромская,Cosmetic
54.0,2.0,1.0,17,9.0,0.0588235294117647,1,0,0,4.007333185232471,Мичуринский проспект,Cosmetic
65.2,2.0,1.0,14,28.0,0.0714285714285714,1,0,0,4.192680462942962,Минская,Without renovation
126.7,2.0,9.0,15,8.0,0.6,0,0,0,4.8496837630384935,Улица 1905 года,Designer
49.0,3.0,3.0,9,9.0,0.3333333333333333,0,0,0,3.912023005428146,Депо,Cosmetic
75.0,3.0,6.0,32,4.0,0.1875,0,0,0,4.330733340286331,Беговая,European-style renovation
108.0,3.0,3.0,9,5.0,0.3333333333333333,0,0,0,4.691347882229144,Рижская,European-style renovation
15.0,0.0,9.0,9,9.0,1.0,0,1,1,2.772588722239781,Селигерская,Cosmetic
34.5,1.0,28.0,33,16.0,0.8484848484848485,0,0,0,3.56953269648137,Шелепиха,Without renovation
144.0,4.0,9.0,11,22.0,0.8181818181818182,0,0,0,4.976733742420574,Беломорская,Designer
62.5,3.0,6.0,9,27.0,0.6666666666666666,0,0,0,4.151039905898646,Давыдково,Cosmetic
48.4,1.0,2.0,19,12.0,0.1052631578947368,0,0,0,3.899950424193877,Пражская,Cosmetic
37.5,1.0,19.0,23,15.0,0.8260869565217391,0,0,0,3.6506582412937383,Хорошево,Without renovation
97.0,3.0,3.0,7,7.0,0.4285714285714285,0,0,0,4.584967478670572,Панфиловская,Without renovation
15.0,0.0,32.0,82,3.0,0.3902439024390244,0,0,1,2.772588722239781,Международная,Designer
25.4,1.0,2.0,16,8.0,0.125,0,0,0,3.2733640101522705,Бульвар Адмирала Ушакова,Cosmetic
60.2,3.0,3.0,22,8.0,0.1363636363636363,0,0,0,4.11414718951828,Нагорная,European-style renovation
158.27,5.0,9.0,14,8.0,0.6428571428571429,0,0,0,5.07060087526369,Киевская,Designer
212.0,5.0,27.0,30,29.0,0.9,0,0,0,5.3612921657094255,Славянский бульвар,Designer
41.6,1.0,21.0,24,6.0,0.875,0,0,0,3.751854253275325,Хорошёвская,European-style renovation
38.0,2.0,2.0,9,15.0,0.2222222222222222,0,0,0,3.6635616461296463,Фонвизинская,Cosmetic
37.8,1.0,3.0,17,5.0,0.1764705882352941,0,0,0,3.658420246629228,Коньково,European-style renovation
200.0,5.0,25.0,28,12.0,0.8928571428571429,0,0,0,5.303304908059076,Профсоюзная,European-style renovation
64.4,3.0,3.0,5,8.0,0.6,0,0,0,4.180522258463153,Пролетарская,Cosmetic
69.3,2.0,6.0,22,4.0,0.2727272727272727,0,0,0,4.252771798816619,Улица 1905 года,Designer
45.0,0.0,11.0,11,6.0,1.0,0,1,1,3.828641396489095,Новопеределкино,Without renovation
36.8,1.0,5.0,21,15.0,0.238095238095238,0,0,0,3.632309102625542,Зорге,Cosmetic
25.7,0.0,8.0,36,12.0,0.2222222222222222,0,0,1,3.284663565406204,Динамо,Designer
40.0,1.0,15.0,19,7.0,0.7894736842105263,0,0,0,3.713572066704308,Стахановская,European-style renovation
13.8,0.0,1.0,5,17.0,0.2,1,0,1,2.694627180770069,Преображенская площадь,European-style renovation
16.4,0.0,1.0,4,8.0,0.25,1,0,1,2.856470206220483,Чистые пруды,European-style renovation
53.0,2.0,8.0,17,6.0,0.4705882352941176,0,0,0,3.9889840465642745,Коньково,European-style renovation
43.6,1.0,5.0,20,8.0,0.25,0,0,0,3.7977338590260175,Коптево,Designer
37.5,1.0,8.0,9,23.0,0.8888888888888888,0,0,0,3.6506582412937383,Рассказовка,European-style renovation
122.4,5.0,5.0,17,10.0,0.2941176470588235,0,0,0,4.815431111471288,Коммунарка,European-style renovation
16.1,0.0,2.0,3,7.0,0.6666666666666666,0,0,1,2.8390784635086144,Нижегородская,Designer
65.2,3.0,11.0,14,13.0,0.7857142857142857,0,0,0,4.192680462942962,Новогиреево,Cosmetic
37.9,1.0,1.0,16,20.0,0.0625,1,0,0,3.6609942506244,Теплый Стан,European-style renovation
16.5,0.0,2.0,4,10.0,0.5,0,0,1,2.862200880929469,Преображенская площадь,Designer
45.7,1.0,12.0,22,16.0,0.5454545454545454,0,0,0,3.843744164674852,Печатники,European-style renovation
71.8,3.0,24.0,77,6.0,0.3116883116883117,0,0,0,4.28771595520264,Международная,Designer
179.9,4.0,3.0,21,6.0,0.1428571428571428,0,0,0,5.19794439240125,Улица 1905 года,Designer
160.0,3.0,47.0,53,29.0,0.8867924528301887,0,0,0,5.081404364984463,Минская,European-style renovation
64.5,3.0,5.0,12,18.0,0.4166666666666667,0,0,0,4.182050142641207,Стахановская,Cosmetic
23.6,0.0,11.0,18,15.0,0.6111111111111112,0,0,1,3.202746442938317,Прокшино,Cosmetic
36.0,1.0,13.0,23,18.0,0.5652173913043478,0,0,0,3.610917912644224,Селигерская,Without renovation
79.12,0.0,10.0,15,2.0,0.6666666666666666,0,0,1,4.383525510797617,Алексеевская,Cosmetic
52.0,2.0,10.0,17,11.0,0.5882352941176471,0,0,0,3.970291913552122,Новые Черемушки,Designer
60.6,2.0,29.0,40,12.0,0.725,0,0,0,4.120661870539474,ЗИЛ,European-style renovation
58.0,2.0,1.0,12,12.0,0.0833333333333333,1,0,0,4.07753744390572,Багратионовская,European-style renovation
96.4,4.0,20.0,27,4.0,0.7407407407407407,0,0,0,4.578826210648489,Октябрьское поле,European-style renovation
203.0,5.0,1.0,6,6.0,0.1666666666666666,1,0,0,5.318119993844216,Третьяковская,Without renovation
45.6,2.0,3.0,5,8.0,0.6,0,0,0,3.8416005411316,Кузьминки,Cosmetic
54.5,2.0,2.0,19,8.0,0.1052631578947368,0,0,0,4.0163830207523885,Солнцево,Designer
38.3,2.0,12.0,12,15.0,1.0,0,1,0,3.6712245188752153,Калитники,European-style renovation
42.0,2.0,12.0,12,12.0,1.0,0,1,0,3.7612001156935615,Новогиреево,Cosmetic
11.8,0.0,2.0,4,12.0,0.5,0,0,1,2.5494451709255714,Нижегородская,European-style renovation
28.0,0.0,5.0,10,13.0,0.5,0,0,1,3.367295829986474,Ростокино,Designer
65.6,3.0,5.0,14,11.0,0.3571428571428571,0,0,0,4.198704577546343,Медведково,Cosmetic
250.0,6.0,4.0,17,5.0,0.2352941176470588,0,0,0,5.525452939131784,Студенческая,Designer
182.2,3.0,15.0,21,6.0,0.7142857142857143,0,0,0,5.21057845224003,Улица 1905 года,Designer
165.0,5.0,2.0,16,11.0,0.125,0,0,0,5.111987788356544,Прокшино,European-style renovation
77.0,3.0,16.0,22,25.0,0.7272727272727273,0,0,0,4.356708826689592,Трикотажная,European-style renovation
158.0,4.0,5.0,15,7.0,0.3333333333333333,0,0,0,5.068904202220232,Автозаводская,European-style renovation
80.0,3.0,2.0,8,9.0,0.25,0,0,0,4.394449154672439,Киевская,Designer
95.7,4.0,12.0,12,13.0,1.0,0,1,0,4.571613402459248,Улица Дмитриевского,Cosmetic
267.1,5.0,21.0,21,8.0,1.0,0,1,0,5.591360045241914,Терехово,Designer
180.6,4.0,33.0,57,9.0,0.5789473684210527,0,0,0,5.201806466167193,Аэропорт,Designer
46.3,1.0,3.0,5,4.0,0.6,0,0,0,3.856510295497887,Новокузнецкая,Without renovation
114.0,4.0,17.0,17,27.0,1.0,0,1,0,4.74493212836325,Отрадное,European-style renovation
40.0,1.0,8.0,9,19.0,0.8888888888888888,0,0,0,3.713572066704308,Румянцево,Designer
52.2,2.0,15.0,16,22.0,0.9375,0,0,0,3.974058396347599,Бибирево,Cosmetic
163.4,4.0,3.0,18,13.0,0.1666666666666666,0,0,0,5.10230248262208,Измайловская,Designer
58.3,3.0,15.0,33,12.0,0.4545454545454545,0,0,0,4.08260930600368,Шелепиха,European-style renovation
43.0,2.0,4.0,8,6.0,0.5,0,0,0,3.784189633918261,Полежаевская,Cosmetic
43.4,1.0,8.0,14,14.0,0.5714285714285714,0,0,0,3.7932394694381792,Ольховая,Cosmetic
130.0,5.0,5.0,14,1.0,0.3571428571428571,0,0,0,4.875197323201151,Минская,Without renovation
134.6,4.0,4.0,7,5.0,0.5714285714285714,0,0,0,4.909709375506295,Арбатская,Designer
200.0,5.0,5.0,8,3.0,0.625,0,0,0,5.303304908059076,Новослободская,Designer
54.0,2.0,10.0,17,6.0,0.5882352941176471,0,0,0,4.007333185232471,Улица Старокачаловская,Cosmetic
222.3,4.0,15.0,57,9.0,0.2631578947368421,0,0,0,5.408516158846112,Аэропорт,European-style renovation
61.3,1.0,11.0,12,5.0,0.9166666666666666,0,0,0,4.131961425793407,Маяковская,Designer
21.0,0.0,1.0,17,11.0,0.0588235294117647,1,0,1,3.091042453358316,Отрадное,Cosmetic
143.0,4.0,16.0,25,11.0,0.64,0,0,0,4.969813299576001,Аминьевская,Without renovation
90.0,5.0,3.0,18,27.0,0.1666666666666666,0,0,0,4.51085950651685,Тульская,Without renovation
58.8,2.0,22.0,44,16.0,0.5,0,0,0,4.091005660956586,Селигерская,Without renovation
165.9,4.0,9.0,18,10.0,0.5,0,0,0,5.11739483066779,Улица 1905 года,Without renovation
138.2,0.0,5.0,7,6.0,0.7142857142857143,0,0,1,4.935911747900319,Арбатская,Without renovation
16.0,0.0,1.0,8,4.0,0.125,1,0,1,2.833213344056216,Тургеневская,Without renovation
53.3,2.0,11.0,16,26.0,0.6875,0,0,0,3.9945242269398897,Ясенево,European-style renovation
87.1,4.0,6.0,12,9.0,0.5,0,0,0,4.478472532942134,Коммунарка,European-style renovation
18.3,0.0,2.0,16,4.0,0.125,0,0,1,2.96010509591084,Владыкино,European-style renovation
12.0,0.0,1.0,5,11.0,0.2,1,0,1,2.5649493574615367,Академическая,Cosmetic
16.0,0.0,1.0,2,6.0,0.5,1,0,1,2.833213344056216,Депо,Without renovation
30.0,0.0,1.0,6,12.0,0.1666666666666666,1,0,1,3.4339872044851463,Сокольники,European-style renovation
54.4,2.0,10.0,17,9.0,0.5882352941176471,0,0,0,4.014579593753238,Некрасовка,Cosmetic
42.2,1.0,12.0,23,11.0,0.5217391304347826,0,0,0,3.765840495250065,Авиамоторная,Designer
170.0,1.0,37.0,86,3.0,0.4302325581395348,0,0,0,5.14166355650266,Международная,Designer
37.8,1.0,4.0,22,13.0,0.1818181818181818,0,0,0,3.658420246629228,Планерная,Cosmetic
127.5,3.0,3.0,7,10.0,0.4285714285714285,0,0,0,4.855928904335275,Полянка,Designer
42.0,2.0,3.0,5,14.0,0.6,0,0,0,3.7612001156935615,Алексеевская,Cosmetic
34.8,1.0,8.0,14,15.0,0.5714285714285714,0,0,0,3.5779478934066544,Чертановская,Cosmetic
72.3,3.0,5.0,5,5.0,1.0,0,1,0,4.294560608892605,Марьина Роща,Cosmetic
32.9,1.0,2.0,3,15.0,0.6666666666666666,0,0,0,3.5234150143864045,Волжская,Without renovation
19.6,0.0,23.0,24,19.0,0.9583333333333334,0,0,1,3.025291075795536,Саларьево,Cosmetic
100.0,2.0,5.0,7,7.0,0.7142857142857143,0,0,0,4.61512051684126,Смоленская,Designer
138.7,5.0,27.0,27,17.0,1.0,0,1,0,4.939497266262916,Павелецкая,Without renovation
89.1,3.0,6.0,33,12.0,0.1818181818181818,0,0,0,4.500920164614292,Улица Скобелевская,Designer
116.0,4.0,4.0,14,5.0,0.2857142857142857,0,0,0,4.762173934797756,Минская,Without renovation
43.5,1.0,7.0,12,13.0,0.5833333333333334,0,0,0,3.7954891891721942,Автозаводская,Cosmetic
70.0,2.0,8.0,11,5.0,0.7272727272727273,0,0,0,4.262679877041316,Панфиловская,European-style renovation
85.0,3.0,2.0,22,14.0,0.0909090909090909,0,0,0,4.454347296253507,Новаторская,European-style renovation
93.0,3.0,14.0,21,12.0,0.6666666666666666,0,0,0,4.543294782270004,Технопарк,Without renovation
71.8,3.0,1.0,19,11.0,0.0526315789473684,1,0,0,4.28771595520264,Беломорская,Cosmetic
96.0,4.0,8.0,22,8.0,0.3636363636363636,0,0,0,4.574710978503383,Алтуфьево,European-style renovation
34.4,1.0,4.0,12,6.0,0.3333333333333333,0,0,0,3.5667118201397288,Бауманская,European-style renovation
78.0,3.0,12.0,17,14.0,0.7058823529411765,0,0,0,4.3694478524670215,Кантемировская,Cosmetic
336.4,6.0,4.0,4,9.0,1.0,0,1,0,5.821269170111868,Смоленская,Designer
21.2,0.0,7.0,17,13.0,0.4117647058823529,0,0,1,3.100092288878234,Прокшино,Without renovation
30.0,0.0,16.0,58,6.0,0.2758620689655172,0,0,1,3.4339872044851463,Дмитровская,European-style renovation
61.0,3.0,3.0,8,5.0,0.375,0,0,0,4.127134385045092,Комсомольская,European-style renovation
186.6,4.0,10.0,15,10.0,0.6666666666666666,0,0,0,5.234312036572124,Фрунзенская,Without renovation
220.0,5.0,2.0,5,6.0,0.4,0,0,0,5.3981627015177525,Кропоткинская,Designer
165.0,4.0,3.0,12,7.0,0.25,0,0,0,5.111987788356544,Улица 1905 года,Designer
77.5,3.0,29.0,41,27.0,0.7073170731707317,0,0,0,4.363098624788363,Лужники,European-style renovation
18.4,0.0,8.0,8,12.0,1.0,0,1,1,2.9652730660692823,Электрозаводская,Designer
63.0,3.0,8.0,18,10.0,0.4444444444444444,0,0,0,4.158883083359672,Речной вокзал,Without renovation
130.0,3.0,4.0,6,9.0,0.6666666666666666,0,0,0,4.875197323201151,Белорусская,Designer
76.5,3.0,12.0,17,13.0,0.7058823529411765,0,0,0,4.350277936359301,Говорово,Cosmetic
90.0,4.0,8.0,21,8.0,0.3809523809523809,0,0,0,4.51085950651685,Динамо,Without renovation
200.0,0.0,11.0,11,6.0,1.0,0,1,1,5.303304908059076,Курская,Without renovation
132.6,4.0,3.0,20,7.0,0.15,0,0,0,4.894850261102546,Новаторская,Designer
107.7,2.0,1.0,3,5.0,0.3333333333333333,1,0,0,4.688591794127164,Китай-город,Designer
44.3,2.0,7.0,9,10.0,0.7777777777777778,0,0,0,3.813307032488989,Новые Черемушки,Cosmetic
80.6,3.0,9.0,9,24.0,1.0,0,1,0,4.401829261970061,Братиславская,European-style renovation
136.0,4.0,5.0,14,58.0,0.3571428571428571,0,0,0,4.919980925828125,Минская,Without renovation
78.8,3.0,2.0,7,8.0,0.2857142857142857,0,0,0,4.379523504455763,Динамо,Without renovation
72.1,2.0,8.0,10,10.0,0.8,0,0,0,4.291828366755733,Студенческая,Designer
71.8,3.0,9.0,16,23.0,0.5625,0,0,0,4.28771595520264,Бунинская Аллея,Cosmetic
139.6,5.0,10.0,17,10.0,0.5882352941176471,0,0,0,4.9459189793765646,Коммунарка,European-style renovation
72.0,3.0,17.0,21,17.0,0.8095238095238095,0,0,0,4.290459441148391,Фили,Designer
74.4,3.0,15.0,17,6.0,0.8823529411764706,0,0,0,4.32280727501391,Некрасовка,Cosmetic
73.0,3.0,3.0,5,21.0,0.6,0,0,0,4.30406509320417,Тушинская,Cosmetic
71.0,3.0,7.0,17,13.0,0.4117647058823529,0,0,0,4.276666119016055,Некрасовка,Cosmetic
104.0,3.0,2.0,16,21.0,0.125,0,0,0,4.653960350157523,Трикотажная,Without renovation
17.9,0.0,10.0,13,7.0,0.7692307692307693,0,0,1,2.9391619220655967,ЗИЛ,Designer
29.0,1.0,17.0,19,20.0,0.8947368421052632,0,0,0,3.4011973816621555,Октябрьское поле,Cosmetic
167.0,4.0,3.0,21,10.0,0.1428571428571428,0,0,0,5.123963979403259,Октябрьское поле,Without renovation
38.9,2.0,8.0,14,8.0,0.5714285714285714,0,0,0,3.686376323895818,Озёрная,Without renovation
75.2,3.0,10.0,17,8.0,0.5882352941176471,0,0,0,4.333361462692601,Пятницкое шоссе,Without renovation
34.0,1.0,16.0,17,6.0,0.9411764705882352,0,0,0,3.555348061489413,Прокшино,Cosmetic
37.2,1.0,5.0,27,21.0,0.1851851851851851,0,0,0,3.6428355156125294,Саларьево,Cosmetic
67.2,3.0,2.0,36,22.0,0.0555555555555555,0,0,0,4.222444564849416,Шелепиха,Designer
85.0,4.0,4.0,6,10.0,0.6666666666666666,0,0,0,4.454347296253507,Шаболовская,European-style renovation
42.7,2.0,9.0,9,4.0,1.0,0,1,0,3.777348102101545,Новогиреево,European-style renovation
41.4,1.0,26.0,28,18.0,0.9285714285714286,0,0,0,3.747148362237912,Павелецкая,Without renovation
58.2,3.0,6.0,9,4.0,0.6666666666666666,0,0,0,4.0809215418899605,Домодедовская,European-style renovation
42.0,2.0,3.0,5,10.0,0.6,0,0,0,3.7612001156935615,Пролетарская,European-style renovation
66.0,2.0,3.0,8,5.0,0.375,0,0,0,4.204692619390966,Охотный ряд,European-style renovation
103.0,4.0,11.0,36,12.0,0.3055555555555556,0,0,0,4.6443908991413725,Шелепиха,Designer
21.0,0.0,6.0,7,9.0,0.8571428571428571,0,0,1,3.091042453358316,Красный Балтиец,Designer
163.0,4.0,7.0,7,10.0,1.0,0,1,0,5.099866427824199,Смоленская,Without renovation
102.0,0.0,29.0,42,6.0,0.6904761904761905,0,0,1,4.634728988229636,Фили,Without renovation
37.4,1.0,5.0,14,25.0,0.3571428571428571,0,0,0,3.648057459593681,Прокшино,European-style renovation
68.5,3.0,1.0,5,10.0,0.2,1,0,0,4.241326752570746,Смоленская,Cosmetic
112.2,3.0,5.0,15,21.0,0.3333333333333333,0,0,0,4.729156165769083,ЗИЛ,Without renovation
124.5,5.0,2.0,3,3.0,0.6666666666666666,0,0,0,4.832305758571839,Сухаревская,Cosmetic
71.7,2.0,14.0,26,13.0,0.5384615384615384,0,0,0,4.286341384539473,Москва-Товарная,European-style renovation
187.0,4.0,36.0,72,3.0,0.5,0,0,0,5.236441962829949,Деловой центр,Designer
58.5,3.0,2.0,9,9.0,0.2222222222222222,0,0,0,4.085976312551584,Достоевская,Without renovation
43.9,1.0,25.0,30,9.0,0.8333333333333334,0,0,0,3.8044377947482086,Красногвардейская,Without renovation
92.0,3.0,4.0,6,7.0,0.6666666666666666,0,0,0,4.532599493153256,Комсомольская,Without renovation
350.0,6.0,4.0,5,9.0,0.8,0,0,0,5.860786223465865,Смоленская,Designer
44.3,1.0,6.0,8,15.0,0.75,0,0,0,3.813307032488989,Варшавская (Коломенское),Without renovation
48.3,1.0,17.0,20,13.0,0.85,0,0,0,3.897924081048645,Трикотажная,European-style renovation
43.3,2.0,6.0,9,9.0,0.6666666666666666,0,0,0,3.7909846770510898,Теплый Стан,Cosmetic
70.0,2.0,22.0,25,26.0,0.88,0,0,0,4.262679877041316,Мичуринский проспект,Without renovation
70.0,3.0,8.0,17,18.0,0.4705882352941176,0,0,0,4.262679877041316,Авиамоторная,European-style renovation
108.0,4.0,21.0,50,10.0,0.42,0,0,0,4.691347882229144,Раменки,Without renovation
32.4,1.0,33.0,33,3.0,1.0,0,1,0,3.5085558999826545,Бульвар Рокоссовского,Cosmetic
60.0,3.0,3.0,5,6.0,0.6,0,0,0,4.110873864173311,Фрунзенская,Designer
60.3,3.0,2.0,15,28.0,0.1333333333333333,0,0,0,4.115779842942166,Бабушкинская,European-style renovation
74.0,3.0,11.0,50,12.0,0.22,0,0,0,4.31748811353631,Мичуринский проспект,Without renovation
67.5,2.0,5.0,11,5.0,0.4545454545454545,0,0,0,4.22683374526818,Панфиловская,European-style renovation
43.5,1.0,21.0,28,10.0,0.75,0,0,0,3.7954891891721942,Нижегородская,Without renovation
56.0,1.0,4.0,6,10.0,0.6666666666666666,0,0,0,4.04305126783455,Арбатская,European-style renovation
46.0,1.0,18.0,22,7.0,0.8181818181818182,0,0,0,3.8501476017100575,Тимирязевская,Designer
343.6,5.0,2.0,3,8.0,0.6666666666666666,0,0,0,5.842384324093829,Трубная,Designer
109.6,4.0,13.0,17,13.0,0.7647058823529411,0,0,0,4.705920089088234,Говорово,European-style renovation
32.3,1.0,9.0,9,13.0,1.0,0,1,0,3.505557396986398,Тимирязевская,Cosmetic
12.0,0.0,2.0,4,15.0,0.5,0,0,1,2.5649493574615367,Рязанский проспект,Cosmetic
11.2,0.0,1.0,9,6.0,0.1111111111111111,1,0,1,2.501435951739211,Планерная,European-style renovation
23.4,0.0,14.0,25,18.0,0.56,0,0,1,3.194583132299156,Домодедовская,Cosmetic
80.0,3.0,17.0,20,17.0,0.85,0,0,0,4.394449154672439,Домодедовская,Designer
16.8,0.0,3.0,4,12.0,0.75,0,0,1,2.87919845729804,Нижегородская,European-style renovation
47.7,2.0,4.0,18,6.0,0.2222222222222222,0,0,0,3.885679030088544,Панфиловская,European-style renovation
64.9,3.0,8.0,10,11.0,0.8,0,0,0,4.188138441508461,Технопарк,Without renovation
37.7,2.0,10.0,21,22.0,0.4761904761904761,0,0,0,3.655839600035736,Ольховая,Designer
106.4,3.0,12.0,26,17.0,0.4615384615384615,0,0,0,4.676560182074764,Академическая,Without renovation
192.0,3.0,41.0,75,2.0,0.5466666666666666,0,0,0,5.262690188904886,Деловой центр,Designer
20.2,0.0,2.0,4,14.0,0.5,0,0,1,3.054001181677967,Бауманская,European-style renovation
219.0,4.0,25.0,25,21.0,1.0,0,1,0,5.393627546352362,Давыдково,Without renovation
55.3,2.0,3.0,16,8.0,0.1875,0,0,0,4.030694535145645,Павелецкая,Designer
86.2,3.0,8.0,16,18.0,0.5,0,0,0,4.468204330914934,ЗИЛ,European-style renovation
127.1,4.0,3.0,21,15.0,0.1428571428571428,0,0,0,4.852811208902689,Раменки,Designer
59.0,3.0,2.0,27,7.0,0.074074074074074,0,0,0,4.0943445622221,Павелецкая,European-style renovation
40.0,1.0,6.0,47,12.0,0.1276595744680851,0,0,0,3.713572066704308,Дмитровская,European-style renovation
100.0,4.0,18.0,24,17.0,0.75,0,0,0,4.61512051684126,Шелепиха,Without renovation
60.2,1.0,11.0,13,2.0,0.8461538461538461,0,0,0,4.11414718951828,Киевская,Designer
157.0,4.0,3.0,9,8.0,0.3333333333333333,0,0,0,5.062595033026967,Чеховская,Designer
122.0,3.0,9.0,24,11.0,0.375,0,0,0,4.812184355372417,ЦСКА,Cosmetic
112.8,4.0,3.0,3,6.0,1.0,0,1,0,4.73444252169223,Братиславская,European-style renovation
36.8,1.0,3.0,16,12.0,0.1875,0,0,0,3.632309102625542,Волоколамская,Cosmetic
58.4,3.0,6.0,9,21.0,0.6666666666666666,0,0,0,4.084294226368599,Отрадное,Designer
38.1,1.0,4.0,23,14.0,0.1739130434782608,0,0,0,3.66612246699132,Раменки,Cosmetic
43.0,2.0,5.0,5,10.0,1.0,0,1,0,3.784189633918261,Бутырская,Cosmetic
32.0,0.0,11.0,15,11.0,0.7333333333333333,0,0,1,3.49650756146648,ЦСКА,Designer
83.0,3.0,3.0,15,9.0,0.2,0,0,0,4.430816798843313,Крылатское,European-style renovation
77.0,3.0,7.0,9,19.0,0.7777777777777778,0,0,0,4.356708826689592,Яхромская,Cosmetic
187.0,4.0,8.0,13,11.0,0.6153846153846154,0,0,0,5.236441962829949,Баррикадная,European-style renovation
238.0,4.0,7.0,9,7.0,0.7777777777777778,0,0,0,5.476463551931511,Маяковская,Designer
186.6,4.0,8.0,19,5.0,0.4210526315789473,0,0,0,5.234312036572124,Университет,Designer
91.0,0.0,5.0,6,5.0,0.8333333333333334,0,0,1,4.5217885770490405,Белорусская,Without renovation
58.6,3.0,9.0,9,25.0,1.0,0,1,0,4.087655574071304,Боровское шоссе,Cosmetic
45.9,2.0,9.0,16,13.0,0.5625,0,0,0,3.8480176754522337,Фили,European-style renovation
58.0,2.0,1.0,17,14.0,0.0588235294117647,1,0,0,4.07753744390572,Солнцево,Cosmetic
39.0,1.0,16.0,17,6.0,0.9411764705882352,0,0,0,3.688879454113936,Кожуховская,European-style renovation
180.5,8.0,3.0,4,12.0,0.75,0,0,0,5.201255653704905,Арбатская,European-style renovation
58.0,2.0,2.0,22,15.0,0.0909090909090909,0,0,0,4.07753744390572,Новокосино,European-style renovation
41.1,1.0,3.0,21,3.0,0.1428571428571428,0,0,0,3.740047740688336,Октябрьское поле,Cosmetic
13.8,0.0,1.0,5,17.0,0.2,1,0,1,2.694627180770069,Преображенская площадь,Cosmetic
90.0,2.0,5.0,13,11.0,0.3846153846153846,0,0,0,4.51085950651685,Фрунзенская,Designer
121.0,3.0,6.0,12,5.0,0.5,0,0,0,4.804021044733257,Проспект Мира,European-style renovation
72.2,3.0,4.0,36,22.0,0.1111111111111111,0,0,0,4.293195420967266,Шелепиха,Without renovation
32.3,1.0,9.0,33,19.0,0.2727272727272727,0,0,0,3.505557396986398,Кантемировская,Cosmetic
67.0,1.0,5.0,14,10.0,0.3571428571428571,0,0,0,4.219507705176107,Серпуховская,Designer
107.0,4.0,1.0,4,37.0,0.25,1,0,0,4.68213122712422,Пыхтино,Without renovation
38.5,1.0,22.0,22,6.0,1.0,0,1,0,3.676300671907076,Ясенево,European-style renovation
27.9,0.0,37.0,43,15.0,0.8604651162790697,0,0,1,3.3638415951183864,Аминьевская,Without renovation
218.48,5.0,54.0,85,6.0,0.6352941176470588,0,0,0,5.391261112190775,Выставочная,Designer
15.5,0.0,1.0,9,19.0,0.1111111111111111,1,0,1,2.803360380906535,Шипиловская,European-style renovation
19.8,0.0,13.0,33,10.0,0.3939393939393939,0,0,1,3.0349529867072724,Владыкино,Cosmetic
29.1,0.0,15.0,15,22.0,1.0,0,1,1,3.40452517175483,Прокшино,Without renovation
89.0,4.0,8.0,8,16.0,1.0,0,1,0,4.499809670330265,ВДНХ,Cosmetic
53.5,2.0,9.0,12,22.0,0.75,0,0,0,3.9982007016691994,Прокшино,Without renovation
100.0,4.0,4.0,5,7.0,0.8,0,0,0,4.61512051684126,Дмитровская,Cosmetic
13.0,0.0,1.0,9,9.0,0.1111111111111111,1,0,1,2.6390573296152584,Медведково,Cosmetic
58.0,3.0,1.0,9,31.0,0.1111111111111111,1,0,0,4.07753744390572,Покровское,Cosmetic
74.5,3.0,17.0,38,16.0,0.4473684210526316,0,0,0,4.324132656254979,Ботанический сад,Without renovation
35.1,2.0,9.0,9,20.0,1.0,0,1,0,3.586292865338835,Щелковская,Cosmetic
20.0,0.0,2.0,2,18.0,1.0,0,1,1,3.044522437723423,Семеновская,European-style renovation
46.4,1.0,8.0,12,3.0,0.6666666666666666,0,0,0,3.858622228701031,Тульская,Designer
126.0,5.0,18.0,21,8.0,0.8571428571428571,0,0,0,4.844187086458591,Выставочная,Without renovation
32.0,0.0,5.0,10,14.0,0.5,0,0,1,3.49650756146648,Римская,European-style renovation
61.0,2.0,6.0,13,18.0,0.4615384615384615,0,0,0,4.127134385045092,Тульская,European-style renovation
87.0,3.0,2.0,20,23.0,0.1,0,0,0,4.477336814478207,Ботанический сад,European-style renovation
58.0,1.0,21.0,26,13.0,0.8076923076923077,0,0,0,4.07753744390572,Чертановская,European-style renovation
18.2,0.0,2.0,6,9.0,0.3333333333333333,0,0,1,2.954910279033736,Маяковская,Designer
45.0,2.0,3.0,12,5.0,0.25,0,0,0,3.828641396489095,Фонвизинская,Without renovation
38.0,2.0,7.0,9,17.0,0.7777777777777778,0,0,0,3.6635616461296463,Севастопольская,Cosmetic
115.5,4.0,16.0,30,3.0,0.5333333333333333,0,0,0,4.757891273005756,Молодежная,Designer
35.0,1.0,11.0,12,11.0,0.9166666666666666,0,0,0,3.58351893845611,Севастопольская,Cosmetic
112.5,3.0,19.0,21,11.0,0.9047619047619048,0,0,0,4.7318028369214575,Раменки,Designer
31.0,1.0,14.0,18,18.0,0.7777777777777778,0,0,0,3.4657359027997265,Ботанический сад,Without renovation
200.0,4.0,4.0,6,6.0,0.6666666666666666,0,0,0,5.303304908059076,Белорусская,Designer
80.0,3.0,4.0,5,8.0,0.8,0,0,0,4.394449154672439,Автозаводская,Designer
74.8,3.0,15.0,16,25.0,0.9375,0,0,0,4.328098292648326,Октябрьское поле,Cosmetic
120.0,3.0,3.0,31,19.0,0.0967741935483871,0,0,0,4.795790545596741,Славянский бульвар,Without renovation
134.0,3.0,18.0,22,16.0,0.8181818181818182,0,0,0,4.90527477843843,Кунцевская,Without renovation
20.2,0.0,1.0,5,7.0,0.2,1,0,1,3.054001181677967,Гражданская,Without renovation
252.0,5.0,3.0,7,9.0,0.4285714285714285,0,0,0,5.53338948872752,Смоленская,Without renovation
44.4,2.0,6.0,9,14.0,0.6666666666666666,0,0,0,3.8155121050473024,Коломенская,European-style renovation
229.3,6.0,17.0,18,13.0,0.9444444444444444,0,0,0,5.439382806826639,Шаболовская,European-style renovation
360.0,6.0,23.0,26,17.0,0.8846153846153846,0,0,0,5.8888779583328805,Академическая,Without renovation
25.3,6.0,2.0,8,7.0,0.25,0,0,0,3.269568939183719,Волгоградский проспект,Cosmetic
157.5,4.0,6.0,16,5.0,0.375,0,0,0,5.065754593317335,Тимирязевская,Without renovation
53.4,1.0,3.0,26,14.0,0.1153846153846153,0,0,0,3.996364153861897,ЦСКА,Designer
131.4,3.0,7.0,9,13.0,0.7777777777777778,0,0,0,4.885827643502908,Спартак,Without renovation
54.5,2.0,4.0,5,13.0,0.8,0,0,0,4.0163830207523885,Крымская,Without renovation
36.1,2.0,2.0,9,7.0,0.2222222222222222,0,0,0,3.6136169696133895,Измайловская,European-style renovation
60.1,2.0,15.0,25,23.0,0.6,0,0,0,4.11251186617755,Хорошево,Without renovation
75.0,2.0,12.0,14,11.0,0.8571428571428571,0,0,0,4.330733340286331,Говорово,Designer
15.0,0.0,1.0,5,7.0,0.2,1,0,1,2.772588722239781,Сухаревская,Cosmetic
13.9,0.0,1.0,5,17.0,0.2,1,0,1,2.7013612129514133,Преображенская площадь,European-style renovation
191.2,6.0,5.0,6,11.0,0.8333333333333334,0,0,0,5.258536496536192,Арбатская,European-style renovation
20.1,0.0,14.0,28,20.0,0.5,0,0,1,3.0492730404820207,Пятницкое шоссе,Cosmetic
14.1,0.0,2.0,4,12.0,0.5,0,0,1,2.714694743820879,Нижегородская,European-style renovation
59.7,2.0,35.0,37,8.0,0.945945945945946,0,0,0,4.1059436980654525,Аминьевская,Without renovation
38.4,1.0,3.0,25,23.0,0.12,0,0,0,3.673765816303888,Давыдково,Designer
26.8,2.0,2.0,2,16.0,1.0,0,1,0,3.3250360206965914,Петровский парк,Designer
47.0,1.0,20.0,25,23.0,0.8,0,0,0,3.871201010907891,Давыдково,Designer
83.2,3.0,22.0,25,19.0,0.88,0,0,0,4.4331949212482815,Некрасовка,Cosmetic
79.1,3.0,10.0,53,13.0,0.1886792452830188,0,0,0,4.383275854074314,Шелепиха,Without renovation
345.0,6.0,17.0,19,3.0,0.8947368421052632,0,0,0,5.846438775057725,Раменки,European-style renovation
20.0,0.0,9.0,9,3.0,1.0,0,1,1,3.044522437723423,Рассказовка,Cosmetic
40.7,1.0,15.0,17,13.0,0.8823529411764706,0,0,0,3.730501128804756,Нижегородская,Cosmetic
185.0,8.0,34.0,44,12.0,0.7727272727272727,0,0,0,5.225746673713202,Улица 1905 года,Designer
24.1,0.0,3.0,4,12.0,0.75,0,0,1,3.2228678461377385,Преображенская площадь,Designer
40.0,1.0,7.0,20,12.0,0.35,0,0,0,3.713572066704308,Озёрная,European-style renovation
84.0,3.0,10.0,17,15.0,0.5882352941176471,0,0,0,4.442651256490317,Щелковская,European-style renovation
20.0,0.0,3.0,5,15.0,0.6,0,0,1,3.044522437723423,Зюзино,European-style renovation
48.0,1.0,15.0,51,13.0,0.2941176470588235,0,0,0,3.8918202981106265,Мичуринский проспект,Without renovation
41.6,1.0,3.0,15,14.0,0.2,0,0,0,3.751854253275325,Технопарк,Without renovation
16.0,0.0,1.0,9,6.0,0.1111111111111111,1,0,1,2.833213344056216,Шипиловская,European-style renovation
107.2,3.0,11.0,15,21.0,0.7333333333333333,0,0,0,4.6839813664123815,ЗИЛ,Without renovation
110.0,4.0,1.0,19,16.0,0.0526315789473684,1,0,0,4.709530201312334,Шелепиха,Designer
79.0,3.0,13.0,47,12.0,0.2765957446808511,0,0,0,4.382026634673881,Калужская,European-style renovation
74.9,2.0,15.0,17,17.0,0.8823529411764706,0,0,0,4.329416684401584,Юго-Западная,European-style renovation
152.5,3.0,3.0,6,6.0,0.5,0,0,0,5.033700567027251,Полянка,Designer
75.0,3.0,16.0,17,11.0,0.9411764705882352,0,0,0,4.330733340286331,Зюзино,Cosmetic
76.3,3.0,15.0,17,3.0,0.8823529411764706,0,0,0,4.3476939555933765,Сокольники,Cosmetic
32.0,1.0,2.0,25,13.0,0.08,0,0,0,3.49650756146648,Крылатское,Designer
69.0,3.0,4.0,23,10.0,0.1739130434782608,0,0,0,4.248495242049359,Варшавская,European-style renovation
82.0,3.0,19.0,50,12.0,0.38,0,0,0,4.418840607796598,Мичуринский проспект,Designer
51.0,3.0,6.0,9,25.0,0.6666666666666666,0,0,0,3.951243718581428,Щелковская,Cosmetic
15.5,0.0,3.0,34,16.0,0.088235294117647,0,0,1,2.803360380906535,Улица Скобелевская,European-style renovation
20.5,0.0,1.0,12,12.0,0.0833333333333333,1,0,1,3.068052935133617,Бунинская Аллея,Cosmetic
45.0,2.0,1.0,9,13.0,0.1111111111111111,1,0,0,3.828641396489095,Сходненская,Cosmetic
128.0,5.0,1.0,3,8.0,0.3333333333333333,1,0,0,4.859812404361672,Достоевская,Cosmetic
18.5,0.0,3.0,11,14.0,0.2727272727272727,0,0,1,2.970414465569701,Тульская,European-style renovation
64.5,2.0,6.0,17,19.0,0.3529411764705882,0,0,0,4.182050142641207,Солнцево,Cosmetic
86.0,3.0,6.0,16,18.0,0.375,0,0,0,4.465908118654584,ЗИЛ,European-style renovation
75.5,3.0,3.0,22,12.0,0.1363636363636363,0,0,0,4.33729074083249,Крылатское,Cosmetic
29.0,0.0,2.0,20,17.0,0.1,0,0,1,3.4011973816621555,Домодедовская,Cosmetic
275.0,4.0,11.0,13,13.0,0.8461538461538461,0,0,0,5.62040086571715,Смоленская,Designer
39.4,2.0,12.0,25,18.0,0.48,0,0,0,3.698829784967105,Отрадное,European-style renovation
73.4,3.0,6.0,24,10.0,0.25,0,0,0,4.309455941839047,Славянский бульвар,Cosmetic
320.0,5.0,1.0,7,25.0,0.1428571428571428,1,0,0,5.771441123130016,Минская,European-style renovation
140.0,4.0,5.0,9,13.0,0.5555555555555556,0,0,0,4.948759890378168,Киевская,Without renovation
20.6,0.0,4.0,22,16.0,0.1818181818181818,0,0,1,3.0726933146901194,Тропарево,European-style renovation
38.8,1.0,2.0,14,11.0,0.1428571428571428,0,0,0,3.683866912290392,Яхромская,European-style renovation
130.0,5.0,2.0,14,1.0,0.1428571428571428,0,0,0,4.875197323201151,Минская,Without renovation
39.0,1.0,17.0,17,5.0,1.0,0,1,0,3.688879454113936,Беговая,Designer
63.2,2.0,7.0,9,1.0,0.7777777777777778,0,0,0,4.162003210695915,Маяковская,Designer
53.3,0.0,11.0,15,5.0,0.7333333333333333,0,0,1,3.9945242269398897,Кунцевская,Without renovation
30.0,6.0,2.0,41,17.0,0.048780487804878,0,0,0,3.4339872044851463,Шелепиха,Cosmetic
117.3,4.0,6.0,7,2.0,0.8571428571428571,0,0,0,4.773223770984341,Менделеевская,Designer
212.0,5.0,27.0,31,19.0,0.8709677419354839,0,0,0,5.3612921657094255,Славянский бульвар,European-style renovation
19.2,6.0,1.0,19,12.0,0.0526315789473684,1,0,0,3.005682604407159,Окружная,Cosmetic
79.8,3.0,3.0,6,5.0,0.5,0,0,0,4.39197696552705,Китай-город,European-style renovation
17.0,0.0,1.0,12,7.0,0.0833333333333333,1,0,1,2.8903717578961645,Алтуфьево,Cosmetic
37.5,1.0,22.0,23,8.0,0.9565217391304348,0,0,0,3.6506582412937383,Новопеределкино,Without renovation
38.3,1.0,9.0,22,11.0,0.4090909090909091,0,0,0,3.6712245188752153,Озёрная,Cosmetic
49.7,2.0,11.0,16,10.0,0.6875,0,0,0,3.9259259105971376,Вешняки,Without renovation
29.5,0.0,10.0,19,14.0,0.5263157894736842,0,0,1,3.417726683613366,Прокшино,Without renovation
43.3,1.0,8.0,14,14.0,0.5714285714285714,0,0,0,3.7909846770510898,Ольховая,Cosmetic
64.0,3.0,1.0,12,15.0,0.0833333333333333,1,0,0,4.174387269895637,Сетунь,European-style renovation
187.0,4.0,7.0,14,9.0,0.5,0,0,0,5.236441962829949,Фрунзенская,Designer
55.0,2.0,12.0,12,14.0,1.0,0,1,0,4.02535169073515,Аэропорт,European-style renovation
106.0,3.0,9.0,20,7.0,0.45,0,0,0,4.672828834461906,Раменки,Designer
36.5,1.0,6.0,19,14.0,0.3157894736842105,0,0,0,3.624340932976365,Физтех,European-style renovation
20.6,0.0,3.0,4,10.0,0.75,0,0,1,3.0726933146901194,Преображенская площадь,Cosmetic
62.6,2.0,8.0,25,13.0,0.32,0,0,0,4.152613470346076,Беговая,European-style renovation
109.3,4.0,4.0,6,3.0,0.6666666666666666,0,0,0,4.703203926259457,Маяковская,European-style renovation
63.0,3.0,5.0,5,12.0,1.0,0,1,0,4.158883083359672,Петровский парк,European-style renovation
35.0,1.0,10.0,22,24.0,0.4545454545454545,0,0,0,3.58351893845611,Ольховая,European-style renovation
58.0,2.0,2.0,28,22.0,0.0714285714285714,0,0,0,4.07753744390572,Речной вокзал,European-style renovation
75.2,4.0,2.0,12,27.0,0.1666666666666666,0,0,0,4.333361462692601,Сетунь,Cosmetic
21.0,0.0,2.0,31,6.0,0.064516129032258,0,0,1,3.091042453358316,Бульвар Рокоссовского,Cosmetic
41.9,1.0,13.0,25,14.0,0.52,0,0,0,3.758871825933971,Некрасовка,Without renovation
11.2,0.0,3.0,34,16.0,0.088235294117647,0,0,1,2.501435951739211,Улица Скобелевская,European-style renovation
22.0,0.0,4.0,5,6.0,0.8,0,0,1,3.1354942159291497,Улица 1905 года,Designer
88.2,3.0,29.0,33,19.0,0.8787878787878788,0,0,0,4.490881039585964,Коломенская,European-style renovation
36.7,1.0,4.0,24,35.0,0.1666666666666666,0,0,0,3.629660094453965,Пятницкое шоссе,Cosmetic
56.58,2.0,3.0,21,2.0,0.1428571428571428,0,0,0,4.05317528518403,Баррикадная,Without renovation
77.6,2.0,3.0,12,23.0,0.25,0,0,0,4.364371699435161,Коммунарка,Cosmetic
23.5,0.0,1.0,9,14.0,0.1111111111111111,1,0,1,3.198673117550681,Отрадное,Cosmetic
125.4,5.0,11.0,16,8.0,0.6875,0,0,0,4.839451481712757,Бульвар Адмирала Ушакова,European-style renovation
71.3,2.0,6.0,11,5.0,0.5454545454545454,0,0,0,4.280824129164719,Панфиловская,European-style renovation
34.8,1.0,13.0,14,18.0,0.9285714285714286,0,0,0,3.5779478934066544,Беляево,Without renovation
75.3,3.0,12.0,15,22.0,0.8,0,0,0,4.334672938290411,ЗИЛ,European-style renovation
51.4,0.0,1.0,16,26.0,0.0625,1,0,1,3.958906591326997,Новогиреево,European-style renovation
79.0,3.0,15.0,20,26.0,0.75,0,0,0,4.382026634673881,Выставочная,Designer
45.0,2.0,15.0,42,5.0,0.3571428571428571,0,0,0,3.828641396489095,Аминьевская,Designer
15.6,0.0,1.0,9,18.0,0.1111111111111111,1,0,1,2.8094026953624978,Беломорская,European-style renovation
57.3,3.0,7.0,9,9.0,0.7777777777777778,0,0,0,4.065602093356446,Бибирево,European-style renovation
20.0,0.0,2.0,2,16.0,1.0,0,1,1,3.044522437723423,Семеновская,European-style renovation
44.9,2.0,1.0,9,11.0,0.1111111111111111,1,0,0,3.8264651170664994,Беляево,European-style renovation
29.2,0.0,13.0,18,12.0,0.7222222222222222,0,0,1,3.407841924380824,Щербинка,Without renovation
45.1,1.0,13.0,27,21.0,0.4814814814814814,0,0,0,3.8308129500026022,Озёрная,Designer
41.6,1.0,3.0,6,12.0,0.5,0,0,0,3.751854253275325,Технопарк,Without renovation
50.0,2.0,2.0,32,8.0,0.0625,0,0,0,3.9318256327243257,Павелецкая,European-style renovation
180.0,5.0,16.0,24,8.0,0.6666666666666666,0,0,0,5.198497031265826,Белорусская,Without renovation
62.5,4.0,1.0,9,28.0,0.1111111111111111,1,0,0,4.151039905898646,Бабушкинская,Cosmetic
13.8,0.0,3.0,3,7.0,1.0,0,1,1,2.694627180770069,Нижегородская,European-style renovation
31.0,1.0,14.0,18,18.0,0.7777777777777778,0,0,0,3.4657359027997265,Ботанический сад,Without renovation
22.9,0.0,10.0,17,8.0,0.5882352941176471,0,0,1,3.173878458937465,Динамо,Designer
35.0,0.0,3.0,3,13.0,1.0,0,1,1,3.58351893845611,Бауманская,Designer
49.4,1.0,28.0,35,9.0,0.8,0,0,0,3.919991175077323,Речной вокзал,Without renovation
24.0,0.0,2.0,18,18.0,0.1111111111111111,0,0,1,3.218875824868201,Некрасовка,Cosmetic
20.2,0.0,2.0,4,15.0,0.5,0,0,1,3.054001181677967,Бауманская,European-style renovation
17.5,0.0,2.0,18,32.0,0.1111111111111111,0,0,1,2.917770732084279,Покровское,Without renovation
121.3,4.0,6.0,16,18.0,0.375,0,0,0,4.806477042693127,ЗИЛ,Without renovation
15.8,0.0,4.0,4,12.0,1.0,0,1,1,2.8213788864092133,Тульская,European-style renovation
139.0,4.0,17.0,24,17.0,0.7083333333333334,0,0,0,4.941642422609304,Шелепиха,Without renovation
15.7,0.0,4.0,9,25.0,0.4444444444444444,0,0,1,2.815408719422709,Пятницкое шоссе,European-style renovation
26.3,0.0,4.0,6,5.0,0.6666666666666666,0,0,1,3.3068867021909143,Маяковская,European-style renovation
37.0,1.0,2.0,18,18.0,0.1111111111111111,0,0,0,3.6375861597263857,Некрасовка,European-style renovation
77.7,3.0,14.0,14,6.0,1.0,0,1,0,4.365643155423357,Киевская,European-style renovation
128.0,5.0,6.0,6,1.0,1.0,0,1,0,4.859812404361672,Дмитровская,European-style renovation
98.0,4.0,5.0,14,28.0,0.3571428571428571,0,0,0,4.59511985013459,Минская,Without renovation
109.7,2.0,37.0,58,14.0,0.6379310344827587,0,0,0,4.706823839714591,Ростокино,European-style renovation
95.6,4.0,3.0,8,8.0,0.375,0,0,0,4.570578741218473,Университет,Cosmetic
80.0,3.0,3.0,10,12.0,0.3,0,0,0,4.394449154672439,Беговая,Without renovation
42.9,1.0,7.0,28,10.0,0.25,0,0,0,3.7819143200811256,Нижегородская,Without renovation
56.5,2.0,7.0,7,4.0,1.0,0,1,0,4.051784947803305,Автозаводская,Cosmetic
48.0,2.0,4.0,12,14.0,0.3333333333333333,0,0,0,3.8918202981106265,Бибирево,Cosmetic
38.0,1.0,3.0,4,4.0,0.75,0,0,0,3.6635616461296463,Бабушкинская,European-style renovation
95.09,3.0,2.0,17,6.0,0.1176470588235294,0,0,0,4.5652852522891765,Преображенская площадь,European-style renovation
166.2,4.0,51.0,57,9.0,0.8947368421052632,0,0,0,5.119190700650601,Аэропорт,Designer
36.2,1.0,9.0,12,12.0,0.75,0,0,0,3.616308761279101,Рабочий Посёлок,Cosmetic
66.0,3.0,16.0,25,24.0,0.64,0,0,0,4.204692619390966,Трикотажная,Without renovation
82.5,3.0,7.0,8,7.0,0.875,0,0,0,4.42484663185681,Маяковская,European-style renovation
85.98,3.0,29.0,44,7.0,0.6590909090909091,0,0,0,4.465678207169493,Марьина Роща,European-style renovation
131.1,4.0,2.0,17,9.0,0.1176470588235294,0,0,0,4.883559211528279,Серпуховская,European-style renovation
35.0,1.0,6.0,16,16.0,0.375,0,0,0,3.58351893845611,Бабушкинская,Cosmetic
250.0,5.0,2.0,10,15.0,0.2,0,0,0,5.525452939131784,Фрунзенская,Without renovation
105.0,4.0,27.0,46,16.0,0.5869565217391305,0,0,0,4.663439094112067,Шелепиха,Without renovation
36.0,1.0,5.0,14,17.0,0.3571428571428571,0,0,0,3.610917912644224,Красный Балтиец,European-style renovation
74.0,3.0,15.0,15,6.0,1.0,0,1,0,4.31748811353631,Достоевская,European-style renovation
16.5,0.0,1.0,9,6.0,0.1111111111111111,1,0,1,2.862200880929469,Шипиловская,European-style renovation
38.7,1.0,7.0,29,21.0,0.2413793103448276,0,0,0,3.681351187693145,Автозаводская,Without renovation
122.0,3.0,2.0,9,13.0,0.2222222222222222,0,0,0,4.812184355372417,Киевская,Without renovation
37.0,1.0,10.0,16,11.0,0.625,0,0,0,3.6375861597263857,Царицыно,Cosmetic
87.8,3.0,7.0,16,15.0,0.4375,0,0,0,4.486386649998124,ЗИЛ,Without renovation
43.0,1.0,15.0,24,13.0,0.625,0,0,0,3.784189633918261,Хорошёвская,Designer
17.2,0.0,1.0,12,7.0,0.0833333333333333,1,0,1,2.9014215940827497,Отрадное,Cosmetic
42.4,2.0,3.0,5,14.0,0.6,0,0,0,3.770459441106359,Алексеевская,Cosmetic
18.4,0.0,5.0,5,8.0,1.0,0,1,1,2.9652730660692823,Окружная,Designer
180.0,5.0,16.0,24,12.0,0.6666666666666666,0,0,0,5.198497031265826,Белорусская,Without renovation
46.0,2.0,1.0,9,18.0,0.1111111111111111,1,0,0,3.8501476017100575,Молодежная,Cosmetic
34.3,1.0,6.0,31,6.0,0.1935483870967742,0,0,0,3.563882963939251,Бульвар Рокоссовского,Without renovation
160.0,4.0,9.0,23,11.0,0.391304347826087,0,0,0,5.081404364984463,Славянский бульвар,Designer
38.6,1.0,25.0,25,22.0,1.0,0,1,0,3.6788291182604342,Октябрьское поле,Without renovation
19.8,0.0,10.0,33,22.0,0.303030303030303,0,0,1,3.0349529867072724,Медведково,Cosmetic
145.5,4.0,2.0,8,2.0,0.25,0,0,0,4.987025428457122,Маяковская,European-style renovation
37.0,2.0,1.0,12,21.0,0.0833333333333333,1,0,0,3.6375861597263857,Перово,Cosmetic
28.6,0.0,2.0,3,10.0,0.6666666666666666,0,0,1,3.387774361330014,Преображенская площадь,Designer
54.0,2.0,9.0,14,15.0,0.6428571428571429,0,0,0,4.007333185232471,Красногвардейская,Designer
11.8,0.0,1.0,3,7.0,0.3333333333333333,1,0,1,2.5494451709255714,Сретенский бульвар,Without renovation
161.0,4.0,3.0,5,4.0,0.6,0,0,0,5.087596335232384,Кропоткинская,Designer
51.4,2.0,8.0,12,18.0,0.6666666666666666,0,0,0,3.958906591326997,Теплый Стан,European-style renovation
114.5,4.0,25.0,40,12.0,0.625,0,0,0,4.749270529961848,ЗИЛ,Without renovation
43.9,1.0,10.0,11,25.0,0.9090909090909092,0,0,0,3.8044377947482086,Царицыно,Cosmetic
60.1,3.0,7.0,9,9.0,0.7777777777777778,0,0,0,4.11251186617755,Коломенская,Cosmetic
135.3,4.0,6.0,34,11.0,0.1764705882352941,0,0,0,4.914858338702487,Гражданская,Designer
90.53,3.0,7.0,21,5.0,0.3333333333333333,0,0,0,4.516666787396688,Беговая,Designer
15.0,0.0,3.0,8,13.0,0.375,0,0,1,2.772588722239781,Чкаловская,Without renovation
152.5,3.0,3.0,6,7.0,0.5,0,0,0,5.033700567027251,Третьяковская,Designer
294.0,5.0,3.0,6,13.0,0.5,0,0,0,5.68697535633982,Фрунзенская,Designer
167.8,4.0,20.0,22,10.0,0.9090909090909092,0,0,0,5.128714582161857,Улица 1905 года,Designer
103.7,3.0,4.0,7,14.0,0.5714285714285714,0,0,0,4.651099117876491,Зорге,Designer
20.0,0.0,8.0,9,14.0,0.8888888888888888,0,0,1,3.044522437723423,Юго-Восточная,European-style renovation
49.1,2.0,9.0,12,12.0,0.75,0,0,0,3.914021008090819,Бибирево,Cosmetic
37.2,1.0,14.0,14,14.0,1.0,0,1,0,3.6428355156125294,Ольховая,Cosmetic
58.5,2.0,12.0,15,9.0,0.8,0,0,0,4.085976312551584,Медведково,European-style renovation
183.0,6.0,23.0,24,6.0,0.9583333333333334,0,0,0,5.214935757608986,Хорошёвская,Without renovation
161.0,4.0,2.0,6,7.0,0.3333333333333333,0,0,0,5.087596335232384,Сретенский бульвар,Designer
25.0,0.0,17.0,19,23.0,0.8947368421052632,0,0,1,3.258096538021482,Хорошево,European-style renovation
165.0,5.0,35.0,39,13.0,0.8974358974358975,0,0,0,5.111987788356544,Минская,Designer
100.0,4.0,9.0,22,25.0,0.4090909090909091,0,0,0,4.61512051684126,Трикотажная,Without renovation
86.0,3.0,12.0,17,11.0,0.7058823529411765,0,0,0,4.465908118654584,Тропарево,Cosmetic
35.06,1.0,2.0,15,13.0,0.1333333333333333,0,0,0,3.585184217775171,Говорово,Cosmetic
35.9,1.0,5.0,7,5.0,0.7142857142857143,0,0,0,3.6082115510464816,Павелецкая,Without renovation
25.0,0.0,18.0,26,12.0,0.6923076923076923,0,0,1,3.258096538021482,Аннино,European-style renovation
39.1,1.0,2.0,38,16.0,0.0526315789473684,0,0,0,3.691376334312523,Ботанический сад,European-style renovation
185.0,4.0,11.0,18,11.0,0.6111111111111112,0,0,0,5.225746673713202,Академическая,Designer
29.5,1.0,29.0,29,21.0,1.0,0,1,0,3.417726683613366,Фили,Without renovation
56.0,2.0,7.0,9,15.0,0.7777777777777778,0,0,0,4.04305126783455,Университет,Designer
38.8,1.0,2.0,41,3.0,0.048780487804878,0,0,0,3.683866912290392,Лужники,European-style renovation
130.0,5.0,3.0,6,3.0,0.5,0,0,0,4.875197323201151,Белорусская,European-style renovation
57.6,2.0,24.0,41,5.0,0.5853658536585366,0,0,0,4.070734696582967,Серпуховская,European-style renovation
53.0,2.0,9.0,14,17.0,0.6428571428571429,0,0,0,3.9889840465642745,Бунинская Аллея,Cosmetic
53.7,2.0,14.0,17,30.0,0.8235294117647058,0,0,0,4.001863709427935,Рассказовка,European-style renovation
60.0,2.0,20.0,25,21.0,0.8,0,0,0,4.110873864173311,Пыхтино,Cosmetic
59.1,3.0,5.0,9,24.0,0.5555555555555556,0,0,0,4.096009841541162,Новогиреево,Cosmetic
16.8,0.0,1.0,9,16.0,0.1111111111111111,1,0,1,2.87919845729804,Домодедовская,European-style renovation
75.3,3.0,13.0,15,22.0,0.8666666666666667,0,0,0,4.334672938290411,ЗИЛ,European-style renovation
16.7,0.0,2.0,4,9.0,0.5,0,0,1,2.873564639579784,Красный Балтиец,European-style renovation
82.0,3.0,4.0,12,13.0,0.3333333333333333,0,0,0,4.418840607796598,Улица Горчакова,Cosmetic
13.8,0.0,1.0,14,12.0,0.0714285714285714,1,0,1,2.694627180770069,Новопеределкино,European-style renovation
77.9,3.0,3.0,14,17.0,0.2142857142857142,0,0,0,4.368181227851829,Молодежная,Cosmetic
39.0,1.0,3.0,12,15.0,0.25,0,0,0,3.688879454113936,Медведково,Cosmetic
137.0,4.0,4.0,5,4.0,0.8,0,0,0,4.927253685157205,Библиотека и Ленина,Designer
36.0,1.0,10.0,12,8.0,0.8333333333333334,0,0,0,3.610917912644224,ВДНХ,Cosmetic
51.5,2.0,6.0,12,17.0,0.5,0,0,0,3.960813169597578,Коммунарка,Cosmetic
64.0,3.0,5.0,9,4.0,0.5555555555555556,0,0,0,4.174387269895637,Белорусская,Cosmetic
39.0,1.0,14.0,14,14.0,1.0,0,1,0,3.688879454113936,Улица Горчакова,Cosmetic
23.0,0.0,1.0,8,9.0,0.125,1,0,1,3.1780538303479458,Сокол,Cosmetic
84.5,3.0,10.0,14,15.0,0.7142857142857143,0,0,0,4.448516375942715,Технопарк,Without renovation
58.0,2.0,21.0,22,12.0,0.9545454545454546,0,0,0,4.07753744390572,Яхромская,Cosmetic
64.2,2.0,2.0,14,7.0,0.1428571428571428,0,0,0,4.177459468932607,Прокшино,European-style renovation
95.0,3.0,7.0,14,11.0,0.5,0,0,0,4.564348191467836,Спортивная,Without renovation
40.3,1.0,15.0,15,11.0,1.0,0,1,0,3.720862499966987,Раменки,Without renovation
135.0,5.0,2.0,7,9.0,0.2857142857142857,0,0,0,4.912654885736052,Александровский сад,Cosmetic
60.2,2.0,11.0,17,16.0,0.6470588235294118,0,0,0,4.11414718951828,Перово,Cosmetic
20.2,0.0,2.0,4,10.0,0.5,0,0,1,3.054001181677967,Преображенская площадь,European-style renovation
60.0,2.0,1.0,8,15.0,0.125,1,0,0,4.110873864173311,Белорусская,European-style renovation
55.0,3.0,20.0,24,27.0,0.8333333333333334,0,0,0,4.02535169073515,Ольховая,Designer
56.6,3.0,9.0,9,7.0,1.0,0,1,0,4.053522567701846,Орехово,Cosmetic
137.6,5.0,2.0,13,11.0,0.1538461538461538,0,0,0,4.931592086755803,Прокшино,European-style renovation
54.3,1.0,9.0,30,17.0,0.3,0,0,0,4.012772908528289,Шаболовская,European-style renovation
201.9,5.0,5.0,11,15.0,0.4545454545454545,0,0,0,5.312713246831769,Фрунзенская,Designer
71.0,2.0,12.0,42,5.0,0.2857142857142857,0,0,0,4.276666119016055,Аминьевская,Designer
60.8,3.0,4.0,9,9.0,0.4444444444444444,0,0,0,4.123903364463645,Рязанский проспект,Cosmetic
80.0,3.0,3.0,8,23.0,0.375,0,0,0,4.394449154672439,Нагорная,Cosmetic
56.0,2.0,26.0,27,3.0,0.9629629629629628,0,0,0,4.04305126783455,Полежаевская,European-style renovation
190.0,4.0,1.0,6,38.0,0.1666666666666666,1,0,0,5.25227342804663,Тушинская,Without renovation
63.0,2.0,9.0,26,16.0,0.3461538461538461,0,0,0,4.158883083359672,Хорошево,Designer
20.2,0.0,2.0,23,6.0,0.0869565217391304,0,0,1,3.054001181677967,Рассказовка,Without renovation
43.8,2.0,3.0,5,21.0,0.6,0,0,0,3.80220813942094,Народное Ополчение,Cosmetic
46.0,1.0,9.0,29,20.0,0.3103448275862069,0,0,0,3.8501476017100575,Автозаводская,Without renovation
101.0,4.0,21.0,22,29.0,0.9545454545454546,0,0,0,4.624972813284271,Аминьевская,Designer
144.0,4.0,9.0,11,20.0,0.8181818181818182,0,0,0,4.976733742420574,Беломорская,Without renovation
150.0,4.0,2.0,8,9.0,0.25,0,0,0,5.017279836814924,Смоленская,European-style renovation
159.2,4.0,3.0,11,11.0,0.2727272727272727,0,0,0,5.076423034634259,Курская,Designer
111.0,0.0,9.0,22,20.0,0.4090909090909091,0,0,1,4.718498871295094,Минская,Designer
33.0,0.0,2.0,23,9.0,0.0869565217391304,0,0,1,3.5263605246161616,Лесопарковая,Without renovation
104.5,4.0,30.0,48,16.0,0.625,0,0,0,4.658710952916121,Ботанический сад,Without renovation
61.9,2.0,16.0,18,27.0,0.8888888888888888,0,0,0,4.141546163706395,Тульская,Without renovation
61.0,2.0,5.0,5,13.0,1.0,0,1,0,4.127134385045092,Перово,Cosmetic
86.2,3.0,13.0,17,19.0,0.7647058823529411,0,0,0,4.468204330914934,Сетунь,Designer
36.2,0.0,5.0,8,8.0,0.625,0,0,1,3.616308761279101,Калитники,Without renovation
20.1,0.0,3.0,5,13.0,0.6,0,0,1,3.0492730404820207,Ботанический сад,Cosmetic
39.2,1.0,9.0,12,21.0,0.75,0,0,0,3.693866995624976,Улица Академика Янгеля,Cosmetic
185.0,4.0,5.0,8,5.0,0.625,0,0,0,5.225746673713202,Тверская,European-style renovation
54.0,2.0,8.0,17,8.0,0.4705882352941176,0,0,0,4.007333185232471,Улица Старокачаловская,Cosmetic
203.0,5.0,2.0,5,43.0,0.4,0,0,0,5.318119993844216,Тушинская,Designer
205.0,4.0,14.0,21,19.0,0.6666666666666666,0,0,0,5.327876168789581,Минская,Designer
46.0,1.0,4.0,25,23.0,0.16,0,0,0,3.8501476017100575,Давыдково,European-style renovation
200.0,5.0,4.0,13,8.0,0.3076923076923077,0,0,0,5.303304908059076,Новослободская,Without renovation
111.64,3.0,3.0,4,2.0,0.75,0,0,0,4.724196892409732,Площадь Революции,Designer
38.1,1.0,4.0,9,11.0,0.4444444444444444,0,0,0,3.66612246699132,Домодедовская,Cosmetic
132.0,4.0,4.0,8,7.0,0.5,0,0,0,4.890349128221754,Чистые пруды,Without renovation
78.0,2.0,46.0,78,4.0,0.5897435897435898,0,0,0,4.3694478524670215,Тестовская,Designer
44.8,2.0,4.0,5,9.0,0.8,0,0,0,3.824284091120139,Фрунзенская,European-style renovation
22.5,0.0,2.0,25,19.0,0.08,0,0,1,3.157000421150113,Некрасовка,Cosmetic
25.1,0.0,1.0,5,5.0,0.2,1,0,1,3.261935314328648,Окружная,Cosmetic
25.5,0.0,33.0,33,9.0,1.0,0,1,1,3.277144732992177,Озёрная,Cosmetic
202.0,5.0,5.0,11,15.0,0.4545454545454545,0,0,0,5.313205979041787,Фрунзенская,Designer
37.9,1.0,1.0,17,9.0,0.0588235294117647,1,0,0,3.6609942506244,Рабочий Посёлок,Cosmetic
37.6,1.0,1.0,16,19.0,0.0625,1,0,0,3.653252276470785,Курьяново,Cosmetic
101.0,4.0,2.0,9,5.0,0.2222222222222222,0,0,0,4.624972813284271,Сухаревская,Without renovation
42.0,1.0,6.0,18,9.0,0.3333333333333333,0,0,0,3.7612001156935615,Щелковская,European-style renovation
60.3,2.0,6.0,41,3.0,0.1463414634146341,0,0,0,4.115779842942166,Лужники,European-style renovation
153.6,5.0,9.0,70,11.0,0.1285714285714285,0,0,0,5.040841136153322,Выставочная,Designer
20.3,0.0,3.0,16,4.0,0.1875,0,0,1,3.05870707271538,Владыкино,European-style renovation
70.7,3.0,18.0,19,9.0,0.9473684210526316,0,0,0,4.272490747605575,Щукинская,Cosmetic
44.0,2.0,8.0,9,10.0,0.8888888888888888,0,0,0,3.80666248977032,Славянский бульвар,European-style renovation
190.0,5.0,3.0,5,7.0,0.6,0,0,0,5.25227342804663,Чеховская,Cosmetic
44.4,1.0,8.0,19,10.0,0.4210526315789473,0,0,0,3.8155121050473024,Беломорская,European-style renovation
30.0,0.0,6.0,9,8.0,0.6666666666666666,0,0,1,3.4339872044851463,Бауманская,Designer
32.0,1.0,11.0,25,25.0,0.44,0,0,0,3.49650756146648,Коммунарка,European-style renovation
85.7,4.0,6.0,28,20.0,0.2142857142857142,0,0,0,4.462453883786496,Полежаевская,European-style renovation
48.0,1.0,2.0,28,9.0,0.0714285714285714,0,0,0,3.8918202981106265,Раменки,European-style renovation
34.2,1.0,7.0,9,10.0,0.7777777777777778,0,0,0,3.5610460826040518,Филёвский парк,European-style renovation
206.0,0.0,22.0,51,20.0,0.4313725490196078,0,0,1,5.332718793265369,Новаторская,Without renovation
63.7,3.0,14.0,14,19.0,1.0,0,1,0,4.169761201506855,Аминьевская,European-style renovation
32.5,1.0,20.0,22,28.0,0.9090909090909092,0,0,0,3.5115454388310208,Ростокино,European-style renovation
23.5,0.0,3.0,39,17.0,0.0769230769230769,0,0,1,3.198673117550681,Локомотив,Designer
20.6,1.0,3.0,22,17.0,0.1363636363636363,0,0,0,3.0726933146901194,Тропарево,European-style renovation
15.0,0.0,4.0,4,6.0,1.0,0,1,1,2.772588722239781,Таганская,Designer
64.7,2.0,2.0,6,13.0,0.3333333333333333,0,0,0,4.185098925490565,Улица 1905 года,European-style renovation
14.0,0.0,2.0,4,11.0,0.5,0,0,1,2.70805020110221,Алексеевская,Designer
108.6,4.0,38.0,58,10.0,0.6551724137931034,0,0,0,4.696837374513915,Народное Ополчение,Designer
91.5,3.0,6.0,21,15.0,0.2857142857142857,0,0,0,4.52720864451838,Фили,Designer
72.0,2.0,9.0,12,12.0,0.75,0,0,0,4.290459441148391,Студенческая,Designer
71.0,2.0,8.0,26,12.0,0.3076923076923077,0,0,0,4.276666119016055,Спартак,Without renovation
136.8,3.0,3.0,6,4.0,0.5,0,0,0,4.925803358579558,Чистые пруды,Designer
55.2,3.0,4.0,5,17.0,0.8,0,0,0,4.028916756899646,Коптево,Cosmetic
56.0,2.0,24.0,29,6.0,0.8275862068965517,0,0,0,4.04305126783455,Аминьевская,Without renovation
17.1,0.0,2.0,3,11.0,0.6666666666666666,0,0,1,2.89591193827178,Соколиная Гора,European-style renovation
160.2,4.0,15.0,21,22.0,0.7142857142857143,0,0,0,5.082645830072528,Университет,Without renovation
42.9,2.0,22.0,22,28.0,1.0,0,1,0,3.7819143200811256,Ростокино,Cosmetic
58.5,3.0,14.0,42,21.0,0.3333333333333333,0,0,0,4.085976312551584,Серпуховская,European-style renovation
169.7,4.0,22.0,31,20.0,0.7096774193548387,0,0,0,5.139907629800395,Славянский бульвар,Designer
133.0,4.0,31.0,40,18.0,0.775,0,0,0,4.897839799950911,Народное Ополчение,Designer
53.0,2.0,8.0,16,11.0,0.5,0,0,0,3.9889840465642745,Домодедовская,Without renovation
74.8,2.0,3.0,11,5.0,0.2727272727272727,0,0,0,4.328098292648326,Панфиловская,European-style renovation
51.0,3.0,4.0,9,20.0,0.4444444444444444,0,0,0,3.951243718581428,Беломорская,Cosmetic
42.0,1.0,19.0,25,10.0,0.76,0,0,0,3.7612001156935615,Профсоюзная,European-style renovation
48.0,1.0,29.0,50,12.0,0.58,0,0,0,3.8918202981106265,Мичуринский проспект,Without renovation
143.1,5.0,19.0,19,1.0,1.0,0,1,0,4.970507503005476,Академическая,Designer
73.0,0.0,4.0,37,6.0,0.1081081081081081,0,0,1,4.30406509320417,Аминьевская,Without renovation
53.0,2.0,3.0,5,11.0,0.6,0,0,0,3.9889840465642745,Первомайская,Cosmetic
22.2,6.0,13.0,30,18.0,0.4333333333333333,0,0,0,3.1441522786722644,Бунинская Аллея,Cosmetic
264.6,5.0,7.0,7,5.0,1.0,0,1,0,5.581991417602279,Театральная,Designer
45.0,1.0,5.0,51,5.0,0.0980392156862745,0,0,0,3.828641396489095,Шелепиха,Designer
71.0,3.0,3.0,17,9.0,0.1764705882352941,0,0,0,4.276666119016055,Технопарк,Without renovation
69.9,3.0,6.0,18,16.0,0.3333333333333333,0,0,0,4.2612704335380815,Медведково,Cosmetic
89.1,2.0,9.0,14,7.0,0.6428571428571429,0,0,0,4.500920164614292,Павелецкая,Without renovation
50.0,2.0,1.0,17,20.0,0.0588235294117647,1,0,0,3.9318256327243257,Люблино,Cosmetic
75.3,3.0,14.0,15,22.0,0.9333333333333332,0,0,0,4.334672938290411,ЗИЛ,European-style renovation
35.8,1.0,1.0,14,8.0,0.0714285714285714,1,0,0,3.605497845174885,Лермонтовский проспект,Cosmetic
116.4,3.0,9.0,9,7.0,1.0,0,1,0,4.765586907393996,Цветной бульвар,European-style renovation
54.3,2.0,7.0,15,12.0,0.4666666666666667,0,0,0,4.012772908528289,Коммунарка,Without renovation
22.0,0.0,2.0,25,6.0,0.08,0,0,1,3.1354942159291497,Некрасовка,Without renovation
63.2,2.0,16.0,16,18.0,1.0,0,1,0,4.162003210695915,ЗИЛ,European-style renovation
40.1,1.0,10.0,12,16.0,0.8333333333333334,0,0,0,3.716008121502189,Ботанический сад,Cosmetic
17.3,0.0,1.0,4,15.0,0.25,1,0,1,2.9069010598473755,Бауманская,Designer
21.7,6.0,15.0,18,13.0,0.8333333333333334,0,0,0,3.122364924487357,Коммунарка,Cosmetic
68.0,3.0,6.0,15,4.0,0.4,0,0,0,4.23410650459726,Филатов Луг,European-style renovation
75.0,3.0,16.0,17,7.0,0.9411764705882352,0,0,0,4.330733340286331,Раменки,Cosmetic
14.2,0.0,1.0,9,4.0,0.1111111111111111,1,0,1,2.7212954278522306,Новогиреево,European-style renovation
196.0,5.0,11.0,21,12.0,0.5238095238095238,0,0,0,5.2832037287379885,Раменки,Designer
45.0,2.0,8.0,14,6.0,0.5714285714285714,0,0,0,3.828641396489095,Ломоносовский проспект,Without renovation
178.0,4.0,13.0,16,6.0,0.8125,0,0,0,5.187385805840755,Смоленская,European-style renovation
120.3,3.0,2.0,7,6.0,0.2857142857142857,0,0,0,4.798266815950004,Театральная,European-style renovation
44.0,1.0,4.0,24,17.0,0.1666666666666666,0,0,0,3.80666248977032,Калитники,European-style renovation
46.2,2.0,2.0,5,14.0,0.4,0,0,0,3.8543938925915096,Озёрная,Cosmetic
70.0,3.0,10.0,14,12.0,0.7142857142857143,0,0,0,4.262679877041316,Долгопрудная,Cosmetic
20.9,0.0,21.0,33,12.0,0.6363636363636364,0,0,1,3.086486636822455,Улица Скобелевская,Cosmetic
73.0,3.0,3.0,17,7.0,0.1764705882352941,0,0,0,4.30406509320417,Тропарево,European-style renovation
56.0,2.0,7.0,22,14.0,0.3181818181818182,0,0,0,4.04305126783455,Новопеределкино,Cosmetic
222.5,4.0,5.0,8,9.0,0.625,0,0,0,5.409411414053624,Арбатская,Designer
59.3,3.0,3.0,5,23.0,0.6,0,0,0,4.09933210373314,Перово,Cosmetic
106.0,3.0,6.0,12,8.0,0.5,0,0,0,4.672828834461906,Динамо,Designer
72.0,2.0,6.0,41,16.0,0.1463414634146341,0,0,0,4.290459441148391,Петровский парк,Without renovation
56.3,3.0,4.0,5,14.0,0.8,0,0,0,4.048300623720694,Красный Балтиец,Without renovation
34.5,1.0,3.0,16,20.0,0.1875,0,0,0,3.56953269648137,Теплый Стан,Without renovation
127.6,3.0,22.0,22,13.0,1.0,0,1,0,4.856706811803519,Шаболовская,Without renovation
46.3,2.0,4.0,21,16.0,0.1904761904761904,0,0,0,3.856510295497887,Фили,European-style renovation
73.0,2.0,38.0,68,5.0,0.5588235294117647,0,0,0,4.30406509320417,Международная,Designer
22.9,0.0,4.0,9,16.0,0.4444444444444444,0,0,1,3.173878458937465,Филатов Луг,European-style renovation
52.7,2.0,11.0,12,25.0,0.9166666666666666,0,0,0,3.983413001514819,Бабушкинская,Cosmetic
38.0,2.0,1.0,9,4.0,0.1111111111111111,1,0,0,3.6635616461296463,Зюзино,European-style renovation
163.0,5.0,20.0,41,11.0,0.4878048780487805,0,0,0,5.099866427824199,Аэропорт,Designer
14.3,0.0,6.0,10,9.0,0.6,0,0,1,2.72785282839839,Проспект Вернадского,Without renovation
65.0,2.0,5.0,5,12.0,1.0,0,1,0,4.189654742026425,Улица 1905 года,Cosmetic
69.3,2.0,42.0,44,12.0,0.9545454545454546,0,0,0,4.252771798816619,Улица 1905 года,Designer
44.0,2.0,1.0,9,16.0,0.1111111111111111,1,0,0,3.80666248977032,Отрадное,Cosmetic
38.1,1.0,6.0,17,6.0,0.3529411764705882,0,0,0,3.66612246699132,Физтех,European-style renovation
49.0,1.0,10.0,14,11.0,0.7142857142857143,0,0,0,3.912023005428146,Автозаводская,European-style renovation
251.5,5.0,3.0,14,7.0,0.2142857142857142,0,0,0,5.531411248715415,Фрунзенская,Designer
16.9,0.0,3.0,9,18.0,0.3333333333333333,0,0,1,2.884800712846709,Аминьевская,Cosmetic
153.2,5.0,4.0,4,12.0,1.0,0,1,0,5.038250461129229,Бауманская,Cosmetic
77.1,3.0,5.0,6,1.0,0.8333333333333334,0,0,0,4.35799005684564,Дмитровская,Without renovation
57.1,2.0,21.0,22,13.0,0.9545454545454546,0,0,0,4.062165663857866,Некрасовка,European-style renovation
51.0,1.0,7.0,15,28.0,0.4666666666666667,0,0,0,3.951243718581428,Покровское,European-style renovation
13.2,0.0,3.0,8,11.0,0.375,0,0,1,2.653241964607215,Чкаловская,Without renovation
15.1,0.0,1.0,14,8.0,0.0714285714285714,1,0,1,2.778819271990417,Юго-Восточная,Cosmetic
48.7,2.0,26.0,40,29.0,0.65,0,0,0,3.906004933102583,Студенческая,European-style renovation
17.0,0.0,2.0,5,21.0,0.4,0,0,1,2.8903717578961645,Лихоборы,European-style renovation
42.0,1.0,14.0,24,21.0,0.5833333333333334,0,0,0,3.7612001156935615,Бульвар Рокоссовского,Designer
52.3,2.0,21.0,22,7.0,0.9545454545454546,0,0,0,3.975936331171799,Спартак,Designer
105.0,4.0,3.0,22,15.0,0.1363636363636363,0,0,0,4.663439094112067,Люблино,Without renovation
34.2,1.0,11.0,19,12.0,0.5789473684210527,0,0,0,3.5610460826040518,Физтех,European-style renovation
19.8,6.0,28.0,33,9.0,0.8484848484848485,0,0,0,3.0349529867072724,Черкизовская,Cosmetic
15.7,0.0,3.0,5,12.0,0.6,0,0,1,2.815408719422709,Кузьминки,Cosmetic
65.8,2.0,7.0,11,5.0,0.6363636363636364,0,0,0,4.2017030805426,Панфиловская,European-style renovation
106.6,4.0,2.0,12,9.0,0.1666666666666666,0,0,0,4.678420647727684,Киевская,Cosmetic
49.7,2.0,21.0,23,11.0,0.9130434782608696,0,0,0,3.9259259105971376,Водный стадион,Designer
344.0,7.0,8.0,9,3.0,0.8888888888888888,0,0,0,5.84354441703136,Новокузнецкая,European-style renovation
21.6,0.0,13.0,22,14.0,0.5909090909090909,0,0,1,3.1179499062782403,Солнцево,Designer
54.0,2.0,11.0,17,14.0,0.6470588235294118,0,0,0,4.007333185232471,Некрасовка,Cosmetic
117.7,3.0,4.0,8,7.0,0.5,0,0,0,4.776599301615622,Арбатская,Designer
147.0,4.0,4.0,8,5.0,0.5,0,0,0,4.997212273764115,Красные ворота,European-style renovation
76.6,3.0,4.0,22,10.0,0.1818181818181818,0,0,0,4.351567427189173,Фонвизинская,European-style renovation
67.6,3.0,18.0,27,2.0,0.6666666666666666,0,0,0,4.22829253473184,Нагорная,Without renovation
37.9,1.0,5.0,17,17.0,0.2941176470588235,0,0,0,3.6609942506244,Рассказовка,Designer
38.4,1.0,9.0,17,13.0,0.5294117647058824,0,0,0,3.673765816303888,Сходненская,European-style renovation
69.3,2.0,6.0,11,5.0,0.5454545454545454,0,0,0,4.252771798816619,Панфиловская,European-style renovation
157.4,5.0,12.0,27,17.0,0.4444444444444444,0,0,0,5.0651234793803255,Технопарк,Without renovation
49.5,3.0,8.0,9,19.0,0.8888888888888888,0,0,0,3.9219733362813134,Давыдково,Without renovation
102.0,4.0,2.0,5,10.0,0.4,0,0,0,4.634728988229636,Дмитровская,European-style renovation
136.0,5.0,8.0,12,1.0,0.6666666666666666,0,0,0,4.919980925828125,Минская,Without renovation
59.2,2.0,2.0,17,22.0,0.1176470588235294,0,0,0,4.097672352314776,Локомотив,Cosmetic
110.0,3.0,26.0,30,10.0,0.8666666666666667,0,0,0,4.709530201312334,Дубровка,Designer
11.6,0.0,1.0,9,12.0,0.1111111111111111,1,0,1,2.533696813957432,Медведково,Cosmetic
104.0,3.0,2.0,8,11.0,0.25,0,0,0,4.653960350157523,Стрешнево,European-style renovation
98.3,4.0,2.0,6,5.0,0.3333333333333333,0,0,0,4.598145571051127,Трубная,European-style renovation
54.3,2.0,30.0,52,6.0,0.5769230769230769,0,0,0,4.012772908528289,Минская,European-style renovation
240.7,4.0,5.0,36,12.0,0.1388888888888889,0,0,0,5.487697287709437,Минская,Without renovation
58.6,3.0,1.0,9,15.0,0.1111111111111111,1,0,0,4.087655574071304,Планерная,Without renovation
23.0,0.0,14.0,39,21.0,0.358974358974359,0,0,1,3.1780538303479458,Хорошево,Without renovation
54.0,2.0,14.0,14,14.0,1.0,0,1,0,4.007333185232471,Москворечье,Cosmetic
43.0,1.0,5.0,27,12.0,0.1851851851851851,0,0,0,3.784189633918261,Хорошево,Designer
387.0,6.0,4.0,5,9.0,0.8,0,0,0,5.961005339623274,Спортивная,Designer
171.6,5.0,17.0,20,19.0,0.85,0,0,0,5.150976778649327,Шелепиха,Designer
16.6,0.0,1.0,5,7.0,0.2,1,0,1,2.8678989020441064,Гражданская,Without renovation
207.0,6.0,2.0,5,3.0,0.4,0,0,0,5.337538079701318,Сретенский бульвар,European-style renovation
70.5,3.0,10.0,45,13.0,0.2222222222222222,0,0,0,4.269697449699962,Селигерская,European-style renovation
200.5,4.0,8.0,8,5.0,1.0,0,1,0,5.305789381386738,Менделеевская,Designer
127.3,4.0,6.0,8,2.0,0.75,0,0,0,4.854371271621591,Китай-город,Designer
58.1,2.0,14.0,15,39.0,0.9333333333333332,0,0,0,4.079230924412053,Бунинская Аллея,Without renovation
152.0,4.0,33.0,36,15.0,0.9166666666666666,0,0,0,5.030437921392435,Шелепиха,Without renovation
34.5,1.0,5.0,18,13.0,0.2777777777777778,0,0,0,3.56953269648137,Прокшино,Without renovation
20.1,0.0,2.0,3,27.0,0.6666666666666666,0,0,1,3.0492730404820207,Селигерская,Designer
57.0,3.0,5.0,5,6.0,1.0,0,1,0,4.060443010546419,Шаболовская,European-style renovation
45.0,1.0,13.0,32,19.0,0.40625,0,0,0,3.828641396489095,Дубровка,Without renovation
41.0,2.0,5.0,16,18.0,0.3125,0,0,0,3.737669618283368,Сетунь,Cosmetic
42.9,2.0,6.0,9,18.0,0.6666666666666666,0,0,0,3.7819143200811256,Бульвар Рокоссовского,Cosmetic
91.0,4.0,2.0,14,11.0,0.1428571428571428,0,0,0,4.5217885770490405,Марьино,European-style renovation
100.7,4.0,19.0,24,21.0,0.7916666666666666,0,0,0,4.622027303054514,Октябрьское поле,Designer
35.1,1.0,6.0,12,16.0,0.5,0,0,0,3.586292865338835,Каховская,Cosmetic
109.8,3.0,7.0,8,9.0,0.875,0,0,0,4.707726774313183,Студенческая,Designer
20.6,0.0,3.0,21,23.0,0.1428571428571428,0,0,1,3.0726933146901194,Отрадное,European-style renovation
32.0,0.0,8.0,24,19.0,0.3333333333333333,0,0,1,3.49650756146648,Каширская,Cosmetic
67.7,3.0,1.0,9,13.0,0.1111111111111111,1,0,0,4.229749199228304,Пражская,Cosmetic
41.5,2.0,5.0,9,16.0,0.5555555555555556,0,0,0,3.7495040759303713,Бибирево,European-style renovation
33.0,1.0,2.0,18,12.0,0.1111111111111111,0,0,0,3.5263605246161616,Прокшино,Cosmetic
56.0,2.0,5.0,7,2.0,0.7142857142857143,0,0,0,4.04305126783455,Чеховская,European-style renovation
45.7,1.0,21.0,22,12.0,0.9545454545454546,0,0,0,3.843744164674852,ЗИЛ,Without renovation
59.0,2.0,18.0,18,20.0,1.0,0,1,0,4.0943445622221,Ботанический сад,Without renovation
119.0,2.0,4.0,12,5.0,0.3333333333333333,0,0,0,4.787491742782046,Фрунзенская,Designer
39.0,1.0,11.0,12,15.0,0.9166666666666666,0,0,0,3.688879454113936,Бибирево,Without renovation
105.0,3.0,4.0,42,6.0,0.0952380952380952,0,0,0,4.663439094112067,Фили,Without renovation
18.3,0.0,3.0,5,13.0,0.6,0,0,1,2.96010509591084,Ботанический сад,Without renovation
65.7,2.0,6.0,8,15.0,0.75,0,0,0,4.200204952921578,Варшавская (Коломенское),Without renovation
63.0,0.0,5.0,14,10.0,0.3571428571428571,0,0,1,4.158883083359672,Серпуховская,Designer
43.0,2.0,1.0,4,7.0,0.25,1,0,0,3.784189633918261,Бабушкинская,Cosmetic
33.0,1.0,9.0,9,7.0,1.0,0,1,0,3.5263605246161616,Рязанский проспект,Cosmetic
82.4,4.0,32.0,47,9.0,0.6808510638297872,0,0,0,4.423648309364701,Кожуховская,European-style renovation
65.5,2.0,17.0,40,12.0,0.425,0,0,0,4.197201947661808,ЗИЛ,European-style renovation
211.0,4.0,6.0,8,6.0,0.75,0,0,0,5.356586274672012,Павелецкая,Designer
56.2,3.0,2.0,9,6.0,0.2222222222222222,0,0,0,4.046553898385752,Дегунино,Cosmetic
44.8,1.0,3.0,24,9.0,0.125,0,0,0,3.824284091120139,Щелковская,Cosmetic
38.5,1.0,4.0,23,4.0,0.1739130434782608,0,0,0,3.676300671907076,Стахановская,Designer
98.3,3.0,8.0,23,20.0,0.3478260869565217,0,0,0,4.598145571051127,Щукинская,Without renovation
37.0,2.0,8.0,8,5.0,1.0,0,1,0,3.6375861597263857,Академическая,Cosmetic
49.0,2.0,9.0,9,8.0,1.0,0,1,0,3.912023005428146,Ленинский проспект,European-style renovation
45.1,1.0,21.0,29,14.0,0.7241379310344828,0,0,0,3.8308129500026022,Аминьевская,European-style renovation
135.0,3.0,2.0,11,15.0,0.1818181818181818,0,0,0,4.912654885736052,Курская,European-style renovation
29.4,6.0,14.0,14,17.0,1.0,0,1,0,3.414442608412176,Аэропорт Внуково,Cosmetic
12.3,0.0,4.0,9,23.0,0.4444444444444444,0,0,1,2.5877640352277083,Беломорская,European-style renovation
97.0,3.0,6.0,11,28.0,0.5454545454545454,0,0,0,4.584967478670572,Царицыно,Without renovation
35.0,1.0,11.0,12,25.0,0.9166666666666666,0,0,0,3.58351893845611,Яхромская,Cosmetic
66.3,3.0,7.0,18,20.0,0.3888888888888889,0,0,0,4.209160236650682,Нагатинский Затон,Without renovation
85.0,2.0,5.0,20,7.0,0.25,0,0,0,4.454347296253507,Новаторская,European-style renovation
161.6,4.0,2.0,7,10.0,0.2857142857142857,0,0,0,5.091293197113711,Арбатская,Designer
80.8,3.0,7.0,25,21.0,0.28,0,0,0,4.404277243608702,Трикотажная,Without renovation
61.0,2.0,8.0,21,12.0,0.3809523809523809,0,0,0,4.127134385045092,Планерная,Designer
121.2,3.0,8.0,16,10.0,0.5,0,0,0,4.805659046737495,Смоленская,Without renovation
81.7,3.0,11.0,14,3.0,0.7857142857142857,0,0,0,4.415219602029645,Октябрьская,Without renovation
178.6,4.0,14.0,14,11.0,1.0,0,1,0,5.190732155868099,Фрунзенская,Without renovation
40.1,1.0,15.0,40,17.0,0.375,0,0,0,3.716008121502189,Динамо,European-style renovation
36.8,1.0,4.0,12,9.0,0.3333333333333333,0,0,0,3.632309102625542,Давыдково,European-style renovation
105.5,3.0,4.0,8,22.0,0.5,0,0,0,4.66814498514948,Ломоносовский проспект,Designer
15.0,0.0,2.0,5,5.0,0.4,0,0,1,2.772588722239781,Ленинский проспект,European-style renovation
25.1,6.0,41.0,45,14.0,0.9111111111111112,0,0,0,3.261935314328648,Медведково,Cosmetic
15.6,0.0,1.0,9,18.0,0.1111111111111111,1,0,1,2.8094026953624978,Беломорская,Cosmetic
94.1,3.0,20.0,23,5.0,0.8695652173913043,0,0,0,4.554928969551344,Крылатское,Designer
72.2,3.0,5.0,14,15.0,0.3571428571428571,0,0,0,4.293195420967266,Щелковская,European-style renovation
162.7,5.0,7.0,8,6.0,0.875,0,0,0,5.098035484377089,Новокузнецкая,Designer
61.0,2.0,11.0,25,12.0,0.44,0,0,0,4.127134385045092,Молодежная,European-style renovation
108.9,4.0,28.0,50,12.0,0.56,0,0,0,4.699570861409576,Мичуринский проспект,Without renovation
161.5,6.0,3.0,6,10.0,0.5,0,0,0,5.090678001769792,Новослободская,Designer
26.8,0.0,1.0,8,7.0,0.125,1,0,1,3.3250360206965914,Калитники,Without renovation
65.6,2.0,10.0,29,8.0,0.3448275862068966,0,0,0,4.198704577546343,Кунцевская,Without renovation
81.0,3.0,23.0,25,23.0,0.92,0,0,0,4.406719247264253,Хорошево,Without renovation
46.5,1.0,11.0,25,23.0,0.44,0,0,0,3.8607297110405954,Давыдково,Without renovation
33.8,6.0,11.0,13,8.0,0.8461538461538461,0,0,0,3.5496173867804286,Тульская,European-style renovation
77.7,2.0,6.0,10,12.0,0.6,0,0,0,4.365643155423357,Достоевская,European-style renovation
35.9,1.0,7.0,12,9.0,0.5833333333333334,0,0,0,3.6082115510464816,Перово,Cosmetic
38.6,2.0,8.0,12,12.0,0.6666666666666666,0,0,0,3.6788291182604342,Бауманская,Cosmetic
300.0,8.0,6.0,13,8.0,0.4615384615384615,0,0,0,5.707110264748875,Новослободская,European-style renovation
22.4,0.0,7.0,7,21.0,1.0,0,1,1,3.152736022363656,Бибирево,Cosmetic
136.3,4.0,38.0,61,10.0,0.6229508196721312,0,0,0,4.922168312773925,Выставочная,Designer
11.7,0.0,1.0,9,16.0,0.1111111111111111,1,0,1,2.5416019934645457,Ясенево,European-style renovation
59.6,2.0,25.0,28,13.0,0.8928571428571429,0,0,0,4.104294893075269,Раменки,Without renovation
56.0,2.0,6.0,9,17.0,0.6666666666666666,0,0,0,4.04305126783455,Университет,European-style renovation
41.2,2.0,13.0,14,3.0,0.9285714285714286,0,0,0,3.742420221041966,Люблино,European-style renovation
101.4,4.0,16.0,16,12.0,1.0,0,1,0,4.628886712605407,Щелковская,European-style renovation
26.21,6.0,2.0,36,8.0,0.0555555555555555,0,0,0,3.303584552795155,Дмитровская,Cosmetic
42.0,1.0,11.0,25,7.0,0.44,0,0,0,3.7612001156935615,Профсоюзная,European-style renovation
208.0,4.0,3.0,6,8.0,0.5,0,0,0,5.342334251964811,Парк культуры,Without renovation
136.0,4.0,19.0,21,7.0,0.9047619047619048,0,0,0,4.919980925828125,Улица 1905 года,Designer
37.2,1.0,15.0,15,9.0,1.0,0,1,0,3.6428355156125294,Ольховая,Cosmetic
38.3,1.0,13.0,17,11.0,0.7647058823529411,0,0,0,3.6712245188752153,Братиславская,Cosmetic
57.4,3.0,4.0,9,4.0,0.4444444444444444,0,0,0,4.067315889834181,Депо,European-style renovation
38.0,1.0,11.0,26,10.0,0.4230769230769231,0,0,0,3.6635616461296463,Лесопарковая,Cosmetic
42.0,2.0,3.0,5,7.0,0.6,0,0,0,3.7612001156935615,Новые Черемушки,Cosmetic
165.8,4.0,7.0,11,11.0,0.6363636363636364,0,0,0,5.116795489924646,Курская,Without renovation
45.0,2.0,6.0,9,11.0,0.6666666666666666,0,0,0,3.828641396489095,Беляево,Without renovation
28.0,0.0,5.0,25,22.0,0.2,0,0,1,3.367295829986474,Октябрьское поле,Cosmetic
120.0,5.0,5.0,5,6.0,1.0,0,1,0,4.795790545596741,Трубная,Without renovation
15.0,0.0,2.0,5,10.0,0.4,0,0,1,2.772588722239781,Волжская,Designer
92.0,2.0,23.0,32,4.0,0.71875,0,0,0,4.532599493153256,Беговая,Designer
36.3,1.0,27.0,32,18.0,0.84375,0,0,0,3.6189933266497696,Москворечье,Without renovation
72.0,3.0,8.0,17,8.0,0.4705882352941176,0,0,0,4.290459441148391,Коньково,Cosmetic
51.3,2.0,7.0,17,9.0,0.4117647058823529,0,0,0,3.956996371070877,Некрасовка,Cosmetic
128.0,5.0,8.0,14,1.0,0.5714285714285714,0,0,0,4.859812404361672,Минская,Without renovation
100.0,3.0,6.0,7,6.0,0.8571428571428571,0,0,0,4.61512051684126,Смоленская,Designer
153.0,4.0,6.0,7,4.0,0.8571428571428571,0,0,0,5.0369526024136295,Кропоткинская,European-style renovation
136.0,3.0,25.0,32,3.0,0.78125,0,0,0,4.919980925828125,Юго-Западная,Without renovation
41.8,2.0,3.0,5,16.0,0.6,0,0,0,3.756538102587751,Кленовый бульвар,Cosmetic
120.0,3.0,3.0,5,2.0,0.6,0,0,0,4.795790545596741,Третьяковская,Cosmetic
38.5,1.0,16.0,17,13.0,0.9411764705882352,0,0,0,3.676300671907076,Борисово,European-style renovation
130.0,4.0,14.0,20,10.0,0.7,0,0,0,4.875197323201151,Выставочная,Designer
58.18,2.0,3.0,21,6.0,0.1428571428571428,0,0,0,4.080583646972063,Улица 1905 года,Without renovation
104.0,4.0,14.0,18,28.0,0.7777777777777778,0,0,0,4.653960350157523,Селигерская,Designer
162.0,4.0,6.0,15,15.0,0.4,0,0,0,5.093750200806762,Новые Черемушки,Designer
17.0,0.0,6.0,6,5.0,1.0,0,1,1,2.8903717578961645,Беговая,European-style renovation
46.7,2.0,5.0,9,16.0,0.5555555555555556,0,0,0,3.864931397894296,Бибирево,Cosmetic
336.4,6.0,4.0,4,8.0,1.0,0,1,0,5.821269170111868,Смоленская,Designer
90.2,3.0,7.0,23,6.0,0.3043478260869565,0,0,0,4.513054897080286,Стахановская,Without renovation
31.7,1.0,3.0,9,10.0,0.3333333333333333,0,0,0,3.487375077903208,Баррикадная,European-style renovation
80.3,3.0,2.0,7,24.0,0.2857142857142857,0,0,0,4.398146016553765,Новокосино,European-style renovation
170.0,3.0,16.0,49,13.0,0.3265306122448979,0,0,0,5.14166355650266,Щукинская,Designer
14.7,0.0,1.0,9,13.0,0.1111111111111111,1,0,1,2.7536607123542622,Новогиреево,Designer
41.3,2.0,7.0,9,14.0,0.7777777777777778,0,0,0,3.744787086052232,ВДНХ,Cosmetic
135.0,3.0,4.0,12,3.0,0.3333333333333333,0,0,0,4.912654885736052,Новокузнецкая,Designer
95.0,4.0,5.0,6,4.0,0.8333333333333334,0,0,0,4.564348191467836,Смоленская,Designer
72.5,3.0,2.0,5,14.0,0.4,0,0,0,4.297285406218791,Крымская,Cosmetic
40.9,1.0,12.0,14,14.0,0.8571428571428571,0,0,0,3.735285826928092,Стахановская,Cosmetic
65.0,3.0,5.0,9,28.0,0.5555555555555556,0,0,0,4.189654742026425,Щелковская,Cosmetic
57.9,3.0,8.0,9,12.0,0.8888888888888888,0,0,0,4.075841090657541,Преображенская площадь,Cosmetic
45.7,2.0,2.0,8,12.0,0.25,0,0,0,3.843744164674852,Дмитровская,Cosmetic
40.0,1.0,8.0,25,6.0,0.32,0,0,0,3.713572066704308,Кунцевская,Cosmetic
57.1,2.0,2.0,27,4.0,0.074074074074074,0,0,0,4.062165663857866,Октябрьское поле,European-style renovation
139.6,5.0,12.0,17,10.0,0.7058823529411765,0,0,0,4.9459189793765646,Коммунарка,European-style renovation
59.0,2.0,4.0,26,7.0,0.1538461538461538,0,0,0,4.0943445622221,Молодежная,Designer
19.6,0.0,14.0,22,11.0,0.6363636363636364,0,0,1,3.025291075795536,Филатов Луг,Cosmetic
41.6,1.0,9.0,22,4.0,0.4090909090909091,0,0,0,3.751854253275325,Аннино,Cosmetic
49.1,2.0,1.0,12,10.0,0.0833333333333333,1,0,0,3.914021008090819,Люблино,Cosmetic
26.0,0.0,10.0,20,6.0,0.5,0,0,1,3.295836866004329,Фили,Cosmetic
57.4,3.0,6.0,7,7.0,0.8571428571428571,0,0,0,4.067315889834181,Парк культуры,European-style renovation
18.5,0.0,1.0,12,13.0,0.0833333333333333,1,0,1,2.970414465569701,Щелковская,Cosmetic
123.7,3.0,39.0,77,6.0,0.5064935064935064,0,0,0,4.825910852685991,Деловой центр,Without renovation
35.0,1.0,7.0,29,11.0,0.2413793103448276,0,0,0,3.58351893845611,Водный стадион,Without renovation
86.4,3.0,25.0,28,18.0,0.8928571428571429,0,0,0,4.470495282661489,Фили,Cosmetic
33.2,0.0,7.0,41,19.0,0.1707317073170731,0,0,1,3.53222564406856,Шелепиха,European-style renovation
86.5,3.0,5.0,22,22.0,0.2272727272727272,0,0,0,4.471638793363569,Саларьево,European-style renovation
38.4,1.0,19.0,23,14.0,0.8260869565217391,0,0,0,3.673765816303888,Народное Ополчение,Without renovation
45.7,1.0,6.0,16,6.0,0.375,0,0,0,3.843744164674852,Белорусская,Without renovation
38.0,1.0,17.0,17,8.0,1.0,0,1,0,3.6635616461296463,Митино,European-style renovation
31.3,1.0,2.0,16,54.0,0.125,0,0,0,3.475067230228611,Коммунарка,Without renovation
71.5,2.0,2.0,10,13.0,0.2,0,0,0,4.283586561860629,Павелецкая,Designer
280.0,5.0,21.0,31,15.0,0.6774193548387096,0,0,0,5.638354669333745,Воронцовская,Designer
43.0,1.0,4.0,15,14.0,0.2666666666666666,0,0,0,3.784189633918261,Технопарк,Without renovation
68.3,3.0,9.0,12,19.0,0.75,0,0,0,4.238444906195857,Новогиреево,Cosmetic
92.4,3.0,20.0,34,16.0,0.5882352941176471,0,0,0,4.536891345234797,Улица Скобелевская,European-style renovation
17.2,0.0,2.0,7,9.0,0.2857142857142857,0,0,1,2.9014215940827497,Новокузнецкая,Designer
41.4,2.0,2.0,5,18.0,0.4,0,0,0,3.747148362237912,Нагорная,Cosmetic
43.0,2.0,4.0,14,6.0,0.2857142857142857,0,0,0,3.784189633918261,Ростокино,European-style renovation
16.6,0.0,1.0,4,7.0,0.25,1,0,1,2.8678989020441064,Смоленская,Designer
208.9,5.0,16.0,16,9.0,1.0,0,1,0,5.346631226826587,Спортивная,Without renovation
330.0,5.0,7.0,7,4.0,1.0,0,1,0,5.802118375377063,Кропоткинская,European-style renovation
19.97,6.0,9.0,9,18.0,1.0,0,1,0,3.0430928449138284,Рассказовка,Cosmetic
38.8,1.0,6.0,17,3.0,0.3529411764705882,0,0,0,3.683866912290392,Рязанский проспект,Cosmetic
19.8,6.0,21.0,33,6.0,0.6363636363636364,0,0,0,3.0349529867072724,Бабушкинская,Cosmetic
52.4,2.0,9.0,14,16.0,0.6428571428571429,0,0,0,3.977810745966149,Пролетарская,Cosmetic
143.5,4.0,2.0,8,14.0,0.25,0,0,0,4.973279507552487,Китай-город,Designer
37.5,2.0,1.0,9,21.0,0.1111111111111111,1,0,0,3.6506582412937383,Белокаменная,Cosmetic
187.8,5.0,2.0,23,16.0,0.0869565217391304,0,0,0,5.240688253711401,Бунинская Аллея,European-style renovation
126.0,0.0,22.0,59,12.0,0.3728813559322034,0,0,1,4.844187086458591,Ростокино,Without renovation
36.0,1.0,3.0,10,28.0,0.3,0,0,0,3.610917912644224,Люблино,European-style renovation
82.0,3.0,15.0,37,14.0,0.4054054054054054,0,0,0,4.418840607796598,Аэропорт,Without renovation
120.0,5.0,4.0,8,13.0,0.5,0,0,0,4.795790545596741,Спортивная,European-style renovation
16.6,0.0,2.0,5,20.0,0.4,0,0,1,2.8678989020441064,Москворечье,Cosmetic
52.2,2.0,11.0,17,39.0,0.6470588235294118,0,0,0,3.974058396347599,Коммунарка,European-style renovation
76.2,3.0,21.0,39,21.0,0.5384615384615384,0,0,0,4.3463994570307305,Хорошево,Without renovation
280.0,6.0,6.0,7,5.0,0.8571428571428571,0,0,0,5.638354669333745,Цветной бульвар,Cosmetic
163.3,5.0,31.0,35,10.0,0.8857142857142857,0,0,0,5.101694025043223,Крылатское,Without renovation
21.34,6.0,2.0,15,13.0,0.1333333333333333,0,0,0,3.1063787936410545,Говорово,Cosmetic
113.9,3.0,6.0,12,7.0,0.5,0,0,0,4.74406218485471,Спортивная,Without renovation
234.0,5.0,4.0,6,32.0,0.6666666666666666,0,0,0,5.459585514144159,Щукинская,European-style renovation
41.1,1.0,8.0,14,7.0,0.5714285714285714,0,0,0,3.740047740688336,Новые Черемушки,Designer
20.5,0.0,1.0,9,13.0,0.1111111111111111,1,0,1,3.068052935133617,Южная,Without renovation
33.8,1.0,25.0,25,21.0,1.0,0,1,0,3.5496173867804286,Нахабино,Cosmetic
12.4,0.0,1.0,9,18.0,0.1111111111111111,1,0,1,2.5952547069568657,Аминьевская,Designer
56.1,3.0,3.0,5,24.0,0.6,0,0,0,4.044804116661965,Щелковская,Cosmetic
117.0,0.0,3.0,18,6.0,0.1666666666666666,0,0,1,4.770684624465665,Комсомольская,Without renovation
37.4,2.0,20.0,30,20.0,0.6666666666666666,0,0,0,3.648057459593681,Давыдково,Cosmetic
22.8,0.0,1.0,4,19.0,0.25,1,0,1,3.169685580677429,Москва-Товарная,Designer
18.0,0.0,1.0,9,9.0,0.1111111111111111,1,0,1,2.9444389791664403,Медведково,Cosmetic
22.4,0.0,7.0,7,19.0,1.0,0,1,1,3.152736022363656,Бескудниково,Designer
51.7,2.0,9.0,17,10.0,0.5294117647058824,0,0,0,3.964615455547317,Новокосино,Cosmetic
37.9,2.0,14.0,15,6.0,0.9333333333333332,0,0,0,3.6609942506244,Прокшино,Cosmetic
300.0,7.0,8.0,8,18.0,1.0,0,1,0,5.707110264748875,Мичуринский проспект,Designer
40.0,1.0,8.0,26,6.0,0.3076923076923077,0,0,0,3.713572066704308,Лесопарковая,Designer
34.0,1.0,6.0,16,5.0,0.375,0,0,0,3.555348061489413,Тульская,Cosmetic
105.2,4.0,27.0,28,17.0,0.9642857142857144,0,0,0,4.665324108807838,Авиамоторная,Without renovation
58.2,3.0,3.0,9,4.0,0.3333333333333333,0,0,0,4.0809215418899605,Печатники,European-style renovation
30.0,1.0,5.0,25,14.0,0.2,0,0,0,3.4339872044851463,Коммунарка,Designer
104.0,3.0,3.0,3,7.0,1.0,0,1,0,4.653960350157523,Трубная,European-style renovation
150.0,4.0,3.0,14,11.0,0.2142857142857142,0,0,0,5.017279836814924,Спортивная,Without renovation
140.0,4.0,5.0,15,8.0,0.3333333333333333,0,0,0,4.948759890378168,Спортивная,Without renovation
82.6,3.0,4.0,15,21.0,0.2666666666666666,0,0,0,4.426043520090656,ЗИЛ,Without renovation
94.2,2.0,7.0,8,25.0,0.875,0,0,0,4.55597994179732,Тульская,European-style renovation
49.0,1.0,5.0,24,17.0,0.2083333333333333,0,0,0,3.912023005428146,Калитники,European-style renovation
60.3,2.0,8.0,26,13.0,0.3076923076923077,0,0,0,4.115779842942166,Москва-Товарная,European-style renovation
20.4,6.0,16.0,17,5.0,0.9411764705882352,0,0,0,3.0633909220278057,Бунинская Аллея,Cosmetic
40.1,1.0,6.0,30,3.0,0.2,0,0,0,3.716008121502189,Ховрино,European-style renovation
75.0,3.0,1.0,7,7.0,0.1428571428571428,1,0,0,4.330733340286331,Пушкинская,Designer
250.0,4.0,2.0,10,15.0,0.2,0,0,0,5.525452939131784,Фрунзенская,Designer
63.9,4.0,6.0,9,5.0,0.6666666666666666,0,0,0,4.1728476237100445,Люблино,Cosmetic
40.0,1.0,10.0,17,16.0,0.5882352941176471,0,0,0,3.713572066704308,Новаторская,European-style renovation
43.6,1.0,3.0,16,7.0,0.1875,0,0,0,3.7977338590260175,Дубровка,Without renovation
15.6,0.0,6.0,8,12.0,0.75,0,0,1,2.8094026953624978,Электрозаводская,Designer
35.0,0.0,4.0,5,5.0,0.8,0,0,1,3.58351893845611,Октябрьская,European-style renovation
181.0,4.0,4.0,9,3.0,0.4444444444444444,0,0,0,5.204006687076795,Новокузнецкая,Designer
20.0,0.0,3.0,5,12.0,0.6,0,0,1,3.044522437723423,Первомайская,European-style renovation
41.0,1.0,14.0,30,7.0,0.4666666666666667,0,0,0,3.737669618283368,Угрешская,Designer
102.4,2.0,2.0,6,5.0,0.3333333333333333,0,0,0,4.638604962074329,Арбатская,Designer
17.3,0.0,2.0,10,21.0,0.2,0,0,1,2.9069010598473755,Бибирево,Cosmetic
304.0,0.0,3.0,12,24.0,0.25,0,0,1,5.720311776607412,Ломоносовский проспект,Without renovation
54.0,2.0,2.0,16,26.0,0.125,0,0,0,4.007333185232471,Ясенево,Cosmetic
154.3,3.0,62.0,85,1.0,0.7294117647058823,0,0,0,5.045358730154642,Выставочная,Designer
46.0,2.0,5.0,9,13.0,0.5555555555555556,0,0,0,3.8501476017100575,Волжская,Designer
71.8,2.0,4.0,24,21.0,0.1666666666666666,0,0,0,4.28771595520264,Селигерская,European-style renovation
63.0,3.0,18.0,25,12.0,0.72,0,0,0,4.158883083359672,Мнёвники,Designer
86.7,3.0,14.0,25,19.0,0.56,0,0,0,4.473921899378137,Некрасовка,Cosmetic
35.6,0.0,8.0,12,5.0,0.6666666666666666,0,0,1,3.6000482404073204,Маяковская,Without renovation
101.0,0.0,11.0,23,22.0,0.4782608695652174,0,0,1,4.624972813284271,Славянский бульвар,Without renovation
72.8,3.0,4.0,25,6.0,0.16,0,0,0,4.301358731606427,Чертановская,European-style renovation
17.0,0.0,4.0,9,14.0,0.4444444444444444,0,0,1,2.8903717578961645,Красный Балтиец,Cosmetic
20.3,1.0,2.0,4,11.0,0.5,0,0,0,3.05870707271538,ЗИЛ,European-style renovation
22.0,0.0,14.0,36,5.0,0.3888888888888889,0,0,1,3.1354942159291497,Полежаевская,Without renovation
62.3,3.0,1.0,12,29.0,0.0833333333333333,1,0,0,4.147885329150131,Ростокино,European-style renovation
56.0,3.0,4.0,9,29.0,0.4444444444444444,0,0,0,4.04305126783455,Первомайская,Cosmetic
21.7,6.0,14.0,24,17.0,0.5833333333333334,0,0,0,3.122364924487357,Отрадное,Cosmetic
40.0,1.0,2.0,33,16.0,0.0606060606060606,0,0,0,3.713572066704308,Локомотив,Designer
39.8,1.0,9.0,26,6.0,0.3461538461538461,0,0,0,3.708682081410116,ЗИЛ,Designer
67.6,2.0,12.0,26,16.0,0.4615384615384615,0,0,0,4.22829253473184,Хорошево,Without renovation
205.0,4.0,16.0,57,9.0,0.2807017543859649,0,0,0,5.327876168789581,Аэропорт,Designer
90.0,3.0,1.0,5,16.0,0.2,1,0,0,4.51085950651685,Давыдково,European-style renovation
19.9,6.0,2.0,23,18.0,0.0869565217391304,0,0,0,3.039749158970765,Кантемировская,Cosmetic
62.6,3.0,7.0,12,3.0,0.5833333333333334,0,0,0,4.152613470346076,Строгино,Designer
138.2,3.0,4.0,4,6.0,1.0,0,1,0,4.935911747900319,Арбатская,Without renovation
74.3,3.0,3.0,17,9.0,0.1764705882352941,0,0,0,4.321480134805848,Крылатское,Cosmetic
73.0,3.0,3.0,17,3.0,0.1764705882352941,0,0,0,4.30406509320417,Крылатское,Cosmetic
37.6,2.0,16.0,36,22.0,0.4444444444444444,0,0,0,3.653252276470785,Шелепиха,Without renovation
63.2,3.0,40.0,41,6.0,0.975609756097561,0,0,0,4.162003210695915,Фили,Designer
54.4,2.0,10.0,18,32.0,0.5555555555555556,0,0,0,4.014579593753238,Покровское,Without renovation
126.2,5.0,15.0,19,18.0,0.7894736842105263,0,0,0,4.845760650906022,Октябрьское поле,Without renovation
41.5,1.0,18.0,25,18.0,0.72,0,0,0,3.7495040759303713,Новаторская,Cosmetic
65.7,2.0,6.0,13,8.0,0.4615384615384615,0,0,0,4.200204952921578,Тульская,European-style renovation
134.0,4.0,8.0,10,26.0,0.8,0,0,0,4.90527477843843,Новопеределкино,European-style renovation
102.4,3.0,14.0,25,4.0,0.56,0,0,0,4.638604962074329,Сокол,European-style renovation
52.6,3.0,8.0,9,16.0,0.8888888888888888,0,0,0,3.981549068076757,Текстильщики,Cosmetic
208.9,6.0,16.0,16,9.0,1.0,0,1,0,5.346631226826587,Спортивная,Without renovation
20.7,0.0,5.0,22,16.0,0.2272727272727272,0,0,1,3.077312260546414,Тропарево,European-style renovation
22.1,0.0,5.0,7,14.0,0.7142857142857143,0,0,1,3.139832617527748,Красный Балтиец,Without renovation
104.0,3.0,12.0,17,12.0,0.7058823529411765,0,0,0,4.653960350157523,Петровский парк,European-style renovation
70.3,4.0,5.0,9,12.0,0.5555555555555556,0,0,0,4.26689632742025,Щербинка,Cosmetic
57.9,3.0,1.0,5,9.0,0.2,1,0,0,4.075841090657541,Люблино,Cosmetic
39.0,1.0,9.0,17,5.0,0.5294117647058824,0,0,0,3.688879454113936,Пятницкое шоссе,European-style renovation
12.5,0.0,1.0,9,11.0,0.1111111111111111,1,0,1,2.602689685444384,Чертановская,Cosmetic
85.9,3.0,13.0,24,8.0,0.5416666666666666,0,0,0,4.464758032271346,Стахановская,European-style renovation
69.9,0.0,7.0,15,6.0,0.4666666666666667,0,0,1,4.2612704335380815,Бульвар Адмирала Ушакова,Without renovation
40.4,1.0,7.0,22,29.0,0.3181818181818182,0,0,0,3.7232808808312687,Щербинка,European-style renovation
94.7,5.0,4.0,14,17.0,0.2857142857142857,0,0,0,4.5612182984589085,Коммунарка,European-style renovation
86.6,2.0,4.0,12,10.0,0.3333333333333333,0,0,0,4.472780997942346,Фрунзенская,Designer
103.0,3.0,5.0,9,7.0,0.5555555555555556,0,0,0,4.6443908991413725,Арбатская,European-style renovation
61.0,3.0,4.0,22,16.0,0.1818181818181818,0,0,0,4.127134385045092,Стрешнево,Without renovation
125.4,3.0,1.0,10,12.0,0.1,1,0,0,4.839451481712757,Проспект Мира,Cosmetic
19.87,6.0,17.0,17,11.0,1.0,0,1,0,3.038312721089109,Щербинка,Cosmetic
17.83,6.0,10.0,21,9.0,0.4761904761904761,0,0,0,2.935451342669061,Калитники,Cosmetic
253.0,5.0,22.0,23,25.0,0.9565217391304348,0,0,0,5.537334267018537,Давыдково,Without renovation
19.0,0.0,5.0,5,8.0,1.0,0,1,1,2.995732273553991,Окружная,Designer
303.8,7.0,3.0,12,24.0,0.25,0,0,0,5.719655823812492,Ломоносовский проспект,Without renovation
140.0,4.0,9.0,24,17.0,0.375,0,0,0,4.948759890378168,Шелепиха,Designer
327.5,6.0,1.0,2,5.0,0.5,1,0,0,5.794536837924666,Полянка,Without renovation
29.3,0.0,4.0,5,5.0,0.8,0,0,1,3.411147712515324,Окружная,Cosmetic
103.3,2.0,3.0,6,10.0,0.5,0,0,0,4.647271362006727,Спортивная,Designer
84.4,3.0,17.0,32,5.0,0.53125,0,0,0,4.447346100794524,Парк Победы,Designer
26.0,0.0,10.0,15,16.0,0.6666666666666666,0,0,1,3.295836866004329,Депо,European-style renovation
18.2,0.0,2.0,3,19.0,0.6666666666666666,0,0,1,2.954910279033736,Сокольники,Designer
63.0,3.0,4.0,9,21.0,0.4444444444444444,0,0,0,4.158883083359672,Трикотажная,Cosmetic
13.3,0.0,10.0,10,9.0,1.0,0,1,1,2.660259537265861,Проспект Вернадского,Designer
55.4,2.0,12.0,14,16.0,0.8571428571428571,0,0,0,4.032469158504013,Крымская,Cosmetic
17.9,0.0,1.0,6,16.0,0.1666666666666666,1,0,1,2.9391619220655967,Бунинская Аллея,Cosmetic
159.7,4.0,3.0,6,9.0,0.5,0,0,0,5.0795392727434665,Тверская,European-style renovation
56.8,2.0,13.0,19,10.0,0.6842105263157895,0,0,0,4.056988775678332,Красные ворота,Without renovation
114.2,3.0,3.0,10,16.0,0.3,0,0,0,4.746669748261791,Улица 1905 года,Designer
63.8,2.0,9.0,25,19.0,0.36,0,0,0,4.1713056033582285,Некрасовка,Cosmetic
41.2,1.0,6.0,12,30.0,0.5,0,0,0,3.742420221041966,Коммунарка,Without renovation
16.5,0.0,1.0,9,7.0,0.1111111111111111,1,0,1,2.862200880929469,Коньково,Cosmetic
44.0,2.0,3.0,9,11.0,0.3333333333333333,0,0,0,3.80666248977032,Отрадное,Cosmetic
35.0,1.0,9.0,12,15.0,0.75,0,0,0,3.58351893845611,Тимирязевская,Cosmetic
215.0,4.0,3.0,5,6.0,0.6,0,0,0,5.375278407684165,Смоленская,European-style renovation
13.0,0.0,1.0,5,21.0,0.2,1,0,1,2.6390573296152584,Щелковская,Cosmetic
26.4,6.0,23.0,43,7.0,0.5348837209302325,0,0,0,3.310543013394025,Дмитровская,Cosmetic
107.2,3.0,9.0,15,21.0,0.6,0,0,0,4.6839813664123815,ЗИЛ,Without renovation
55.4,3.0,4.0,11,11.0,0.3636363636363636,0,0,0,4.032469158504013,Крымская,Cosmetic
35.6,1.0,3.0,7,8.0,0.4285714285714285,0,0,0,3.6000482404073204,Бунинская Аллея,Cosmetic
17.1,0.0,2.0,6,9.0,0.3333333333333333,0,0,1,2.89591193827178,Маяковская,European-style renovation
18.3,0.0,1.0,5,10.0,0.2,1,0,1,2.96010509591084,Коломенская,Cosmetic
33.4,0.0,6.0,6,8.0,1.0,0,1,1,3.5380565643793527,Динамо,Designer
16.9,0.0,2.0,6,16.0,0.3333333333333333,0,0,1,2.884800712846709,Рязанский проспект,European-style renovation
60.9,1.0,3.0,13,6.0,0.2307692307692307,0,0,0,4.12552017969055,Маяковская,Without renovation
95.7,3.0,3.0,7,15.0,0.4285714285714285,0,0,0,4.571613402459248,Павелецкая,Designer
19.0,0.0,2.0,18,32.0,0.1111111111111111,0,0,1,2.995732273553991,Покровское,Without renovation
22.7,0.0,25.0,33,9.0,0.7575757575757576,0,0,1,3.1654750481410856,Нижегородская,Without renovation
75.0,2.0,5.0,6,11.0,0.8333333333333334,0,0,0,4.330733340286331,Лужники,Designer
191.7,5.0,1.0,17,14.0,0.0588235294117647,1,0,0,5.2611345754203205,Электрозаводская,Without renovation
13.0,0.0,2.0,25,6.0,0.08,0,0,1,2.6390573296152584,Некрасовка,European-style renovation
40.0,1.0,2.0,25,11.0,0.08,0,0,0,3.713572066704308,Митино,European-style renovation
72.0,3.0,15.0,23,14.0,0.6521739130434783,0,0,0,4.290459441148391,Бабушкинская,European-style renovation
48.7,2.0,6.0,38,16.0,0.1578947368421052,0,0,0,3.906004933102583,Ботанический сад,European-style renovation
186.6,4.0,7.0,11,8.0,0.6363636363636364,0,0,0,5.234312036572124,Спортивная,Without renovation
78.0,3.0,3.0,5,12.0,0.6,0,0,0,4.3694478524670215,Улица 1905 года,European-style renovation
170.0,4.0,5.0,57,9.0,0.087719298245614,0,0,0,5.14166355650266,Аэропорт,Designer
77.9,3.0,8.0,16,25.0,0.5,0,0,0,4.368181227851829,Некрасовка,Cosmetic
89.0,3.0,12.0,19,23.0,0.631578947368421,0,0,0,4.499809670330265,Бабушкинская,Cosmetic
135.6,4.0,11.0,21,6.0,0.5238095238095238,0,0,0,4.91705694713669,Марьина Роща,Without renovation
23.8,0.0,18.0,18,21.0,1.0,0,1,1,3.210843653170937,Селигерская,Designer
27.1,0.0,4.0,8,21.0,0.5,0,0,1,3.3357695763397,Бутырская,Without renovation
109.5,3.0,15.0,23,9.0,0.6521739130434783,0,0,0,4.705015520957808,Раменки,European-style renovation
80.3,4.0,5.0,8,9.0,0.625,0,0,0,4.398146016553765,Автозаводская,European-style renovation
30.6,0.0,17.0,22,16.0,0.7727272727272727,0,0,1,3.4531571205928664,Стрешнево,Designer
54.2,2.0,3.0,8,14.0,0.375,0,0,0,4.01096295328305,Динамо,Cosmetic
101.0,4.0,10.0,22,9.0,0.4545454545454545,0,0,0,4.624972813284271,Озёрная,European-style renovation
38.1,2.0,5.0,12,16.0,0.4166666666666667,0,0,0,3.66612246699132,Зюзино,Cosmetic
56.2,1.0,6.0,14,5.0,0.4285714285714285,0,0,0,4.046553898385752,Жулебино,Cosmetic
66.2,3.0,9.0,12,8.0,0.75,0,0,0,4.207673247529104,Текстильщики,European-style renovation
38.5,2.0,9.0,12,6.0,0.75,0,0,0,3.676300671907076,Озёрная,Cosmetic
25.5,6.0,7.0,33,26.0,0.2121212121212121,0,0,0,3.277144732992177,Нагатинская,Cosmetic
66.2,2.0,2.0,5,15.0,0.4,0,0,0,4.207673247529104,Коптево,Cosmetic
98.1,3.0,5.0,22,32.0,0.2272727272727272,0,0,0,4.596129441335942,Трикотажная,European-style renovation
65.0,3.0,22.0,22,28.0,1.0,0,1,0,4.189654742026425,Ростокино,Designer
55.0,2.0,13.0,17,16.0,0.7647058823529411,0,0,0,4.02535169073515,Юго-Западная,European-style renovation
108.0,4.0,20.0,22,16.0,0.9090909090909092,0,0,0,4.691347882229144,Новые Черемушки,Designer
51.3,2.0,15.0,17,6.0,0.8823529411764706,0,0,0,3.956996371070877,Отрадное,Cosmetic
20.1,6.0,27.0,33,14.0,0.8181818181818182,0,0,0,3.0492730404820207,Перерва,Cosmetic
119.0,4.0,11.0,16,13.0,0.6875,0,0,0,4.787491742782046,Зорге,European-style renovation
118.6,4.0,9.0,48,9.0,0.1875,0,0,0,4.784152841516532,Народное Ополчение,Without renovation
35.6,1.0,18.0,27,12.0,0.6666666666666666,0,0,0,3.6000482404073204,Хорошево,Without renovation
19.8,0.0,1.0,12,25.0,0.0833333333333333,1,0,1,3.0349529867072724,Новогиреево,Without renovation
33.7,1.0,6.0,24,13.0,0.25,0,0,0,3.5467396869528134,Хорошёвская,European-style renovation
188.0,5.0,2.0,9,6.0,0.2222222222222222,0,0,0,5.241747015059643,Смоленская,Designer
65.0,4.0,7.0,9,12.0,0.7777777777777778,0,0,0,4.189654742026425,Алтуфьево,Without renovation
73.3,3.0,1.0,5,9.0,0.2,1,0,0,4.308110951723713,Народное Ополчение,European-style renovation
65.0,2.0,11.0,20,13.0,0.55,0,0,0,4.189654742026425,Коптево,Without renovation
23.5,0.0,8.0,9,16.0,0.8888888888888888,0,0,1,3.198673117550681,Филатов Луг,Cosmetic
108.0,3.0,4.0,13,9.0,0.3076923076923077,0,0,0,4.691347882229144,Цветной бульвар,Designer
78.0,4.0,6.0,6,2.0,1.0,0,1,0,4.3694478524670215,Студенческая,Without renovation
80.0,2.0,18.0,23,4.0,0.782608695652174,0,0,0,4.394449154672439,Солнцево,European-style renovation
15.4,0.0,4.0,5,15.0,0.8,0,0,1,2.797281334830153,Окская,European-style renovation
70.0,3.0,8.0,14,16.0,0.5714285714285714,0,0,0,4.262679877041316,ВДНХ,Designer
56.6,3.0,9.0,9,17.0,1.0,0,1,0,4.053522567701846,Коломенская,Cosmetic
163.0,4.0,3.0,11,11.0,0.2727272727272727,0,0,0,5.099866427824199,Курская,Designer
19.6,0.0,1.0,5,8.0,0.2,1,0,1,3.025291075795536,Красный Балтиец,Without renovation
55.0,1.0,1.0,14,11.0,0.0714285714285714,1,0,0,4.02535169073515,Говорово,Cosmetic
15.6,0.0,1.0,4,15.0,0.25,1,0,1,2.8094026953624978,Рязанский проспект,European-style renovation
36.2,1.0,16.0,22,20.0,0.7272727272727273,0,0,0,3.616308761279101,Борисово,European-style renovation
106.3,3.0,13.0,15,21.0,0.8666666666666667,0,0,0,4.675628649636653,ЗИЛ,Without renovation
44.6,2.0,12.0,12,11.0,1.0,0,1,0,3.819907716520341,Белорусская,European-style renovation
223.0,5.0,13.0,13,8.0,1.0,0,1,0,5.41164605185504,Смоленская,Designer
66.3,2.0,19.0,46,18.0,0.4130434782608695,0,0,0,4.209160236650682,Павелецкая,Without renovation
53.0,2.0,17.0,20,10.0,0.85,0,0,0,3.9889840465642745,Прокшино,Without renovation
94.0,4.0,2.0,10,14.0,0.2,0,0,0,4.553876891600541,Академическая,European-style renovation
35.2,1.0,5.0,10,10.0,0.5,0,0,0,3.5890591188317256,Бунинская Аллея,Cosmetic
60.5,3.0,4.0,5,15.0,0.8,0,0,0,4.119037174812473,Братиславская,Without renovation
90.0,3.0,14.0,25,7.0,0.56,0,0,0,4.51085950651685,Минская,Without renovation
138.0,4.0,32.0,46,18.0,0.6956521739130435,0,0,0,4.934473933130692,Павелецкая,Without renovation
82.8,4.0,3.0,19,4.0,0.1578947368421052,0,0,0,4.428433007488037,Коломенская,European-style renovation
71.3,4.0,8.0,16,5.0,0.5,0,0,0,4.280824129164719,Давыдково,European-style renovation
40.1,1.0,24.0,25,28.0,0.96,0,0,0,3.716008121502189,Медведково,Designer
52.9,2.0,2.0,16,10.0,0.125,0,0,0,3.9871304779149512,Алтуфьево,Cosmetic
32.3,1.0,19.0,33,3.0,0.5757575757575758,0,0,0,3.505557396986398,Бульвар Рокоссовского,Cosmetic
195.8,5.0,17.0,21,14.0,0.8095238095238095,0,0,0,5.282187984618153,Юго-Западная,European-style renovation
273.4,4.0,7.0,11,1.0,0.6363636363636364,0,0,0,5.61458689585173,Полянка,Designer
142.8,3.0,6.0,8,11.0,0.75,0,0,0,4.9684234452869465,Новокузнецкая,Designer
19.5,0.0,1.0,9,7.0,0.1111111111111111,1,0,1,3.0204248861443626,Ясенево,Cosmetic
58.3,3.0,9.0,9,14.0,1.0,0,1,0,4.08260930600368,Выхино,Without renovation
66.4,3.0,2.0,5,21.0,0.4,0,0,0,4.210645017918261,Озёрная,Cosmetic
13.0,0.0,2.0,3,8.0,0.6666666666666666,0,0,1,2.6390573296152584,Селигерская,European-style renovation
180.0,5.0,7.0,9,7.0,0.7777777777777778,0,0,0,5.198497031265826,Киевская,Designer
96.1,3.0,4.0,5,19.0,0.8,0,0,0,4.575741375297279,Свиблово,European-style renovation
74.0,3.0,15.0,17,10.0,0.8823529411764706,0,0,0,4.31748811353631,Беляево,Cosmetic
66.5,2.0,6.0,8,15.0,0.75,0,0,0,4.212127597878484,Соколиная Гора,Cosmetic
30.0,0.0,5.0,5,18.0,1.0,0,1,1,3.4339872044851463,Черкизовская,Designer
51.0,2.0,1.0,17,16.0,0.0588235294117647,1,0,0,3.951243718581428,Перово,Cosmetic
18.7,0.0,1.0,16,3.0,0.0625,1,0,1,2.9806186357439426,Владыкино,European-style renovation
34.5,0.0,12.0,15,23.0,0.8,0,0,1,3.56953269648137,Беломорская,European-style renovation
75.2,3.0,9.0,19,10.0,0.4736842105263157,0,0,0,4.333361462692601,Солнцево,European-style renovation
36.5,1.0,2.0,30,15.0,0.0666666666666666,0,0,0,3.624340932976365,Окская,Cosmetic
82.0,4.0,12.0,27,31.0,0.4444444444444444,0,0,0,4.418840607796598,Аминьевская,Without renovation
163.4,4.0,11.0,18,10.0,0.6111111111111112,0,0,0,5.10230248262208,Улица 1905 года,Designer
198.9,5.0,10.0,19,2.0,0.5263157894736842,0,0,0,5.297817241506355,Раменки,European-style renovation
73.7,4.0,1.0,12,10.0,0.0833333333333333,1,0,0,4.313480092138772,Царицыно,European-style renovation
185.6,6.0,15.0,23,2.0,0.6521739130434783,0,0,0,5.228967288413243,Раменки,Designer
28.0,0.0,10.0,37,11.0,0.2702702702702703,0,0,1,3.367295829986474,Аминьевская,Without renovation
59.5,3.0,10.0,18,10.0,0.5555555555555556,0,0,0,4.102643365036796,Прокшино,Without renovation
120.0,3.0,8.0,12,8.0,0.6666666666666666,0,0,0,4.795790545596741,Октябрьская,European-style renovation
44.7,2.0,5.0,9,10.0,0.5555555555555556,0,0,0,3.822098297900159,Шипиловская,European-style renovation
21.6,0.0,20.0,24,14.0,0.8333333333333334,0,0,1,3.1179499062782403,Солнцево,Cosmetic
57.0,1.0,4.0,8,13.0,0.5,0,0,0,4.060443010546419,Чкаловская,Designer
82.0,3.0,18.0,23,9.0,0.782608695652174,0,0,0,4.418840607796598,Проспект Вернадского,European-style renovation
73.2,4.0,2.0,5,16.0,0.4,0,0,0,4.306764150173335,Академическая,Cosmetic
46.1,1.0,11.0,12,15.0,0.9166666666666666,0,0,0,3.852273001022372,Говорово,Without renovation
124.4,5.0,1.0,5,13.0,0.2,1,0,0,4.83150862819882,Лермонтовский проспект,Designer
34.97,1.0,12.0,15,13.0,0.8,0,0,0,3.5826852577075323,Говорово,Cosmetic
42.0,0.0,7.0,7,22.0,1.0,0,1,1,3.7612001156935615,Давыдково,Designer
43.2,2.0,8.0,8,10.0,1.0,0,1,0,3.788724789083653,Авиамоторная,Cosmetic
78.2,4.0,3.0,5,7.0,0.6,0,0,0,4.37197629882038,Трубная,Designer
17.7,0.0,1.0,5,10.0,0.2,1,0,1,2.928523523860541,Бульвар Рокоссовского,Cosmetic
35.6,1.0,14.0,15,12.0,0.9333333333333332,0,0,0,3.6000482404073204,Беляево,European-style renovation
74.6,3.0,10.0,13,13.0,0.7692307692307693,0,0,0,4.325456283185488,Динамо,European-style renovation
126.0,4.0,19.0,25,14.0,0.76,0,0,0,4.844187086458591,Новаторская,Designer
62.7,3.0,1.0,12,12.0,0.0833333333333333,1,0,0,4.154184562578117,Домодедовская,Cosmetic
23.5,0.0,1.0,9,14.0,0.1111111111111111,1,0,1,3.198673117550681,Отрадное,Without renovation
75.0,3.0,17.0,28,7.0,0.6071428571428571,0,0,0,4.330733340286331,Молодежная,Designer
110.1,4.0,24.0,29,11.0,0.8275862068965517,0,0,0,4.710430696645584,Новые Черемушки,European-style renovation
20.2,6.0,23.0,33,7.0,0.696969696969697,0,0,0,3.054001181677967,Аминьевская,Cosmetic
156.0,4.0,49.0,57,9.0,0.8596491228070176,0,0,0,5.056245805348308,Аэропорт,Designer
101.1,5.0,1.0,25,24.0,0.04,1,0,0,4.625952725170619,Трикотажная,Without renovation
22.8,6.0,19.0,19,11.0,1.0,0,1,0,3.169685580677429,Филатов Луг,Cosmetic
100.3,3.0,8.0,10,4.0,0.8,0,0,0,4.618086411254637,Войковская,Without renovation
28.1,1.0,2.0,4,10.0,0.5,0,0,0,3.370738174177447,Преображенская площадь,European-style renovation
85.0,3.0,29.0,29,4.0,1.0,0,1,0,4.454347296253507,Кунцевская,Without renovation
56.0,2.0,8.0,8,8.0,1.0,0,1,0,4.04305126783455,Парк культуры,Designer
106.6,3.0,4.0,8,15.0,0.5,0,0,0,4.678420647727684,Ольховая,Designer
15.4,0.0,1.0,9,19.0,0.1111111111111111,1,0,1,2.797281334830153,Шипиловская,European-style renovation
34.0,1.0,8.0,16,15.0,0.5,0,0,0,3.555348061489413,Чертановская,Cosmetic
58.8,2.0,19.0,22,22.0,0.8636363636363636,0,0,0,4.091005660956586,Сетунь,European-style renovation
50.0,2.0,12.0,44,26.0,0.2727272727272727,0,0,0,3.9318256327243257,Баррикадная,Without renovation
117.2,3.0,20.0,24,13.0,0.8333333333333334,0,0,0,4.772378104971998,Зюзино,Designer
47.6,2.0,3.0,8,5.0,0.375,0,0,0,3.883623530906448,Автозаводская,European-style renovation
94.0,0.0,5.0,24,13.0,0.2083333333333333,0,0,1,4.553876891600541,Хорошёвская,Without renovation
47.0,0.0,1.0,16,26.0,0.0625,1,0,1,3.871201010907891,Новогиреево,European-style renovation
300.0,6.0,6.0,10,10.0,0.6,0,0,0,5.707110264748875,Маяковская,European-style renovation
102.0,4.0,8.0,14,1.0,0.5714285714285714,0,0,0,4.634728988229636,Минская,Without renovation
50.0,2.0,3.0,30,7.0,0.1,0,0,0,3.9318256327243257,Каховская,European-style renovation
62.3,2.0,4.0,16,18.0,0.25,0,0,0,4.147885329150131,ЗИЛ,European-style renovation
52.1,2.0,3.0,12,18.0,0.25,0,0,0,3.972176928247893,Сходненская,Cosmetic
114.0,3.0,2.0,8,6.0,0.25,0,0,0,4.74493212836325,Сухаревская,European-style renovation
42.7,1.0,2.0,28,10.0,0.0714285714285714,0,0,0,3.777348102101545,Нижегородская,European-style renovation
128.0,3.0,18.0,23,12.0,0.782608695652174,0,0,0,4.859812404361672,Зюзино,Designer
58.0,0.0,77.0,97,1.0,0.7938144329896907,0,0,1,4.07753744390572,Деловой центр,Designer
21.5,0.0,6.0,8,8.0,0.75,0,0,1,3.1135153092103742,Калитники,European-style renovation
130.0,3.0,2.0,5,10.0,0.4,0,0,0,4.875197323201151,Кропоткинская,Without renovation
129.3,4.0,30.0,40,12.0,0.75,0,0,0,4.869839484130799,ЗИЛ,Without renovation
118.7,4.0,15.0,15,17.0,1.0,0,1,0,4.784988612563928,Лефортово,Without renovation
17.0,0.0,1.0,9,16.0,0.1111111111111111,1,0,1,2.8903717578961645,Домодедовская,European-style renovation
34.8,0.0,22.0,37,13.0,0.5945945945945946,0,0,1,3.5779478934066544,Шелепиха,Designer
200.0,4.0,14.0,17,15.0,0.8235294117647058,0,0,0,5.303304908059076,Академическая,European-style renovation
135.2,5.0,2.0,4,13.0,0.5,0,0,0,4.914124393715412,Киевская,Designer
43.4,1.0,28.0,28,18.0,1.0,0,1,0,3.7932394694381792,Фили,Without renovation
104.1,4.0,20.0,22,11.0,0.9090909090909092,0,0,0,4.6549122778829055,Филатов Луг,European-style renovation
127.5,4.0,20.0,58,10.0,0.3448275862068966,0,0,0,4.855928904335275,Народное Ополчение,Without renovation
134.7,4.0,9.0,24,7.0,0.375,0,0,0,4.910446566840824,Улица 1905 года,Designer
167.0,4.0,4.0,49,13.0,0.0816326530612244,0,0,0,5.123963979403259,Щукинская,Designer
46.0,2.0,10.0,16,8.0,0.625,0,0,0,3.8501476017100575,Свиблово,Without renovation
17.3,0.0,6.0,9,25.0,0.6666666666666666,0,0,1,2.9069010598473755,Пятницкое шоссе,European-style renovation
42.8,2.0,6.0,42,6.0,0.1428571428571428,0,0,0,3.779633817382401,Фили,Designer
90.0,4.0,10.0,15,21.0,0.6666666666666666,0,0,0,4.51085950651685,Мякинино,European-style renovation
60.0,3.0,9.0,9,11.0,1.0,0,1,0,4.110873864173311,Орехово,European-style renovation
110.2,3.0,7.0,27,8.0,0.2592592592592592,0,0,0,4.711330381816482,Октябрьское поле,European-style renovation
95.6,4.0,18.0,19,7.0,0.9473684210526316,0,0,0,4.570578741218473,Динамо,Designer
108.5,3.0,2.0,8,18.0,0.25,0,0,0,4.695924549256556,Хорошево,Designer
71.7,3.0,4.0,19,12.0,0.2105263157894736,0,0,0,4.286341384539473,Славянский бульвар,Cosmetic
24.1,0.0,4.0,4,3.0,1.0,0,1,1,3.2228678461377385,Аэропорт,Designer
115.0,0.0,10.0,38,4.0,0.2631578947368421,0,0,1,4.7535901911063645,Выставочный центр,Without renovation
27.6,0.0,8.0,18,18.0,0.4444444444444444,0,0,1,3.353406717825807,Павелецкая,Without renovation
56.2,2.0,2.0,12,15.0,0.1666666666666666,0,0,0,4.046553898385752,Говорово,Cosmetic
45.3,2.0,3.0,9,3.0,0.3333333333333333,0,0,0,3.835141961092188,Коломенская,Cosmetic
38.93,1.0,6.0,20,14.0,0.3,0,0,0,3.6871279210751298,Тульская,European-style renovation
77.2,3.0,11.0,22,17.0,0.5,0,0,0,4.359269647551265,Улица 1905 года,Designer
54.7,2.0,9.0,17,7.0,0.5294117647058824,0,0,0,4.019980146933238,Алма-Атинская,European-style renovation
35.4,1.0,10.0,12,11.0,0.8333333333333334,0,0,0,3.594568774642695,Щелковская,Cosmetic
64.0,2.0,18.0,22,14.0,0.8181818181818182,0,0,0,4.174387269895637,Шаболовская,Designer
42.0,1.0,7.0,14,15.0,0.5,0,0,0,3.7612001156935615,Новопеределкино,Cosmetic
18.2,0.0,2.0,18,8.0,0.1111111111111111,0,0,1,2.954910279033736,Некрасовка,European-style renovation
33.0,1.0,7.0,18,13.0,0.3888888888888889,0,0,0,3.5263605246161616,Прокшино,European-style renovation
179.0,4.0,20.0,21,7.0,0.9523809523809524,0,0,0,5.19295685089021,Улица 1905 года,Designer
69.7,3.0,13.0,23,2.0,0.5652173913043478,0,0,0,4.258445572902527,Профсоюзная,Cosmetic
51.0,2.0,14.0,17,12.0,0.8235294117647058,0,0,0,3.951243718581428,Москва-Товарная,European-style renovation
104.0,3.0,7.0,20,11.0,0.35,0,0,0,4.653960350157523,Савеловская,Designer
55.0,3.0,7.0,8,15.0,0.875,0,0,0,4.02535169073515,Профсоюзная,European-style renovation
50.3,2.0,14.0,17,9.0,0.8235294117647058,0,0,0,3.937690752176724,Багратионовская,Cosmetic
53.0,2.0,11.0,14,26.0,0.7857142857142857,0,0,0,3.9889840465642745,Коптево,Cosmetic
19.0,0.0,2.0,8,11.0,0.25,0,0,1,2.995732273553991,Дмитровская,Without renovation
71.4,3.0,16.0,17,11.0,0.9411764705882352,0,0,0,4.282206299391671,Новокосино,Without renovation
20.48,6.0,3.0,21,20.0,0.1428571428571428,0,0,0,3.067122269640664,Озёрная,Cosmetic
91.0,3.0,13.0,41,16.0,0.3170731707317073,0,0,0,4.5217885770490405,Петровский парк,Without renovation
17.5,0.0,4.0,22,16.0,0.1818181818181818,0,0,1,2.917770732084279,Тропарево,European-style renovation
66.9,3.0,2.0,12,4.0,0.1666666666666666,0,0,0,4.21803603456465,Теплый Стан,Cosmetic
109.5,4.0,6.0,8,10.0,0.75,0,0,0,4.705015520957808,Окружная,European-style renovation
154.0,5.0,13.0,14,15.0,0.9285714285714286,0,0,0,5.043425116919247,Красный Балтиец,European-style renovation
24.2,0.0,1.0,5,7.0,0.2,1,0,1,3.226843994517377,Гражданская,Without renovation
159.7,5.0,6.0,27,17.0,0.2222222222222222,0,0,0,5.0795392727434665,Технопарк,Without renovation
342.0,0.0,4.0,6,6.0,0.6666666666666666,0,0,1,5.83773044716594,Белорусская,Without renovation
91.7,3.0,18.0,54,6.0,0.3333333333333333,0,0,0,4.529368472571809,Динамо,European-style renovation
44.0,0.0,10.0,17,7.0,0.5882352941176471,0,0,1,3.80666248977032,Динамо,Without renovation
56.0,2.0,4.0,19,7.0,0.2105263157894736,0,0,0,4.04305126783455,Бескудниково,Cosmetic
97.0,3.0,5.0,11,11.0,0.4545454545454545,0,0,0,4.584967478670572,Зорге,Cosmetic
73.7,4.0,2.0,5,11.0,0.4,0,0,0,4.313480092138772,Красный Балтиец,Without renovation
44.7,1.0,5.0,17,21.0,0.2941176470588235,0,0,0,3.822098297900159,Коломенская,Designer
200.8,5.0,1.0,9,8.0,0.1111111111111111,1,0,0,5.307277107919509,Спортивная,Designer
189.0,4.0,2.0,20,6.0,0.1,0,0,0,5.247024072160486,Проспект Вернадского,Designer
44.6,1.0,19.0,24,9.0,0.7916666666666666,0,0,0,3.819907716520341,Севастопольская,Cosmetic
66.3,2.0,5.0,11,5.0,0.4545454545454545,0,0,0,4.209160236650682,Панфиловская,European-style renovation
42.44,2.0,3.0,20,13.0,0.15,0,0,0,3.77138067562568,Тульская,European-style renovation
57.5,3.0,2.0,53,13.0,0.0377358490566037,0,0,0,4.069026754237811,Шелепиха,Without renovation
25.7,6.0,4.0,14,14.0,0.2857142857142857,0,0,0,3.284663565406204,Ольховая,Cosmetic
45.0,1.0,2.0,21,10.0,0.0952380952380952,0,0,0,3.828641396489095,Калитники,Cosmetic
38.5,1.0,13.0,17,11.0,0.7647058823529411,0,0,0,3.676300671907076,Мичуринский проспект,Cosmetic
39.0,1.0,3.0,13,11.0,0.2307692307692307,0,0,0,3.688879454113936,Шипиловская,European-style renovation
43.0,1.0,17.0,17,28.0,1.0,0,1,0,3.784189633918261,Коммунарка,Cosmetic
38.0,2.0,5.0,21,20.0,0.238095238095238,0,0,0,3.6635616461296463,Рижская,Cosmetic
222.0,6.0,1.0,3,16.0,0.3333333333333333,1,0,0,5.407171771460119,ЗИЛ,Without renovation
72.0,2.0,4.0,18,6.0,0.2222222222222222,0,0,0,4.290459441148391,Панфиловская,European-style renovation
28.9,6.0,7.0,9,13.0,0.7777777777777778,0,0,0,3.3978584803966405,Филатов Луг,Cosmetic
85.2,3.0,28.0,40,12.0,0.7,0,0,0,4.456670177669648,ЗИЛ,Without renovation
196.8,5.0,5.0,6,11.0,0.8333333333333334,0,0,0,5.287256419188612,Маяковская,Designer
310.9,5.0,1.0,5,10.0,0.2,1,0,0,5.742682623613757,Кропоткинская,European-style renovation
30.2,0.0,14.0,18,21.0,0.7777777777777778,0,0,1,3.4404180948154366,Ботанический сад,Without renovation
154.0,4.0,16.0,18,7.0,0.8888888888888888,0,0,0,5.043425116919247,Улица 1905 года,European-style renovation
38.0,1.0,10.0,17,7.0,0.5882352941176471,0,0,0,3.6635616461296463,Боровское шоссе,Cosmetic
207.0,6.0,2.0,5,5.0,0.4,0,0,0,5.337538079701318,Сретенский бульвар,Cosmetic
42.5,2.0,25.0,34,8.0,0.7352941176470589,0,0,0,3.7727609380946383,Нагорная,Cosmetic
41.0,1.0,3.0,4,12.0,0.75,0,0,0,3.737669618283368,Филатов Луг,Designer
115.0,3.0,2.0,37,13.0,0.054054054054054,0,0,0,4.7535901911063645,Шелепиха,Without renovation
79.6,3.0,11.0,25,5.0,0.44,0,0,0,4.389498649512583,Тушинская,European-style renovation
61.0,3.0,6.0,10,7.0,0.6,0,0,0,4.127134385045092,Октябрьская,Without renovation
36.4,1.0,9.0,22,19.0,0.4090909090909091,0,0,0,3.6216707044204863,Саларьево,Without renovation
72.1,3.0,6.0,19,14.0,0.3157894736842105,0,0,0,4.291828366755733,Крымская,Cosmetic
82.0,4.0,2.0,12,16.0,0.1666666666666666,0,0,0,4.418840607796598,Люблино,Cosmetic
117.4,5.0,23.0,33,17.0,0.696969696969697,0,0,0,4.774068722449905,Павелецкая,Without renovation
61.8,2.0,15.0,16,23.0,0.9375,0,0,0,4.139955073474153,Бунинская Аллея,European-style renovation
75.2,2.0,4.0,5,8.0,0.8,0,0,0,4.333361462692601,Бауманская,Designer
23.7,6.0,16.0,25,5.0,0.64,0,0,0,3.2068032436339315,Тушинская,Cosmetic
43.5,1.0,6.0,28,20.0,0.2142857142857142,0,0,0,3.7954891891721942,Полежаевская,Cosmetic
79.0,3.0,8.0,9,25.0,0.8888888888888888,0,0,0,4.382026634673881,Митино,Cosmetic
107.0,3.0,6.0,28,13.0,0.2142857142857142,0,0,0,4.68213122712422,Раменки,Without renovation
20.4,0.0,4.0,6,5.0,0.6666666666666666,0,0,1,3.0633909220278057,Маяковская,European-style renovation
50.0,2.0,4.0,8,17.0,0.5,0,0,0,3.9318256327243257,Площадь Гагарина,Designer
87.1,3.0,17.0,19,16.0,0.8947368421052632,0,0,0,4.478472532942134,Аминьевская,Cosmetic
18.6,0.0,1.0,14,6.0,0.0714285714285714,1,0,1,2.975529566236472,Жулебино,Without renovation
74.9,1.0,8.0,18,13.0,0.4444444444444444,0,0,0,4.329416684401584,Воробьёвы горы,Designer
59.7,3.0,5.0,9,18.0,0.5555555555555556,0,0,0,4.1059436980654525,Беляево,Cosmetic
29.8,0.0,10.0,26,16.0,0.3846153846153846,0,0,1,3.427514689979529,Хорошево,Cosmetic
168.0,2.0,50.0,53,4.0,0.9433962264150944,0,0,0,5.1298987149230735,Минская,Designer
47.7,1.0,3.0,25,10.0,0.12,0,0,0,3.885679030088544,Аминьевская,Without renovation
38.8,1.0,2.0,12,8.0,0.1666666666666666,0,0,0,3.683866912290392,Строгино,Without renovation
54.5,2.0,2.0,5,8.0,0.4,0,0,0,4.0163830207523885,Багратионовская,European-style renovation
29.0,0.0,2.0,2,16.0,1.0,0,1,1,3.4011973816621555,Петровский парк,Designer
64.7,4.0,5.0,14,13.0,0.3571428571428571,0,0,0,4.185098925490565,Рабочий Посёлок,European-style renovation
237.3,6.0,4.0,6,32.0,0.6666666666666666,0,0,0,5.473530384104697,Щукинская,Designer
19.3,0.0,1.0,9,13.0,0.1111111111111111,1,0,1,3.0106208860477417,Красный Строитель,Without renovation
60.0,2.0,4.0,7,8.0,0.5714285714285714,0,0,0,4.110873864173311,Панфиловская,Without renovation
138.0,5.0,2.0,12,6.0,0.1666666666666666,0,0,0,4.934473933130692,Прокшино,European-style renovation
23.9,0.0,9.0,18,19.0,0.5,0,0,1,3.214867803470662,Ботанический сад,Without renovation
52.0,2.0,20.0,22,12.0,0.9090909090909092,0,0,0,3.970291913552122,Верхние Лихоборы,European-style renovation
28.0,0.0,4.0,5,15.0,0.8,0,0,1,3.367295829986474,Зюзино,Designer
41.9,1.0,4.0,12,6.0,0.3333333333333333,0,0,0,3.758871825933971,Улица Дмитриевского,European-style renovation
41.1,2.0,8.0,11,9.0,0.7272727272727273,0,0,0,3.740047740688336,Курская,Cosmetic
64.0,2.0,9.0,12,5.0,0.75,0,0,0,4.174387269895637,Парк Победы,Cosmetic
44.8,2.0,4.0,5,16.0,0.8,0,0,0,3.824284091120139,Кантемировская,Cosmetic
53.5,2.0,1.0,5,16.0,0.2,1,0,0,3.9982007016691994,Бульвар Рокоссовского,Cosmetic
60.0,2.0,7.0,8,9.0,0.875,0,0,0,4.110873864173311,Панфиловская,Without renovation
123.0,4.0,16.0,16,16.0,1.0,0,1,0,4.820281565605037,Давыдково,Designer
160.0,3.0,3.0,10,6.0,0.3,0,0,0,5.081404364984463,Цветной бульвар,Designer
40.4,1.0,18.0,28,8.0,0.6428571428571429,0,0,0,3.7232808808312687,Стрешнево,European-style renovation
75.0,3.0,12.0,14,6.0,0.8571428571428571,0,0,0,4.330733340286331,Митино,European-style renovation
108.0,3.0,15.0,17,11.0,0.8823529411764706,0,0,0,4.691347882229144,Филёвский парк,Without renovation
41.9,1.0,4.0,12,6.0,0.3333333333333333,0,0,0,3.758871825933971,Улица Дмитриевского,Cosmetic
48.5,2.0,9.0,9,8.0,1.0,0,1,0,3.901972669574645,Ленинский проспект,Without renovation
107.3,4.0,17.0,17,13.0,1.0,0,1,0,4.684905154006945,Говорово,European-style renovation
38.1,1.0,23.0,24,16.0,0.9583333333333334,0,0,0,3.66612246699132,Верхние Котлы,Designer
153.3,3.0,3.0,6,11.0,0.5,0,0,0,5.038898759369115,Киевская,Designer
67.0,3.0,7.0,12,4.0,0.5833333333333334,0,0,0,4.219507705176107,Белорусская,Without renovation
121.8,5.0,17.0,17,10.0,1.0,0,1,0,4.810557015713042,Коммунарка,European-style renovation
39.0,1.0,21.0,22,15.0,0.9545454545454546,0,0,0,3.688879454113936,Алма-Атинская,European-style renovation
67.9,1.0,23.0,43,15.0,0.5348837209302325,0,0,0,4.232656178019613,Аминьевская,Without renovation
20.1,0.0,2.0,14,9.0,0.1428571428571428,0,0,1,3.0492730404820207,Бунинская Аллея,Without renovation
60.0,2.0,10.0,20,17.0,0.5,0,0,0,4.110873864173311,Домодедовская,European-style renovation
39.0,1.0,18.0,22,5.0,0.8181818181818182,0,0,0,3.688879454113936,Фонвизинская,Cosmetic
180.0,4.0,9.0,19,5.0,0.4736842105263157,0,0,0,5.198497031265826,Аэропорт,European-style renovation
151.0,4.0,3.0,8,2.0,0.375,0,0,0,5.0238805208462765,Маяковская,Designer
396.5,5.0,22.0,22,14.0,1.0,0,1,0,5.985194934094387,Давыдково,Without renovation
48.6,2.0,7.0,18,6.0,0.3888888888888889,0,0,0,3.903990833730882,Панфиловская,European-style renovation
179.1,4.0,6.0,8,9.0,0.75,0,0,0,5.19351225218191,Смоленская,Designer
128.5,2.0,18.0,58,14.0,0.3103448275862069,0,0,0,4.863680881139593,Ростокино,European-style renovation
45.0,2.0,5.0,5,11.0,1.0,0,1,0,3.828641396489095,Водный стадион,Cosmetic
75.5,3.0,13.0,26,26.0,0.5,0,0,0,4.33729074083249,Славянский бульвар,Without renovation
65.5,2.0,18.0,34,8.0,0.5294117647058824,0,0,0,4.197201947661808,Нагорная,European-style renovation
61.0,3.0,6.0,9,9.0,0.6666666666666666,0,0,0,4.127134385045092,Щелковская,Designer
118.8,2.0,3.0,9,5.0,0.3333333333333333,0,0,0,4.785823685681349,Цветной бульвар,Without renovation
175.0,4.0,4.0,5,8.0,0.8,0,0,0,5.170483995038151,Кропоткинская,European-style renovation
58.54,2.0,3.0,15,5.0,0.2,0,0,0,4.086648355587631,Беговая,Without renovation
300.0,5.0,5.0,10,9.0,0.5,0,0,0,5.707110264748875,Улица 1905 года,Designer
52.2,2.0,2.0,16,17.0,0.125,0,0,0,3.974058396347599,Новаторская,Cosmetic
44.8,1.0,1.0,12,26.0,0.0833333333333333,1,0,0,3.824284091120139,Рассказовка,Designer
51.0,2.0,11.0,27,24.0,0.4074074074074074,0,0,0,3.951243718581428,Беломорская,Without renovation
108.0,3.0,12.0,53,2.0,0.2264150943396226,0,0,0,4.691347882229144,Шелепиха,Designer
79.0,3.0,13.0,18,6.0,0.7222222222222222,0,0,0,4.382026634673881,Панфиловская,Without renovation
180.0,5.0,16.0,18,13.0,0.8888888888888888,0,0,0,5.198497031265826,Алексеевская,Without renovation
79.2,3.0,18.0,25,6.0,0.72,0,0,0,4.384523514872469,Красный Балтиец,European-style renovation
115.0,4.0,2.0,7,6.0,0.2857142857142857,0,0,0,4.7535901911063645,Сухаревская,Without renovation
38.9,1.0,6.0,11,9.0,0.5454545454545454,0,0,0,3.686376323895818,Курская,Cosmetic
46.0,2.0,17.0,41,8.0,0.4146341463414634,0,0,0,3.8501476017100575,Воробьёвы горы,European-style renovation
133.0,3.0,15.0,52,10.0,0.2884615384615384,0,0,0,4.897839799950911,Раменки,Without renovation
29.4,0.0,12.0,25,15.0,0.48,0,0,1,3.414442608412176,Фили,Designer
206.0,5.0,5.0,9,7.0,0.5555555555555556,0,0,0,5.332718793265369,Киевская,European-style renovation
45.0,1.0,29.0,31,12.0,0.935483870967742,0,0,0,3.828641396489095,Бескудниково,European-style renovation
85.0,2.0,2.0,10,13.0,0.2,0,0,0,4.454347296253507,Силикатная,European-style renovation
43.9,1.0,9.0,17,11.0,0.5294117647058824,0,0,0,3.8044377947482086,Митино,Cosmetic
58.4,2.0,7.0,16,14.0,0.4375,0,0,0,4.084294226368599,Крымская,Cosmetic
238.0,4.0,7.0,7,3.0,1.0,0,1,0,5.476463551931511,Маяковская,Designer
76.3,3.0,14.0,16,29.0,0.875,0,0,0,4.3476939555933765,Яхромская,Cosmetic
38.0,1.0,13.0,17,31.0,0.7647058823529411,0,0,0,3.6635616461296463,Селигерская,Cosmetic
24.2,0.0,4.0,4,9.0,1.0,0,1,1,3.226843994517377,Рижская,European-style renovation
300.0,6.0,8.0,8,17.0,1.0,0,1,0,5.707110264748875,Проспект Вернадского,Designer
40.9,1.0,15.0,23,14.0,0.6521739130434783,0,0,0,3.735285826928092,Некрасовка,Cosmetic
53.1,2.0,3.0,21,12.0,0.1428571428571428,0,0,0,3.990834185852436,Давыдково,Cosmetic
113.0,2.0,63.0,79,5.0,0.7974683544303798,0,0,0,4.736198448394496,Деловой центр,Designer
75.3,3.0,9.0,22,22.0,0.4090909090909091,0,0,0,4.334672938290411,Борисово,European-style renovation
34.0,0.0,3.0,8,8.0,0.375,0,0,1,3.555348061489413,Калитники,Cosmetic
41.8,1.0,2.0,16,13.0,0.125,0,0,0,3.756538102587751,Братиславская,European-style renovation
20.0,0.0,1.0,3,27.0,0.3333333333333333,1,0,1,3.044522437723423,Селигерская,European-style renovation
146.0,4.0,3.0,38,18.0,0.0789473684210526,0,0,0,4.990432586778736,Ломоносовский проспект,Without renovation
110.3,3.0,12.0,18,6.0,0.6666666666666666,0,0,0,4.712229258281499,Панфиловская,Without renovation
86.6,3.0,1.0,8,17.0,0.125,1,0,0,4.472780997942346,ВДНХ,European-style renovation
100.0,4.0,2.0,5,11.0,0.4,0,0,0,4.61512051684126,Улица 1905 года,Designer
21.9,6.0,17.0,30,15.0,0.5666666666666667,0,0,0,3.131136910560194,Бунинская Аллея,Cosmetic
100.1,4.0,2.0,17,9.0,0.1176470588235294,0,0,0,4.616110126026426,Бунинская Аллея,European-style renovation
82.1,2.0,3.0,15,6.0,0.2,0,0,0,4.420044701861403,Серпуховская,Without renovation
86.9,4.0,9.0,27,17.0,0.3333333333333333,0,0,0,4.476199804691132,Павелецкая,European-style renovation
105.8,4.0,5.0,15,21.0,0.3333333333333333,0,0,0,4.670957926526095,Коммунарка,Without renovation
143.0,4.0,17.0,29,16.0,0.5862068965517241,0,0,0,4.969813299576001,Шаболовская,Without renovation
45.9,1.0,4.0,43,11.0,0.0930232558139534,0,0,0,3.8480176754522337,ЗИЛ,Without renovation
88.0,2.0,5.0,5,15.0,1.0,0,1,0,4.48863636973214,Коптево,Designer
49.9,2.0,4.0,9,9.0,0.4444444444444444,0,0,0,3.929862923556477,Улица Горчакова,Cosmetic
73.2,2.0,6.0,11,5.0,0.5454545454545454,0,0,0,4.306764150173335,Панфиловская,European-style renovation
147.0,4.0,15.0,24,26.0,0.625,0,0,0,4.997212273764115,Минская,Designer
36.7,1.0,15.0,15,22.0,1.0,0,1,0,3.629660094453965,ЗИЛ,Without renovation
28.9,1.0,15.0,30,15.0,0.5,0,0,0,3.3978584803966405,Окская,European-style renovation
24.0,0.0,8.0,23,7.0,0.3478260869565217,0,0,1,3.218875824868201,Солнцево,Cosmetic
35.6,0.0,3.0,15,15.0,0.2,0,0,1,3.6000482404073204,Водный стадион,Designer
51.0,2.0,2.0,15,12.0,0.1333333333333333,0,0,0,3.951243718581428,Раменки,Designer
20.1,0.0,3.0,8,13.0,0.375,0,0,1,3.0492730404820207,Чкаловская,Without renovation
71.7,2.0,4.0,8,19.0,0.5,0,0,0,4.286341384539473,ВДНХ,Designer
94.7,5.0,4.0,14,17.0,0.2857142857142857,0,0,0,4.5612182984589085,Коммунарка,European-style renovation
40.1,1.0,8.0,14,33.0,0.5714285714285714,0,0,0,3.716008121502189,Внуково,Cosmetic
48.9,2.0,3.0,18,6.0,0.1666666666666666,0,0,0,3.910021002757473,Панфиловская,European-style renovation
52.0,2.0,16.0,25,12.0,0.64,0,0,0,3.970291913552122,Саларьево,Designer
104.3,4.0,25.0,27,16.0,0.925925925925926,0,0,0,4.6568134191399295,Серпуховская,Without renovation
49.5,2.0,1.0,12,14.0,0.0833333333333333,1,0,0,3.9219733362813134,Юго-Западная,Cosmetic
20.0,6.0,14.0,19,4.0,0.7368421052631579,0,0,0,3.044522437723423,Пятницкое шоссе,Cosmetic
87.0,3.0,3.0,9,15.0,0.3333333333333333,0,0,0,4.477336814478207,Савеловская,European-style renovation
62.3,3.0,5.0,9,15.0,0.5555555555555556,0,0,0,4.147885329150131,Локомотив,European-style renovation
20.5,0.0,3.0,22,17.0,0.1363636363636363,0,0,1,3.068052935133617,Тропарево,European-style renovation
72.9,2.0,2.0,12,24.0,0.1666666666666666,0,0,0,4.302712827954156,Коммунарка,European-style renovation
60.9,2.0,9.0,17,16.0,0.5294117647058824,0,0,0,4.12552017969055,Давыдково,European-style renovation
48.0,1.0,10.0,24,6.0,0.4166666666666667,0,0,0,3.8918202981106265,Нагорная,Designer
80.0,3.0,19.0,30,9.0,0.6333333333333333,0,0,0,4.394449154672439,Угрешская,Without renovation
96.4,4.0,5.0,37,13.0,0.1351351351351351,0,0,0,4.578826210648489,Шелепиха,Designer
114.4,4.0,32.0,40,12.0,0.8,0,0,0,4.748404354073999,ЗИЛ,Without renovation
107.0,3.0,11.0,11,9.0,1.0,0,1,0,4.68213122712422,Панфиловская,Without renovation
19.9,6.0,15.0,17,2.0,0.8823529411764706,0,0,0,3.039749158970765,Бульвар Рокоссовского,Cosmetic
44.2,2.0,2.0,9,15.0,0.2222222222222222,0,0,0,3.8110970868381857,Пражская,Cosmetic
64.2,2.0,23.0,27,4.0,0.8518518518518519,0,0,0,4.177459468932607,Нагорная,Designer
92.0,4.0,17.0,24,4.0,0.7083333333333334,0,0,0,4.532599493153256,Новаторская,European-style renovation
54.0,2.0,6.0,14,19.0,0.4285714285714285,0,0,0,4.007333185232471,Перово,Cosmetic
20.8,0.0,4.0,22,16.0,0.1818181818181818,0,0,1,3.0819099697950434,Тропарево,Designer
17.2,0.0,1.0,8,14.0,0.125,1,0,1,2.9014215940827497,Курская,Without renovation
139.7,5.0,8.0,17,10.0,0.4705882352941176,0,0,0,4.946629964120343,Коммунарка,European-style renovation
16.6,0.0,2.0,4,12.0,0.5,0,0,1,2.8678989020441064,Преображенская площадь,Designer
34.7,1.0,2.0,14,26.0,0.1428571428571428,0,0,0,3.5751506887855933,Коммунарка,Without renovation
150.0,4.0,22.0,32,12.0,0.6875,0,0,0,5.017279836814924,Октябрьское поле,Without renovation
135.0,4.0,7.0,14,6.0,0.5,0,0,0,4.912654885736052,Фрунзенская,Designer
60.0,3.0,8.0,20,9.0,0.4,0,0,0,4.110873864173311,Фили,Designer
55.0,2.0,4.0,25,6.0,0.16,0,0,0,4.02535169073515,Аннино,European-style renovation
60.0,2.0,2.0,10,17.0,0.2,0,0,0,4.110873864173311,Лухмановская,Cosmetic
50.0,1.0,14.0,28,10.0,0.5,0,0,0,3.9318256327243257,Варшавская,Without renovation
100.0,3.0,5.0,53,13.0,0.0943396226415094,0,0,0,4.61512051684126,Шелепиха,Without renovation
23.1,0.0,1.0,5,6.0,0.2,1,0,1,3.1822118404966093,Цветной бульвар,European-style renovation
16.3,0.0,1.0,9,18.0,0.1111111111111111,1,0,1,2.8507065015037334,Беломорская,European-style renovation
57.4,2.0,11.0,25,10.0,0.44,0,0,0,4.067315889834181,Аминьевская,Cosmetic
48.4,2.0,1.0,4,6.0,0.25,1,0,0,3.899950424193877,Измайлово,Cosmetic
233.0,6.0,3.0,22,6.0,0.1363636363636363,0,0,0,5.455321115357702,Минская,Without renovation
32.0,0.0,4.0,33,6.0,0.1212121212121212,0,0,1,3.49650756146648,Речной вокзал,European-style renovation
70.3,3.0,22.0,25,9.0,0.88,0,0,0,4.26689632742025,Гражданская,Without renovation
210.0,4.0,35.0,57,9.0,0.6140350877192983,0,0,0,5.351858133476067,Аэропорт,Designer
16.0,0.0,1.0,3,6.0,0.3333333333333333,1,0,1,2.833213344056216,Трубная,Cosmetic
114.9,4.0,17.0,17,28.0,1.0,0,1,0,4.752727750345706,Коммунарка,European-style renovation
71.5,3.0,3.0,5,17.0,0.6,0,0,0,4.283586561860629,Сходненская,Without renovation
193.1,4.0,2.0,28,7.0,0.0714285714285714,0,0,0,5.268373490174964,Молодежная,Without renovation
64.1,2.0,7.0,11,5.0,0.6363636363636364,0,0,0,4.175924549214524,Панфиловская,European-style renovation
45.8,2.0,11.0,12,18.0,0.9166666666666666,0,0,0,3.845883202923601,Отрадное,Cosmetic
48.3,1.0,7.0,21,17.0,0.3333333333333333,0,0,0,3.897924081048645,Остафьево,Without renovation
74.0,3.0,3.0,5,18.0,0.6,0,0,0,4.31748811353631,Измайловская,European-style renovation
75.5,3.0,4.0,20,16.0,0.2,0,0,0,4.33729074083249,Алтуфьево,European-style renovation
48.0,2.0,1.0,17,9.0,0.0588235294117647,1,0,0,3.8918202981106265,Говорово,Designer
96.0,3.0,4.0,25,10.0,0.16,0,0,0,4.574710978503383,Аминьевская,Without renovation
45.8,2.0,5.0,15,27.0,0.3333333333333333,0,0,0,3.845883202923601,Силикатная,Without renovation
19.2,0.0,12.0,15,30.0,0.8,0,0,1,3.005682604407159,Улица Горчакова,Designer
88.6,3.0,34.0,42,12.0,0.8095238095238095,0,0,0,4.4953553199808844,Шелепиха,Designer
33.0,1.0,8.0,9,8.0,0.8888888888888888,0,0,0,3.5263605246161616,Планерная,Cosmetic
63.0,3.0,6.0,12,6.0,0.5,0,0,0,4.158883083359672,Красногвардейская,European-style renovation
142.1,4.0,13.0,14,19.0,0.9285714285714286,0,0,0,4.963543686562405,ЗИЛ,Designer
61.2,2.0,19.0,24,26.0,0.7916666666666666,0,0,0,4.130354999745133,Лухмановская,Cosmetic
139.3,5.0,16.0,17,10.0,0.9411764705882352,0,0,0,4.943782987108415,Коммунарка,European-style renovation
45.0,1.0,3.0,14,18.0,0.2142857142857142,0,0,0,3.828641396489095,Кузьминки,European-style renovation
134.9,5.0,6.0,8,2.0,0.75,0,0,0,4.911919321157098,Охотный ряд,European-style renovation
49.0,3.0,5.0,14,4.0,0.3571428571428571,0,0,0,3.912023005428146,Красносельская,Designer
62.0,3.0,7.0,9,26.0,0.7777777777777778,0,0,0,4.143134726391533,Сетунь,European-style renovation
23.9,0.0,1.0,6,8.0,0.1666666666666666,1,0,1,3.214867803470662,Серпуховская,Without renovation
73.3,3.0,14.0,17,13.0,0.8235294117647058,0,0,0,4.308110951723713,Новокосино,European-style renovation
15.0,0.0,3.0,10,12.0,0.3,0,0,1,2.772588722239781,Селигерская,European-style renovation
310.0,6.0,2.0,6,9.0,0.3333333333333333,0,0,0,5.739792912179234,Спортивная,Designer
77.2,3.0,11.0,33,14.0,0.3333333333333333,0,0,0,4.359269647551265,Нижегородская,European-style renovation
41.0,2.0,14.0,16,21.0,0.875,0,0,0,3.737669618283368,Калужская,Cosmetic
84.9,3.0,18.0,31,8.0,0.5806451612903226,0,0,0,4.45318382899021,Аминьевская,Designer
48.5,1.0,10.0,16,26.0,0.625,0,0,0,3.901972669574645,Коммунарка,Cosmetic
41.2,1.0,11.0,24,15.0,0.4583333333333333,0,0,0,3.742420221041966,Перерва,Cosmetic
106.1,3.0,48.0,58,10.0,0.8275862068965517,0,0,0,4.673762977453703,Народное Ополчение,Without renovation
52.0,2.0,16.0,17,18.0,0.9411764705882352,0,0,0,3.970291913552122,Пыхтино,European-style renovation
26.1,0.0,7.0,8,8.0,0.875,0,0,1,3.299533727885655,Калитники,Designer
20.2,0.0,2.0,4,15.0,0.5,0,0,1,3.054001181677967,Бауманская,Designer
99.1,3.0,6.0,19,11.0,0.3157894736842105,0,0,0,4.606169686321175,Алексеевская,Without renovation
116.0,3.0,3.0,8,5.0,0.375,0,0,0,4.762173934797756,Сухаревская,European-style renovation
74.0,3.0,9.0,9,3.0,1.0,0,1,0,4.31748811353631,Автозаводская,Without renovation
20.1,6.0,7.0,17,14.0,0.4117647058823529,0,0,0,3.0492730404820207,Перерва,Cosmetic
303.8,6.0,3.0,12,4.0,0.25,0,0,0,5.719655823812492,Ломоносовский проспект,Designer
35.0,1.0,11.0,12,6.0,0.9166666666666666,0,0,0,3.58351893845611,Сходненская,Cosmetic
44.7,1.0,17.0,17,20.0,1.0,0,1,0,3.822098297900159,Бабушкинская,European-style renovation
121.5,4.0,16.0,23,16.0,0.6956521739130435,0,0,0,4.808111029984782,Славянский бульвар,Designer
88.0,3.0,8.0,18,7.0,0.4444444444444444,0,0,0,4.48863636973214,Панфиловская,Designer
41.1,2.0,3.0,13,8.0,0.2307692307692307,0,0,0,3.740047740688336,Тульская,European-style renovation
147.9,5.0,41.0,42,18.0,0.9761904761904762,0,0,0,5.003274939689963,Крымская,Designer
28.3,1.0,21.0,25,14.0,0.84,0,0,0,3.3775875160230218,Коммунарка,Cosmetic
54.4,2.0,6.0,17,29.0,0.3529411764705882,0,0,0,4.014579593753238,Некрасовка,Cosmetic
100.0,3.0,39.0,53,7.0,0.7358490566037735,0,0,0,4.61512051684126,Деловой центр,Designer
60.9,2.0,13.0,17,8.0,0.7647058823529411,0,0,0,4.12552017969055,Отрадное,European-style renovation
49.5,2.0,3.0,5,7.0,0.6,0,0,0,3.9219733362813134,Шаболовская,Cosmetic
57.1,2.0,3.0,22,9.0,0.1363636363636363,0,0,0,4.062165663857866,Новаторская,European-style renovation
38.0,1.0,9.0,9,15.0,1.0,0,1,0,3.6635616461296463,Пенягино,Cosmetic
108.9,2.0,3.0,18,6.0,0.1666666666666666,0,0,0,4.699570861409576,Панфиловская,Without renovation
229.0,5.0,8.0,9,7.0,0.8888888888888888,0,0,0,5.438079308923196,Полянка,Designer
38.7,1.0,6.0,44,23.0,0.1363636363636363,0,0,0,3.681351187693145,Хорошево,Without renovation
56.2,2.0,15.0,28,4.0,0.5357142857142857,0,0,0,4.046553898385752,Стрешнево,Designer
20.0,0.0,2.0,17,12.0,0.1176470588235294,0,0,1,3.044522437723423,Некрасовка,Cosmetic
41.0,1.0,23.0,24,6.0,0.9583333333333334,0,0,0,3.737669618283368,Хорошёвская,European-style renovation
215.0,6.0,11.0,17,19.0,0.6470588235294118,0,0,0,5.375278407684165,Ломоносовский проспект,Designer
101.8,4.0,3.0,16,18.0,0.1875,0,0,0,4.632785353021065,ЗИЛ,Without renovation
59.2,1.0,6.0,12,24.0,0.5,0,0,0,4.097672352314776,Ломоносовский проспект,Without renovation
45.0,2.0,9.0,9,8.0,1.0,0,1,0,3.828641396489095,Зябликово,Designer
83.0,3.0,9.0,9,15.0,1.0,0,1,0,4.430816798843313,Ленинский проспект,European-style renovation
116.4,4.0,5.0,6,9.0,0.8333333333333334,0,0,0,4.765586907393996,Смоленская,Cosmetic
20.0,0.0,1.0,12,12.0,0.0833333333333333,1,0,1,3.044522437723423,Бунинская Аллея,Cosmetic
42.0,1.0,9.0,16,9.0,0.5625,0,0,0,3.7612001156935615,Бутово,Cosmetic
225.0,5.0,5.0,8,11.0,0.625,0,0,0,5.420534999272286,Арбатская,Designer
229.0,5.0,5.0,23,11.0,0.217391304347826,0,0,0,5.438079308923196,Серпуховская,Without renovation
39.1,1.0,11.0,14,13.0,0.7857142857142857,0,0,0,3.691376334312523,Алма-Атинская,Cosmetic
26.9,0.0,2.0,6,7.0,0.3333333333333333,0,0,1,3.32862668882732,Таганская,Without renovation
51.0,2.0,17.0,17,16.0,1.0,0,1,0,3.951243718581428,Люблино,European-style renovation
34.2,1.0,3.0,16,15.0,0.1875,0,0,0,3.5610460826040518,Бауманская,Cosmetic
39.5,1.0,1.0,12,16.0,0.0833333333333333,1,0,0,3.701301974112493,Строгино,European-style renovation
32.9,0.0,13.0,17,9.0,0.7647058823529411,0,0,1,3.5234150143864045,Карамышевская,European-style renovation
66.3,2.0,4.0,7,17.0,0.5714285714285714,0,0,0,4.209160236650682,Верхние Котлы,Without renovation
54.2,2.0,6.0,52,7.0,0.1153846153846153,0,0,0,4.01096295328305,Минская,European-style renovation
63.0,2.0,6.0,10,15.0,0.6,0,0,0,4.158883083359672,Тульская,Cosmetic
33.0,1.0,6.0,28,4.0,0.2142857142857142,0,0,0,3.5263605246161616,Парк Победы,European-style renovation
216.6,5.0,20.0,38,13.0,0.5263157894736842,0,0,0,5.382658514981787,Ломоносовский проспект,Designer
55.0,1.0,22.0,28,19.0,0.7857142857142857,0,0,0,4.02535169073515,Речной вокзал,Designer
82.2,3.0,9.0,31,11.0,0.2903225806451613,0,0,0,4.421247347827163,Профсоюзная,Designer
208.9,6.0,16.0,16,1.0,1.0,0,1,0,5.346631226826587,Спортивная,Without renovation
80.8,4.0,6.0,30,18.0,0.2,0,0,0,4.404277243608702,Бунинская Аллея,Cosmetic
214.0,5.0,21.0,21,12.0,1.0,0,1,0,5.3706380281276624,Давыдково,Designer
22.4,0.0,2.0,12,6.0,0.1666666666666666,0,0,1,3.152736022363656,Отрадное,Cosmetic
41.1,1.0,16.0,40,17.0,0.4,0,0,0,3.740047740688336,Динамо,European-style renovation
72.0,3.0,9.0,16,19.0,0.5625,0,0,0,4.290459441148391,Пражская,Without renovation
60.5,2.0,13.0,30,7.0,0.4333333333333333,0,0,0,4.119037174812473,Угрешская,Without renovation
32.0,1.0,7.0,24,28.0,0.2916666666666667,0,0,0,3.49650756146648,Ольховая,Designer
45.3,1.0,8.0,32,21.0,0.25,0,0,0,3.835141961092188,Автозаводская,Without renovation
37.7,1.0,14.0,24,16.0,0.5833333333333334,0,0,0,3.655839600035736,Верхние Котлы,Cosmetic
93.1,3.0,30.0,40,12.0,0.75,0,0,0,4.544358046591334,ЗИЛ,Without renovation
174.0,4.0,9.0,19,5.0,0.4736842105263157,0,0,0,5.1647859739235145,Университет,Designer
24.0,0.0,15.0,21,20.0,0.7142857142857143,0,0,1,3.218875824868201,Рижская,European-style renovation
132.8,4.0,4.0,14,5.0,0.2857142857142857,0,0,0,4.896346147694128,Красный Балтиец,European-style renovation
53.9,2.0,12.0,24,18.0,0.5,0,0,0,4.005513348515485,Текстильщики,Cosmetic
37.0,2.0,3.0,9,14.0,0.3333333333333333,0,0,0,3.6375861597263857,Щелковская,Cosmetic
54.2,2.0,3.0,16,6.0,0.1875,0,0,0,4.01096295328305,Зорге,European-style renovation
42.0,1.0,5.0,5,6.0,1.0,0,1,0,3.7612001156935615,Смоленская,European-style renovation
34.0,1.0,1.0,12,10.0,0.0833333333333333,1,0,0,3.555348061489413,Улица 1905 года,Cosmetic
19.8,6.0,1.0,9,13.0,0.1111111111111111,1,0,0,3.0349529867072724,Говорово,Cosmetic
29.0,0.0,2.0,14,26.0,0.1428571428571428,0,0,1,3.4011973816621555,Коммунарка,Cosmetic
65.5,2.0,3.0,4,13.0,0.75,0,0,0,4.197201947661808,Киевская,Designer
137.0,3.0,9.0,15,8.0,0.6,0,0,0,4.927253685157205,Спортивная,Designer
14.0,0.0,1.0,5,21.0,0.2,1,0,1,2.70805020110221,Лихоборы,European-style renovation
172.0,5.0,5.0,20,19.0,0.25,0,0,0,5.153291594497779,Выставочная,Without renovation
68.8,2.0,21.0,30,9.0,0.7,0,0,0,4.245634009768327,Угрешская,European-style renovation
45.15,1.0,4.0,21,7.0,0.1904761904761904,0,0,0,3.831896960948861,Алексеевская,Without renovation
103.0,3.0,17.0,30,20.0,0.5666666666666667,0,0,0,4.6443908991413725,Давыдково,Without renovation
30.45,1.0,2.0,14,8.0,0.1428571428571428,0,0,0,3.4483989831464497,Киевская,European-style renovation
92.4,3.0,5.0,5,9.0,1.0,0,1,0,4.536891345234797,Арбатская,Designer
11.5,0.0,1.0,9,17.0,0.1111111111111111,1,0,1,2.525728644308256,Выхино,Cosmetic
117.0,4.0,5.0,9,5.0,0.5555555555555556,0,0,0,4.770684624465665,Цветной бульвар,Without renovation
65.0,3.0,9.0,16,13.0,0.5625,0,0,0,4.189654742026425,Фили,European-style renovation
107.0,4.0,3.0,56,35.0,0.0535714285714285,0,0,0,4.68213122712422,Минская,European-style renovation
45.0,1.0,5.0,11,26.0,0.4545454545454545,0,0,0,3.828641396489095,Царицыно,Cosmetic
36.5,1.0,8.0,9,21.0,0.8888888888888888,0,0,0,3.624340932976365,Молодежная,Cosmetic
78.6,4.0,11.0,16,17.0,0.6875,0,0,0,4.377014092850337,Ольховая,Cosmetic
22.0,0.0,2.0,6,8.0,0.3333333333333333,0,0,1,3.1354942159291497,Динамо,Designer
61.0,3.0,17.0,39,2.0,0.4358974358974359,0,0,0,4.127134385045092,Аминьевская,Designer
145.41,2.0,2.0,4,3.0,0.5,0,0,0,4.986410905205391,Третьяковская,Designer
13.0,1.0,5.0,5,18.0,1.0,0,1,0,2.6390573296152584,Первомайская,Cosmetic
13.4,0.0,2.0,12,14.0,0.1666666666666666,0,0,1,2.667228206581955,Текстильщики,Cosmetic
26.0,1.0,3.0,21,15.0,0.1428571428571428,0,0,0,3.295836866004329,Зорге,Without renovation
37.0,0.0,1.0,14,4.0,0.0714285714285714,1,0,1,3.6375861597263857,Новогиреево,European-style renovation
87.1,4.0,4.0,32,11.0,0.125,0,0,0,4.478472532942134,Бутырская,European-style renovation
24.7,0.0,5.0,22,7.0,0.2272727272727272,0,0,1,3.246490991901174,Спартак,Without renovation
82.4,3.0,19.0,22,20.0,0.8636363636363636,0,0,0,4.423648309364701,Текстильщики,European-style renovation
90.0,2.0,2.0,5,7.0,0.4,0,0,0,4.51085950651685,Охотный ряд,Without renovation
124.0,4.0,20.0,23,12.0,0.8695652173913043,0,0,0,4.8283137373023015,Зюзино,Without renovation
50.0,2.0,8.0,12,8.0,0.6666666666666666,0,0,0,3.9318256327243257,Москва-Товарная,European-style renovation
101.4,4.0,5.0,12,4.0,0.4166666666666667,0,0,0,4.628886712605407,Красносельская,Cosmetic
100.7,4.0,5.0,14,4.0,0.3571428571428571,0,0,0,4.622027303054514,Полянка,Cosmetic
336.8,0.0,5.0,6,5.0,0.8333333333333334,0,0,1,5.8224540043737,Белорусская,Without renovation
28.0,0.0,4.0,5,13.0,0.8,0,0,1,3.367295829986474,Ботанический сад,European-style renovation
250.0,4.0,2.0,17,7.0,0.1176470588235294,0,0,0,5.525452939131784,Белорусская,Designer
37.5,1.0,4.0,26,25.0,0.1538461538461538,0,0,0,3.6506582412937383,Пятницкое шоссе,Cosmetic
19.0,0.0,5.0,5,3.0,1.0,0,1,1,2.995732273553991,Окружная,Designer
36.3,1.0,11.0,14,13.0,0.7857142857142857,0,0,0,3.6189933266497696,Филатов Луг,Cosmetic
180.8,5.0,9.0,19,5.0,0.4736842105263157,0,0,0,5.202907181743378,Аэропорт,Designer
130.2,3.0,6.0,17,2.0,0.3529411764705882,0,0,0,4.876722876509988,Щукинская,Designer
38.6,2.0,1.0,9,9.0,0.1111111111111111,1,0,0,3.6788291182604342,Кузьминки,Cosmetic
317.0,4.0,6.0,12,14.0,0.5,0,0,0,5.762051382780177,Водный стадион,Designer
37.4,1.0,4.0,6,7.0,0.6666666666666666,0,0,0,3.648057459593681,Бауманская,Designer
261.0,4.0,5.0,8,8.0,0.625,0,0,0,5.568344503761097,Тверская,Designer
37.7,2.0,20.0,21,2.0,0.9523809523809524,0,0,0,3.655839600035736,Чкаловская,European-style renovation
53.0,1.0,7.0,10,15.0,0.7,0,0,0,3.9889840465642745,Говорово,Without renovation
18.0,0.0,1.0,2,6.0,0.5,1,0,1,2.9444389791664403,Депо,European-style renovation
31.7,0.0,10.0,10,10.0,1.0,0,1,1,3.487375077903208,Площадь Ильича,Designer
21.0,0.0,5.0,11,9.0,0.4545454545454545,0,0,1,3.091042453358316,Курская,European-style renovation
55.0,2.0,4.0,13,6.0,0.3076923076923077,0,0,0,4.02535169073515,Чеховская,Without renovation
24.0,6.0,5.0,16,17.0,0.3125,0,0,0,3.218875824868201,Ольховая,Cosmetic
36.0,1.0,15.0,17,8.0,0.8823529411764706,0,0,0,3.610917912644224,ВДНХ,European-style renovation
35.2,1.0,3.0,10,10.0,0.3,0,0,0,3.5890591188317256,Бунинская Аллея,Cosmetic
169.0,4.0,8.0,11,11.0,0.7272727272727273,0,0,0,5.135798437050262,Курская,Without renovation
114.4,2.0,4.0,6,5.0,0.6666666666666666,0,0,0,4.748404354073999,Арбатская,Designer
64.0,2.0,13.0,14,19.0,0.9285714285714286,0,0,0,4.174387269895637,Ховрино,Without renovation
54.0,2.0,6.0,16,8.0,0.375,0,0,0,4.007333185232471,Мичуринский проспект,Cosmetic
217.2,5.0,3.0,19,15.0,0.1578947368421052,0,0,0,5.38541207339897,Мичуринский проспект,Designer
35.5,1.0,1.0,17,9.0,0.0588235294117647,1,0,0,3.597312260588446,Солнцево,Without renovation
14.6,0.0,2.0,6,9.0,0.3333333333333333,0,0,1,2.747270914255491,Маяковская,Designer
43.0,2.0,13.0,16,6.0,0.8125,0,0,0,3.784189633918261,Семеновская,Cosmetic
120.9,3.0,6.0,12,5.0,0.5,0,0,0,4.803201036487226,Проспект Мира,European-style renovation
43.0,2.0,1.0,4,7.0,0.25,1,0,0,3.784189633918261,Бабушкинская,Cosmetic
180.0,4.0,2.0,9,6.0,0.2222222222222222,0,0,0,5.198497031265826,Арбатская,European-style renovation
50.7,2.0,2.0,12,7.0,0.1666666666666666,0,0,0,3.945457781514384,Новогиреево,Cosmetic
38.0,1.0,3.0,17,15.0,0.1764705882352941,0,0,0,3.6635616461296463,Новые Черемушки,Designer
20.6,0.0,8.0,22,16.0,0.3636363636363636,0,0,1,3.0726933146901194,Тропарево,Designer
25.4,6.0,13.0,27,10.0,0.4814814814814814,0,0,0,3.2733640101522705,Нижегородская,Cosmetic
29.4,1.0,24.0,58,3.0,0.4137931034482758,0,0,0,3.414442608412176,Дмитровская,European-style renovation
58.0,3.0,2.0,9,8.0,0.2222222222222222,0,0,0,4.07753744390572,Сходненская,European-style renovation
44.0,1.0,7.0,12,32.0,0.5833333333333334,0,0,0,3.80666248977032,Ольховая,European-style renovation
38.5,1.0,15.0,16,26.0,0.9375,0,0,0,3.676300671907076,Коммунарка,Cosmetic
132.0,5.0,8.0,14,1.0,0.5714285714285714,0,0,0,4.890349128221754,Минская,Without renovation
235.0,6.0,2.0,5,10.0,0.4,0,0,0,5.4638318050256105,Сокол,European-style renovation
91.4,4.0,8.0,42,14.0,0.1904761904761904,0,0,0,4.526126978647638,ЦСКА,European-style renovation
187.0,4.0,7.0,11,9.0,0.6363636363636364,0,0,0,5.236441962829949,Фрунзенская,Designer
46.0,0.0,2.0,4,11.0,0.5,0,0,1,3.8501476017100575,Белорусская,European-style renovation
66.0,2.0,6.0,15,2.0,0.4,0,0,0,4.204692619390966,Павелецкая,Cosmetic
86.7,3.0,24.0,25,19.0,0.96,0,0,0,4.473921899378137,Некрасовка,Cosmetic
302.3,5.0,6.0,8,4.0,0.75,0,0,0,5.714722414694536,Сухаревская,Designer
64.5,3.0,7.0,12,7.0,0.5833333333333334,0,0,0,4.182050142641207,Крымская,Cosmetic
49.2,2.0,13.0,16,5.0,0.8125,0,0,0,3.9160150266976834,Улица Скобелевская,Cosmetic
36.3,1.0,20.0,25,6.0,0.8,0,0,0,3.6189933266497696,Щукинская,Cosmetic
63.1,4.0,5.0,9,9.0,0.5555555555555556,0,0,0,4.160444363926624,Новоясеневская,European-style renovation
19.2,0.0,1.0,3,27.0,0.3333333333333333,1,0,1,3.005682604407159,Селигерская,European-style renovation
62.1,3.0,11.0,12,11.0,0.9166666666666666,0,0,0,4.144720769547168,Пролетарская,Cosmetic
71.7,3.0,20.0,30,10.0,0.6666666666666666,0,0,0,4.286341384539473,Мичуринский проспект,European-style renovation
17.8,0.0,2.0,5,3.0,0.4,0,0,1,2.933856869835904,Окружная,Cosmetic
200.5,4.0,8.0,8,6.0,1.0,0,1,0,5.305789381386738,Менделеевская,Designer
38.0,1.0,15.0,16,9.0,0.9375,0,0,0,3.6635616461296463,Бутово,European-style renovation
26.0,0.0,11.0,25,24.0,0.44,0,0,1,3.295836866004329,Селигерская,Cosmetic
220.0,6.0,6.0,9,10.0,0.6666666666666666,0,0,0,5.3981627015177525,Крестьянская застава,Designer
44.6,1.0,3.0,21,16.0,0.1428571428571428,0,0,0,3.819907716520341,Остафьево,Cosmetic
39.0,1.0,3.0,25,10.0,0.12,0,0,0,3.688879454113936,Митино,Cosmetic
41.6,1.0,18.0,23,8.0,0.782608695652174,0,0,0,3.751854253275325,Новопеределкино,Without renovation
68.5,2.0,6.0,42,5.0,0.1428571428571428,0,0,0,4.241326752570746,Аминьевская,Designer
17.1,0.0,1.0,1,18.0,1.0,1,1,1,2.89591193827178,Измайлово,European-style renovation
36.0,1.0,3.0,12,12.0,0.25,0,0,0,3.610917912644224,Щелковская,Cosmetic
59.6,2.0,9.0,17,14.0,0.5294117647058824,0,0,0,4.104294893075269,Отрадное,Cosmetic
167.8,4.0,20.0,21,10.0,0.9523809523809524,0,0,0,5.128714582161857,Улица 1905 года,Designer
15.3,0.0,2.0,23,6.0,0.0869565217391304,0,0,1,2.791165107812717,Рассказовка,Without renovation
37.5,1.0,4.0,17,11.0,0.2352941176470588,0,0,0,3.6506582412937383,Филатов Луг,European-style renovation
56.3,3.0,1.0,9,12.0,0.1111111111111111,1,0,0,4.048300623720694,Сходненская,Cosmetic
14.0,0.0,1.0,5,10.0,0.2,1,0,1,2.70805020110221,Новогиреево,Without renovation
39.0,1.0,14.0,24,27.0,0.5833333333333334,0,0,0,3.688879454113936,Саларьево,Designer
31.5,1.0,15.0,22,24.0,0.6818181818181818,0,0,0,3.481240089335692,Ольховая,Cosmetic
144.2,4.0,8.0,50,12.0,0.16,0,0,0,4.978112102390695,Ломоносовский проспект,European-style renovation
76.6,2.0,4.0,20,1.0,0.2,0,0,0,4.351567427189173,Краснопресненская,Without renovation
14.0,0.0,1.0,12,12.0,0.0833333333333333,1,0,1,2.70805020110221,Бунинская Аллея,Without renovation
17.5,0.0,1.0,14,10.0,0.0714285714285714,1,0,1,2.917770732084279,Новопеределкино,European-style renovation
86.4,3.0,10.0,25,16.0,0.4,0,0,0,4.470495282661489,Печатники,Without renovation
36.2,1.0,3.0,4,3.0,0.75,0,0,0,3.616308761279101,Аэропорт,Without renovation
46.0,1.0,5.0,22,24.0,0.2272727272727272,0,0,0,3.8501476017100575,Народное Ополчение,Designer
45.0,2.0,1.0,9,21.0,0.1111111111111111,1,0,0,3.828641396489095,Бульвар Рокоссовского,Without renovation
44.7,2.0,2.0,5,3.0,0.4,0,0,0,3.822098297900159,Перово,Cosmetic
132.0,4.0,10.0,14,13.0,0.7142857142857143,0,0,0,4.890349128221754,Фрунзенская,Designer
41.2,1.0,3.0,21,8.0,0.1428571428571428,0,0,0,3.742420221041966,Аннино,Cosmetic
55.0,2.0,4.0,22,5.0,0.1818181818181818,0,0,0,4.02535169073515,Нагатинский Затон,European-style renovation
43.0,1.0,3.0,29,20.0,0.1034482758620689,0,0,0,3.784189633918261,Автозаводская,Without renovation
142.4,3.0,7.0,17,13.0,0.4117647058823529,0,0,0,4.96563792816552,Ленинский проспект,Designer
40.0,2.0,9.0,17,10.0,0.5294117647058824,0,0,0,3.713572066704308,Речной вокзал,Cosmetic
20.0,0.0,18.0,18,25.0,1.0,0,1,1,3.044522437723423,Некрасовка,Without renovation
125.0,4.0,6.0,6,8.0,1.0,0,1,0,4.836281906951478,Динамо,Designer
95.0,5.0,15.0,18,7.0,0.8333333333333334,0,0,0,4.564348191467836,Динамо,Designer
47.9,2.0,3.0,12,11.0,0.25,0,0,0,3.8897773964808255,Сходненская,Cosmetic
37.1,1.0,34.0,45,13.0,0.7555555555555555,0,0,0,3.6402142821326553,Селигерская,Designer
38.8,1.0,14.0,14,10.0,1.0,0,1,0,3.683866912290392,Боровское шоссе,Cosmetic
35.8,1.0,2.0,12,8.0,0.1666666666666666,0,0,0,3.605497845174885,Яхромская,Cosmetic
65.0,3.0,2.0,12,7.0,0.1666666666666666,0,0,0,4.189654742026425,Фонвизинская,Cosmetic
18.6,0.0,3.0,5,8.0,0.6,0,0,1,2.975529566236472,Окружная,European-style renovation
56.6,3.0,8.0,11,11.0,0.7272727272727273,0,0,0,4.053522567701846,Крымская,Cosmetic
35.5,1.0,3.0,17,29.0,0.1764705882352941,0,0,0,3.597312260588446,Новодачная,European-style renovation
45.0,3.0,4.0,5,18.0,0.8,0,0,0,3.828641396489095,Академическая,Cosmetic
95.3,3.0,8.0,19,5.0,0.4210526315789473,0,0,0,4.56746831880408,Университет,Designer
21.6,0.0,29.0,32,8.0,0.90625,0,0,1,3.1179499062782403,Бутырская,Without renovation
200.2,5.0,8.0,18,10.0,0.4444444444444444,0,0,0,5.304299438225584,Октябрьское поле,Designer
17.4,0.0,2.0,14,5.0,0.1428571428571428,0,0,1,2.91235066461494,Кантемировская,Without renovation
80.6,3.0,6.0,12,15.0,0.5,0,0,0,4.401829261970061,Медведково,European-style renovation
51.1,1.0,3.0,12,8.0,0.25,0,0,0,3.9531649487593215,Менделеевская,European-style renovation
15.6,0.0,7.0,8,12.0,0.875,0,0,1,2.8094026953624978,Электрозаводская,Designer
60.0,2.0,6.0,8,15.0,0.75,0,0,0,4.110873864173311,Проспект Вернадского,Cosmetic
38.0,1.0,7.0,12,11.0,0.5833333333333334,0,0,0,3.6635616461296463,Шипиловская,Without renovation
147.0,4.0,15.0,24,5.0,0.625,0,0,0,4.997212273764115,Минская,European-style renovation
71.1,3.0,5.0,14,10.0,0.3571428571428571,0,0,0,4.278054044290903,Комсомольская,Cosmetic
25.2,0.0,2.0,18,13.0,0.1111111111111111,0,0,1,3.265759410767051,Прокшино,Cosmetic
42.0,1.0,1.0,9,23.0,0.1111111111111111,1,0,0,3.7612001156935615,Рассказовка,Cosmetic
160.0,4.0,2.0,6,9.0,0.3333333333333333,0,0,0,5.081404364984463,Тургеневская,European-style renovation
69.5,3.0,1.0,12,11.0,0.0833333333333333,1,0,0,4.255612709818223,Калитники,Cosmetic
35.0,1.0,13.0,16,13.0,0.8125,0,0,0,3.58351893845611,Калитники,Cosmetic
65.7,3.0,18.0,24,3.0,0.75,0,0,0,4.200204952921578,Марьино,European-style renovation
134.1,5.0,7.0,28,6.0,0.25,0,0,0,4.906015244966153,Раменки,Without renovation
92.0,4.0,9.0,26,11.0,0.3461538461538461,0,0,0,4.532599493153256,Славянский бульвар,Without renovation
93.0,4.0,9.0,9,18.0,1.0,0,1,0,4.543294782270004,Орехово,European-style renovation
38.0,1.0,5.0,14,13.0,0.3571428571428571,0,0,0,3.6635616461296463,Свиблово,Cosmetic
38.4,1.0,13.0,16,11.0,0.8125,0,0,0,3.673765816303888,Нагатинская,European-style renovation
24.0,6.0,6.0,16,17.0,0.375,0,0,0,3.218875824868201,Ольховая,Cosmetic
19.4,0.0,3.0,8,13.0,0.375,0,0,1,3.0155349008501706,Чкаловская,Without renovation
97.0,3.0,15.0,19,10.0,0.7894736842105263,0,0,0,4.584967478670572,Динамо,Without renovation
45.0,2.0,1.0,5,25.0,0.2,1,0,0,3.828641396489095,Щукинская,Cosmetic
73.0,3.0,5.0,17,4.0,0.2941176470588235,0,0,0,4.30406509320417,Пятницкое шоссе,Designer
151.0,4.0,6.0,6,9.0,1.0,0,1,0,5.0238805208462765,Белорусская,Designer
141.0,4.0,10.0,15,17.0,0.6666666666666666,0,0,0,4.955827057601261,Новаторская,Designer
24.0,0.0,2.0,14,25.0,0.1428571428571428,0,0,1,3.218875824868201,Прокшино,Cosmetic
218.0,5.0,4.0,4,8.0,1.0,0,1,0,5.389071729816501,Курская,Without renovation
63.2,3.0,40.0,42,6.0,0.9523809523809524,0,0,0,4.162003210695915,Фили,Designer
14.1,0.0,1.0,12,11.0,0.0833333333333333,1,0,1,2.714694743820879,Бунинская Аллея,Cosmetic
77.0,3.0,5.0,10,8.0,0.5,0,0,0,4.356708826689592,Сходненская,Designer
44.6,1.0,12.0,24,28.0,0.5,0,0,0,3.819907716520341,Лухмановская,Cosmetic
165.0,4.0,8.0,15,5.0,0.5333333333333333,0,0,0,5.111987788356544,Динамо,Without renovation
58.0,2.0,5.0,10,15.0,0.5,0,0,0,4.07753744390572,Университет,European-style renovation
98.8,4.0,3.0,6,6.0,0.5,0,0,0,4.603168183317418,Сухаревская,European-style renovation
55.1,2.0,5.0,9,4.0,0.5555555555555556,0,0,0,4.027135812528651,Комсомольская,European-style renovation
38.6,1.0,2.0,12,5.0,0.1666666666666666,0,0,0,3.6788291182604342,Бабушкинская,Cosmetic
54.9,1.0,11.0,24,6.0,0.4583333333333333,0,0,0,4.023564380161053,Хорошёвская,Without renovation
39.0,1.0,4.0,17,36.0,0.2352941176470588,0,0,0,3.688879454113936,Ховрино,Cosmetic
16.0,0.0,2.0,4,4.0,0.5,0,0,1,2.833213344056216,Марксистская,Cosmetic
27.0,0.0,1.0,8,12.0,0.125,1,0,1,3.332204510175204,Электрозаводская,Cosmetic
35.3,1.0,21.0,25,17.0,0.84,0,0,0,3.591817741270805,Перерва,European-style renovation
36.0,1.0,2.0,12,8.0,0.1666666666666666,0,0,0,3.610917912644224,Яхромская,Cosmetic
160.0,3.0,5.0,6,9.0,0.8333333333333334,0,0,0,5.081404364984463,Новокузнецкая,Designer
75.3,3.0,7.0,17,14.0,0.4117647058823529,0,0,0,4.334672938290411,Народное Ополчение,European-style renovation
39.0,1.0,2.0,8,5.0,0.25,0,0,0,3.688879454113936,Серпуховская,European-style renovation
58.5,2.0,3.0,8,3.0,0.375,0,0,0,4.085976312551584,Варшавская,Cosmetic
133.0,5.0,23.0,24,6.0,0.9583333333333334,0,0,0,4.897839799950911,Хорошёвская,Designer
19.8,6.0,13.0,33,10.0,0.3939393939393939,0,0,0,3.0349529867072724,Владыкино,Cosmetic
65.3,3.0,4.0,12,11.0,0.3333333333333333,0,0,0,4.194189897191817,Марксистская,European-style renovation
163.0,4.0,31.0,53,4.0,0.5849056603773585,0,0,0,5.099866427824199,Минская,Designer
99.0,3.0,10.0,25,9.0,0.4,0,0,0,4.605170185988092,Динамо,Designer
13.9,0.0,2.0,3,7.0,0.6666666666666666,0,0,1,2.7013612129514133,Нижегородская,European-style renovation
14.6,0.0,1.0,9,12.0,0.1111111111111111,1,0,1,2.747270914255491,Войковская,Without renovation
97.0,4.0,2.0,42,5.0,0.0476190476190476,0,0,0,4.584967478670572,Аминьевская,Without renovation
77.3,2.0,8.0,28,18.0,0.2857142857142857,0,0,0,4.360547602996758,Фили,Without renovation
49.0,2.0,2.0,12,12.0,0.1666666666666666,0,0,0,3.912023005428146,Аэропорт,European-style renovation
71.8,2.0,16.0,25,15.0,0.64,0,0,0,4.28771595520264,Перерва,Designer
77.2,3.0,7.0,11,8.0,0.6363636363636364,0,0,0,4.359269647551265,Парк Победы,Designer
60.0,3.0,2.0,9,9.0,0.2222222222222222,0,0,0,4.110873864173311,Южная,Cosmetic
68.4,3.0,3.0,14,14.0,0.2142857142857142,0,0,0,4.239886867512759,Минская,Without renovation
163.0,4.0,14.0,53,29.0,0.2641509433962264,0,0,0,5.099866427824199,Минская,Without renovation
13.0,0.0,1.0,9,9.0,0.1111111111111111,1,0,1,2.6390573296152584,Медведково,Without renovation
39.2,1.0,4.0,25,11.0,0.16,0,0,0,3.693866995624976,Филатов Луг,Without renovation
112.6,5.0,28.0,28,8.0,1.0,0,1,0,4.732683506287051,Нагорная,Without renovation
34.2,1.0,12.0,24,10.0,0.5,0,0,0,3.5610460826040518,Проспект Вернадского,European-style renovation
127.0,5.0,10.0,14,4.0,0.7142857142857143,0,0,0,4.852030263919617,Университет,Designer
20.4,0.0,4.0,5,5.0,0.8,0,0,1,3.0633909220278057,Окружная,Without renovation
71.0,3.0,5.0,9,8.0,0.5555555555555556,0,0,0,4.276666119016055,Рижская,European-style renovation
210.0,6.0,6.0,6,7.0,1.0,0,1,0,5.351858133476067,Курская,European-style renovation
52.0,2.0,10.0,17,6.0,0.5882352941176471,0,0,0,3.970291913552122,Селигерская,Cosmetic
23.9,0.0,9.0,12,32.0,0.75,0,0,1,3.214867803470662,Силикатная,European-style renovation
67.0,2.0,4.0,11,5.0,0.3636363636363636,0,0,0,4.219507705176107,Панфиловская,European-style renovation
36.9,0.0,6.0,15,11.0,0.4,0,0,1,3.634951112088381,Раменки,Without renovation
101.0,4.0,6.0,6,7.0,1.0,0,1,0,4.624972813284271,Перово,European-style renovation
99.6,4.0,14.0,22,7.0,0.6363636363636364,0,0,0,4.611152257665639,Багратионовская,European-style renovation
226.2,6.0,3.0,27,9.0,0.1111111111111111,0,0,0,5.4258306868469965,Октябрьское поле,Without renovation
91.7,3.0,23.0,28,26.0,0.8214285714285714,0,0,0,4.529368472571809,Фили,Without renovation
78.0,3.0,12.0,24,27.0,0.5,0,0,0,4.3694478524670215,Саларьево,Without renovation
161.7,5.0,41.0,41,5.0,1.0,0,1,0,5.091908014224992,Спортивная,Designer
63.7,2.0,3.0,20,11.0,0.15,0,0,0,4.169761201506855,Алексеевская,European-style renovation
67.0,2.0,33.0,37,7.0,0.8918918918918919,0,0,0,4.219507705176107,Мичуринский проспект,Designer
13.0,0.0,2.0,3,8.0,0.6666666666666666,0,0,1,2.6390573296152584,Селигерская,European-style renovation
42.0,2.0,8.0,14,17.0,0.5714285714285714,0,0,0,3.7612001156935615,Красный Балтиец,Cosmetic
78.1,4.0,9.0,16,22.0,0.5625,0,0,0,4.370712874773608,Отрадное,Designer
41.9,1.0,9.0,25,14.0,0.36,0,0,0,3.758871825933971,Некрасовка,Without renovation
35.1,1.0,2.0,12,19.0,0.1666666666666666,0,0,0,3.586292865338835,Перово,European-style renovation
40.0,2.0,18.0,27,31.0,0.6666666666666666,0,0,0,3.713572066704308,Аминьевская,Designer
60.6,2.0,1.0,8,10.0,0.125,1,0,0,4.120661870539474,Дмитровская,European-style renovation
19.0,0.0,1.0,7,6.0,0.1428571428571428,1,0,1,2.995732273553991,Смоленская,Designer
53.0,2.0,12.0,31,6.0,0.3870967741935484,0,0,0,3.9889840465642745,Бульвар Рокоссовского,Designer
50.3,2.0,6.0,8,9.0,0.75,0,0,0,3.937690752176724,Нижегородская,European-style renovation
24.0,0.0,11.0,18,13.0,0.6111111111111112,0,0,1,3.218875824868201,Прокшино,European-style renovation
83.9,3.0,13.0,17,19.0,0.7647058823529411,0,0,0,4.441474093317302,Рассказовка,European-style renovation
54.0,2.0,13.0,17,3.0,0.7647058823529411,0,0,0,4.007333185232471,Боровское шоссе,European-style renovation
184.5,4.0,8.0,8,5.0,1.0,0,1,0,5.22305488204749,Тульская,Without renovation
36.0,1.0,24.0,25,16.0,0.96,0,0,0,3.610917912644224,Чертановская,Cosmetic
22.6,0.0,2.0,4,12.0,0.5,0,0,1,3.1612467120315646,Преображенская площадь,Designer
41.0,1.0,5.0,9,7.0,0.5555555555555556,0,0,0,3.737669618283368,Бауманская,Designer
37.0,7.0,10.0,12,6.0,0.8333333333333334,0,0,0,3.6375861597263857,Маяковская,Without renovation
66.6,0.0,4.0,4,11.0,1.0,0,1,1,4.213607983048918,Филатов Луг,Without renovation
80.0,3.0,2.0,19,1.0,0.1052631578947368,0,0,0,4.394449154672439,Академическая,Without renovation
44.7,2.0,5.0,5,10.0,1.0,0,1,0,3.822098297900159,Планерная,European-style renovation
77.2,4.0,5.0,5,7.0,1.0,0,1,0,4.359269647551265,Трубная,Without renovation
94.0,4.0,2.0,23,12.0,0.0869565217391304,0,0,0,4.553876891600541,Лефортово,European-style renovation
44.0,2.0,3.0,8,9.0,0.375,0,0,0,3.80666248977032,Дмитровская,Cosmetic
14.2,0.0,2.0,9,2.0,0.2222222222222222,0,0,1,2.7212954278522306,Сокол,Without renovation
39.0,1.0,4.0,12,14.0,0.3333333333333333,0,0,0,3.688879454113936,Сетунь,Cosmetic
37.8,1.0,17.0,23,17.0,0.7391304347826086,0,0,0,3.658420246629228,Солнцево,European-style renovation
96.8,4.0,5.0,5,22.0,1.0,0,1,0,4.582924577040772,Преображенская площадь,European-style renovation
25.0,0.0,2.0,8,2.0,0.25,0,0,1,3.258096538021482,Маяковская,Designer
27.3,0.0,3.0,4,3.0,0.75,0,0,1,3.342861804649192,Аэропорт,Designer
69.8,3.0,2.0,7,16.0,0.2857142857142857,0,0,0,4.259859000699674,ЗИЛ,Without renovation
100.0,0.0,8.0,38,11.0,0.2105263157894736,0,0,1,4.61512051684126,Ростокино,Without renovation
118.6,5.0,33.0,34,8.0,0.9705882352941176,0,0,0,4.784152841516532,Нагорная,Without renovation
76.0,3.0,15.0,50,12.0,0.3,0,0,0,4.343805421853684,Мичуринский проспект,Designer
146.0,4.0,22.0,22,11.0,1.0,0,1,0,4.990432586778736,Кунцевская,Without renovation
45.0,1.0,1.0,22,12.0,0.0454545454545454,1,0,0,3.828641396489095,Мичуринский проспект,European-style renovation
14.0,0.0,1.0,9,10.0,0.1111111111111111,1,0,1,2.70805020110221,Ясенево,Cosmetic
22.4,6.0,25.0,32,19.0,0.78125,0,0,0,3.152736022363656,Медведково,Cosmetic
60.0,0.0,16.0,18,20.0,0.8888888888888888,0,0,1,4.110873864173311,Ботанический сад,Designer
70.0,1.0,2.0,5,15.0,0.4,0,0,0,4.262679877041316,Профсоюзная,Without renovation
116.4,4.0,43.0,47,2.0,0.9148936170212766,0,0,0,4.765586907393996,Карамышевская,Without renovation
17.0,0.0,1.0,9,25.0,0.1111111111111111,1,0,1,2.8903717578961645,Новогиреево,Cosmetic
73.0,3.0,3.0,17,10.0,0.1764705882352941,0,0,0,4.30406509320417,Коньково,European-style renovation
17.0,0.0,1.0,12,25.0,0.0833333333333333,1,0,1,2.8903717578961645,Новогиреево,Without renovation
42.2,1.0,11.0,23,17.0,0.4782608695652174,0,0,0,3.765840495250065,Кузьминки,Designer
250.0,5.0,3.0,4,8.0,0.75,0,0,0,5.525452939131784,Парк культуры,Designer
103.7,3.0,3.0,14,5.0,0.2142857142857142,0,0,0,4.651099117876491,Новые Черемушки,Without renovation
45.0,1.0,9.0,23,8.0,0.391304347826087,0,0,0,3.828641396489095,Солнцево,Without renovation
33.0,1.0,6.0,28,12.0,0.2142857142857142,0,0,0,3.5263605246161616,Багратионовская,European-style renovation
75.0,3.0,8.0,16,13.0,0.5,0,0,0,4.330733340286331,Новоясеневская,European-style renovation
31.8,1.0,17.0,25,31.0,0.68,0,0,0,3.490428515390098,Пятницкое шоссе,Cosmetic
40.7,1.0,11.0,15,16.0,0.7333333333333333,0,0,0,3.730501128804756,Новаторская,Cosmetic
60.5,2.0,9.0,17,16.0,0.5294117647058824,0,0,0,4.119037174812473,Давыдково,European-style renovation
39.1,1.0,3.0,12,13.0,0.25,0,0,0,3.691376334312523,Волжская,Without renovation
62.4,3.0,2.0,12,7.0,0.1666666666666666,0,0,0,4.14946386144318,Коньково,Designer
100.0,4.0,23.0,25,8.0,0.92,0,0,0,4.61512051684126,Аннино,Designer
44.0,1.0,2.0,24,6.0,0.0833333333333333,0,0,0,3.80666248977032,Аминьевская,European-style renovation
65.0,2.0,21.0,24,27.0,0.875,0,0,0,4.189654742026425,Народное Ополчение,European-style renovation
13.0,0.0,2.0,24,9.0,0.0833333333333333,0,0,1,2.6390573296152584,Кантемировская,Cosmetic
39.0,6.0,9.0,17,11.0,0.5294117647058824,0,0,0,3.688879454113936,Филёвский парк,European-style renovation
162.7,4.0,13.0,18,9.0,0.7222222222222222,0,0,0,5.098035484377089,Раменки,Cosmetic
126.2,5.0,14.0,19,18.0,0.7368421052631579,0,0,0,4.845760650906022,Октябрьское поле,Without renovation
44.5,2.0,1.0,12,7.0,0.0833333333333333,1,0,0,3.817712325956905,Сокольники,Cosmetic
46.3,2.0,12.0,32,8.0,0.375,0,0,0,3.856510295497887,Курьяново,European-style renovation
160.0,4.0,12.0,12,27.0,1.0,0,1,0,5.081404364984463,Фили,Designer
61.7,2.0,12.0,12,30.0,1.0,0,1,0,4.138361447638875,Коммунарка,Cosmetic
151.0,4.0,7.0,10,5.0,0.7,0,0,0,5.0238805208462765,Парк Победы,Designer
46.0,1.0,3.0,11,6.0,0.2727272727272727,0,0,0,3.8501476017100575,Цветной бульвар,Cosmetic
100.0,4.0,4.0,17,11.0,0.2352941176470588,0,0,0,4.61512051684126,ЦСКА,European-style renovation
58.8,3.0,6.0,44,16.0,0.1363636363636363,0,0,0,4.091005660956586,Селигерская,European-style renovation
40.1,1.0,17.0,24,23.0,0.7083333333333334,0,0,0,3.716008121502189,Братиславская,Cosmetic
17.1,0.0,6.0,6,17.0,1.0,0,1,1,2.89591193827178,Первомайская,Cosmetic
37.7,1.0,8.0,17,10.0,0.4705882352941176,0,0,0,3.655839600035736,Рабочий Посёлок,Cosmetic
61.0,3.0,5.0,16,5.0,0.3125,0,0,0,4.127134385045092,Семеновская,Without renovation
180.9,5.0,41.0,42,11.0,0.9761904761904762,0,0,0,5.203457085524077,Мичуринский проспект,Without renovation
181.4,4.0,3.0,3,5.0,1.0,0,1,0,5.206202077640231,Третьяковская,Designer
46.7,1.0,18.0,23,14.0,0.782608695652174,0,0,0,3.864931397894296,Народное Ополчение,Without renovation
184.6,3.0,2.0,8,10.0,0.25,0,0,0,5.2235938203521,Парк культуры,Without renovation
20.6,0.0,1.0,12,12.0,0.0833333333333333,1,0,1,3.0726933146901194,Бунинская Аллея,Cosmetic
68.9,2.0,1.0,6,7.0,0.1666666666666666,1,0,0,4.247065649239764,Авиамоторная,Cosmetic
38.0,1.0,4.0,17,22.0,0.2352941176470588,0,0,0,3.6635616461296463,Некрасовка,European-style renovation
43.0,1.0,31.0,32,8.0,0.96875,0,0,0,3.784189633918261,Щелковская,Cosmetic
34.1,1.0,6.0,9,13.0,0.6666666666666666,0,0,0,3.55820113047182,Чертановская,Cosmetic
22.9,0.0,21.0,23,9.0,0.9130434782608696,0,0,1,3.173878458937465,Лесопарковая,Designer
25.0,0.0,8.0,12,6.0,0.6666666666666666,0,0,1,3.258096538021482,Алексеевская,Cosmetic
57.8,2.0,3.0,5,20.0,0.6,0,0,0,4.074141854904581,Аминьевская,Cosmetic
82.3,3.0,19.0,20,11.0,0.95,0,0,0,4.422448549172797,Дмитровская,Designer
64.1,2.0,12.0,28,18.0,0.4285714285714285,0,0,0,4.175924549214524,Фили,Without renovation
64.2,2.0,11.0,25,9.0,0.44,0,0,0,4.177459468932607,Нижегородская,European-style renovation
88.1,3.0,39.0,47,2.0,0.8297872340425532,0,0,0,4.489759334476764,Карамышевская,European-style renovation
43.0,1.0,6.0,24,4.0,0.25,0,0,0,3.784189633918261,Верхние Лихоборы,European-style renovation
27.9,6.0,2.0,30,3.0,0.0666666666666666,0,0,0,3.3638415951183864,Стрешнево,Cosmetic
343.7,5.0,1.0,3,8.0,0.3333333333333333,1,0,0,5.84267447352282,Новослободская,Without renovation
64.8,3.0,8.0,12,18.0,0.6666666666666666,0,0,0,4.186619838331271,Шоссе Энтузиастов,Cosmetic
38.7,1.0,2.0,12,21.0,0.1666666666666666,0,0,0,3.681351187693145,Бибирево,Cosmetic
315.0,6.0,5.0,6,7.0,0.8333333333333334,0,0,0,5.755742213586912,Чистые пруды,European-style renovation
56.7,2.0,17.0,19,4.0,0.8947368421052632,0,0,0,4.055257173514054,Лесопарковая,Cosmetic
200.0,5.0,6.0,7,5.0,0.8571428571428571,0,0,0,5.303304908059076,Багратионовская,Cosmetic
65.0,3.0,8.0,9,18.0,0.8888888888888888,0,0,0,4.189654742026425,Зюзино,Designer
37.7,1.0,2.0,24,8.0,0.0833333333333333,0,0,0,3.655839600035736,Выхино,European-style renovation
145.2,4.0,7.0,14,5.0,0.5,0,0,0,4.984975547315679,Фрунзенская,Designer
58.4,2.0,6.0,14,12.0,0.4285714285714285,0,0,0,4.084294226368599,Зюзино,European-style renovation
54.0,2.0,10.0,12,6.0,0.8333333333333334,0,0,0,4.007333185232471,Улица Академика Янгеля,Cosmetic
19.2,0.0,1.0,8,10.0,0.125,1,0,1,3.005682604407159,Сокол,Without renovation
44.0,1.0,22.0,33,8.0,0.6666666666666666,0,0,0,3.80666248977032,Угрешская,Designer
42.6,0.0,1.0,7,12.0,0.1428571428571428,1,0,1,3.775057150354989,Преображенская площадь,Designer
41.3,1.0,5.0,28,18.0,0.1785714285714285,0,0,0,3.744787086052232,Фили,Cosmetic
72.0,0.0,28.0,78,5.0,0.358974358974359,0,0,1,4.290459441148391,Деловой центр,Without renovation
206.3,5.0,3.0,36,12.0,0.0833333333333333,0,0,0,5.334167019441734,Минская,Without renovation
58.9,3.0,4.0,9,24.0,0.4444444444444444,0,0,0,4.092676505121403,Речной вокзал,European-style renovation
96.0,4.0,13.0,14,16.0,0.9285714285714286,0,0,0,4.574710978503383,Текстильщики,European-style renovation
41.0,2.0,4.0,21,20.0,0.1904761904761904,0,0,0,3.737669618283368,Рижская,Cosmetic
65.0,3.0,2.0,12,7.0,0.1666666666666666,0,0,0,4.189654742026425,Фонвизинская,Cosmetic
72.0,3.0,17.0,26,15.0,0.6538461538461539,0,0,0,4.290459441148391,Нагатинская,European-style renovation
17.3,0.0,1.0,4,15.0,0.25,1,0,1,2.9069010598473755,Бауманская,European-style renovation
14.1,0.0,2.0,3,7.0,0.6666666666666666,0,0,1,2.714694743820879,Нижегородская,European-style renovation
75.5,3.0,2.0,5,6.0,0.4,0,0,0,4.33729074083249,Сетунь,European-style renovation
14.5,0.0,1.0,4,9.0,0.25,1,0,1,2.740840023925201,Савеловская,Without renovation
18.0,0.0,10.0,10,9.0,1.0,0,1,1,2.9444389791664403,Проспект Вернадского,Designer
86.0,3.0,8.0,12,10.0,0.6666666666666666,0,0,0,4.465908118654584,Динамо,European-style renovation
62.3,2.0,4.0,28,9.0,0.1428571428571428,0,0,0,4.147885329150131,Раменки,Without renovation
227.5,5.0,6.0,12,7.0,0.5,0,0,0,5.43153621033426,Спортивная,Without renovation
19.7,0.0,7.0,14,16.0,0.5,0,0,1,3.030133700271324,Савеловская,Cosmetic
56.6,2.0,7.0,9,15.0,0.7777777777777778,0,0,0,4.053522567701846,Минская,European-style renovation
139.5,3.0,19.0,24,7.0,0.7916666666666666,0,0,0,4.945207488773801,Достоевская,Designer
81.2,4.0,12.0,27,31.0,0.4444444444444444,0,0,0,4.409155302062135,Аминьевская,Without renovation
49.9,3.0,2.0,9,8.0,0.2222222222222222,0,0,0,3.929862923556477,Юго-Восточная,Cosmetic
24.4,0.0,6.0,15,12.0,0.4,0,0,1,3.2347491740244907,Коммунарка,Cosmetic
37.8,1.0,5.0,15,20.0,0.3333333333333333,0,0,0,3.658420246629228,Щербинка,Cosmetic
93.0,3.0,10.0,17,17.0,0.5882352941176471,0,0,0,4.543294782270004,Ольховая,European-style renovation
51.0,2.0,14.0,14,8.0,1.0,0,1,0,3.951243718581428,Красный Строитель,European-style renovation
65.7,2.0,5.0,8,18.0,0.625,0,0,0,4.200204952921578,Хорошево,Without renovation
17.7,0.0,6.0,9,17.0,0.6666666666666666,0,0,1,2.928523523860541,Аминьевская,European-style renovation
73.0,3.0,3.0,8,10.0,0.375,0,0,0,4.30406509320417,Зорге,Cosmetic
114.6,4.0,33.0,40,12.0,0.825,0,0,0,4.750135956238277,ЗИЛ,Without renovation
21.1,0.0,2.0,2,18.0,1.0,0,1,1,3.095577608523707,Семеновская,European-style renovation
39.5,1.0,6.0,17,35.0,0.3529411764705882,0,0,0,3.701301974112493,Ховрино,European-style renovation
49.8,2.0,3.0,26,7.0,0.1153846153846153,0,0,0,3.927896354584436,Водный стадион,Without renovation
54.0,2.0,3.0,5,21.0,0.6,0,0,0,4.007333185232471,Кантемировская,European-style renovation
72.6,1.0,2.0,14,5.0,0.1428571428571428,0,0,0,4.298645025734831,Третьяковская,Designer
113.5,3.0,21.0,25,13.0,0.84,0,0,0,4.740574822994295,Аминьевская,Without renovation
128.4,5.0,19.0,29,12.0,0.6551724137931034,0,0,0,4.8629083820668,Нагатинская,Designer
59.7,3.0,6.0,12,12.0,0.5,0,0,0,4.1059436980654525,Красный Строитель,Cosmetic
38.0,1.0,16.0,17,9.0,0.9411764705882352,0,0,0,3.6635616461296463,Селигерская,Cosmetic
44.3,1.0,2.0,6,7.0,0.3333333333333333,0,0,0,3.813307032488989,Таганская,Cosmetic
114.0,4.0,3.0,17,17.0,0.1764705882352941,0,0,0,4.74493212836325,Юго-Западная,European-style renovation
35.0,1.0,16.0,17,5.0,0.9411764705882352,0,0,0,3.58351893845611,Бунинская Аллея,Designer
270.0,5.0,92.0,95,1.0,0.968421052631579,0,0,0,5.602118820879701,Деловой центр,Designer
37.5,1.0,10.0,23,7.0,0.4347826086956521,0,0,0,3.6506582412937383,Солнцево,Without renovation
141.0,4.0,20.0,20,14.0,1.0,0,1,0,4.955827057601261,Технопарк,Without renovation
42.1,1.0,18.0,48,9.0,0.375,0,0,0,3.763522997109702,Народное Ополчение,Without renovation
43.4,2.0,9.0,9,19.0,1.0,0,1,0,3.7932394694381792,Выхино,Designer
15.2,0.0,6.0,6,16.0,1.0,0,1,1,2.785011242238338,Рязанский проспект,Designer
57.0,3.0,5.0,9,6.0,0.5555555555555556,0,0,0,4.060443010546419,Домодедовская,Cosmetic
12.0,0.0,1.0,9,15.0,0.1111111111111111,1,0,1,2.5649493574615367,Планерная,European-style renovation
11.5,0.0,2.0,10,11.0,0.2,0,0,1,2.525728644308256,Юго-Восточная,Without renovation
212.0,5.0,6.0,17,15.0,0.3529411764705882,0,0,0,5.3612921657094255,Ломоносовский проспект,Designer
151.8,4.0,7.0,13,10.0,0.5384615384615384,0,0,0,5.02912987673242,Парк Победы,Designer
86.0,3.0,4.0,16,18.0,0.25,0,0,0,4.465908118654584,ЗИЛ,European-style renovation
22.7,0.0,1.0,12,7.0,0.0833333333333333,1,0,1,3.1654750481410856,Отрадное,Cosmetic
115.0,3.0,1.0,37,13.0,0.027027027027027,1,0,0,4.7535901911063645,Шелепиха,Without renovation
12.0,0.0,1.0,16,7.0,0.0625,1,0,1,2.5649493574615367,Ясенево,Cosmetic
37.8,1.0,1.0,17,9.0,0.0588235294117647,1,0,0,3.658420246629228,Рабочий Посёлок,Cosmetic
136.0,4.0,17.0,50,12.0,0.34,0,0,0,4.919980925828125,Мичуринский проспект,Without renovation
23.8,6.0,7.0,26,10.0,0.2692307692307692,0,0,0,3.210843653170937,Бутырская,Cosmetic
54.0,2.0,11.0,14,4.0,0.7857142857142857,0,0,0,4.007333185232471,Бульвар Адмирала Ушакова,European-style renovation
62.1,4.0,4.0,9,23.0,0.4444444444444444,0,0,0,4.144720769547168,Пражская,Cosmetic
43.0,2.0,6.0,9,18.0,0.6666666666666666,0,0,0,3.784189633918261,Юго-Восточная,Cosmetic
93.2,4.0,1.0,8,6.0,0.125,1,0,0,4.545420181582317,Парк Победы,European-style renovation
44.3,1.0,13.0,17,18.0,0.7647058823529411,0,0,0,3.813307032488989,Новодачная,European-style renovation
66.0,3.0,16.0,16,26.0,1.0,0,1,0,4.204692619390966,Отрадное,European-style renovation
38.0,1.0,14.0,16,11.0,0.875,0,0,0,3.6635616461296463,Юго-Западная,Cosmetic
200.0,4.0,28.0,30,4.0,0.9333333333333332,0,0,0,5.303304908059076,Новаторская,European-style renovation
21.8,0.0,1.0,5,10.0,0.2,1,0,1,3.126760535960395,Волжская,Cosmetic
35.5,1.0,1.0,12,15.0,0.0833333333333333,1,0,0,3.597312260588446,Академическая,European-style renovation
32.5,1.0,11.0,17,9.0,0.6470588235294118,0,0,0,3.5115454388310208,Бунинская Аллея,Cosmetic
64.6,2.0,4.0,10,8.0,0.4,0,0,0,4.183575695950044,Крестьянская застава,European-style renovation
108.52,4.0,17.0,21,6.0,0.8095238095238095,0,0,0,4.696107180980193,Трикотажная,European-style renovation
17.0,0.0,2.0,14,14.0,0.1428571428571428,0,0,1,2.8903717578961645,Бутово,European-style renovation
124.0,3.0,7.0,10,5.0,0.7,0,0,0,4.8283137373023015,Трубная,Designer
47.3,2.0,14.0,14,16.0,1.0,0,1,0,3.877431560658527,ВДНХ,Cosmetic
85.5,3.0,19.0,29,6.0,0.6551724137931034,0,0,0,4.460144413937834,Нагатинская,Without renovation
120.8,2.0,4.0,5,6.0,0.8,0,0,0,4.802380355275797,Смоленская,Designer
120.9,4.0,13.0,16,6.0,0.8125,0,0,0,4.803201036487226,Новогиреево,European-style renovation
33.3,1.0,12.0,22,11.0,0.5454545454545454,0,0,0,3.535145354171894,Борисово,Without renovation
56.4,2.0,2.0,22,9.0,0.0909090909090909,0,0,0,4.050044303325521,Новаторская,Cosmetic
56.5,3.0,8.0,9,11.0,0.8888888888888888,0,0,0,4.051784947803305,Щербинка,Cosmetic
136.0,4.0,15.0,24,11.0,0.625,0,0,0,4.919980925828125,ЦСКА,Designer
62.0,4.0,6.0,6,11.0,1.0,0,1,0,4.143134726391533,Тульская,Designer
29.8,1.0,5.0,26,15.0,0.1923076923076923,0,0,0,3.427514689979529,Нагатинская,Cosmetic
38.5,1.0,12.0,30,18.0,0.4,0,0,0,3.676300671907076,Бунинская Аллея,Cosmetic
270.0,4.0,9.0,11,2.0,0.8181818181818182,0,0,0,5.602118820879701,Маяковская,Designer
148.0,3.0,5.0,7,3.0,0.7142857142857143,0,0,0,5.003946305945459,Маяковская,European-style renovation
107.0,3.0,11.0,14,5.0,0.7857142857142857,0,0,0,4.68213122712422,Новые Черемушки,Cosmetic
384.2,6.0,1.0,26,24.0,0.0384615384615384,1,0,0,5.953762679923971,Славянский бульвар,Designer
288.8,5.0,9.0,11,3.0,0.8181818181818182,0,0,0,5.669191029886582,Новокузнецкая,Without renovation
26.6,0.0,7.0,45,13.0,0.1555555555555555,0,0,1,3.317815772723105,Селигерская,Designer
35.1,1.0,10.0,12,13.0,0.8333333333333334,0,0,0,3.586292865338835,Царицыно,Cosmetic
64.1,3.0,5.0,16,21.0,0.3125,0,0,0,4.175924549214524,Юго-Восточная,Without renovation
45.1,2.0,8.0,9,20.0,0.8888888888888888,0,0,0,3.8308129500026022,Нагатинская,European-style renovation
53.0,2.0,1.0,4,37.0,0.25,1,0,0,3.9889840465642745,Бунинская Аллея,European-style renovation
38.0,1.0,9.0,17,12.0,0.5294117647058824,0,0,0,3.6635616461296463,Борисово,Cosmetic
48.4,3.0,6.0,9,21.0,0.6666666666666666,0,0,0,3.899950424193877,Пражская,Cosmetic
116.8,3.0,4.0,8,4.0,0.5,0,0,0,4.768988271217486,Сухаревская,Without renovation
153.0,5.0,4.0,4,4.0,1.0,0,1,0,5.0369526024136295,Курская,Designer
58.0,3.0,14.0,18,20.0,0.7777777777777778,0,0,0,4.07753744390572,Новаторская,European-style renovation
59.0,3.0,3.0,9,22.0,0.3333333333333333,0,0,0,4.0943445622221,Новогиреево,Cosmetic
199.0,5.0,4.0,13,8.0,0.3076923076923077,0,0,0,5.298317366548036,Новослободская,Without renovation
65.0,3.0,6.0,8,10.0,0.75,0,0,0,4.189654742026425,Белорусская,European-style renovation
53.4,2.0,16.0,16,6.0,1.0,0,1,0,3.996364153861897,Аннино,European-style renovation
16.2,0.0,2.0,6,5.0,0.3333333333333333,0,0,1,2.8449093838194077,Смоленская,Designer
77.0,3.0,4.0,6,13.0,0.6666666666666666,0,0,0,4.356708826689592,Шелепиха,Designer
65.7,1.0,13.0,27,24.0,0.4814814814814814,0,0,0,4.200204952921578,Беломорская,Without renovation
250.4,5.0,11.0,18,16.0,0.6111111111111112,0,0,0,5.527045296156147,Киевская,Designer
36.1,1.0,4.0,16,12.0,0.25,0,0,0,3.6136169696133895,Кузьминки,Cosmetic
58.5,2.0,8.0,10,13.0,0.8,0,0,0,4.085976312551584,Баррикадная,Cosmetic
17.0,0.0,2.0,18,18.0,0.1111111111111111,0,0,1,2.8903717578961645,Некрасовка,Cosmetic
36.17,1.0,14.0,28,10.0,0.5,0,0,0,3.615501984309161,Бутырская,European-style renovation
17.0,0.0,17.0,18,20.0,0.9444444444444444,0,0,1,2.8903717578961645,Нагатинский Затон,Without renovation
175.2,4.0,40.0,60,3.0,0.6666666666666666,0,0,0,5.171619713502079,Деловой центр,European-style renovation
82.5,3.0,17.0,22,16.0,0.7727272727272727,0,0,0,4.42484663185681,Академическая,Cosmetic
39.0,1.0,14.0,14,22.0,1.0,0,1,0,3.688879454113936,Сетунь,Designer
124.0,3.0,11.0,17,25.0,0.6470588235294118,0,0,0,4.8283137373023015,Покровское,Designer
50.8,1.0,10.0,12,19.0,0.8333333333333334,0,0,0,3.947390149265437,Бабушкинская,European-style renovation
48.0,2.0,2.0,16,22.0,0.125,0,0,0,3.8918202981106265,Народное Ополчение,Cosmetic
35.0,1.0,9.0,9,11.0,1.0,0,1,0,3.58351893845611,Таганская,European-style renovation
24.7,6.0,11.0,14,16.0,0.7857142857142857,0,0,0,3.246490991901174,Ховрино,Cosmetic
49.0,2.0,30.0,41,5.0,0.7317073170731707,0,0,0,3.912023005428146,Киевская,European-style renovation
88.0,4.0,1.0,6,11.0,0.1666666666666666,1,0,0,4.48863636973214,Шаболовская,Cosmetic
63.0,4.0,3.0,9,7.0,0.3333333333333333,0,0,0,4.158883083359672,Домодедовская,Cosmetic
106.0,4.0,5.0,8,3.0,0.625,0,0,0,4.672828834461906,Багратионовская,Cosmetic
147.0,4.0,11.0,17,34.0,0.6470588235294118,0,0,0,4.997212273764115,Минская,Without renovation
50.2,2.0,11.0,25,23.0,0.44,0,0,0,3.9357395320454622,Давыдково,Without renovation
225.0,6.0,14.0,20,15.0,0.7,0,0,0,5.420534999272286,Деловой центр,Without renovation
160.0,4.0,26.0,29,9.0,0.896551724137931,0,0,0,5.081404364984463,Строгино,Designer
46.4,0.0,9.0,21,16.0,0.4285714285714285,0,0,1,3.858622228701031,Фили,Designer
152.0,4.0,4.0,4,8.0,1.0,0,1,0,5.030437921392435,Маяковская,European-style renovation
42.7,1.0,7.0,16,15.0,0.4375,0,0,0,3.777348102101545,Коммунарка,European-style renovation
34.1,1.0,1.0,12,12.0,0.0833333333333333,1,0,0,3.55820113047182,Текстильщики,Cosmetic
85.0,4.0,3.0,5,8.0,0.6,0,0,0,4.454347296253507,Новокузнецкая,Designer
58.3,2.0,5.0,11,16.0,0.4545454545454545,0,0,0,4.08260930600368,Свиблово,European-style renovation
23.8,6.0,7.0,17,8.0,0.4117647058823529,0,0,0,3.210843653170937,Бульвар Адмирала Ушакова,Cosmetic
27.8,0.0,1.0,8,6.0,0.125,1,0,1,3.3603753871419,Китай-город,European-style renovation
161.0,5.0,49.0,50,12.0,0.98,0,0,0,5.087596335232384,Мичуринский проспект,Without renovation
37.5,1.0,1.0,17,9.0,0.0588235294117647,1,0,0,3.6506582412937383,Крылатское,Cosmetic
108.2,4.0,11.0,58,10.0,0.1896551724137931,0,0,0,4.693181063310805,Народное Ополчение,Without renovation
56.5,2.0,1.0,6,11.0,0.1666666666666666,1,0,0,4.051784947803305,Рижская,Without renovation
70.0,0.0,20.0,42,11.0,0.4761904761904761,0,0,1,4.262679877041316,Аминьевская,Without renovation
203.4,4.0,10.0,17,18.0,0.5882352941176471,0,0,0,5.320078858329549,Минская,Designer
39.2,1.0,7.0,14,23.0,0.5,0,0,0,3.693866995624976,Покровское,Cosmetic
35.3,1.0,2.0,9,10.0,0.2222222222222222,0,0,0,3.591817741270805,Мичуринский проспект,Designer
93.0,4.0,8.0,13,10.0,0.6153846153846154,0,0,0,4.543294782270004,Технопарк,Without renovation
36.2,1.0,22.0,42,5.0,0.5238095238095238,0,0,0,3.616308761279101,Аминьевская,Designer
93.4,3.0,31.0,40,12.0,0.775,0,0,0,4.547541073151455,ЗИЛ,Without renovation
17.0,0.0,1.0,9,9.0,0.1111111111111111,1,0,1,2.8903717578961645,Пражская,Cosmetic
63.0,2.0,14.0,15,11.0,0.9333333333333332,0,0,0,4.158883083359672,Щербинка,Cosmetic
304.0,5.0,3.0,6,7.0,0.5,0,0,0,5.720311776607412,Китай-город,Designer
20.6,0.0,8.0,11,13.0,0.7272727272727273,0,0,1,3.0726933146901194,Тульская,Designer
180.7,4.0,8.0,8,9.0,1.0,0,1,0,5.202356975402125,Арбатская,Designer
44.5,2.0,13.0,18,31.0,0.7222222222222222,0,0,0,3.817712325956905,Покровское,Designer
70.4,2.0,3.0,21,16.0,0.1428571428571428,0,0,0,4.268297869345539,Остафьево,Cosmetic
21.4,0.0,1.0,8,12.0,0.125,1,0,1,3.109060958860994,Электрозаводская,European-style renovation
77.0,3.0,28.0,39,21.0,0.717948717948718,0,0,0,4.356708826689592,Хорошево,Without renovation
34.9,1.0,1.0,16,12.0,0.0625,1,0,0,3.580737295494233,Бескудниково,Cosmetic
22.5,0.0,15.0,23,7.0,0.6521739130434783,0,0,1,3.157000421150113,Солнцево,Without renovation
55.7,2.0,7.0,22,7.0,0.3181818181818182,0,0,0,4.037774210733707,Спартак,Without renovation
106.0,3.0,15.0,25,13.0,0.6,0,0,0,4.672828834461906,Волоколамская,Cosmetic
59.6,3.0,8.0,12,13.0,0.6666666666666666,0,0,0,4.104294893075269,Красный Строитель,European-style renovation
38.6,0.0,4.0,5,21.0,0.8,0,0,1,3.6788291182604342,Черкизовская,Without renovation
120.0,4.0,14.0,17,2.0,0.8235294117647058,0,0,0,4.795790545596741,Крылатское,European-style renovation
126.3,3.0,11.0,13,14.0,0.8461538461538461,0,0,0,4.846546505563361,Рабочий Посёлок,Designer
22.0,0.0,2.0,8,3.0,0.25,0,0,1,3.1354942159291497,Маяковская,European-style renovation
40.2,1.0,5.0,29,14.0,0.1724137931034483,0,0,0,3.7184382563554808,Автозаводская,European-style renovation
53.9,1.0,14.0,36,12.0,0.3888888888888889,0,0,0,4.005513348515485,Шелепиха,European-style renovation
22.0,6.0,3.0,14,13.0,0.2142857142857142,0,0,0,3.1354942159291497,Филатов Луг,Cosmetic
36.0,1.0,11.0,27,23.0,0.4074074074074074,0,0,0,3.610917912644224,Хорошево,Designer
84.0,3.0,7.0,25,12.0,0.28,0,0,0,4.442651256490317,Балтийская,Without renovation
91.4,3.0,10.0,41,15.0,0.2439024390243902,0,0,0,4.526126978647638,Динамо,Designer
22.5,0.0,1.0,16,12.0,0.0625,1,0,1,3.157000421150113,Лианозово,Without renovation
17.5,0.0,1.0,9,19.0,0.1111111111111111,1,0,1,2.917770732084279,Отрадное,Without renovation
43.0,0.0,2.0,5,14.0,0.4,0,0,1,3.784189633918261,ЗИЛ,Designer
43.2,1.0,22.0,25,11.0,0.88,0,0,0,3.788724789083653,Москва-Товарная,Cosmetic
19.1,0.0,1.0,8,3.0,0.125,1,0,1,3.0007198150650303,Тургеневская,European-style renovation
61.0,3.0,9.0,20,12.0,0.45,0,0,0,4.127134385045092,ЗИЛ,Designer
62.0,2.0,13.0,20,33.0,0.65,0,0,0,4.143134726391533,Покровское,Without renovation
34.2,1.0,13.0,16,18.0,0.8125,0,0,0,3.5610460826040518,Депо,Cosmetic
39.1,1.0,12.0,14,7.0,0.8571428571428571,0,0,0,3.691376334312523,Новопеределкино,Cosmetic
150.0,4.0,3.0,8,6.0,0.375,0,0,0,5.017279836814924,Сухаревская,Designer
56.0,2.0,16.0,24,16.0,0.6666666666666666,0,0,0,4.04305126783455,Верхние Котлы,European-style renovation
22.7,0.0,1.0,2,11.0,0.5,1,0,1,3.1654750481410856,Комсомольская,Without renovation
36.0,1.0,12.0,12,16.0,1.0,0,1,0,3.610917912644224,Зюзино,Designer
81.0,3.0,16.0,37,15.0,0.4324324324324324,0,0,0,4.406719247264253,Локомотив,Without renovation
49.2,1.0,27.0,44,12.0,0.6136363636363636,0,0,0,3.9160150266976834,Улица 1905 года,Designer
22.0,0.0,2.0,18,18.0,0.1111111111111111,0,0,1,3.1354942159291497,Некрасовка,European-style renovation
19.3,0.0,7.0,8,8.0,0.875,0,0,1,3.0106208860477417,Калитники,Without renovation
21.0,0.0,1.0,12,12.0,0.0833333333333333,1,0,1,3.091042453358316,Бунинская Аллея,Cosmetic
134.0,4.0,12.0,16,18.0,0.75,0,0,0,4.90527477843843,Кунцевская,Designer
25.8,6.0,5.0,28,20.0,0.1785714285714285,0,0,0,3.288401887516811,Полежаевская,Cosmetic
33.6,1.0,2.0,22,22.0,0.0909090909090909,0,0,0,3.543853682063679,Саларьево,European-style renovation
44.5,1.0,30.0,46,13.0,0.6521739130434783,0,0,0,3.817712325956905,Шелепиха,European-style renovation
46.0,1.0,6.0,44,12.0,0.1363636363636363,0,0,0,3.8501476017100575,Улица 1905 года,Designer
36.6,1.0,4.0,8,2.0,0.5,0,0,0,3.6270040503958487,Охотный ряд,Cosmetic
53.0,1.0,4.0,21,7.0,0.1904761904761904,0,0,0,3.9889840465642745,Улица 1905 года,European-style renovation
40.5,1.0,23.0,27,15.0,0.8518518518518519,0,0,0,3.725693427236653,Стрешнево,Cosmetic
101.4,4.0,2.0,29,11.0,0.0689655172413793,0,0,0,4.628886712605407,Угрешская,European-style renovation
86.1,3.0,14.0,16,11.0,0.875,0,0,0,4.467056883858457,Щербинка,Designer
71.0,4.0,2.0,5,20.0,0.4,0,0,0,4.276666119016055,Свиблово,Cosmetic
70.0,3.0,3.0,20,11.0,0.15,0,0,0,4.262679877041316,Технопарк,Without renovation
138.7,0.0,1.0,3,8.0,0.3333333333333333,1,0,1,4.939497266262916,Прокшино,Without renovation
72.0,3.0,14.0,17,18.0,0.8235294117647058,0,0,0,4.290459441148391,Отрадное,European-style renovation
36.0,1.0,4.0,12,14.0,0.3333333333333333,0,0,0,3.610917912644224,Сетунь,Cosmetic
20.6,0.0,2.0,2,7.0,1.0,0,1,1,3.0726933146901194,Кантемировская,Designer
60.0,2.0,7.0,9,4.0,0.7777777777777778,0,0,0,4.110873864173311,Автозаводская,Cosmetic
46.7,1.0,13.0,25,23.0,0.52,0,0,0,3.864931397894296,Давыдково,Without renovation
35.6,1.0,15.0,17,19.0,0.8823529411764706,0,0,0,3.6000482404073204,Солнцево,Cosmetic
87.4,4.0,3.0,14,12.0,0.2142857142857142,0,0,0,4.481871969643598,Молодежная,Cosmetic
25.1,6.0,37.0,62,17.0,0.5967741935483871,0,0,0,3.261935314328648,Медведково,Cosmetic
189.9,5.0,17.0,18,2.0,0.9444444444444444,0,0,0,5.251749730731702,Сокол,Designer
91.3,4.0,1.0,5,13.0,0.2,1,0,0,4.525044141508807,Улица 1905 года,Cosmetic
270.0,0.0,15.0,16,1.0,0.9375,0,0,1,5.602118820879701,Пролетарская,Without renovation
146.0,3.0,67.0,77,6.0,0.8701298701298701,0,0,0,4.990432586778736,Международная,Designer
175.7,5.0,16.0,16,12.0,1.0,0,1,0,5.174453379325651,Сокольники,Designer
60.5,3.0,2.0,6,7.0,0.3333333333333333,0,0,0,4.119037174812473,Савеловская,Cosmetic
251.1,5.0,4.0,14,7.0,0.2857142857142857,0,0,0,5.529825834193874,Павелецкая,Without renovation
61.8,1.0,6.0,23,10.0,0.2608695652173913,0,0,0,4.139955073474153,Варшавская,European-style renovation
57.91,2.0,2.0,28,4.0,0.0714285714285714,0,0,0,4.076010855533596,Нагатинская,European-style renovation
342.0,6.0,2.0,4,44.0,0.5,0,0,0,5.83773044716594,Терехово,Designer
28.6,0.0,1.0,5,7.0,0.2,1,0,1,3.387774361330014,Гражданская,Without renovation
92.0,0.0,10.0,21,8.0,0.4761904761904761,0,0,1,4.532599493153256,Динамо,Designer
53.4,2.0,9.0,32,8.0,0.28125,0,0,0,3.996364153861897,Курьяново,Cosmetic
39.0,1.0,7.0,12,10.0,0.5833333333333334,0,0,0,3.688879454113936,Рабочий Посёлок,European-style renovation
79.6,3.0,8.0,25,30.0,0.32,0,0,0,4.389498649512583,Хорошево,European-style renovation
89.0,2.0,9.0,16,16.0,0.5625,0,0,0,4.499809670330265,Красный Балтиец,European-style renovation
73.6,3.0,12.0,17,8.0,0.7058823529411765,0,0,0,4.312140507209715,Боровское шоссе,Cosmetic
41.2,1.0,6.0,12,17.0,0.5,0,0,0,3.742420221041966,Аэропорт Внуково,Cosmetic
89.51,3.0,7.0,20,13.0,0.35,0,0,0,4.505460341839079,Тульская,Without renovation
43.0,1.0,12.0,16,18.0,0.75,0,0,0,3.784189633918261,ЗИЛ,Without renovation
32.0,0.0,5.0,7,8.0,0.7142857142857143,0,0,1,3.49650756146648,Марьина Роща,Designer
23.1,0.0,12.0,16,27.0,0.75,0,0,1,3.1822118404966093,Покровское,Without renovation
88.1,1.0,4.0,6,4.0,0.6666666666666666,0,0,0,4.489759334476764,Чистые пруды,Designer
347.0,6.0,2.0,6,10.0,0.3333333333333333,0,0,0,5.8522024797744745,Тверская,Designer
124.7,3.0,18.0,21,23.0,0.8571428571428571,0,0,0,4.8338981155962015,Беломорская,European-style renovation
51.0,1.0,16.0,27,18.0,0.5925925925925926,0,0,0,3.951243718581428,Улица Скобелевская,European-style renovation
90.0,4.0,8.0,44,12.0,0.1818181818181818,0,0,0,4.51085950651685,Улица 1905 года,Without renovation
370.0,5.0,5.0,6,5.0,0.8333333333333334,0,0,0,5.916202062607435,Белорусская,Designer
72.1,2.0,13.0,30,3.0,0.4333333333333333,0,0,0,4.291828366755733,Ховрино,Without renovation
224.4,5.0,26.0,39,11.0,0.6666666666666666,0,0,0,5.417876601605676,Минская,Designer
202.0,5.0,3.0,5,43.0,0.6,0,0,0,5.313205979041787,Тушинская,Designer
78.0,3.0,3.0,22,10.0,0.1363636363636363,0,0,0,4.3694478524670215,Фонвизинская,European-style renovation
23.3,0.0,16.0,23,7.0,0.6956521739130435,0,0,1,3.190476350346503,Солнцево,Without renovation
42.3,1.0,15.0,23,9.0,0.6521739130434783,0,0,0,3.768152635008444,Лесопарковая,Designer
17.0,0.0,1.0,3,23.0,0.3333333333333333,1,0,1,2.8903717578961645,Селигерская,European-style renovation
19.0,0.0,5.0,5,5.0,1.0,0,1,1,2.995732273553991,Окружная,Without renovation
44.5,2.0,7.0,9,18.0,0.7777777777777778,0,0,0,3.817712325956905,Марьино,Cosmetic
88.2,3.0,23.0,25,8.0,0.92,0,0,0,4.490881039585964,Яхромская,Without renovation
51.0,3.0,1.0,5,12.0,0.2,1,0,0,3.951243718581428,Крымская,European-style renovation
70.0,2.0,5.0,8,18.0,0.625,0,0,0,4.262679877041316,Площадь Ильича,Cosmetic
78.5,3.0,6.0,22,8.0,0.2727272727272727,0,0,0,4.375757021660286,Улица Академика Янгеля,Cosmetic
165.0,4.0,6.0,12,7.0,0.5,0,0,0,5.111987788356544,Улица 1905 года,Designer
47.5,2.0,9.0,22,9.0,0.4090909090909091,0,0,0,3.881563797943437,Савеловская,European-style renovation
41.0,1.0,2.0,23,9.0,0.0869565217391304,0,0,0,3.737669618283368,Лесопарковая,Without renovation
160.0,4.0,31.0,48,18.0,0.6458333333333334,0,0,0,5.081404364984463,Новаторская,European-style renovation
113.7,2.0,6.0,8,9.0,0.75,0,0,0,4.742320024135325,Арбатская,Designer
60.1,2.0,27.0,58,9.0,0.4655172413793103,0,0,0,4.11251186617755,Народное Ополчение,Without renovation
66.52,2.0,16.0,20,13.0,0.8,0,0,0,4.212423850287702,Тульская,European-style renovation
19.9,6.0,11.0,33,5.0,0.3333333333333333,0,0,0,3.039749158970765,Нагатинская,Cosmetic
45.0,1.0,14.0,25,17.0,0.56,0,0,0,3.828641396489095,Юго-Западная,Cosmetic
73.6,3.0,14.0,26,5.0,0.5384615384615384,0,0,0,4.312140507209715,Зорге,European-style renovation
74.5,3.0,2.0,21,12.0,0.0952380952380952,0,0,0,4.324132656254979,Давыдково,European-style renovation
97.4,4.0,4.0,5,5.0,0.8,0,0,0,4.589040804058207,Бульвар Рокоссовского,Cosmetic
45.6,1.0,7.0,17,29.0,0.4117647058823529,0,0,0,3.8416005411316,Царицыно,Designer
20.3,0.0,5.0,5,5.0,1.0,0,1,1,3.05870707271538,Окружная,Without renovation
33.6,1.0,20.0,34,9.0,0.5882352941176471,0,0,0,3.543853682063679,Аминьевская,Cosmetic
66.0,2.0,6.0,15,2.0,0.4,0,0,0,4.204692619390966,Павелецкая,Cosmetic
72.3,2.0,3.0,11,5.0,0.2727272727272727,0,0,0,4.294560608892605,Панфиловская,European-style renovation
58.7,3.0,5.0,9,27.0,0.5555555555555556,0,0,0,4.089332020398556,Алтуфьево,Cosmetic
18.5,0.0,1.0,9,15.0,0.1111111111111111,1,0,1,2.970414465569701,Щелковская,European-style renovation
119.45,3.0,2.0,6,15.0,0.3333333333333333,0,0,0,4.79123472906088,Новокузнецкая,Designer
52.0,2.0,9.0,14,24.0,0.6428571428571429,0,0,0,3.970291913552122,Яхромская,Cosmetic
235.8,5.0,12.0,13,9.0,0.9230769230769232,0,0,0,5.46721590300985,Смоленская,Without renovation
44.9,1.0,19.0,23,11.0,0.8260869565217391,0,0,0,3.8264651170664994,Ботанический сад,Without renovation
107.2,4.0,15.0,17,13.0,0.8823529411764706,0,0,0,4.6839813664123815,Говорово,European-style renovation
176.0,4.0,24.0,48,18.0,0.5,0,0,0,5.176149732573829,Новаторская,Designer
46.8,1.0,3.0,15,6.0,0.2,0,0,0,3.86702563949741,Серпуховская,European-style renovation
57.0,2.0,3.0,22,9.0,0.1363636363636363,0,0,0,4.060443010546419,Новаторская,European-style renovation
272.0,5.0,7.0,16,9.0,0.4375,0,0,0,5.60947179518496,Октябрьская,European-style renovation
184.0,0.0,2.0,8,11.0,0.25,0,0,1,5.220355825078324,Кропоткинская,Without renovation
69.3,2.0,4.0,15,15.0,0.2666666666666666,0,0,0,4.252771798816619,Коммунарка,Designer
187.4,4.0,18.0,18,10.0,1.0,0,1,0,5.238567362142263,ЦСКА,European-style renovation
71.0,3.0,11.0,19,7.0,0.5789473684210527,0,0,0,4.276666119016055,Бескудниково,Cosmetic
13.0,0.0,2.0,14,5.0,0.1428571428571428,0,0,1,2.6390573296152584,Кантемировская,Cosmetic
14.2,0.0,4.0,9,25.0,0.4444444444444444,0,0,1,2.7212954278522306,Пятницкое шоссе,European-style renovation
190.6,4.0,4.0,36,12.0,0.1111111111111111,0,0,0,5.25540986553676,Минская,Without renovation
113.9,3.0,6.0,12,7.0,0.5,0,0,0,4.74406218485471,Спортивная,Without renovation
54.0,2.0,6.0,7,17.0,0.8571428571428571,0,0,0,4.007333185232471,Электрозаводская,Without renovation
48.8,1.0,21.0,30,6.0,0.7,0,0,0,3.9080149840306073,Угрешская,Without renovation
23.8,6.0,17.0,17,13.0,1.0,0,1,0,3.210843653170937,Щербинка,Cosmetic
250.0,5.0,5.0,6,5.0,0.8333333333333334,0,0,0,5.525452939131784,Чистые пруды,European-style renovation
30.0,0.0,22.0,24,13.0,0.9166666666666666,0,0,1,3.4339872044851463,Шелепиха,Designer
57.0,2.0,12.0,17,28.0,0.7058823529411765,0,0,0,4.060443010546419,Щербинка,Cosmetic
80.3,4.0,3.0,12,18.0,0.25,0,0,0,4.398146016553765,Ховрино,European-style renovation
56.4,2.0,5.0,24,16.0,0.2083333333333333,0,0,0,4.050044303325521,Верхние Котлы,European-style renovation
34.3,1.0,4.0,13,10.0,0.3076923076923077,0,0,0,3.563882963939251,Калитники,European-style renovation
19.3,0.0,16.0,39,17.0,0.4102564102564102,0,0,1,3.0106208860477417,Локомотив,Designer
83.0,2.0,7.0,7,17.0,1.0,0,1,0,4.430816798843313,Верхние Котлы,Without renovation
68.0,2.0,31.0,32,4.0,0.96875,0,0,0,4.23410650459726,Беговая,Cosmetic
79.9,3.0,5.0,5,17.0,1.0,0,1,0,4.393213824064446,Гражданская,Cosmetic
95.4,4.0,6.0,20,9.0,0.3,0,0,0,4.5685062016165,Фили,Without renovation
39.8,2.0,5.0,8,21.0,0.625,0,0,0,3.708682081410116,Нагорная,Cosmetic
38.0,1.0,6.0,41,3.0,0.1463414634146341,0,0,0,3.6635616461296463,Лужники,European-style renovation
64.0,2.0,33.0,35,12.0,0.9428571428571428,0,0,0,4.174387269895637,Алексеевская,Without renovation
68.0,2.0,6.0,8,7.0,0.75,0,0,0,4.23410650459726,Дубровка,Cosmetic
40.0,1.0,7.0,12,11.0,0.5833333333333334,0,0,0,3.713572066704308,Нагатинский Затон,European-style renovation
53.9,2.0,7.0,12,8.0,0.5833333333333334,0,0,0,4.005513348515485,Бибирево,Without renovation
357.2,6.0,4.0,4,7.0,1.0,0,1,0,5.881091489626612,Новослободская,Without renovation
33.5,1.0,6.0,12,5.0,0.5,0,0,0,3.5409593240373143,Кленовый бульвар,Cosmetic
33.0,0.0,14.0,15,6.0,0.9333333333333332,0,0,1,3.5263605246161616,ЦСКА,Designer
58.0,2.0,3.0,8,18.0,0.375,0,0,0,4.07753744390572,Академическая,European-style renovation
73.4,3.0,7.0,9,15.0,0.7777777777777778,0,0,0,4.309455941839047,Ленинский проспект,Designer
133.5,4.0,10.0,21,5.0,0.4761904761904761,0,0,0,4.901564199041894,Беговая,European-style renovation
47.0,1.0,10.0,10,6.0,1.0,0,1,0,3.871201010907891,Бауманская,European-style renovation
71.0,1.0,13.0,14,7.0,0.9285714285714286,0,0,0,4.276666119016055,Павелецкая,Without renovation
39.0,1.0,14.0,19,16.0,0.7368421052631579,0,0,0,3.688879454113936,Беляево,Cosmetic
74.8,3.0,6.0,17,18.0,0.3529411764705882,0,0,0,4.328098292648326,Крылатское,European-style renovation
56.7,2.0,2.0,16,23.0,0.125,0,0,0,4.055257173514054,Бунинская Аллея,Cosmetic
66.8,3.0,1.0,7,12.0,0.1428571428571428,1,0,0,4.216562194946349,Сокол,European-style renovation
70.8,3.0,22.0,23,9.0,0.9565217391304348,0,0,0,4.273884476054178,Селигерская,Cosmetic
35.0,1.0,3.0,9,16.0,0.3333333333333333,0,0,0,3.58351893845611,Братиславская,Cosmetic
31.8,0.0,6.0,10,9.0,0.6,0,0,1,3.490428515390098,Савеловская,Without renovation
38.0,1.0,15.0,17,9.0,0.8823529411764706,0,0,0,3.6635616461296463,Раменки,European-style renovation
54.3,2.0,5.0,9,4.0,0.5555555555555556,0,0,0,4.012772908528289,Студенческая,Cosmetic
108.3,3.0,12.0,17,11.0,0.7058823529411765,0,0,0,4.694096395182493,Филёвский парк,Without renovation
59.0,3.0,6.0,9,18.0,0.6666666666666666,0,0,0,4.0943445622221,Ясенево,Cosmetic
317.7,5.0,5.0,5,14.0,1.0,0,1,0,5.764250221423291,Тушинская,Designer
149.3,5.0,2.0,16,11.0,0.125,0,0,0,5.012633296758929,Прокшино,European-style renovation
35.2,1.0,12.0,12,15.0,1.0,0,1,0,3.5890591188317256,Гражданская,Cosmetic
53.0,3.0,6.0,9,12.0,0.6666666666666666,0,0,0,3.9889840465642745,Отрадное,Cosmetic
60.2,3.0,14.0,14,15.0,1.0,0,1,0,4.11414718951828,Технопарк,European-style renovation
102.8,3.0,2.0,29,20.0,0.0689655172413793,0,0,0,4.642465970731788,Автозаводская,Without renovation
28.4,6.0,10.0,17,13.0,0.5882352941176471,0,0,0,3.380994674344636,Говорово,Cosmetic
18.0,0.0,5.0,5,7.0,1.0,0,1,1,2.9444389791664403,Окружная,Cosmetic
64.8,4.0,2.0,16,17.0,0.125,0,0,0,4.186619838331271,Ольховая,Cosmetic
16.8,1.0,1.0,8,7.0,0.125,1,0,0,2.87919845729804,Калитники,Cosmetic
80.8,4.0,15.0,30,18.0,0.5,0,0,0,4.404277243608702,Бунинская Аллея,Cosmetic
25.4,0.0,2.0,33,18.0,0.0606060606060606,0,0,1,3.2733640101522705,Коломенская,European-style renovation
60.0,3.0,3.0,9,16.0,0.3333333333333333,0,0,0,4.110873864173311,Новые Черемушки,Cosmetic
63.9,3.0,2.0,14,10.0,0.1428571428571428,0,0,0,4.1728476237100445,Люблино,Cosmetic
45.9,2.0,3.0,5,6.0,0.6,0,0,0,3.8480176754522337,Свиблово,Cosmetic
69.8,2.0,4.0,6,6.0,0.6666666666666666,0,0,0,4.259859000699674,Марьина Роща,Without renovation
46.3,2.0,7.0,12,8.0,0.5833333333333334,0,0,0,3.856510295497887,Царицыно,European-style renovation
18.5,0.0,1.0,9,9.0,0.1111111111111111,1,0,1,2.970414465569701,Медведково,Cosmetic
32.0,0.0,11.0,18,20.0,0.6111111111111112,0,0,1,3.49650756146648,Ботанический сад,Without renovation
71.6,3.0,5.0,5,17.0,1.0,0,1,0,4.28496492183075,Сходненская,Without renovation
39.6,2.0,9.0,28,18.0,0.3214285714285714,0,0,0,3.703768066607687,Павелецкая,Without renovation
19.9,6.0,31.0,33,3.0,0.9393939393939394,0,0,0,3.039749158970765,Бульвар Рокоссовского,Cosmetic
66.0,2.0,28.0,58,3.0,0.4827586206896552,0,0,0,4.204692619390966,Дмитровская,Without renovation
67.2,3.0,12.0,12,8.0,1.0,0,1,0,4.222444564849416,Люблино,European-style renovation
40.0,0.0,1.0,6,17.0,0.1666666666666666,1,0,1,3.713572066704308,Медведково,Designer
29.3,0.0,2.0,5,5.0,0.4,0,0,1,3.411147712515324,Окружная,Without renovation
12.5,0.0,1.0,5,13.0,0.2,1,0,1,2.602689685444384,Академическая,Without renovation
26.2,0.0,4.0,4,7.0,1.0,0,1,1,3.3032169733019514,Рижская,Designer
172.0,4.0,8.0,10,4.0,0.8,0,0,0,5.153291594497779,Новослободская,European-style renovation
16.5,0.0,5.0,8,13.0,0.625,0,0,1,2.862200880929469,Чкаловская,European-style renovation
139.3,5.0,17.0,17,10.0,1.0,0,1,0,4.943782987108415,Коммунарка,European-style renovation
82.4,3.0,7.0,15,8.0,0.4666666666666667,0,0,0,4.423648309364701,Динамо,Designer
165.0,4.0,4.0,5,2.0,0.8,0,0,0,5.111987788356544,Третьяковская,European-style renovation
27.8,0.0,8.0,10,5.0,0.8,0,0,1,3.3603753871419,Кузнецкий мост,European-style renovation
17.0,0.0,1.0,20,14.0,0.05,1,0,1,2.8903717578961645,Отрадное,Cosmetic
48.4,1.0,7.0,25,10.0,0.28,0,0,0,3.899950424193877,Печатники,Cosmetic
72.2,3.0,7.0,17,13.0,0.4117647058823529,0,0,0,4.293195420967266,Некрасовка,Cosmetic
123.3,5.0,2.0,17,10.0,0.1176470588235294,0,0,0,4.822697998516666,Коммунарка,European-style renovation
16.0,0.0,1.0,14,10.0,0.0714285714285714,1,0,1,2.833213344056216,Новопеределкино,Cosmetic
38.9,1.0,8.0,14,6.0,0.5714285714285714,0,0,0,3.686376323895818,Кантемировская,Without renovation
45.6,2.0,7.0,19,1.0,0.3684210526315789,0,0,0,3.8416005411316,Академическая,European-style renovation
164.0,6.0,2.0,34,8.0,0.0588235294117647,0,0,0,5.10594547390058,Гражданская,European-style renovation
220.0,5.0,27.0,72,3.0,0.375,0,0,0,5.3981627015177525,Деловой центр,Designer
110.0,3.0,19.0,23,16.0,0.8260869565217391,0,0,0,4.709530201312334,Молодежная,Designer
51.1,2.0,3.0,3,3.0,1.0,0,1,0,3.9531649487593215,Китай-город,Designer
53.0,2.0,1.0,12,15.0,0.0833333333333333,1,0,0,3.9889840465642745,Бибирево,Cosmetic
65.0,4.0,1.0,9,22.0,0.1111111111111111,1,0,0,4.189654742026425,Речной вокзал,Designer
136.0,4.0,3.0,42,13.0,0.0714285714285714,0,0,0,4.919980925828125,Петровский парк,Without renovation
70.0,3.0,7.0,8,12.0,0.875,0,0,0,4.262679877041316,Сокол,European-style renovation
49.0,2.0,5.0,23,14.0,0.217391304347826,0,0,0,3.912023005428146,Народное Ополчение,Without renovation
61.5,3.0,19.0,30,3.0,0.6333333333333333,0,0,0,4.135166556742356,Ховрино,Without renovation
44.0,2.0,5.0,9,15.0,0.5555555555555556,0,0,0,3.80666248977032,Яхромская,Cosmetic
20.0,0.0,12.0,19,12.0,0.631578947368421,0,0,1,3.044522437723423,Окружная,Designer
52.4,2.0,2.0,12,17.0,0.1666666666666666,0,0,0,3.977810745966149,Кузьминки,Designer
50.0,2.0,9.0,19,2.0,0.4736842105263157,0,0,0,3.9318256327243257,Стахановская,Cosmetic
72.0,3.0,13.0,37,11.0,0.3513513513513513,0,0,0,4.290459441148391,Аминьевская,Without renovation
40.0,1.0,2.0,37,15.0,0.054054054054054,0,0,0,3.713572066704308,Локомотив,Designer
21.0,0.0,1.0,9,12.0,0.1111111111111111,1,0,1,3.091042453358316,Отрадное,Without renovation
42.0,1.0,2.0,19,3.0,0.1052631578947368,0,0,0,3.7612001156935615,Жулебино,European-style renovation
44.3,1.0,13.0,17,13.0,0.7647058823529411,0,0,0,3.813307032488989,Алтуфьево,European-style renovation
19.2,0.0,1.0,8,9.0,0.125,1,0,1,3.005682604407159,Сокол,Without renovation
67.0,3.0,26.0,51,6.0,0.5098039215686274,0,0,0,4.219507705176107,Шелепиха,European-style renovation
70.0,2.0,17.0,50,12.0,0.34,0,0,0,4.262679877041316,Мичуринский проспект,Without renovation
54.2,3.0,2.0,9,11.0,0.2222222222222222,0,0,0,4.01096295328305,Лефортово,Cosmetic
92.0,2.0,15.0,77,4.0,0.1948051948051948,0,0,0,4.532599493153256,Выставочная,European-style renovation
256.0,5.0,6.0,7,10.0,0.8571428571428571,0,0,0,5.54907608489522,Смоленская,Without renovation
260.0,5.0,6.0,9,13.0,0.6666666666666666,0,0,0,5.564520407322694,Тверская,Designer
49.0,2.0,1.0,12,15.0,0.0833333333333333,1,0,0,3.912023005428146,Сетунь,European-style renovation
45.0,2.0,9.0,9,10.0,1.0,0,1,0,3.828641396489095,Перово,Cosmetic
95.6,4.0,5.0,5,4.0,1.0,0,1,0,4.570578741218473,Окружная,Cosmetic
66.0,3.0,5.0,16,22.0,0.3125,0,0,0,4.204692619390966,Улица Академика Янгеля,Cosmetic
111.0,3.0,6.0,8,5.0,0.75,0,0,0,4.718498871295094,Фрунзенская,Cosmetic
45.52,1.0,4.0,22,9.0,0.1818181818181818,0,0,0,3.839882327650464,ЗИЛ,Without renovation
77.2,3.0,4.0,5,20.0,0.8,0,0,0,4.359269647551265,Аминьевская,Without renovation
72.0,4.0,2.0,16,25.0,0.125,0,0,0,4.290459441148391,Коммунарка,European-style renovation
73.8,3.0,7.0,14,11.0,0.5,0,0,0,4.314817884980432,Севастопольская,Cosmetic
214.0,5.0,3.0,5,7.0,0.6,0,0,0,5.3706380281276624,Трубная,Without renovation
114.0,3.0,2.0,6,5.0,0.3333333333333333,0,0,0,4.74493212836325,Парк культуры,European-style renovation
273.4,5.0,7.0,11,1.0,0.6363636363636364,0,0,0,5.61458689585173,Полянка,Designer
101.91,1.0,2.0,14,13.0,0.1428571428571428,0,0,0,4.6338548198480005,Киевская,Designer
37.7,1.0,4.0,11,14.0,0.3636363636363636,0,0,0,3.655839600035736,Электрозаводская,European-style renovation
17.0,0.0,2.0,12,14.0,0.1666666666666666,0,0,1,2.8903717578961645,Текстильщики,Cosmetic
15.5,0.0,1.0,9,19.0,0.1111111111111111,1,0,1,2.803360380906535,Шипиловская,Cosmetic
189.0,4.0,2.0,10,9.0,0.2,0,0,0,5.247024072160486,Курская,Designer
11.1,0.0,1.0,4,12.0,0.25,1,0,1,2.4932054526026954,Тульская,European-style renovation
43.4,0.0,2.0,4,3.0,0.5,0,0,1,3.7932394694381792,Аэропорт,Designer
60.0,3.0,7.0,9,8.0,0.7777777777777778,0,0,0,4.110873864173311,Отрадное,Cosmetic
42.0,0.0,12.0,19,4.0,0.631578947368421,0,0,1,3.7612001156935615,Москва-Товарная,European-style renovation
15.9,0.0,3.0,34,16.0,0.088235294117647,0,0,1,2.827313621929028,Улица Скобелевская,European-style renovation
46.2,0.0,2.0,3,12.0,0.6666666666666666,0,0,1,3.8543938925915096,Преображенская площадь,Designer
78.6,3.0,8.0,14,17.0,0.5714285714285714,0,0,0,4.377014092850337,Молодежная,Designer
29.8,0.0,3.0,14,26.0,0.2142857142857142,0,0,1,3.427514689979529,Коммунарка,Without renovation
23.2,0.0,15.0,25,17.0,0.6,0,0,1,3.186352633162641,Павшино,European-style renovation
107.0,3.0,4.0,15,11.0,0.2666666666666666,0,0,0,4.68213122712422,Раменки,Without renovation
41.9,1.0,17.0,21,16.0,0.8095238095238095,0,0,0,3.758871825933971,Новаторская,Cosmetic
15.5,0.0,2.0,10,11.0,0.2,0,0,1,2.803360380906535,Юго-Восточная,Cosmetic
13.5,0.0,1.0,9,19.0,0.1111111111111111,1,0,1,2.6741486494265287,Отрадное,Without renovation
97.5,4.0,21.0,22,7.0,0.9545454545454546,0,0,0,4.590056548178043,Юго-Восточная,European-style renovation
34.9,1.0,11.0,12,24.0,0.9166666666666666,0,0,0,3.580737295494233,Новогиреево,Cosmetic
305.0,5.0,2.0,7,7.0,0.2857142857142857,0,0,0,5.723585101952381,Александровский сад,Designer
60.0,2.0,12.0,24,6.0,0.5,0,0,0,4.110873864173311,Новаторская,Cosmetic
21.2,0.0,25.0,33,13.0,0.7575757575757576,0,0,1,3.100092288878234,Улица Скобелевская,Without renovation
17.3,0.0,2.0,6,5.0,0.3333333333333333,0,0,1,2.9069010598473755,Смоленская,Without renovation
215.0,5.0,27.0,31,19.0,0.8709677419354839,0,0,0,5.375278407684165,Славянский бульвар,Designer
37.4,1.0,7.0,16,7.0,0.4375,0,0,0,3.648057459593681,Юго-Западная,Cosmetic
35.0,1.0,15.0,32,9.0,0.46875,0,0,0,3.58351893845611,Шелепиха,European-style renovation
106.6,3.0,6.0,28,9.0,0.2142857142857142,0,0,0,4.678420647727684,Раменки,Without renovation
34.0,1.0,8.0,17,35.0,0.4705882352941176,0,0,0,3.555348061489413,Покровское,Without renovation
19.0,0.0,2.0,18,32.0,0.1111111111111111,0,0,1,2.995732273553991,Покровское,Without renovation
114.5,4.0,3.0,18,16.0,0.1666666666666666,0,0,0,4.749270529961848,Медведково,European-style renovation
56.4,2.0,2.0,11,22.0,0.1818181818181818,0,0,0,4.050044303325521,Новаторская,European-style renovation
34.5,1.0,16.0,16,15.0,1.0,0,1,0,3.56953269648137,Теплый Стан,Without renovation
76.0,2.0,9.0,25,13.0,0.36,0,0,0,4.343805421853684,Волоколамская,European-style renovation
33.5,1.0,8.0,17,11.0,0.4705882352941176,0,0,0,3.5409593240373143,Некрасовка,Without renovation
60.4,2.0,15.0,17,7.0,0.8823529411764706,0,0,0,4.117409835153096,Петровский парк,Designer
39.1,1.0,14.0,17,13.0,0.8235294117647058,0,0,0,3.691376334312523,Борисово,Cosmetic
102.9,3.0,8.0,15,22.0,0.5333333333333333,0,0,0,4.643428898105181,Прокшино,Without renovation
122.0,5.0,15.0,17,10.0,0.8823529411764706,0,0,0,4.812184355372417,Коммунарка,European-style renovation
141.1,4.0,2.0,7,12.0,0.2857142857142857,0,0,0,4.956531035103055,Тверская,Without renovation
150.0,5.0,17.0,17,7.0,1.0,0,1,0,5.017279836814924,Ростокино,Without renovation
78.0,3.0,15.0,15,18.0,1.0,0,1,0,4.3694478524670215,Новодачная,Cosmetic
106.5,4.0,25.0,25,13.0,1.0,0,1,0,4.677490847567717,Беговая,Without renovation
22.0,0.0,6.0,7,14.0,0.8571428571428571,0,0,1,3.1354942159291497,Красный Балтиец,Without renovation
138.4,5.0,5.0,15,22.0,0.3333333333333333,0,0,0,4.937347498326424,ЗИЛ,Designer
51.9,0.0,2.0,4,19.0,0.5,0,0,1,3.968403338864253,Тушинская,Designer
56.3,2.0,23.0,28,4.0,0.8214285714285714,0,0,0,4.048300623720694,Стрешнево,Designer
71.6,3.0,15.0,15,6.0,1.0,0,1,0,4.28496492183075,Филатов Луг,European-style renovation
74.0,3.0,1.0,17,9.0,0.0588235294117647,1,0,0,4.31748811353631,Дегунино,Without renovation
52.7,3.0,5.0,9,20.0,0.5555555555555556,0,0,0,3.983413001514819,Улица Дмитриевского,Cosmetic
71.7,3.0,4.0,5,17.0,0.8,0,0,0,4.286341384539473,Сходненская,Without renovation
71.7,3.0,4.0,5,14.0,0.8,0,0,0,4.286341384539473,Нагорная,European-style renovation
137.0,4.0,8.0,42,14.0,0.1904761904761904,0,0,0,4.927253685157205,Аминьевская,Without renovation
56.0,1.0,13.0,17,13.0,0.7647058823529411,0,0,0,4.04305126783455,Улица 1905 года,European-style renovation
122.1,5.0,11.0,17,10.0,0.6470588235294118,0,0,0,4.812997033190408,Коммунарка,European-style renovation
25.0,0.0,3.0,5,7.0,0.6,0,0,1,3.258096538021482,Трубная,Cosmetic
17.5,0.0,3.0,8,13.0,0.375,0,0,1,2.917770732084279,Чкаловская,Without renovation
52.2,2.0,2.0,12,27.0,0.1666666666666666,0,0,0,3.974058396347599,Боровское шоссе,Cosmetic
82.0,2.0,6.0,31,20.0,0.1935483870967742,0,0,0,4.418840607796598,Славянский бульвар,Designer
122.4,5.0,37.0,48,9.0,0.7708333333333334,0,0,0,4.815431111471288,Народное Ополчение,Without renovation
53.4,2.0,2.0,16,15.0,0.125,0,0,0,3.996364153861897,Митино,Cosmetic
93.2,4.0,3.0,22,9.0,0.1363636363636363,0,0,0,4.545420181582317,Савеловская,Without renovation
18.8,0.0,5.0,14,9.0,0.3571428571428571,0,0,1,2.9856819377004897,Сокол,European-style renovation
64.6,3.0,18.0,30,3.0,0.6,0,0,0,4.183575695950044,Стрешнево,European-style renovation
44.0,2.0,15.0,15,22.0,1.0,0,1,0,3.80666248977032,ЗИЛ,European-style renovation
64.6,3.0,2.0,16,6.0,0.125,0,0,0,4.183575695950044,Зорге,European-style renovation
13.8,0.0,1.0,14,10.0,0.0714285714285714,1,0,1,2.694627180770069,Новопеределкино,Cosmetic
33.6,1.0,2.0,14,8.0,0.1428571428571428,0,0,0,3.543853682063679,Чертановская,European-style renovation
187.0,4.0,7.0,11,10.0,0.6363636363636364,0,0,0,5.236441962829949,Фрунзенская,Without renovation
32.4,0.0,2.0,22,16.0,0.0909090909090909,0,0,1,3.5085558999826545,Некрасовка,European-style renovation
97.6,4.0,17.0,18,6.0,0.9444444444444444,0,0,0,4.591071261608589,Панфиловская,Without renovation
35.1,1.0,2.0,12,6.0,0.1666666666666666,0,0,0,3.586292865338835,Новогиреево,Designer
45.8,1.0,2.0,14,15.0,0.1428571428571428,0,0,0,3.845883202923601,ЗИЛ,Designer
273.0,4.0,7.0,11,1.0,0.6363636363636364,0,0,0,5.613128106388071,Полянка,Designer
94.1,3.0,4.0,5,10.0,0.8,0,0,0,4.554928969551344,Красные ворота,Designer
110.1,4.0,41.0,46,18.0,0.8913043478260869,0,0,0,4.710430696645584,Серпуховская,Without renovation
245.0,5.0,14.0,18,12.0,0.7777777777777778,0,0,0,5.5053315359323625,Белорусская,Designer
83.9,3.0,20.0,33,5.0,0.6060606060606061,0,0,0,4.441474093317302,Шелепиха,Designer
105.4,3.0,3.0,21,14.0,0.1428571428571428,0,0,0,4.667205576907544,Юго-Западная,European-style renovation
57.1,2.0,8.0,8,13.0,1.0,0,1,0,4.062165663857866,Октябрьское поле,European-style renovation
56.2,2.0,9.0,10,13.0,0.9,0,0,0,4.046553898385752,Сокол,European-style renovation
38.3,1.0,2.0,17,3.0,0.1176470588235294,0,0,0,3.6712245188752153,Митино,Cosmetic
41.0,1.0,8.0,14,16.0,0.5714285714285714,0,0,0,3.737669618283368,Крымская,Designer
35.5,1.0,11.0,12,13.0,0.9166666666666666,0,0,0,3.597312260588446,Царицыно,European-style renovation
67.0,3.0,5.0,14,56.0,0.3571428571428571,0,0,0,4.219507705176107,Минская,Without renovation
86.6,4.0,6.0,9,17.0,0.6666666666666666,0,0,0,4.472780997942346,Аэропорт Внуково,Cosmetic
24.6,0.0,12.0,19,23.0,0.631578947368421,0,0,1,3.242592351485517,Хорошево,Designer
93.1,4.0,4.0,5,11.0,0.8,0,0,0,4.544358046591334,Измайловская,Cosmetic
179.2,4.0,2.0,5,6.0,0.4,0,0,0,5.194067345174237,Спортивная,Without renovation
145.0,5.0,3.0,7,8.0,0.4285714285714285,0,0,0,4.983606621708336,Новокузнецкая,Designer
113.0,4.0,4.0,44,6.0,0.0909090909090909,0,0,0,4.736198448394496,Фили,Without renovation
140.0,4.0,9.0,18,7.0,0.5,0,0,0,4.948759890378168,Белорусская,Designer
86.6,4.0,9.0,9,17.0,1.0,0,1,0,4.472780997942346,Аэропорт Внуково,Cosmetic
72.6,2.0,5.0,11,5.0,0.4545454545454545,0,0,0,4.298645025734831,Панфиловская,European-style renovation
70.7,2.0,28.0,49,5.0,0.5714285714285714,0,0,0,4.272490747605575,Дмитровская,European-style renovation
35.5,1.0,4.0,9,12.0,0.4444444444444444,0,0,0,3.597312260588446,Выхино,Cosmetic
126.0,5.0,7.0,14,57.0,0.5,0,0,0,4.844187086458591,Минская,Without renovation
126.0,4.0,7.0,17,13.0,0.4117647058823529,0,0,0,4.844187086458591,Савеловская,Without renovation
25.5,0.0,9.0,16,18.0,0.5625,0,0,1,3.277144732992177,ЗИЛ,Cosmetic
45.0,1.0,5.0,14,15.0,0.3571428571428571,0,0,0,3.828641396489095,Минская,European-style renovation
95.5,3.0,29.0,29,4.0,1.0,0,1,0,4.56954300834494,Кунцевская,Without renovation
38.9,1.0,5.0,17,10.0,0.2941176470588235,0,0,0,3.686376323895818,Пионерская,European-style renovation
33.3,1.0,9.0,9,9.0,1.0,0,1,0,3.535145354171894,Коньково,Designer
51.2,2.0,2.0,14,6.0,0.1428571428571428,0,0,0,3.955082494888593,Нагорная,Cosmetic
42.0,1.0,11.0,14,12.0,0.7857142857142857,0,0,0,3.7612001156935615,Люблино,European-style renovation
320.0,4.0,16.0,22,20.0,0.7272727272727273,0,0,0,5.771441123130016,Ломоносовский проспект,Designer
34.0,1.0,5.0,12,15.0,0.4166666666666667,0,0,0,3.555348061489413,Селигерская,Cosmetic
38.3,1.0,10.0,17,5.0,0.5882352941176471,0,0,0,3.6712245188752153,Люблино,European-style renovation
13.5,0.0,1.0,9,19.0,0.1111111111111111,1,0,1,2.6741486494265287,Отрадное,Cosmetic
39.0,1.0,13.0,46,18.0,0.2826086956521739,0,0,0,3.688879454113936,Павелецкая,Without renovation
93.8,4.0,13.0,30,3.0,0.4333333333333333,0,0,0,4.551769409260976,Стрешнево,European-style renovation
113.0,3.0,2.0,6,4.0,0.3333333333333333,0,0,0,4.736198448394496,Парк культуры,Designer
97.4,4.0,5.0,5,11.0,1.0,0,1,0,4.589040804058207,Бульвар Рокоссовского,Cosmetic
58.8,1.0,1.0,6,7.0,0.1666666666666666,1,0,0,4.091005660956586,Таганская,Without renovation
65.0,3.0,10.0,14,15.0,0.7142857142857143,0,0,0,4.189654742026425,Локомотив,Cosmetic
18.1,0.0,3.0,5,8.0,0.6,0,0,1,2.9496883350525844,Окружная,European-style renovation
46.7,1.0,15.0,17,27.0,0.8823529411764706,0,0,0,3.864931397894296,Коммунарка,European-style renovation
89.7,2.0,5.0,12,6.0,0.4166666666666667,0,0,0,4.507557357121091,Спортивная,Without renovation
49.8,0.0,3.0,26,6.0,0.1153846153846153,0,0,1,3.927896354584436,Водный стадион,Without renovation
26.5,0.0,29.0,49,14.0,0.5918367346938775,0,0,1,3.3141860046725258,Дмитровская,Designer
158.0,4.0,15.0,18,8.0,0.8333333333333334,0,0,0,5.068904202220232,Раменки,European-style renovation
35.2,1.0,10.0,14,7.0,0.7142857142857143,0,0,0,3.5890591188317256,Новогиреево,European-style renovation
171.0,3.0,11.0,12,6.0,0.9166666666666666,0,0,0,5.147494476813453,Краснопресненская,Designer
77.2,2.0,2.0,8,1.0,0.25,0,0,0,4.359269647551265,Сухаревская,Designer
74.4,3.0,7.0,11,14.0,0.6363636363636364,0,0,0,4.32280727501391,Электрозаводская,European-style renovation
116.0,4.0,5.0,5,10.0,1.0,0,1,0,4.762173934797756,Тверская,European-style renovation
49.7,1.0,9.0,22,8.0,0.4090909090909091,0,0,0,3.9259259105971376,Комсомольская,Without renovation
119.5,5.0,26.0,26,15.0,1.0,0,1,0,4.791649752930709,Нагатинская,Without renovation
49.0,2.0,11.0,12,8.0,0.9166666666666666,0,0,0,3.912023005428146,Славянский бульвар,Cosmetic
53.0,1.0,25.0,25,15.0,1.0,0,1,0,3.9889840465642745,Говорово,Cosmetic
51.0,1.0,4.0,12,10.0,0.3333333333333333,0,0,0,3.951243718581428,Динамо,European-style renovation
37.2,1.0,5.0,13,12.0,0.3846153846153846,0,0,0,3.6428355156125294,Баррикадная,European-style renovation
46.4,2.0,3.0,12,12.0,0.25,0,0,0,3.858622228701031,Зябликово,European-style renovation
47.0,2.0,9.0,12,6.0,0.75,0,0,0,3.871201010907891,Черкизовская,Cosmetic
19.1,0.0,5.0,5,10.0,1.0,0,1,1,3.0007198150650303,Бульвар Рокоссовского,European-style renovation
38.0,1.0,13.0,23,7.0,0.5652173913043478,0,0,0,3.6635616461296463,Спартак,Designer
18.55,6.0,7.0,25,6.0,0.28,0,0,0,2.972975286431375,Нагатинская,Cosmetic
39.1,1.0,7.0,13,29.0,0.5384615384615384,0,0,0,3.691376334312523,Ольховая,Without renovation
37.7,1.0,7.0,17,18.0,0.4117647058823529,0,0,0,3.655839600035736,Некрасовка,Cosmetic
239.6,5.0,4.0,6,12.0,0.6666666666666666,0,0,0,5.483135803540579,Спортивная,Designer
90.5,4.0,6.0,8,12.0,0.75,0,0,0,4.516338972281476,Серпуховская,Cosmetic
53.8,3.0,4.0,9,13.0,0.4444444444444444,0,0,0,4.00369019395397,Щелковская,Cosmetic
21.6,0.0,4.0,8,19.0,0.5,0,0,1,3.1179499062782403,Римская,Without renovation
61.6,0.0,1.0,8,10.0,0.125,1,0,1,4.136765278106052,Новокузнецкая,Without renovation
71.8,4.0,6.0,7,11.0,0.8571428571428571,0,0,0,4.28771595520264,Аэропорт,Without renovation
113.72,5.0,16.0,18,1.0,0.8888888888888888,0,0,0,4.74249437685131,Октябрьское поле,Designer
38.0,0.0,5.0,8,8.0,0.625,0,0,1,3.6635616461296463,Калитники,Designer
16.0,0.0,1.0,7,6.0,0.1428571428571428,1,0,1,2.833213344056216,Трубная,Cosmetic
55.3,3.0,6.0,9,6.0,0.6666666666666666,0,0,0,4.030694535145645,Кантемировская,Cosmetic
55.0,3.0,4.0,5,25.0,0.8,0,0,0,4.02535169073515,Речной вокзал,Cosmetic
52.0,2.0,3.0,13,9.0,0.2307692307692307,0,0,0,3.970291913552122,Смоленская,European-style renovation
34.8,1.0,5.0,16,16.0,0.3125,0,0,0,3.5779478934066544,Бескудниково,Cosmetic
80.0,3.0,6.0,10,9.0,0.6,0,0,0,4.394449154672439,Измайлово,Cosmetic
23.3,0.0,7.0,7,14.0,1.0,0,1,1,3.190476350346503,Красный Балтиец,Cosmetic
143.8,5.0,29.0,29,6.0,1.0,0,1,0,4.975353479951616,Нагатинская,Designer
147.0,5.0,3.0,13,16.0,0.2307692307692307,0,0,0,4.997212273764115,Бескудниково,European-style renovation
70.0,3.0,7.0,12,10.0,0.5833333333333334,0,0,0,4.262679877041316,Пионерская,European-style renovation
63.0,3.0,1.0,9,8.0,0.1111111111111111,1,0,0,4.158883083359672,Саларьево,European-style renovation
64.3,2.0,5.0,46,17.0,0.108695652173913,0,0,0,4.178992036282385,Калужская,European-style renovation
71.0,3.0,2.0,42,5.0,0.0476190476190476,0,0,0,4.276666119016055,Аминьевская,Without renovation
31.6,0.0,2.0,6,7.0,0.3333333333333333,0,0,1,3.484312288372662,Таганская,Cosmetic
37.0,1.0,5.0,16,25.0,0.3125,0,0,0,3.6375861597263857,Планерная,Cosmetic
35.4,1.0,10.0,15,30.0,0.6666666666666666,0,0,0,3.594568774642695,Силикатная,Without renovation
160.1,4.0,21.0,23,17.0,0.9130434782608696,0,0,0,5.082025290182929,Давыдково,Without renovation
13.1,0.0,2.0,9,13.0,0.2222222222222222,0,0,1,2.6461747973841225,Зеленоград — Крюково,European-style renovation
55.6,1.0,2.0,11,5.0,0.1818181818181818,0,0,0,4.036008985209137,Панфиловская,European-style renovation
37.4,1.0,2.0,17,10.0,0.1176470588235294,0,0,0,3.648057459593681,Улица Дмитриевского,Cosmetic
134.0,4.0,2.0,14,13.0,0.1428571428571428,0,0,0,4.90527477843843,Киевская,European-style renovation
16.4,0.0,3.0,8,13.0,0.375,0,0,1,2.856470206220483,Чкаловская,Without renovation
17.8,0.0,1.0,9,12.0,0.1111111111111111,1,0,1,2.933856869835904,Отрадное,Without renovation
45.0,2.0,3.0,14,6.0,0.2142857142857142,0,0,0,3.828641396489095,Юго-Восточная,Cosmetic
23.0,0.0,16.0,22,17.0,0.7272727272727273,0,0,1,3.1780538303479458,Селигерская,Without renovation
38.5,1.0,10.0,14,15.0,0.7142857142857143,0,0,0,3.676300671907076,Кантемировская,Cosmetic
89.5,4.0,16.0,16,13.0,1.0,0,1,0,4.505349850705881,Волоколамская,Cosmetic
57.0,3.0,6.0,9,13.0,0.6666666666666666,0,0,0,4.060443010546419,Пражская,European-style renovation
55.0,2.0,13.0,17,19.0,0.7647058823529411,0,0,0,4.02535169073515,Коптево,Cosmetic
32.6,1.0,5.0,12,15.0,0.4166666666666667,0,0,0,3.5145260669691587,Сетунь,Cosmetic
39.1,1.0,5.0,14,8.0,0.3571428571428571,0,0,0,3.691376334312523,Новопеределкино,Cosmetic
81.0,3.0,2.0,53,13.0,0.0377358490566037,0,0,0,4.406719247264253,Шелепиха,Without renovation
12.9,0.0,3.0,10,12.0,0.3,0,0,1,2.631888840136646,Селигерская,European-style renovation
19.8,0.0,4.0,5,5.0,0.8,0,0,1,3.0349529867072724,Окружная,Cosmetic
85.3,2.0,7.0,7,7.0,1.0,0,1,0,4.457829598089382,Панфиловская,European-style renovation
122.74,3.0,4.0,6,15.0,0.6666666666666666,0,0,0,4.818182590102842,Новокузнецкая,Designer
44.1,0.0,1.0,4,12.0,0.25,1,0,1,3.8088822465086327,Преображенская площадь,Designer
180.0,5.0,18.0,22,27.0,0.8181818181818182,0,0,0,5.198497031265826,Минская,Designer
55.4,2.0,18.0,27,21.0,0.6666666666666666,0,0,0,4.032469158504013,Саларьево,Cosmetic
36.8,1.0,12.0,28,8.0,0.4285714285714285,0,0,0,3.632309102625542,Стрешнево,Cosmetic
46.8,1.0,14.0,21,11.0,0.6666666666666666,0,0,0,3.86702563949741,Народное Ополчение,Cosmetic
119.8,3.0,16.0,57,9.0,0.2807017543859649,0,0,0,4.794136285500715,Аэропорт,Designer
150.8,4.0,18.0,29,16.0,0.6206896551724138,0,0,0,5.02256386496153,Шаболовская,Without renovation
167.1,4.0,7.0,11,5.0,0.6363636363636364,0,0,0,5.12455904041457,Панфиловская,Without renovation
150.0,4.0,11.0,26,14.0,0.4230769230769231,0,0,0,5.017279836814924,ЦСКА,European-style renovation
59.3,3.0,7.0,9,23.0,0.7777777777777778,0,0,0,4.09933210373314,Преображенская площадь,Cosmetic
53.0,2.0,2.0,10,7.0,0.2,0,0,0,3.9889840465642745,Автозаводская,Cosmetic
52.0,2.0,23.0,32,8.0,0.71875,0,0,0,3.970291913552122,Курьяново,European-style renovation
99.4,3.0,14.0,21,21.0,0.6666666666666666,0,0,0,4.609162207257629,Сокольники,European-style renovation
46.0,2.0,4.0,12,33.0,0.3333333333333333,0,0,0,3.8501476017100575,Покровское,European-style renovation
18.0,0.0,1.0,6,8.0,0.1666666666666666,1,0,1,2.9444389791664403,Серпуховская,Without renovation
70.0,3.0,16.0,16,9.0,1.0,0,1,0,4.262679877041316,Люблино,European-style renovation
42.0,2.0,5.0,5,9.0,1.0,0,1,0,3.7612001156935615,Парк культуры,European-style renovation
106.9,4.0,21.0,25,6.0,0.84,0,0,0,4.681204872264089,Красный Балтиец,Without renovation
15.4,0.0,1.0,4,15.0,0.25,1,0,1,2.797281334830153,Бауманская,Designer
58.8,3.0,8.0,9,16.0,0.8888888888888888,0,0,0,4.091005660956586,Выхино,Cosmetic
42.0,2.0,2.0,9,4.0,0.2222222222222222,0,0,0,3.7612001156935615,Алексеевская,European-style renovation
120.0,3.0,2.0,39,12.0,0.0512820512820512,0,0,0,4.795790545596741,Минская,Designer
43.8,2.0,7.0,9,27.0,0.7777777777777778,0,0,0,3.80220813942094,Лианозово,Designer
181.7,6.0,15.0,15,11.0,1.0,0,1,0,5.207845463383961,Алексеевская,Without renovation
175.3,4.0,40.0,97,1.0,0.4123711340206185,0,0,0,5.172187089403825,Деловой центр,European-style renovation
37.0,2.0,5.0,9,6.0,0.5555555555555556,0,0,0,3.6375861597263857,Беломорская,Cosmetic
110.0,2.0,49.0,63,1.0,0.7777777777777778,0,0,0,4.709530201312334,Деловой центр,Designer
34.4,1.0,12.0,16,27.0,0.75,0,0,0,3.5667118201397288,Кунцевская,Without renovation
85.0,3.0,15.0,17,25.0,0.8823529411764706,0,0,0,4.454347296253507,Покровское,Cosmetic
12.5,0.0,1.0,5,15.0,0.2,1,0,1,2.602689685444384,Академическая,Without renovation
24.5,0.0,6.0,7,7.0,0.8571428571428571,0,0,1,3.2386784521643803,Бауманская,Without renovation
77.0,3.0,7.0,16,16.0,0.4375,0,0,0,4.356708826689592,Братиславская,European-style renovation
52.3,1.0,2.0,14,5.0,0.1428571428571428,0,0,0,3.975936331171799,Сокол,Cosmetic
38.0,1.0,6.0,25,2.0,0.24,0,0,0,3.6635616461296463,Лесопарковая,Cosmetic
79.8,4.0,1.0,4,13.0,0.25,1,0,0,4.39197696552705,Волгоградский проспект,Designer
34.5,1.0,8.0,9,24.0,0.8888888888888888,0,0,0,3.56953269648137,Прокшино,European-style renovation
41.0,1.0,11.0,40,12.0,0.275,0,0,0,3.737669618283368,ЗИЛ,Without renovation
34.7,1.0,29.0,62,17.0,0.4677419354838709,0,0,0,3.5751506887855933,Медведково,Cosmetic
63.8,2.0,15.0,19,11.0,0.7894736842105263,0,0,0,4.1713056033582285,Филатов Луг,Cosmetic
167.0,4.0,2.0,6,6.0,0.3333333333333333,0,0,0,5.123963979403259,Парк культуры,Designer
71.8,2.0,3.0,5,14.0,0.6,0,0,0,4.28771595520264,Текстильщики,Designer
40.0,1.0,1.0,14,5.0,0.0714285714285714,1,0,0,3.713572066704308,Теплый Стан,European-style renovation
54.3,1.0,2.0,18,13.0,0.1111111111111111,0,0,0,4.012772908528289,Измайловская,European-style renovation
72.0,3.0,5.0,8,5.0,0.625,0,0,0,4.290459441148391,Савеловская,Cosmetic
84.3,3.0,9.0,32,16.0,0.28125,0,0,0,4.446174454497633,Павелецкая,Without renovation
36.0,1.0,1.0,12,14.0,0.0833333333333333,1,0,0,3.610917912644224,Зюзино,Cosmetic
61.0,2.0,17.0,21,2.0,0.8095238095238095,0,0,0,4.127134385045092,Чкаловская,European-style renovation
188.0,4.0,3.0,6,12.0,0.5,0,0,0,5.241747015059643,Спортивная,Designer
24.2,6.0,4.0,29,11.0,0.1379310344827586,0,0,0,3.226843994517377,Новые Черемушки,Cosmetic
71.7,0.0,30.0,30,7.0,1.0,0,1,1,4.286341384539473,Зябликово,Without renovation
82.3,3.0,8.0,16,25.0,0.5,0,0,0,4.422448549172797,Тульская,Designer
60.0,2.0,6.0,12,4.0,0.5,0,0,0,4.110873864173311,Ломоносовский проспект,Without renovation
21.88,6.0,3.0,21,20.0,0.1428571428571428,0,0,0,3.130263166511597,Озёрная,Cosmetic
117.4,4.0,2.0,22,11.0,0.0909090909090909,0,0,0,4.774068722449905,Раменки,European-style renovation
14.7,1.0,7.0,9,15.0,0.7777777777777778,0,0,0,2.7536607123542622,Аминьевская,European-style renovation
150.0,4.0,11.0,53,29.0,0.2075471698113207,0,0,0,5.017279836814924,Минская,Without renovation
37.5,1.0,5.0,15,4.0,0.3333333333333333,0,0,0,3.6506582412937383,Алексеевская,Designer
19.7,0.0,2.0,8,8.0,0.25,0,0,1,3.030133700271324,Калитники,Without renovation
23.0,0.0,10.0,28,20.0,0.3571428571428571,0,0,1,3.1780538303479458,Пятницкое шоссе,European-style renovation
38.1,2.0,12.0,12,4.0,1.0,0,1,0,3.66612246699132,Новогиреево,Cosmetic
62.0,2.0,52.0,78,3.0,0.6666666666666666,0,0,0,4.143134726391533,Тестовская,Designer
102.98,4.0,19.0,19,7.0,1.0,0,1,0,4.6441985729555695,Красные ворота,Designer
252.0,4.0,3.0,14,7.0,0.2142857142857142,0,0,0,5.53338948872752,Фрунзенская,Designer
41.4,1.0,3.0,9,23.0,0.3333333333333333,0,0,0,3.747148362237912,Рассказовка,Cosmetic
16.0,0.0,1.0,5,12.0,0.2,1,0,1,2.833213344056216,Кузьминки,European-style renovation
153.0,5.0,9.0,21,17.0,0.4285714285714285,0,0,0,5.0369526024136295,Фили,Without renovation
161.0,4.0,2.0,22,10.0,0.0909090909090909,0,0,0,5.087596335232384,Арбатская,European-style renovation
80.0,3.0,3.0,15,21.0,0.2,0,0,0,4.394449154672439,Коммунарка,European-style renovation
46.6,2.0,9.0,9,16.0,1.0,0,1,0,3.8628327612373754,Аминьевская,Cosmetic
100.0,4.0,30.0,51,8.0,0.5882352941176471,0,0,0,4.61512051684126,Шелепиха,Without renovation
125.5,5.0,3.0,14,19.0,0.2142857142857142,0,0,0,4.840242308167575,ЗИЛ,Designer
34.0,1.0,9.0,12,7.0,0.75,0,0,0,3.555348061489413,Люблино,Cosmetic
56.0,2.0,15.0,16,3.0,0.9375,0,0,0,4.04305126783455,Щелковская,European-style renovation
57.0,3.0,9.0,9,20.0,1.0,0,1,0,4.060443010546419,Юго-Восточная,Cosmetic
273.0,4.0,8.0,11,1.0,0.7272727272727273,0,0,0,5.613128106388071,Полянка,Designer
165.0,2.0,50.0,53,7.0,0.9433962264150944,0,0,0,5.111987788356544,Минская,Designer
96.7,4.0,6.0,12,4.0,0.5,0,0,0,4.581901559048737,Пролетарская,Cosmetic
47.2,1.0,3.0,25,6.0,0.12,0,0,0,3.8753590210565543,Красный Балтиец,European-style renovation
12.0,0.0,1.0,9,16.0,0.1111111111111111,1,0,1,2.5649493574615367,Выхино,Cosmetic
20.4,0.0,2.0,9,25.0,0.2222222222222222,0,0,1,3.0633909220278057,Пятницкое шоссе,European-style renovation
52.0,0.0,2.0,7,22.0,0.2857142857142857,0,0,1,3.970291913552122,Давыдково,European-style renovation
164.4,5.0,37.0,48,9.0,0.7708333333333334,0,0,0,5.108366782589591,Народное Ополчение,Without renovation
117.9,3.0,20.0,20,11.0,1.0,0,1,0,4.778282803696737,Ботанический сад,Without renovation
146.5,4.0,26.0,28,3.0,0.9285714285714286,0,0,0,4.993828175779875,Шелепиха,Without renovation
48.1,1.0,17.0,21,10.0,0.8095238095238095,0,0,0,3.893859034800475,Стрешнево,European-style renovation
58.3,2.0,2.0,17,7.0,0.1176470588235294,0,0,0,4.08260930600368,Пятницкое шоссе,Cosmetic
215.0,5.0,9.0,57,10.0,0.1578947368421052,0,0,0,5.375278407684165,Аэропорт,Designer
236.0,5.0,1.0,3,8.0,0.3333333333333333,1,0,0,5.468060141135132,Новослободская,Without renovation
123.0,4.0,2.0,24,7.0,0.0833333333333333,0,0,0,4.820281565605037,Коломенская,European-style renovation
117.4,3.0,11.0,17,34.0,0.6470588235294118,0,0,0,4.774068722449905,Минская,Designer
98.0,2.0,8.0,34,8.0,0.2352941176470588,0,0,0,4.59511985013459,Гражданская,Designer
24.6,0.0,4.0,17,20.0,0.2352941176470588,0,0,1,3.242592351485517,Ботанический сад,Without renovation
39.0,1.0,4.0,23,6.0,0.1739130434782608,0,0,0,3.688879454113936,Новопеределкино,Without renovation
114.0,4.0,14.0,16,8.0,0.875,0,0,0,4.74493212836325,Площадь Ильича,Cosmetic
216.4,5.0,3.0,17,6.0,0.1764705882352941,0,0,0,5.381738974687109,Проспект Мира,Designer
51.8,2.0,2.0,12,13.0,0.1666666666666666,0,0,0,3.966511190712216,Перово,Without renovation
110.4,3.0,3.0,13,8.0,0.2307692307692307,0,0,0,4.713127327493184,Новослободская,Designer
20.0,0.0,1.0,3,23.0,0.3333333333333333,1,0,1,3.044522437723423,Селигерская,European-style renovation
166.5,5.0,19.0,32,9.0,0.59375,0,0,0,5.120983351265121,Шелепиха,Designer
53.0,2.0,1.0,8,10.0,0.125,1,0,0,3.9889840465642745,ВДНХ,European-style renovation
40.1,2.0,8.0,9,7.0,0.8888888888888888,0,0,0,3.716008121502189,Народное Ополчение,Cosmetic
113.9,4.0,38.0,40,12.0,0.95,0,0,0,4.74406218485471,ЗИЛ,Without renovation
32.0,0.0,4.0,37,10.0,0.1081081081081081,0,0,1,3.49650756146648,Аминьевская,European-style renovation
36.7,1.0,3.0,12,12.0,0.25,0,0,0,3.629660094453965,Электрозаводская,Cosmetic
95.8,3.0,9.0,17,6.0,0.5294117647058824,0,0,0,4.572646994282532,Варшавская,Without renovation
118.8,5.0,29.0,34,8.0,0.8529411764705882,0,0,0,4.785823685681349,Калужская,Without renovation
66.8,3.0,4.0,12,5.0,0.3333333333333333,0,0,0,4.216562194946349,Щербинка,Cosmetic
26.0,1.0,3.0,4,3.0,0.75,0,0,0,3.295836866004329,Аэропорт,Without renovation
298.0,5.0,5.0,15,12.0,0.3333333333333333,0,0,0,5.700443573390687,Маяковская,European-style renovation
30.0,1.0,9.0,27,18.0,0.3333333333333333,0,0,0,3.4339872044851463,Улица Скобелевская,Cosmetic
91.9,3.0,35.0,41,3.0,0.8536585365853658,0,0,0,4.531523645819793,Лужники,Without renovation
16.8,0.0,1.0,14,15.0,0.0714285714285714,1,0,1,2.87919845729804,Таганская,Cosmetic
38.1,1.0,8.0,17,16.0,0.4705882352941176,0,0,0,3.66612246699132,Профсоюзная,Cosmetic
123.0,5.0,3.0,17,10.0,0.1764705882352941,0,0,0,4.820281565605037,Коммунарка,European-style renovation
160.0,4.0,2.0,21,8.0,0.0952380952380952,0,0,0,5.081404364984463,Марьино,Cosmetic
65.0,3.0,13.0,16,19.0,0.8125,0,0,0,4.189654742026425,Теплый Стан,Designer
162.0,0.0,15.0,35,9.0,0.4285714285714285,0,0,1,5.093750200806762,Крылатское,Without renovation
74.8,3.0,12.0,16,12.0,0.75,0,0,0,4.328098292648326,Пятницкое шоссе,European-style renovation
114.8,4.0,29.0,40,12.0,0.725,0,0,0,4.751864565138895,ЗИЛ,Without renovation
23.2,0.0,2.0,5,19.0,0.4,0,0,1,3.186352633162641,Первомайская,Cosmetic
87.0,2.0,6.0,7,17.0,0.8571428571428571,0,0,0,4.477336814478207,Электрозаводская,Without renovation
296.0,4.0,55.0,67,1.0,0.8208955223880597,0,0,0,5.6937321388027,Деловой центр,Designer
85.0,4.0,2.0,16,5.0,0.125,0,0,0,4.454347296253507,Филатов Луг,European-style renovation
62.6,3.0,1.0,12,6.0,0.0833333333333333,1,0,0,4.152613470346076,Чертановская,Cosmetic
44.0,1.0,2.0,20,14.0,0.1,0,0,0,3.80666248977032,Технопарк,Without renovation
57.5,2.0,1.0,5,6.0,0.2,1,0,0,4.069026754237811,Достоевская,Cosmetic
28.3,0.0,7.0,18,8.0,0.3888888888888889,0,0,1,3.3775875160230218,Коптево,Without renovation
65.3,3.0,2.0,9,16.0,0.2222222222222222,0,0,0,4.194189897191817,Щелковская,Without renovation
108.2,4.0,31.0,32,13.0,0.96875,0,0,0,4.693181063310805,Аминьевская,European-style renovation
58.6,3.0,8.0,9,17.0,0.8888888888888888,0,0,0,4.087655574071304,Улица Академика Янгеля,Cosmetic
60.0,2.0,6.0,8,19.0,0.75,0,0,0,4.110873864173311,Ленинский проспект,Designer
150.0,3.0,5.0,7,3.0,0.7142857142857143,0,0,0,5.017279836814924,Маяковская,Designer
147.0,4.0,3.0,5,12.0,0.6,0,0,0,4.997212273764115,Баррикадная,Designer
31.5,0.0,2.0,7,8.0,0.2857142857142857,0,0,1,3.481240089335692,Преображенская площадь,European-style renovation
112.2,2.0,3.0,30,15.0,0.1,0,0,0,4.729156165769083,Панфиловская,European-style renovation
87.2,3.0,3.0,9,15.0,0.3333333333333333,0,0,0,4.4796069630127455,Савеловская,European-style renovation
289.0,5.0,9.0,10,3.0,0.9,0,0,0,5.66988092298052,Новокузнецкая,Without renovation
35.0,1.0,2.0,13,10.0,0.1538461538461538,0,0,0,3.58351893845611,Калитники,European-style renovation
15.6,0.0,5.0,9,18.0,0.5555555555555556,0,0,1,2.8094026953624978,Аминьевская,European-style renovation
111.0,4.0,12.0,17,13.0,0.7058823529411765,0,0,0,4.718498871295094,Зюзино,Designer
137.2,4.0,3.0,7,10.0,0.4285714285714285,0,0,0,4.92870191133357,Арбатская,Designer
46.5,2.0,13.0,15,6.0,0.8666666666666667,0,0,0,3.8607297110405954,Достоевская,European-style renovation
49.8,1.0,7.0,8,11.0,0.875,0,0,0,3.927896354584436,Третьяковская,Designer
38.4,1.0,24.0,25,19.0,0.96,0,0,0,3.673765816303888,Чертановская,European-style renovation
17.0,0.0,1.0,14,11.0,0.0714285714285714,1,0,1,2.8903717578961645,Бутово,Cosmetic
97.2,3.0,26.0,38,12.0,0.6842105263157895,0,0,0,4.58700621536042,Ростокино,European-style renovation
65.43,2.0,2.0,13,5.0,0.1538461538461538,0,0,0,4.19614876167715,Парк Победы,Without renovation
190.0,5.0,17.0,18,2.0,0.9444444444444444,0,0,0,5.25227342804663,Сокол,European-style renovation
126.0,4.0,3.0,14,19.0,0.2142857142857142,0,0,0,4.844187086458591,ЗИЛ,Designer
66.9,3.0,10.0,41,13.0,0.2439024390243902,0,0,0,4.21803603456465,Петровский парк,Without renovation
27.9,0.0,37.0,41,8.0,0.902439024390244,0,0,1,3.3638415951183864,Аминьевская,Without renovation
64.0,3.0,11.0,12,16.0,0.9166666666666666,0,0,0,4.174387269895637,Юго-Западная,Cosmetic
152.0,5.0,2.0,4,46.0,0.5,0,0,0,5.030437921392435,Терехово,European-style renovation
105.6,4.0,1.0,6,12.0,0.1666666666666666,1,0,0,4.669083511731744,Дубровка,European-style renovation
20.0,6.0,16.0,16,6.0,1.0,0,1,0,3.044522437723423,Печатники,Cosmetic
58.2,2.0,11.0,22,15.0,0.5,0,0,0,4.0809215418899605,Давыдково,Cosmetic
104.0,3.0,9.0,15,8.0,0.6,0,0,0,4.653960350157523,Жулебино,European-style renovation
19.5,0.0,3.0,9,56.0,0.3333333333333333,0,0,1,3.0204248861443626,Коммунарка,Without renovation
117.0,3.0,3.0,5,10.0,0.6,0,0,0,4.770684624465665,Кропоткинская,European-style renovation
179.2,5.0,4.0,7,10.0,0.5714285714285714,0,0,0,5.194067345174237,Полянка,European-style renovation
82.3,3.0,7.0,8,11.0,0.875,0,0,0,4.422448549172797,Щелковская,European-style renovation
39.3,1.0,4.0,12,8.0,0.3333333333333333,0,0,0,3.696351468952637,Бабушкинская,Cosmetic
18.0,0.0,1.0,9,9.0,0.1111111111111111,1,0,1,2.9444389791664403,Медведково,Without renovation
51.9,1.0,2.0,26,2.0,0.0769230769230769,0,0,0,3.968403338864253,Карамышевская,European-style renovation
25.1,1.0,10.0,14,10.0,0.7142857142857143,0,0,0,3.261935314328648,Сокол,Designer
305.0,5.0,2.0,6,9.0,0.3333333333333333,0,0,0,5.723585101952381,Спортивная,Designer
157.8,3.0,2.0,21,6.0,0.0952380952380952,0,0,0,5.067645548813036,Улица 1905 года,Designer
38.7,1.0,4.0,24,8.0,0.1666666666666666,0,0,0,3.681351187693145,Стахановская,Designer
48.6,2.0,10.0,14,10.0,0.7142857142857143,0,0,0,3.903990833730882,Гражданская,Cosmetic
109.8,3.0,3.0,3,10.0,1.0,0,1,0,4.707726774313183,Аэропорт,Designer
37.5,1.0,12.0,12,13.0,1.0,0,1,0,3.6506582412937383,Новогиреево,Cosmetic
86.6,4.0,7.0,9,17.0,0.7777777777777778,0,0,0,4.472780997942346,Аэропорт Внуково,European-style renovation
375.0,6.0,5.0,6,14.0,0.8333333333333334,0,0,0,5.929589143389895,Минская,Designer
137.6,4.0,4.0,5,5.0,0.8,0,0,0,4.931592086755803,Библиотека им. Ленина,Designer
42.1,1.0,10.0,22,11.0,0.4545454545454545,0,0,0,3.763522997109702,Академическая,Designer
33.0,1.0,4.0,9,17.0,0.4444444444444444,0,0,0,3.5263605246161616,Выхино,Without renovation
16.2,0.0,1.0,9,11.0,0.1111111111111111,1,0,1,2.8449093838194077,Беломорская,European-style renovation
37.7,1.0,3.0,17,14.0,0.1764705882352941,0,0,0,3.655839600035736,Пыхтино,Cosmetic
22.8,6.0,10.0,13,10.0,0.7692307692307693,0,0,0,3.169685580677429,Коммунарка,Cosmetic
116.0,4.0,2.0,24,16.0,0.0833333333333333,0,0,0,4.762173934797756,Алтуфьево,Cosmetic
24.4,1.0,1.0,4,15.0,0.25,1,0,0,3.2347491740244907,Бауманская,European-style renovation
54.7,2.0,2.0,23,2.0,0.0869565217391304,0,0,0,4.019980146933238,Зорге,European-style renovation
49.4,3.0,2.0,17,13.0,0.1176470588235294,0,0,0,3.919991175077323,Филатов Луг,European-style renovation
18.2,0.0,8.0,8,12.0,1.0,0,1,1,2.954910279033736,Электрозаводская,Designer
199.8,4.0,5.0,31,15.0,0.1612903225806451,0,0,0,5.302309387817574,Воронцовская,Designer
143.5,4.0,2.0,6,12.0,0.3333333333333333,0,0,0,4.973279507552487,Фрунзенская,Without renovation
103.0,3.0,7.0,36,12.0,0.1944444444444444,0,0,0,4.6443908991413725,Шелепиха,Designer
44.9,2.0,5.0,14,60.0,0.3571428571428571,0,0,0,3.8264651170664994,Минская,Without renovation
62.9,2.0,3.0,11,5.0,0.2727272727272727,0,0,0,4.157319361383489,Панфиловская,European-style renovation
94.2,2.0,7.0,8,27.0,0.875,0,0,0,4.55597994179732,Тульская,Designer
12.0,0.0,1.0,9,7.0,0.1111111111111111,1,0,1,2.5649493574615367,Планерная,European-style renovation
14.0,0.0,1.0,5,15.0,0.2,1,0,1,2.70805020110221,Преображенская площадь,European-style renovation
42.12,2.0,6.0,53,6.0,0.1132075471698113,0,0,0,3.7639869266007415,Шелепиха,European-style renovation
86.7,4.0,29.0,35,11.0,0.8285714285714286,0,0,0,4.473921899378137,Балтийская,European-style renovation
15.9,0.0,7.0,8,12.0,0.875,0,0,1,2.827313621929028,Электрозаводская,Designer
42.9,1.0,3.0,21,17.0,0.1428571428571428,0,0,0,3.7819143200811256,Фили,Designer
97.7,3.0,10.0,18,6.0,0.5555555555555556,0,0,0,4.592084946439436,Панфиловская,Without renovation
26.9,0.0,1.0,6,16.0,0.1666666666666666,1,0,1,3.32862668882732,Рязанский проспект,European-style renovation
23.6,0.0,1.0,9,14.0,0.1111111111111111,1,0,1,3.202746442938317,Отрадное,Cosmetic
142.0,5.0,13.0,13,18.0,1.0,0,1,0,4.962844630259907,Тульская,Without renovation
46.8,1.0,13.0,25,6.0,0.52,0,0,0,3.86702563949741,Красный Балтиец,European-style renovation
145.0,4.0,4.0,6,1.0,0.6666666666666666,0,0,0,4.983606621708336,Чеховская,Designer
17.5,0.0,2.0,5,24.0,0.4,0,0,1,2.917770732084279,Бабушкинская,European-style renovation
153.0,3.0,4.0,20,13.0,0.2,0,0,0,5.0369526024136295,Профсоюзная,Without renovation
23.4,0.0,8.0,23,7.0,0.3478260869565217,0,0,1,3.194583132299156,Солнцево,Cosmetic
11.8,0.0,1.0,4,15.0,0.25,1,0,1,2.5494451709255714,Рязанский проспект,European-style renovation
45.89,2.0,28.0,51,6.0,0.5490196078431373,0,0,0,3.847804433101495,Шелепиха,European-style renovation
116.9,6.0,10.0,10,9.0,1.0,0,1,0,4.769836807543325,Коптево,European-style renovation
316.0,4.0,6.0,6,7.0,1.0,0,1,0,5.75890177387728,Белорусская,Designer
188.0,4.0,5.0,19,11.0,0.2631578947368421,0,0,0,5.241747015059643,Новослободская,Designer
36.1,1.0,12.0,19,9.0,0.631578947368421,0,0,0,3.6136169696133895,Академическая,Cosmetic
60.0,2.0,20.0,30,9.0,0.6666666666666666,0,0,0,4.110873864173311,Угрешская,Without renovation
48.0,2.0,1.0,5,6.0,0.2,1,0,0,3.8918202981106265,Электрозаводская,Cosmetic
43.8,1.0,9.0,22,36.0,0.4090909090909091,0,0,0,3.80220813942094,Щербинка,Cosmetic
330.0,6.0,7.0,7,4.0,1.0,0,1,0,5.802118375377063,Кропоткинская,European-style renovation
168.0,4.0,4.0,6,2.0,0.6666666666666666,0,0,0,5.1298987149230735,Третьяковская,European-style renovation
35.0,1.0,13.0,16,29.0,0.8125,0,0,0,3.58351893845611,Давыдково,Cosmetic
17.3,0.0,7.0,9,25.0,0.7777777777777778,0,0,1,2.9069010598473755,Пятницкое шоссе,European-style renovation
124.3,2.0,3.0,8,14.0,0.375,0,0,0,4.830710861902023,Китай-город,Designer
102.9,4.0,4.0,18,5.0,0.2222222222222222,0,0,0,4.643428898105181,Верхние Котлы,European-style renovation
21.0,0.0,1.0,9,12.0,0.1111111111111111,1,0,1,3.091042453358316,Отрадное,Without renovation
41.2,1.0,13.0,25,13.0,0.52,0,0,0,3.742420221041966,Проспект Вернадского,European-style renovation
72.5,2.0,6.0,9,17.0,0.6666666666666666,0,0,0,4.297285406218791,Лужники,Designer
91.3,4.0,4.0,49,13.0,0.0816326530612244,0,0,0,4.525044141508807,Ботанический сад,Without renovation
76.3,3.0,10.0,23,14.0,0.4347826086956521,0,0,0,4.3476939555933765,Народное Ополчение,Without renovation
183.0,6.0,3.0,5,11.0,0.6,0,0,0,5.214935757608986,Баррикадная,Designer
69.2,2.0,11.0,12,8.0,0.9166666666666666,0,0,0,4.251348311031766,Бауманская,Cosmetic
22.6,0.0,12.0,14,24.0,0.8571428571428571,0,0,1,3.1612467120315646,Прокшино,Designer
29.0,0.0,8.0,17,11.0,0.4705882352941176,0,0,1,3.4011973816621555,Нагатинский Затон,European-style renovation
53.0,3.0,5.0,9,8.0,0.5555555555555556,0,0,0,3.9889840465642745,Домодедовская,Cosmetic
38.6,1.0,3.0,12,9.0,0.25,0,0,0,3.6788291182604342,Рабочий Посёлок,Designer
162.0,4.0,18.0,23,9.0,0.782608695652174,0,0,0,5.093750200806762,Сокол,European-style renovation
97.3,2.0,20.0,23,12.0,0.8695652173913043,0,0,0,4.5880240271531205,Зюзино,Without renovation
38.5,1.0,3.0,19,4.0,0.1578947368421052,0,0,0,3.676300671907076,Лесопарковая,European-style renovation
124.5,5.0,2.0,3,3.0,0.6666666666666666,0,0,0,4.832305758571839,Сухаревская,Without renovation
63.0,3.0,6.0,12,6.0,0.5,0,0,0,4.158883083359672,Красногвардейская,European-style renovation
81.8,3.0,3.0,14,10.0,0.2142857142857142,0,0,0,4.416428061391214,Площадь Ильича,Without renovation
43.0,1.0,7.0,26,16.0,0.2692307692307692,0,0,0,3.784189633918261,Хорошево,Designer
261.7,5.0,7.0,9,24.0,0.7777777777777778,0,0,0,5.571012696691494,Давыдково,Without renovation
14.8,0.0,1.0,9,11.0,0.1111111111111111,1,0,1,2.760009940032921,Беломорская,Cosmetic
111.2,4.0,17.0,19,12.0,0.8947368421052632,0,0,0,4.720282993088596,Беломорская,Cosmetic
45.0,1.0,9.0,11,25.0,0.8181818181818182,0,0,0,3.828641396489095,Рассказовка,Cosmetic
15.8,0.0,9.0,16,16.0,0.5625,0,0,1,2.8213788864092133,Тропарево,Designer
148.7,3.0,4.0,13,15.0,0.3076923076923077,0,0,0,5.008633291425583,Улица 1905 года,Designer
43.0,2.0,1.0,5,17.0,0.2,1,0,0,3.784189633918261,Дубровка,Without renovation
152.0,4.0,2.0,4,8.0,0.5,0,0,0,5.030437921392435,Маяковская,European-style renovation
51.0,2.0,4.0,16,7.0,0.25,0,0,0,3.951243718581428,Калитники,Cosmetic
21.5,0.0,3.0,8,13.0,0.375,0,0,1,3.1135153092103742,Чкаловская,Without renovation
55.0,2.0,3.0,5,6.0,0.6,0,0,0,4.02535169073515,Таганская,European-style renovation
34.8,1.0,15.0,16,5.0,0.9375,0,0,0,3.5779478934066544,Озёрная,Cosmetic
94.5,4.0,20.0,58,10.0,0.3448275862068966,0,0,0,4.5591262474866845,Народное Ополчение,Without renovation
19.0,0.0,2.0,18,32.0,0.1111111111111111,0,0,1,2.995732273553991,Покровское,Cosmetic
29.3,0.0,20.0,23,4.0,0.8695652173913043,0,0,1,3.411147712515324,Стахановская,Without renovation
186.3,5.0,2.0,5,6.0,0.4,0,0,0,5.2327116094500425,Третьяковская,European-style renovation
69.8,2.0,4.0,22,17.0,0.1818181818181818,0,0,0,4.259859000699674,Тропарево,Without renovation
105.0,4.0,20.0,21,8.0,0.9523809523809524,0,0,0,4.663439094112067,Динамо,Without renovation
55.9,2.0,23.0,27,13.0,0.8518518518518519,0,0,0,4.041295341132285,Зорге,European-style renovation
20.7,0.0,1.0,12,12.0,0.0833333333333333,1,0,1,3.077312260546414,Бунинская Аллея,Without renovation
51.0,2.0,10.0,17,16.0,0.5882352941176471,0,0,0,3.951243718581428,Ботанический сад,Without renovation
28.3,0.0,7.0,20,13.0,0.35,0,0,1,3.3775875160230218,Коптево,Without renovation
133.6,3.0,4.0,5,6.0,0.8,0,0,0,4.902307417210627,Смоленская,Designer
82.0,4.0,5.0,16,18.0,0.3125,0,0,0,4.418840607796598,Прокшино,Without renovation
337.5,5.0,14.0,14,8.0,1.0,0,1,0,5.82452409235233,Улица 1905 года,Designer
38.9,2.0,15.0,22,10.0,0.6818181818181818,0,0,0,3.686376323895818,Филатов Луг,European-style renovation
44.6,2.0,5.0,5,6.0,1.0,0,1,0,3.819907716520341,Кузьминки,Cosmetic
44.0,2.0,8.0,9,11.0,0.8888888888888888,0,0,0,3.80666248977032,Народное Ополчение,Cosmetic
35.28,1.0,15.0,27,5.0,0.5555555555555556,0,0,0,3.591266625246936,Полежаевская,Designer
24.0,0.0,3.0,5,13.0,0.6,0,0,1,3.218875824868201,Ботанический сад,Designer
64.0,2.0,8.0,25,5.0,0.32,0,0,0,4.174387269895637,Аминьевская,Without renovation
201.0,5.0,8.0,15,15.0,0.5333333333333333,0,0,0,5.308267697401205,Новаторская,European-style renovation
44.9,2.0,6.0,9,21.0,0.6666666666666666,0,0,0,3.8264651170664994,Рязанский проспект,Cosmetic
106.6,3.0,5.0,15,21.0,0.3333333333333333,0,0,0,4.678420647727684,ЗИЛ,Without renovation
63.3,2.0,4.0,7,6.0,0.5714285714285714,0,0,0,4.163559631243574,Динамо,Without renovation
21.0,0.0,3.0,8,8.0,0.375,0,0,1,3.091042453358316,Калитники,Without renovation
300.0,5.0,24.0,26,4.0,0.9230769230769232,0,0,0,5.707110264748875,Давыдково,Without renovation
62.8,2.0,4.0,15,22.0,0.2666666666666666,0,0,0,4.155753190350744,ЗИЛ,European-style renovation
99.1,4.0,22.0,22,11.0,1.0,0,1,0,4.606169686321175,Домодедовская,Cosmetic
42.0,1.0,11.0,25,10.0,0.44,0,0,0,3.7612001156935615,Профсоюзная,Cosmetic
69.2,3.0,2.0,5,7.0,0.4,0,0,0,4.251348311031766,Беговая,Without renovation
18.0,0.0,3.0,4,12.0,0.75,0,0,1,2.9444389791664403,Нижегородская,Designer
61.1,3.0,5.0,12,4.0,0.4166666666666667,0,0,0,4.128745988939433,Щукинская,Cosmetic
38.3,2.0,2.0,14,21.0,0.1428571428571428,0,0,0,3.6712245188752153,Новогиреево,Cosmetic
131.0,4.0,4.0,7,15.0,0.5714285714285714,0,0,0,4.882801922586371,Динамо,Without renovation
143.0,3.0,5.0,9,9.0,0.5555555555555556,0,0,0,4.969813299576001,Маяковская,Designer
40.0,1.0,19.0,22,21.0,0.8636363636363636,0,0,0,3.713572066704308,Сетунь,Cosmetic
82.1,4.0,2.0,28,8.0,0.0714285714285714,0,0,0,4.420044701861403,Нагорная,European-style renovation
71.6,3.0,15.0,17,12.0,0.8823529411764706,0,0,0,4.28496492183075,Борисово,Cosmetic
36.9,1.0,10.0,16,14.0,0.625,0,0,0,3.634951112088381,Филатов Луг,European-style renovation
188.7,5.0,5.0,11,15.0,0.4545454545454545,0,0,0,5.245443876940969,Павелецкая,Designer
36.0,2.0,23.0,33,10.0,0.696969696969697,0,0,0,3.610917912644224,Нижегородская,European-style renovation
111.4,3.0,14.0,29,14.0,0.4827586206896552,0,0,0,4.722063937459591,Аминьевская,Without renovation
115.6,4.0,3.0,14,14.0,0.2142857142857142,0,0,0,4.758749273916392,Минская,Without renovation
54.0,2.0,13.0,18,14.0,0.7222222222222222,0,0,0,4.007333185232471,Кузьминки,Cosmetic
61.1,0.0,19.0,20,12.0,0.95,0,0,1,4.128745988939433,Технопарк,Without renovation
243.0,6.0,34.0,39,14.0,0.8717948717948718,0,0,0,5.497168225293202,Тропарево,Designer
55.8,2.0,21.0,30,18.0,0.7,0,0,0,4.039536325727106,Бунинская Аллея,Cosmetic
65.0,1.0,5.0,14,10.0,0.3571428571428571,0,0,0,4.189654742026425,Серпуховская,Without renovation
102.1,4.0,15.0,19,10.0,0.7894736842105263,0,0,0,4.635699391022914,Красные ворота,Designer
206.0,5.0,8.0,30,15.0,0.2666666666666666,0,0,0,5.332718793265369,Проспект Вернадского,Designer
26.2,0.0,4.0,4,9.0,1.0,0,1,1,3.3032169733019514,Рижская,Cosmetic
171.0,0.0,23.0,32,10.0,0.71875,0,0,1,5.147494476813453,Новаторская,Without renovation
98.6,3.0,11.0,22,17.0,0.5,0,0,0,4.601162164590552,Беломорская,Designer
79.0,3.0,1.0,17,9.0,0.0588235294117647,1,0,0,4.382026634673881,Пятницкое шоссе,Cosmetic
195.7,5.0,10.0,18,6.0,0.5555555555555556,0,0,0,5.281679725395013,Спортивная,Without renovation
137.0,4.0,8.0,9,4.0,0.8888888888888888,0,0,0,4.927253685157205,Ломоносовский проспект,Without renovation
79.2,3.0,1.0,5,12.0,0.2,1,0,0,4.384523514872469,Сходненская,Cosmetic
43.0,0.0,6.0,29,4.0,0.2068965517241379,0,0,1,3.784189633918261,Кунцевская,Without renovation
53.7,2.0,17.0,17,22.0,1.0,0,1,0,4.001863709427935,Перово,Cosmetic
37.3,1.0,2.0,19,3.0,0.1052631578947368,0,0,0,3.6454498961866,Пролетарская,European-style renovation
14.0,0.0,1.0,4,8.0,0.25,1,0,1,2.70805020110221,Цветной бульвар,Cosmetic
95.0,4.0,5.0,6,4.0,0.8333333333333334,0,0,0,4.564348191467836,Смоленская,European-style renovation
56.5,3.0,8.0,9,26.0,0.8888888888888888,0,0,0,4.051784947803305,Теплый Стан,Cosmetic
233.0,6.0,15.0,57,9.0,0.2631578947368421,0,0,0,5.455321115357702,Аэропорт,Designer
55.0,2.0,2.0,24,13.0,0.0833333333333333,0,0,0,4.02535169073515,Физтех,Cosmetic
75.0,0.0,3.0,4,24.0,0.75,0,0,1,4.330733340286331,Рижская,Designer
81.4,0.0,12.0,53,13.0,0.2264150943396226,0,0,1,4.411585436915426,Шелепиха,Without renovation
105.8,4.0,21.0,23,19.0,0.9130434782608696,0,0,0,4.670957926526095,Текстильщики,Designer
42.5,2.0,4.0,5,7.0,0.8,0,0,0,3.7727609380946383,Войковская,Cosmetic
24.9,0.0,11.0,14,10.0,0.7857142857142857,0,0,1,3.254242968705492,Сокол,European-style renovation
26.0,6.0,22.0,26,15.0,0.8461538461538461,0,0,0,3.295836866004329,Нагатинская,Cosmetic
335.7,5.0,1.0,8,7.0,0.125,1,0,0,5.819192326167029,Парк культуры,Designer
137.0,4.0,2.0,7,11.0,0.2857142857142857,0,0,0,4.927253685157205,Новокузнецкая,Designer
50.2,2.0,16.0,16,17.0,1.0,0,1,0,3.9357395320454622,Марьино,Cosmetic
40.0,1.0,15.0,24,7.0,0.625,0,0,0,3.713572066704308,Славянский бульвар,Cosmetic
67.1,2.0,1.0,5,7.0,0.2,1,0,0,4.220977213155467,Каховская,Cosmetic
258.0,5.0,11.0,13,13.0,0.8461538461538461,0,0,0,5.556828061699537,Смоленская,Designer
37.5,0.0,2.0,21,8.0,0.0952380952380952,0,0,1,3.6506582412937383,Волгоградский проспект,Without renovation
142.0,4.0,16.0,26,13.0,0.6153846153846154,0,0,0,4.962844630259907,Аминьевская,Without renovation
92.5,4.0,3.0,17,12.0,0.1764705882352941,0,0,0,4.537961436294641,Чертановская,European-style renovation
304.0,5.0,4.0,6,6.0,0.6666666666666666,0,0,0,5.720311776607412,Кропоткинская,Without renovation
87.0,3.0,15.0,22,17.0,0.6818181818181818,0,0,0,4.477336814478207,Давыдково,Without renovation
26.0,0.0,14.0,24,13.0,0.5833333333333334,0,0,1,3.295836866004329,Шелепиха,Designer
97.7,3.0,17.0,22,12.0,0.7727272727272727,0,0,0,4.592084946439436,ЗИЛ,Without renovation
64.0,4.0,1.0,9,57.0,0.1111111111111111,1,0,0,4.174387269895637,Алма-Атинская,Cosmetic
105.0,4.0,12.0,22,12.0,0.5454545454545454,0,0,0,4.663439094112067,Борисово,Designer
36.4,1.0,8.0,14,10.0,0.5714285714285714,0,0,0,3.6216707044204863,Гражданская,Cosmetic
15.1,0.0,2.0,9,27.0,0.2222222222222222,0,0,1,2.778819271990417,Яхромская,Without renovation
107.5,4.0,24.0,24,13.0,1.0,0,1,0,4.686750172980514,Шелепиха,Without renovation
20.0,0.0,1.0,9,11.0,0.1111111111111111,1,0,1,3.044522437723423,Люблино,Without renovation
127.2,3.0,5.0,8,20.0,0.625,0,0,0,4.853591544486569,Ольховая,Designer
121.5,4.0,18.0,29,22.0,0.6206896551724138,0,0,0,4.808111029984782,Дубровка,Without renovation
28.0,0.0,3.0,45,13.0,0.0666666666666666,0,0,1,3.367295829986474,Селигерская,Designer
81.1,3.0,12.0,28,7.0,0.4285714285714285,0,0,0,4.407938016458383,Молодежная,European-style renovation
36.9,2.0,3.0,5,2.0,0.6,0,0,0,3.634951112088381,Окружная,Cosmetic
107.7,4.0,15.0,50,12.0,0.3,0,0,0,4.688591794127164,Мичуринский проспект,Without renovation
65.4,2.0,12.0,40,12.0,0.3,0,0,0,4.1956970564823886,ЗИЛ,European-style renovation
153.0,4.0,4.0,19,11.0,0.2105263157894736,0,0,0,5.0369526024136295,Сухаревская,Designer
63.4,3.0,6.0,12,7.0,0.5,0,0,0,4.165113633110308,Бибирево,Cosmetic
15.0,0.0,1.0,14,10.0,0.0714285714285714,1,0,1,2.772588722239781,Юго-Восточная,European-style renovation
43.6,1.0,5.0,25,12.0,0.2,0,0,0,3.7977338590260175,Беговая,Cosmetic
79.88,3.0,2.0,14,8.0,0.1428571428571428,0,0,0,4.392966574712216,Киевская,Without renovation
26.0,0.0,29.0,47,13.0,0.6170212765957447,0,0,1,3.295836866004329,Дмитровская,Cosmetic
34.1,0.0,16.0,25,9.0,0.64,0,0,1,3.55820113047182,Аннино,Designer
21.2,0.0,3.0,8,13.0,0.375,0,0,1,3.100092288878234,Чкаловская,Without renovation
76.0,3.0,2.0,10,15.0,0.2,0,0,0,4.343805421853684,Университет,Without renovation
188.0,5.0,3.0,5,6.0,0.6,0,0,0,5.241747015059643,Чеховская,Designer
164.5,4.0,5.0,19,6.0,0.2631578947368421,0,0,0,5.1089711948171175,Университет,Designer
80.0,3.0,4.0,5,5.0,0.8,0,0,0,4.394449154672439,Андроновка,Cosmetic
45.0,2.0,2.0,5,6.0,0.4,0,0,0,3.828641396489095,Текстильщики,Cosmetic
53.4,2.0,13.0,18,14.0,0.7222222222222222,0,0,0,3.996364153861897,Кузьминки,Cosmetic
19.9,6.0,14.0,14,15.0,1.0,0,1,0,3.039749158970765,Саларьево,Cosmetic
103.8,3.0,2.0,21,22.0,0.0952380952380952,0,0,0,4.6520537718869415,Беломорская,Designer
20.3,6.0,9.0,33,6.0,0.2727272727272727,0,0,0,3.05870707271538,Дегунино,Cosmetic
62.1,3.0,8.0,12,7.0,0.6666666666666666,0,0,0,4.144720769547168,Строгино,Cosmetic
90.0,3.0,7.0,21,11.0,0.3333333333333333,0,0,0,4.51085950651685,Деловой центр,Without renovation
44.5,1.0,18.0,25,25.0,0.72,0,0,0,3.817712325956905,Коммунарка,European-style renovation
18.7,0.0,2.0,5,10.0,0.4,0,0,1,2.9806186357439426,Ботанический сад,Without renovation
68.4,3.0,4.0,12,9.0,0.3333333333333333,0,0,0,4.239886867512759,Зюзино,Cosmetic
16.0,0.0,4.0,5,12.0,0.8,0,0,1,2.833213344056216,Первомайская,European-style renovation
72.1,2.0,5.0,11,5.0,0.4545454545454545,0,0,0,4.291828366755733,Панфиловская,European-style renovation
36.0,1.0,3.0,10,4.0,0.3,0,0,0,3.610917912644224,Братиславская,European-style renovation
89.0,3.0,3.0,14,19.0,0.2142857142857142,0,0,0,4.499809670330265,Перово,Cosmetic
114.92,2.0,4.0,19,7.0,0.2105263157894736,0,0,0,4.752900298012427,Красные ворота,Without renovation
160.7,4.0,7.0,9,3.0,0.7777777777777778,0,0,0,5.085742766583061,Новокузнецкая,Designer
55.0,2.0,16.0,17,20.0,0.9411764705882352,0,0,0,4.02535169073515,Кузьминки,Cosmetic
102.0,3.0,2.0,9,7.0,0.2222222222222222,0,0,0,4.634728988229636,Арбатская,Without renovation
226.2,5.0,7.0,10,4.0,0.7,0,0,0,5.4258306868469965,Крылатское,Designer
126.6,3.0,6.0,24,12.0,0.25,0,0,0,4.848900370910689,Белорусская,Designer
142.5,4.0,4.0,12,11.0,0.3333333333333333,0,0,0,4.966335035199676,Динамо,Designer
24.1,0.0,4.0,15,19.0,0.2666666666666666,0,0,1,3.2228678461377385,Коммунарка,European-style renovation
90.1,3.0,15.0,24,17.0,0.625,0,0,0,4.511957804265912,Перерва,Cosmetic
71.1,2.0,5.0,11,5.0,0.4545454545454545,0,0,0,4.278054044290903,Панфиловская,European-style renovation
92.0,3.0,11.0,21,8.0,0.5238095238095238,0,0,0,4.532599493153256,Динамо,Designer
57.4,2.0,22.0,22,23.0,1.0,0,1,0,4.067315889834181,Отрадное,Designer
39.0,2.0,1.0,5,8.0,0.2,1,0,0,3.688879454113936,Пионерская,European-style renovation
200.0,5.0,4.0,13,8.0,0.3076923076923077,0,0,0,5.303304908059076,Новослободская,Without renovation
53.7,3.0,3.0,5,13.0,0.6,0,0,0,4.001863709427935,Динамо,Without renovation
40.0,1.0,11.0,12,22.0,0.9166666666666666,0,0,0,3.713572066704308,Пражская,Cosmetic
32.2,0.0,18.0,18,18.0,1.0,0,1,1,3.502549875922443,Ботанический сад,Without renovation
62.0,3.0,12.0,14,10.0,0.8571428571428571,0,0,0,4.143134726391533,Бабушкинская,Cosmetic
38.0,0.0,11.0,12,6.0,0.9166666666666666,0,0,1,3.6635616461296463,Маяковская,European-style renovation
80.0,3.0,2.0,22,16.0,0.0909090909090909,0,0,0,4.394449154672439,Кантемировская,Cosmetic
102.15,3.0,44.0,57,5.0,0.7719298245614035,0,0,0,4.636184239517261,Фили,Without renovation
126.6,3.0,6.0,27,7.0,0.2222222222222222,0,0,0,4.848900370910689,Белорусская,Designer
50.3,2.0,9.0,16,14.0,0.5625,0,0,0,3.937690752176724,Москва-Товарная,Cosmetic
32.0,1.0,5.0,8,10.0,0.625,0,0,0,3.49650756146648,Автозаводская,European-style renovation
59.7,3.0,3.0,9,26.0,0.3333333333333333,0,0,0,4.1059436980654525,Народное Ополчение,Cosmetic
100.0,4.0,3.0,6,2.0,0.5,0,0,0,4.61512051684126,Чеховская,Without renovation
37.2,1.0,14.0,14,9.0,1.0,0,1,0,3.6428355156125294,Ольховая,Cosmetic
58.0,3.0,4.0,9,16.0,0.4444444444444444,0,0,0,4.07753744390572,Беляево,Cosmetic
128.7,4.0,4.0,7,10.0,0.5714285714285714,0,0,0,4.865224091322398,Римская,Designer
58.6,3.0,1.0,5,9.0,0.2,1,0,0,4.087655574071304,Юго-Восточная,European-style renovation
190.75,5.0,10.0,21,5.0,0.4761904761904761,0,0,0,5.256192440247365,Беговая,Designer
58.0,3.0,8.0,9,12.0,0.8888888888888888,0,0,0,4.07753744390572,Тестовская,Cosmetic
250.0,5.0,16.0,22,9.0,0.7272727272727273,0,0,0,5.525452939131784,Филёвский парк,Designer
320.0,5.0,1.0,7,25.0,0.1428571428571428,1,0,0,5.771441123130016,Минская,European-style renovation
67.0,3.0,12.0,16,13.0,0.75,0,0,0,4.219507705176107,Фили,Designer
34.4,1.0,33.0,33,19.0,1.0,0,1,0,3.5667118201397288,Бескудниково,Cosmetic
150.4,4.0,1.0,4,6.0,0.25,1,0,0,5.019925341003349,Арбатская,Designer
37.5,1.0,14.0,16,12.0,0.875,0,0,0,3.6506582412937383,Нагорная,Cosmetic
75.0,3.0,7.0,17,22.0,0.4117647058823529,0,0,0,4.330733340286331,Пенягино,Cosmetic
35.0,1.0,18.0,22,19.0,0.8181818181818182,0,0,0,3.58351893845611,Саларьево,Without renovation
96.0,0.0,3.0,26,13.0,0.1153846153846153,0,0,1,4.574710978503383,Аминьевская,Without renovation
319.0,6.0,18.0,19,2.0,0.9473684210526316,0,0,0,5.768320995793772,Раменки,Designer
18.0,0.0,4.0,22,16.0,0.1818181818181818,0,0,1,2.9444389791664403,Тропарево,Designer
45.0,1.0,12.0,19,7.0,0.631578947368421,0,0,0,3.828641396489095,Площадь Гагарина,Designer
23.3,0.0,7.0,7,14.0,1.0,0,1,1,3.190476350346503,Красный Балтиец,Cosmetic
207.1,4.0,5.0,17,8.0,0.2941176470588235,0,0,0,5.338018733399589,Смоленская,Without renovation
25.2,0.0,6.0,25,20.0,0.24,0,0,1,3.265759410767051,Отрадное,Designer
118.0,4.0,3.0,7,12.0,0.4285714285714285,0,0,0,4.77912349311153,Китай-город,Without renovation
186.0,4.0,5.0,5,9.0,1.0,0,1,0,5.231108616854587,Добрынинская,Designer
76.0,3.0,11.0,17,16.0,0.6470588235294118,0,0,0,4.343805421853684,Пыхтино,European-style renovation
11.7,0.0,1.0,9,12.0,0.1111111111111111,1,0,1,2.5416019934645457,Щелковская,Cosmetic
38.4,1.0,3.0,12,20.0,0.25,0,0,0,3.673765816303888,Сходненская,Cosmetic
75.0,3.0,10.0,14,9.0,0.7142857142857143,0,0,0,4.330733340286331,Селигерская,Cosmetic
15.8,0.0,2.0,23,6.0,0.0869565217391304,0,0,1,2.8213788864092133,Рассказовка,Without renovation
39.5,1.0,14.0,22,8.0,0.6363636363636364,0,0,0,3.701301974112493,Мичуринский проспект,European-style renovation
100.0,4.0,5.0,22,4.0,0.2272727272727272,0,0,0,4.61512051684126,Солнцево,Cosmetic
14.0,0.0,1.0,4,5.0,0.25,1,0,1,2.70805020110221,Третьяковская,European-style renovation
112.6,5.0,7.0,12,6.0,0.5833333333333334,0,0,0,4.732683506287051,Улица Скобелевская,Cosmetic
13.0,0.0,1.0,5,10.0,0.2,1,0,1,2.6390573296152584,Красный Балтиец,Without renovation
121.0,4.0,2.0,13,16.0,0.1538461538461538,0,0,0,4.804021044733257,Бескудниково,Without renovation
72.5,3.0,4.0,20,14.0,0.2,0,0,0,4.297285406218791,Пыхтино,European-style renovation
43.4,2.0,1.0,8,6.0,0.125,1,0,0,3.7932394694381792,Варшавская,Cosmetic
81.5,0.0,3.0,7,8.0,0.4285714285714285,0,0,1,4.412798293340635,Маяковская,Without renovation
48.5,1.0,27.0,34,16.0,0.7941176470588235,0,0,0,3.901972669574645,Улица Скобелевская,European-style renovation
52.0,2.0,7.0,13,10.0,0.5384615384615384,0,0,0,3.970291913552122,Селигерская,Cosmetic
53.4,2.0,6.0,9,20.0,0.6666666666666666,0,0,0,3.996364153861897,Речной вокзал,European-style renovation
76.6,3.0,4.0,17,14.0,0.2352941176470588,0,0,0,4.351567427189173,Новые Черемушки,European-style renovation
20.5,6.0,1.0,9,13.0,0.1111111111111111,1,0,0,3.068052935133617,Говорово,Cosmetic
51.0,2.0,17.0,17,16.0,1.0,0,1,0,3.951243718581428,Ботанический сад,Without renovation
74.2,3.0,6.0,10,7.0,0.6,0,0,0,4.320151230955794,Бульвар Адмирала Ушакова,European-style renovation
72.0,3.0,11.0,19,9.0,0.5789473684210527,0,0,0,4.290459441148391,Динамо,Designer
88.6,4.0,3.0,29,6.0,0.1034482758620689,0,0,0,4.4953553199808844,Нагатинская,European-style renovation
44.0,1.0,9.0,32,21.0,0.28125,0,0,0,3.80666248977032,Автозаводская,Without renovation
16.8,0.0,1.0,14,13.0,0.0714285714285714,1,0,1,2.87919845729804,Таганская,Without renovation
271.0,6.0,17.0,17,20.0,1.0,0,1,0,5.605802066295998,Ленинский проспект,Without renovation
58.5,3.0,6.0,9,4.0,0.6666666666666666,0,0,0,4.085976312551584,Домодедовская,Cosmetic
186.0,4.0,2.0,8,11.0,0.25,0,0,0,5.231108616854587,Кропоткинская,Without renovation
34.1,1.0,8.0,16,15.0,0.5,0,0,0,3.55820113047182,Чертановская,Cosmetic
77.0,3.0,2.0,17,19.0,0.1176470588235294,0,0,0,4.356708826689592,Новокосино,Cosmetic
37.6,1.0,18.0,43,15.0,0.4186046511627907,0,0,0,3.653252276470785,Аминьевская,Without renovation
121.2,2.0,8.0,8,9.0,1.0,0,1,0,4.805659046737495,Арбатская,Designer
233.0,4.0,5.0,8,11.0,0.625,0,0,0,5.455321115357702,Кропоткинская,Designer
111.2,4.0,16.0,56,28.0,0.2857142857142857,0,0,0,4.720282993088596,Мнёвники,Designer
20.0,0.0,1.0,5,13.0,0.2,1,0,1,3.044522437723423,Академическая,Cosmetic
55.2,2.0,25.0,32,13.0,0.78125,0,0,0,4.028916756899646,Народное Ополчение,European-style renovation
50.8,1.0,2.0,14,14.0,0.1428571428571428,0,0,0,3.947390149265437,Люблино,Cosmetic
43.0,1.0,10.0,29,21.0,0.3448275862068966,0,0,0,3.784189633918261,Автозаводская,Designer
50.0,0.0,8.0,14,10.0,0.5714285714285714,0,0,1,3.9318256327243257,Сокол,European-style renovation
52.2,2.0,9.0,17,9.0,0.5294117647058824,0,0,0,3.974058396347599,Теплый Стан,European-style renovation
86.6,4.0,2.0,32,11.0,0.0625,0,0,0,4.472780997942346,Бутырская,European-style renovation
64.7,3.0,8.0,12,10.0,0.6666666666666666,0,0,0,4.185098925490565,Зюзино,Cosmetic
107.3,4.0,26.0,42,5.0,0.6190476190476191,0,0,0,4.684905154006945,Аминьевская,Without renovation
97.2,2.0,2.0,24,2.0,0.0833333333333333,0,0,0,4.58700621536042,Севастопольская,European-style renovation
81.0,2.0,18.0,25,11.0,0.72,0,0,0,4.406719247264253,Волоколамская,Designer
71.4,3.0,8.0,14,18.0,0.5714285714285714,0,0,0,4.282206299391671,Перово,Without renovation
66.0,0.0,3.0,12,24.0,0.25,0,0,1,4.204692619390966,Ломоносовский проспект,Without renovation
62.8,2.0,8.0,15,22.0,0.5333333333333333,0,0,0,4.155753190350744,ЗИЛ,European-style renovation
183.5,5.0,12.0,14,18.0,0.8571428571428571,0,0,0,5.217649463480582,Коломенская,European-style renovation
40.0,6.0,14.0,19,7.0,0.7368421052631579,0,0,0,3.713572066704308,Красные ворота,European-style renovation
151.4,4.0,26.0,29,16.0,0.896551724137931,0,0,0,5.026508643252546,Шаболовская,Without renovation
237.2,3.0,14.0,14,9.0,1.0,0,1,0,5.473110656921199,Спортивная,Designer
82.0,3.0,2.0,5,5.0,0.4,0,0,0,4.418840607796598,Фили,European-style renovation
25.4,0.0,8.0,22,26.0,0.3636363636363636,0,0,1,3.2733640101522705,Саларьево,Without renovation
22.5,0.0,7.0,16,12.0,0.4375,0,0,1,3.157000421150113,Коммунарка,Without renovation
36.1,2.0,10.0,14,6.0,0.7142857142857143,0,0,0,3.6136169696133895,Варшавская,Cosmetic
125.7,5.0,4.0,16,8.0,0.25,0,0,0,4.841822087327094,Бульвар Адмирала Ушакова,European-style renovation
70.0,3.0,2.0,8,14.0,0.25,0,0,0,4.262679877041316,Дубровка,Cosmetic
77.0,0.0,3.0,5,14.0,0.6,0,0,1,4.356708826689592,ЗИЛ,Without renovation
73.72,4.0,20.0,34,7.0,0.5882352941176471,0,0,0,4.313747793920587,Аминьевская,European-style renovation
69.7,1.0,7.0,27,14.0,0.2592592592592592,0,0,0,4.258445572902527,Площадь Ильича,European-style renovation
100.0,3.0,5.0,25,10.0,0.2,0,0,0,4.61512051684126,Аминьевская,Without renovation
35.3,1.0,5.0,13,17.0,0.3846153846153846,0,0,0,3.591817741270805,Шаболовская,European-style renovation
64.1,2.0,20.0,37,10.0,0.5405405405405406,0,0,0,4.175924549214524,Аминьевская,Without renovation
148.0,4.0,16.0,17,17.0,0.9411764705882352,0,0,0,5.003946305945459,Новаторская,Designer
16.0,0.0,1.0,9,19.0,0.1111111111111111,1,0,1,2.833213344056216,Шипиловская,European-style renovation
158.3,3.0,18.0,25,15.0,0.72,0,0,0,5.070789216916003,Рабочий Посёлок,European-style renovation
36.1,1.0,5.0,15,11.0,0.3333333333333333,0,0,0,3.6136169696133895,Беляево,European-style renovation
32.8,0.0,24.0,41,19.0,0.5853658536585366,0,0,1,3.520460802488973,Шелепиха,Without renovation
97.6,3.0,12.0,22,12.0,0.5454545454545454,0,0,0,4.591071261608589,ЗИЛ,Without renovation
70.0,3.0,3.0,8,12.0,0.375,0,0,0,4.262679877041316,Белорусская,European-style renovation
87.2,0.0,4.0,45,10.0,0.0888888888888888,0,0,1,4.4796069630127455,Шелепиха,Designer
143.2,2.0,1.0,6,4.0,0.1666666666666666,1,0,0,4.971201224850849,Чистые пруды,Designer
63.6,3.0,1.0,9,17.0,0.1111111111111111,1,0,0,4.168214410788556,Выхино,Cosmetic
60.1,2.0,17.0,17,6.0,1.0,0,1,0,4.11251186617755,Некрасовка,European-style renovation
385.0,5.0,3.0,3,23.0,1.0,0,1,0,5.955837369464831,Славянский бульвар,Designer
58.1,2.0,10.0,14,4.0,0.7142857142857143,0,0,0,4.079230924412053,Дубровка,Without renovation
15.6,0.0,5.0,9,14.0,0.5555555555555556,0,0,1,2.8094026953624978,Красный Балтиец,European-style renovation
35.9,1.0,40.0,53,4.0,0.7547169811320755,0,0,0,3.6082115510464816,Медведково,Cosmetic
261.0,6.0,3.0,6,5.0,0.5,0,0,0,5.568344503761097,Чистые пруды,Designer
59.6,2.0,4.0,11,5.0,0.3636363636363636,0,0,0,4.104294893075269,Панфиловская,European-style renovation
62.8,2.0,6.0,15,22.0,0.4,0,0,0,4.155753190350744,ЗИЛ,European-style renovation
137.0,5.0,8.0,12,1.0,0.6666666666666666,0,0,0,4.927253685157205,Минская,Without renovation
230.4,5.0,12.0,15,12.0,0.8,0,0,0,5.444147814759576,Давыдково,Designer
300.0,4.0,24.0,25,23.0,0.96,0,0,0,5.707110264748875,Давыдково,Without renovation
53.0,1.0,3.0,10,9.0,0.3,0,0,0,3.9889840465642745,Преображенская площадь,European-style renovation
93.5,3.0,11.0,29,22.0,0.3793103448275862,0,0,0,4.548599834499697,Рабочий Посёлок,Without renovation
92.0,3.0,4.0,6,7.0,0.6666666666666666,0,0,0,4.532599493153256,Комсомольская,Cosmetic
38.1,1.0,2.0,18,19.0,0.1111111111111111,0,0,0,3.66612246699132,Братиславская,Cosmetic
28.0,0.0,4.0,13,19.0,0.3076923076923077,0,0,1,3.367295829986474,Саларьево,European-style renovation
38.1,1.0,10.0,15,23.0,0.6666666666666666,0,0,0,3.66612246699132,Измайловская,Cosmetic
20.5,0.0,4.0,22,17.0,0.1818181818181818,0,0,1,3.068052935133617,Тропарево,European-style renovation
13.5,0.0,1.0,5,10.0,0.2,1,0,1,2.6741486494265287,Мичуринский проспект,Without renovation
68.8,2.0,5.0,11,5.0,0.4545454545454545,0,0,0,4.245634009768327,Панфиловская,European-style renovation
75.0,3.0,4.0,5,8.0,0.8,0,0,0,4.330733340286331,Автозаводская,Cosmetic
131.3,3.0,5.0,6,12.0,0.8333333333333334,0,0,0,4.88507207112091,Спортивная,Designer
74.2,3.0,1.0,17,20.0,0.0588235294117647,1,0,0,4.320151230955794,Сетунь,Designer
109.7,3.0,3.0,20,12.0,0.15,0,0,0,4.706823839714591,Волоколамская,European-style renovation
75.0,3.0,11.0,16,24.0,0.6875,0,0,0,4.330733340286331,Свиблово,European-style renovation
269.0,6.0,16.0,17,3.0,0.9411764705882352,0,0,0,5.598421958998375,Филёвский парк,European-style renovation
22.0,0.0,6.0,6,8.0,1.0,0,1,1,3.1354942159291497,Динамо,Without renovation
34.8,1.0,8.0,12,19.0,0.6666666666666666,0,0,0,3.5779478934066544,Медведково,Cosmetic
280.0,6.0,15.0,16,3.0,0.9375,0,0,0,5.638354669333745,Народное Ополчение,European-style renovation
68.9,3.0,8.0,19,16.0,0.4210526315789473,0,0,0,4.247065649239764,Беляево,European-style renovation
145.0,4.0,24.0,28,10.0,0.8571428571428571,0,0,0,4.983606621708336,Октябрьское поле,Cosmetic
119.2,3.0,3.0,13,8.0,0.2307692307692307,0,0,0,4.789157022101107,Новослободская,Designer
61.0,3.0,1.0,6,10.0,0.1666666666666666,1,0,0,4.127134385045092,Киевская,European-style renovation
61.1,0.0,19.0,20,14.0,0.95,0,0,1,4.128745988939433,Технопарк,Without renovation
82.7,2.0,11.0,17,25.0,0.6470588235294118,0,0,0,4.4272389774954295,Покровское,European-style renovation
134.2,4.0,6.0,14,13.0,0.4285714285714285,0,0,0,4.906755163608864,Киевская,European-style renovation
160.4,3.0,9.0,14,5.0,0.6428571428571429,0,0,0,5.083885755835849,Третьяковская,Designer
317.4,6.0,26.0,27,9.0,0.9629629629629628,0,0,0,5.763308453970228,Октябрьское поле,Without renovation
75.0,2.0,5.0,7,10.0,0.7142857142857143,0,0,0,4.330733340286331,Новокузнецкая,Designer
41.0,1.0,1.0,12,9.0,0.0833333333333333,1,0,0,3.737669618283368,Печатники,Without renovation
150.0,5.0,27.0,34,8.0,0.7941176470588235,0,0,0,5.017279836814924,Гражданская,Designer
107.6,5.0,20.0,21,14.0,0.9523809523809524,0,0,0,4.687671407499835,Электрозаводская,Without renovation
43.4,1.0,24.0,35,15.0,0.6857142857142857,0,0,0,3.7932394694381792,Алексеевская,Without renovation
62.4,2.0,8.0,16,18.0,0.5,0,0,0,4.14946386144318,ЗИЛ,European-style renovation
109.2,3.0,5.0,18,6.0,0.2777777777777778,0,0,0,4.702296896718814,Панфиловская,Without renovation
127.0,4.0,26.0,34,11.0,0.7647058823529411,0,0,0,4.852030263919617,Гражданская,Without renovation
30.1,0.0,3.0,5,9.0,0.6,0,0,1,3.4372078191851885,Беговая,European-style renovation
172.0,4.0,19.0,42,17.0,0.4523809523809524,0,0,0,5.153291594497779,Ломоносовский проспект,Designer
164.0,4.0,4.0,5,9.0,0.8,0,0,0,5.10594547390058,Смоленская,European-style renovation
56.1,2.0,11.0,12,27.0,0.9166666666666666,0,0,0,4.044804116661965,Прокшино,Cosmetic
54.2,2.0,5.0,6,5.0,0.8333333333333334,0,0,0,4.01096295328305,Пушкинская,Designer
128.0,4.0,9.0,22,6.0,0.4090909090909091,0,0,0,4.859812404361672,Кунцевская,Without renovation
91.0,4.0,5.0,17,25.0,0.2941176470588235,0,0,0,4.5217885770490405,Новопеределкино,Designer
19.0,0.0,1.0,5,13.0,0.2,1,0,1,2.995732273553991,Савеловская,Without renovation
356.9,6.0,23.0,26,18.0,0.8846153846153846,0,0,0,5.88025361777198,Академическая,Designer
14.6,0.0,1.0,8,8.0,0.125,1,0,1,2.747270914255491,Калитники,Without renovation
16.8,0.0,3.0,3,7.0,1.0,0,1,1,2.87919845729804,Нижегородская,European-style renovation
86.9,4.0,2.0,27,17.0,0.074074074074074,0,0,0,4.476199804691132,Павелецкая,European-style renovation
20.0,0.0,4.0,9,25.0,0.4444444444444444,0,0,1,3.044522437723423,Внуково,Cosmetic
21.7,6.0,14.0,18,15.0,0.7777777777777778,0,0,0,3.122364924487357,Коммунарка,Cosmetic
54.5,2.0,9.0,18,22.0,0.5,0,0,0,4.0163830207523885,Селигерская,Without renovation
21.0,0.0,14.0,25,12.0,0.56,0,0,1,3.091042453358316,Саларьево,European-style renovation
303.0,6.0,3.0,12,4.0,0.25,0,0,0,5.717027701406222,Ломоносовский проспект,Without renovation
216.0,4.0,4.0,6,11.0,0.6666666666666666,0,0,0,5.37989735354046,Боровицкая,Without renovation
100.0,4.0,3.0,15,10.0,0.2,0,0,0,4.61512051684126,Киевская,European-style renovation
54.5,3.0,6.0,24,6.0,0.25,0,0,0,4.0163830207523885,Коньково,Cosmetic
30.9,0.0,10.0,18,6.0,0.5555555555555556,0,0,1,3.462606009790799,Стрешнево,Designer
63.7,0.0,16.0,23,4.0,0.6956521739130435,0,0,1,4.169761201506855,Стахановская,Without renovation
127.0,4.0,3.0,17,10.0,0.1764705882352941,0,0,0,4.852030263919617,Ломоносовский проспект,Designer
214.6,4.0,15.0,16,12.0,0.9375,0,0,0,5.3734248390348425,Минская,Designer
85.4,3.0,32.0,32,18.0,1.0,0,1,0,4.45898767581001,Калужская,Without renovation
67.6,3.0,5.0,12,3.0,0.4166666666666667,0,0,0,4.22829253473184,Парк Победы,Without renovation
53.6,2.0,7.0,7,9.0,1.0,0,1,0,4.000033882750859,Смоленская,Without renovation
105.1,2.0,9.0,11,9.0,0.8181818181818182,0,0,0,4.664382045619937,Панфиловская,Without renovation
105.42,4.0,9.0,9,14.0,1.0,0,1,0,4.667393529168224,Варшавская,Cosmetic
94.0,3.0,24.0,40,12.0,0.6,0,0,0,4.553876891600541,ЗИЛ,Without renovation
19.0,0.0,1.0,16,9.0,0.0625,1,0,1,2.995732273553991,Бунинская Аллея,Cosmetic
149.0,3.0,4.0,15,15.0,0.2666666666666666,0,0,0,5.010635294096256,Улица 1905 года,Designer
108.0,3.0,13.0,22,18.0,0.5909090909090909,0,0,0,4.691347882229144,Тушинская,European-style renovation
38.6,1.0,16.0,26,17.0,0.6153846153846154,0,0,0,3.6788291182604342,Улица Скобелевская,Designer
81.4,3.0,2.0,19,7.0,0.1052631578947368,0,0,0,4.411585436915426,Народное Ополчение,European-style renovation
354.1,5.0,2.0,6,37.0,0.3333333333333333,0,0,0,5.872399439949042,Тушинская,Designer
34.5,1.0,13.0,33,14.0,0.3939393939393939,0,0,0,3.56953269648137,Бульвар Рокоссовского,Cosmetic
11.5,0.0,1.0,9,17.0,0.1111111111111111,1,0,1,2.525728644308256,Выхино,Cosmetic
107.0,4.0,15.0,41,6.0,0.3658536585365853,0,0,0,4.68213122712422,Шелепиха,Designer
85.0,4.0,3.0,5,11.0,0.6,0,0,0,4.454347296253507,Перово,Designer
90.0,3.0,3.0,9,10.0,0.3333333333333333,0,0,0,4.51085950651685,Лужники,Designer
43.7,1.0,11.0,23,22.0,0.4782608695652174,0,0,0,3.7999735016195233,Профсоюзная,Without renovation
108.5,3.0,14.0,18,6.0,0.7777777777777778,0,0,0,4.695924549256556,Панфиловская,Without renovation
150.5,3.0,10.0,18,16.0,0.5555555555555556,0,0,0,5.020585624949423,Выставочная,Designer
98.0,4.0,4.0,12,17.0,0.3333333333333333,0,0,0,4.59511985013459,Перово,Cosmetic
205.0,5.0,4.0,22,14.0,0.1818181818181818,0,0,0,5.327876168789581,Новаторская,European-style renovation
50.2,2.0,8.0,16,10.0,0.5,0,0,0,3.9357395320454622,Багратионовская,European-style renovation
212.2,5.0,23.0,23,17.0,1.0,0,1,0,5.362230692291689,Давыдково,Without renovation
107.0,3.0,8.0,28,9.0,0.2857142857142857,0,0,0,4.68213122712422,Раменки,Without renovation
21.2,6.0,7.0,13,6.0,0.5384615384615384,0,0,0,3.100092288878234,Прокшино,Cosmetic
204.6,2.0,3.0,5,6.0,0.6,0,0,0,5.32593253358101,Смоленская,Designer
375.0,6.0,13.0,25,24.0,0.52,0,0,0,5.929589143389895,Народное Ополчение,Designer
42.8,1.0,14.0,23,10.0,0.6086956521739131,0,0,0,3.779633817382401,Варшавская,Without renovation
38.4,1.0,2.0,17,5.0,0.1176470588235294,0,0,0,3.673765816303888,Славянский бульвар,European-style renovation
82.7,3.0,9.0,18,6.0,0.5,0,0,0,4.4272389774954295,Панфиловская,Without renovation
21.4,0.0,2.0,2,16.0,1.0,0,1,1,3.109060958860994,Петровский парк,Designer
84.8,3.0,3.0,4,13.0,0.75,0,0,0,4.4520190064939165,Киевская,Designer
145.1,4.0,12.0,20,10.0,0.6,0,0,0,4.984291318756654,Ботанический сад,Without renovation
44.4,2.0,3.0,9,16.0,0.3333333333333333,0,0,0,3.8155121050473024,Пражская,Cosmetic
37.9,1.0,10.0,22,12.0,0.4545454545454545,0,0,0,3.6609942506244,Новаторская,Without renovation
101.4,4.0,5.0,12,4.0,0.4166666666666667,0,0,0,4.628886712605407,Красносельская,Cosmetic
108.4,4.0,18.0,41,13.0,0.4390243902439024,0,0,0,4.695010889987881,Петровский парк,Without renovation
26.6,0.0,16.0,28,8.0,0.5714285714285714,0,0,1,3.317815772723105,Стрешнево,European-style renovation
26.3,0.0,4.0,45,13.0,0.0888888888888888,0,0,1,3.3068867021909143,Селигерская,Designer
194.0,4.0,10.0,14,10.0,0.7142857142857143,0,0,0,5.272999558563747,Серпуховская,Designer
82.79,3.0,3.0,28,4.0,0.1071428571428571,0,0,0,4.428313668625195,Нагатинская,European-style renovation
30.0,0.0,3.0,3,7.0,1.0,0,1,1,3.4339872044851463,Первомайская,European-style renovation
64.0,2.0,2.0,5,3.0,0.4,0,0,0,4.174387269895637,Кропоткинская,Without renovation
53.6,0.0,6.0,7,17.0,0.8571428571428571,0,0,1,4.000033882750859,Электрозаводская,Without renovation
46.0,1.0,3.0,5,6.0,0.6,0,0,0,3.8501476017100575,Новокузнецкая,Without renovation
84.5,4.0,5.0,12,15.0,0.4166666666666667,0,0,0,4.448516375942715,Люблино,Cosmetic
39.3,1.0,12.0,14,4.0,0.8571428571428571,0,0,0,3.696351468952637,Перово,Cosmetic
122.0,4.0,6.0,20,13.0,0.3,0,0,0,4.812184355372417,Профсоюзная,European-style renovation
61.3,1.0,6.0,8,7.0,0.75,0,0,0,4.131961425793407,Петровский парк,European-style renovation
30.0,0.0,6.0,9,8.0,0.6666666666666666,0,0,1,3.4339872044851463,Бауманская,European-style renovation
80.5,2.0,4.0,5,5.0,0.8,0,0,0,4.400603020246817,Кропоткинская,Designer
59.1,3.0,4.0,9,29.0,0.4444444444444444,0,0,0,4.096009841541162,Новогиреево,Cosmetic
50.5,2.0,2.0,14,6.0,0.1428571428571428,0,0,0,3.9415818076696905,Пятницкое шоссе,Cosmetic
85.2,0.0,7.0,7,17.0,1.0,0,1,1,4.456670177669648,Электрозаводская,Without renovation
18.3,0.0,4.0,5,14.0,0.8,0,0,1,2.96010509591084,Окская,European-style renovation
44.0,2.0,7.0,9,11.0,0.7777777777777778,0,0,0,3.80666248977032,Рязанский проспект,Cosmetic
69.1,2.0,9.0,16,18.0,0.5625,0,0,0,4.249922794040544,ЗИЛ,European-style renovation
332.4,6.0,7.0,7,3.0,1.0,0,1,0,5.809342970316694,Кропоткинская,Designer
15.1,0.0,3.0,3,3.0,1.0,0,1,1,2.778819271990417,Красносельская,Designer
60.5,3.0,7.0,9,12.0,0.7777777777777778,0,0,0,4.119037174812473,Теплый Стан,Cosmetic
59.0,0.0,13.0,17,13.0,0.7647058823529411,0,0,1,4.0943445622221,Улица 1905 года,European-style renovation
42.0,1.0,3.0,21,8.0,0.1428571428571428,0,0,0,3.7612001156935615,Верхние Лихоборы,Without renovation
171.4,5.0,12.0,21,13.0,0.5714285714285714,0,0,0,5.149817358229593,Белорусская,Designer
22.8,0.0,1.0,8,10.0,0.125,1,0,1,3.169685580677429,ВДНХ,European-style renovation
35.7,1.0,8.0,36,22.0,0.2222222222222222,0,0,0,3.6027767550605247,Шелепиха,Without renovation
79.3,3.0,1.0,12,11.0,0.0833333333333333,1,0,0,4.385769620952716,Бунинская Аллея,Cosmetic
75.6,3.0,8.0,15,22.0,0.5333333333333333,0,0,0,4.338597076746545,ЗИЛ,European-style renovation
176.0,5.0,3.0,18,10.0,0.1666666666666666,0,0,0,5.176149732573829,Октябрьское поле,European-style renovation
55.0,1.0,12.0,22,7.0,0.5454545454545454,0,0,0,4.02535169073515,Автозаводская,European-style renovation
241.0,5.0,5.0,9,10.0,0.5555555555555556,0,0,0,5.488937726156687,Смоленская,Designer
19.9,6.0,2.0,11,18.0,0.1818181818181818,0,0,0,3.039749158970765,Щербинка,Cosmetic
51.7,2.0,5.0,33,16.0,0.1515151515151515,0,0,0,3.964615455547317,Локомотив,European-style renovation
17.7,1.0,3.0,22,17.0,0.1363636363636363,0,0,0,2.928523523860541,Тропарево,European-style renovation
60.0,2.0,8.0,8,6.0,1.0,0,1,0,4.110873864173311,Улица 1905 года,European-style renovation
47.3,2.0,13.0,14,19.0,0.9285714285714286,0,0,0,3.877431560658527,Беляево,Designer
107.3,3.0,3.0,21,11.0,0.1428571428571428,0,0,0,4.684905154006945,Народное Ополчение,European-style renovation
15.5,0.0,1.0,12,19.0,0.0833333333333333,1,0,1,2.803360380906535,Щелковская,Without renovation
149.0,5.0,32.0,32,5.0,1.0,0,1,0,5.010635294096256,ЦСКА,European-style renovation
28.6,0.0,2.0,4,12.0,0.5,0,0,1,3.387774361330014,Преображенская площадь,Designer
76.4,3.0,6.0,19,23.0,0.3157894736842105,0,0,0,4.3489867805956814,Хорошево,Without renovation
135.6,4.0,23.0,37,15.0,0.6216216216216216,0,0,0,4.91705694713669,Петровский парк,Designer
38.0,1.0,4.0,6,8.0,0.6666666666666666,0,0,0,3.6635616461296463,Бауманская,Cosmetic
47.0,2.0,12.0,21,5.0,0.5714285714285714,0,0,0,3.871201010907891,Чкаловская,European-style renovation
55.3,2.0,5.0,17,18.0,0.2941176470588235,0,0,0,4.030694535145645,Университет,European-style renovation
77.4,4.0,19.0,69,6.0,0.2753623188405797,0,0,0,4.361823927356363,Кожуховская,European-style renovation
65.2,0.0,15.0,23,21.0,0.6521739130434783,0,0,1,4.192680462942962,Профсоюзная,Without renovation
15.4,1.0,1.0,4,15.0,0.25,1,0,0,2.797281334830153,Бауманская,European-style renovation
79.3,3.0,2.0,8,6.0,0.25,0,0,0,4.385769620952716,ВДНХ,European-style renovation
210.0,4.0,5.0,17,15.0,0.2941176470588235,0,0,0,5.351858133476067,Ломоносовский проспект,Designer
43.6,2.0,2.0,5,16.0,0.4,0,0,0,3.7977338590260175,Измайловская,Cosmetic
94.0,4.0,2.0,14,23.0,0.1428571428571428,0,0,0,4.553876891600541,Отрадное,Without renovation
56.0,2.0,18.0,28,20.0,0.6428571428571429,0,0,0,4.04305126783455,Полежаевская,European-style renovation
118.0,4.0,5.0,5,5.0,1.0,0,1,0,4.77912349311153,Серпуховская,Designer
27.4,6.0,17.0,25,7.0,0.68,0,0,0,3.3463891451671604,Митино,Cosmetic
58.1,3.0,2.0,9,18.0,0.2222222222222222,0,0,0,4.079230924412053,Щелковская,European-style renovation
200.0,3.0,15.0,29,20.0,0.5172413793103449,0,0,0,5.303304908059076,Автозаводская,Without renovation
38.0,1.0,12.0,17,5.0,0.7058823529411765,0,0,0,3.6635616461296463,Люблино,European-style renovation
31.8,1.0,4.0,5,3.0,0.8,0,0,0,3.490428515390098,Давыдково,Cosmetic
205.0,4.0,8.0,11,15.0,0.7272727272727273,0,0,0,5.327876168789581,Киевская,Designer
177.0,5.0,10.0,26,18.0,0.3846153846153846,0,0,0,5.181783550292085,Минская,European-style renovation
19.9,6.0,17.0,33,3.0,0.5151515151515151,0,0,0,3.039749158970765,Бульвар Рокоссовского,Cosmetic
32.4,1.0,7.0,15,14.0,0.4666666666666667,0,0,0,3.5085558999826545,Коммунарка,Cosmetic
28.9,6.0,34.0,41,7.0,0.8292682926829268,0,0,0,3.3978584803966405,Аминьевская,Cosmetic
59.0,2.0,3.0,17,15.0,0.1764705882352941,0,0,0,4.0943445622221,Рассказовка,Cosmetic
82.9,4.0,16.0,33,9.0,0.4848484848484848,0,0,0,4.429625613473161,Шелепиха,Without renovation
57.0,3.0,1.0,5,6.0,0.2,1,0,0,4.060443010546419,Водный стадион,Cosmetic
50.0,1.0,12.0,21,15.0,0.5714285714285714,0,0,0,3.9318256327243257,Раменки,Designer
148.6,4.0,2.0,23,16.0,0.0869565217391304,0,0,0,5.007965065540377,Славянский бульвар,Designer
291.4,5.0,12.0,12,7.0,1.0,0,1,0,5.678122727875623,Парк Победы,Designer
22.6,6.0,4.0,11,14.0,0.3636363636363636,0,0,0,3.1612467120315646,Электрозаводская,Cosmetic
114.6,4.0,28.0,40,12.0,0.7,0,0,0,4.750135956238277,ЗИЛ,Without renovation
310.0,6.0,2.0,6,12.0,0.3333333333333333,0,0,0,5.739792912179234,Фрунзенская,Designer
14.9,0.0,8.0,9,18.0,0.8888888888888888,0,0,1,2.766319109226186,Аминьевская,European-style renovation
202.0,5.0,5.0,9,16.0,0.5555555555555556,0,0,0,5.313205979041787,Фрунзенская,Designer
165.0,4.0,4.0,6,7.0,0.6666666666666666,0,0,0,5.111987788356544,Пушкинская,European-style renovation
57.3,2.0,3.0,19,17.0,0.1578947368421052,0,0,0,4.065602093356446,Пыхтино,European-style renovation
187.0,4.0,7.0,12,9.0,0.5833333333333334,0,0,0,5.236441962829949,Фрунзенская,Without renovation
34.5,1.0,10.0,25,24.0,0.4,0,0,0,3.56953269648137,Коммунарка,Cosmetic
62.0,3.0,14.0,22,23.0,0.6363636363636364,0,0,0,4.143134726391533,Славянский бульвар,Designer
176.0,5.0,18.0,34,13.0,0.5294117647058824,0,0,0,5.176149732573829,Щукинская,Designer
74.5,3.0,17.0,17,21.0,1.0,0,1,0,4.324132656254979,Братиславская,Cosmetic
15.3,0.0,1.0,9,15.0,0.1111111111111111,1,0,1,2.791165107812717,Пражская,European-style renovation
74.0,3.0,7.0,16,10.0,0.4375,0,0,0,4.31748811353631,Лианозово,Cosmetic
62.6,3.0,9.0,9,17.0,1.0,0,1,0,4.152613470346076,Зюзино,Cosmetic
54.0,2.0,12.0,14,8.0,0.8571428571428571,0,0,0,4.007333185232471,Марьино,Designer
149.8,5.0,11.0,11,6.0,1.0,0,1,0,5.015954455573856,Панфиловская,Without renovation
97.0,3.0,5.0,14,5.0,0.3571428571428571,0,0,0,4.584967478670572,Фрунзенская,Designer
86.6,3.0,38.0,43,17.0,0.8837209302325582,0,0,0,4.472780997942346,Хорошево,Without renovation
70.8,1.0,8.0,33,20.0,0.2424242424242424,0,0,0,4.273884476054178,Юго-Западная,European-style renovation
125.0,5.0,3.0,6,9.0,0.5,0,0,0,4.836281906951478,Тверская,Designer
149.0,3.0,13.0,13,6.0,1.0,0,1,0,5.010635294096256,Охотный ряд,Designer
28.47,1.0,5.0,9,14.0,0.5555555555555556,0,0,0,3.3833727967496032,Варшавская,Cosmetic
38.0,1.0,14.0,22,21.0,0.6363636363636364,0,0,0,3.6635616461296463,Братиславская,European-style renovation
103.0,4.0,2.0,25,13.0,0.08,0,0,0,4.6443908991413725,Аминьевская,Without renovation
41.0,1.0,2.0,18,12.0,0.1111111111111111,0,0,0,3.737669618283368,Фонвизинская,Cosmetic
35.0,1.0,6.0,12,21.0,0.5,0,0,0,3.58351893845611,Говорово,European-style renovation
110.0,4.0,11.0,14,10.0,0.7857142857142857,0,0,0,4.709530201312334,Серпуховская,Without renovation
85.0,3.0,3.0,14,11.0,0.2142857142857142,0,0,0,4.454347296253507,Жулебино,Designer
56.0,2.0,16.0,22,14.0,0.7272727272727273,0,0,0,4.04305126783455,Зюзино,Cosmetic
40.5,1.0,13.0,29,22.0,0.4482758620689655,0,0,0,3.725693427236653,Дубровка,Without renovation
56.2,3.0,4.0,9,6.0,0.4444444444444444,0,0,0,4.046553898385752,Депо,Cosmetic
167.0,0.0,6.0,8,15.0,0.75,0,0,1,5.123963979403259,Минская,Without renovation
180.0,5.0,28.0,53,29.0,0.5283018867924528,0,0,0,5.198497031265826,Минская,Designer
112.0,0.0,22.0,23,6.0,0.9565217391304348,0,0,1,4.727387818712341,Свиблово,Without renovation
111.0,3.0,26.0,42,5.0,0.6190476190476191,0,0,0,4.718498871295094,Аминьевская,Without renovation
59.5,3.0,2.0,9,24.0,0.2222222222222222,0,0,0,4.102643365036796,Новогиреево,Cosmetic
23.7,0.0,2.0,17,8.0,0.1176470588235294,0,0,1,3.2068032436339315,Некрасовка,Cosmetic
146.3,3.0,4.0,7,8.0,0.5714285714285714,0,0,0,4.9924713234685845,Новокузнецкая,Designer
222.0,4.0,15.0,57,9.0,0.2631578947368421,0,0,0,5.407171771460119,Аэропорт,Designer
58.4,3.0,6.0,9,3.0,0.6666666666666666,0,0,0,4.084294226368599,Медведково,Cosmetic
25.0,0.0,22.0,22,13.0,1.0,0,1,1,3.258096538021482,Некрасовка,Cosmetic
46.8,2.0,5.0,12,12.0,0.4166666666666667,0,0,0,3.86702563949741,Юго-Западная,Cosmetic
129.4,4.0,15.0,19,15.0,0.7894736842105263,0,0,0,4.870606649492553,Коптево,European-style renovation
61.6,2.0,2.0,10,15.0,0.2,0,0,0,4.136765278106052,Тульская,European-style renovation
69.0,3.0,3.0,14,57.0,0.2142857142857142,0,0,0,4.248495242049359,Минская,Without renovation
96.4,4.0,14.0,17,14.0,0.8235294117647058,0,0,0,4.578826210648489,Электрозаводская,Without renovation
66.0,0.0,5.0,6,6.0,0.8333333333333334,0,0,1,4.204692619390966,Арбатская,Without renovation
132.6,5.0,2.0,28,6.0,0.0714285714285714,0,0,0,4.894850261102546,Раменки,Without renovation
159.9,3.0,22.0,22,13.0,1.0,0,1,0,5.080783053998338,Шаболовская,Designer
59.8,3.0,7.0,9,27.0,0.7777777777777778,0,0,0,4.107589788972121,Щелковская,Cosmetic
63.0,2.0,5.0,19,2.0,0.2631578947368421,0,0,0,4.158883083359672,Стахановская,European-style renovation
67.2,2.0,6.0,6,13.0,1.0,0,1,0,4.222444564849416,Улица 1905 года,Cosmetic
64.7,2.0,7.0,13,12.0,0.5384615384615384,0,0,0,4.185098925490565,Бунинская Аллея,European-style renovation
72.2,2.0,15.0,23,10.0,0.6521739130434783,0,0,0,4.293195420967266,Спартак,Without renovation
101.3,3.0,4.0,22,23.0,0.1818181818181818,0,0,0,4.627909672957581,Славянский бульвар,Designer
385.0,6.0,1.0,1,26.0,1.0,1,1,0,5.955837369464831,Славянский бульвар,Without renovation
188.0,4.0,10.0,10,3.0,1.0,0,1,0,5.241747015059643,Чеховская,Designer
33.8,1.0,10.0,21,24.0,0.4761904761904761,0,0,0,3.5496173867804286,Селигерская,Cosmetic
62.5,0.0,6.0,7,17.0,0.8571428571428571,0,0,1,4.151039905898646,Электрозаводская,Without renovation
79.55,0.0,5.0,5,17.0,1.0,0,1,1,4.388878109622984,Сходненская,Without renovation
112.0,4.0,16.0,17,20.0,0.9411764705882352,0,0,0,4.727387818712341,Коптево,Designer
52.1,2.0,2.0,12,6.0,0.1666666666666666,0,0,0,3.972176928247893,Бибирево,Cosmetic
44.5,2.0,5.0,9,7.0,0.5555555555555556,0,0,0,3.817712325956905,Проспект Мира,Cosmetic
38.0,1.0,13.0,20,10.0,0.65,0,0,0,3.6635616461296463,Прокшино,Without renovation
99.6,4.0,25.0,28,17.0,0.8928571428571429,0,0,0,4.611152257665639,Павелецкая,Without renovation
347.0,5.0,17.0,19,3.0,0.8947368421052632,0,0,0,5.8522024797744745,Раменки,Designer
16.7,0.0,4.0,4,12.0,1.0,0,1,1,2.873564639579784,Речной вокзал,Designer
61.6,1.0,5.0,22,13.0,0.2272727272727272,0,0,0,4.136765278106052,Профсоюзная,Without renovation
150.0,4.0,13.0,17,34.0,0.7647058823529411,0,0,0,5.017279836814924,Минская,Designer
97.3,3.0,16.0,21,12.0,0.7619047619047619,0,0,0,4.5880240271531205,Тушинская,Without renovation
62.2,2.0,15.0,24,14.0,0.625,0,0,0,4.146304301152812,Октябрьское поле,European-style renovation
19.5,0.0,3.0,10,16.0,0.3,0,0,1,3.0204248861443626,Калитники,European-style renovation
137.8,5.0,28.0,32,9.0,0.875,0,0,0,4.933034048072704,Шелепиха,Designer
260.0,5.0,21.0,22,20.0,0.9545454545454546,0,0,0,5.564520407322694,Ломоносовский проспект,Without renovation
43.0,1.0,6.0,14,14.0,0.4285714285714285,0,0,0,3.784189633918261,Новокосино,European-style renovation
59.2,2.0,6.0,12,4.0,0.5,0,0,0,4.097672352314776,Ломоносовский проспект,Without renovation
92.7,3.0,8.0,17,35.0,0.4705882352941176,0,0,0,4.540098189244376,Покровское,Without renovation
73.0,3.0,5.0,17,5.0,0.2941176470588235,0,0,0,4.30406509320417,Братиславская,Cosmetic
38.0,2.0,3.0,9,12.0,0.3333333333333333,0,0,0,3.6635616461296463,Яхромская,European-style renovation
24.8,0.0,16.0,22,17.0,0.7272727272727273,0,0,1,3.250374491927572,Селигерская,European-style renovation
15.6,0.0,1.0,9,19.0,0.1111111111111111,1,0,1,2.8094026953624978,Шипиловская,European-style renovation
42.6,2.0,5.0,5,17.0,1.0,0,1,0,3.775057150354989,Крымская,Cosmetic
38.4,2.0,6.0,12,9.0,0.5,0,0,0,3.673765816303888,Фонвизинская,Cosmetic
68.6,2.0,19.0,26,6.0,0.7307692307692307,0,0,0,4.242764567340374,Говорово,Cosmetic
134.7,5.0,2.0,4,4.0,0.5,0,0,0,4.910446566840824,Цветной бульвар,European-style renovation
35.0,0.0,1.0,5,8.0,0.2,1,0,1,3.58351893845611,Окружная,Designer
112.0,3.0,17.0,25,13.0,0.68,0,0,0,4.727387818712341,Фили,Designer
32.28,1.0,17.0,17,11.0,1.0,0,1,0,3.504956615953008,Щербинка,Cosmetic
19.2,0.0,4.0,16,3.0,0.25,0,0,1,3.005682604407159,Владыкино,European-style renovation
87.2,3.0,2.0,22,12.0,0.0909090909090909,0,0,0,4.4796069630127455,Бунинская Аллея,European-style renovation
82.0,4.0,3.0,6,16.0,0.5,0,0,0,4.418840607796598,Аэропорт,Cosmetic
97.0,3.0,5.0,14,6.0,0.3571428571428571,0,0,0,4.584967478670572,Фрунзенская,Designer
38.0,1.0,6.0,22,4.0,0.2727272727272727,0,0,0,3.6635616461296463,Славянский бульвар,Cosmetic
31.8,1.0,3.0,12,7.0,0.25,0,0,0,3.490428515390098,Сокольники,Cosmetic
60.0,2.0,9.0,17,14.0,0.5294117647058824,0,0,0,4.110873864173311,Рассказовка,European-style renovation
76.0,3.0,16.0,17,39.0,0.9411764705882352,0,0,0,4.343805421853684,Внуково,Cosmetic
14.4,0.0,4.0,8,8.0,0.5,0,0,1,2.734367509419584,Калитники,Without renovation
242.0,5.0,2.0,5,5.0,0.4,0,0,0,5.493061443340548,Библиотека им. Ленина,Designer
40.0,1.0,13.0,22,16.0,0.5909090909090909,0,0,0,3.713572066704308,Селигерская,European-style renovation
128.0,4.0,10.0,25,11.0,0.4,0,0,0,4.859812404361672,Мичуринский проспект,Cosmetic
101.0,4.0,3.0,5,6.0,0.6,0,0,0,4.624972813284271,Дмитровская,Cosmetic
190.0,3.0,39.0,73,4.0,0.5342465753424658,0,0,0,5.25227342804663,Деловой центр,Designer
62.6,3.0,8.0,12,8.0,0.6666666666666666,0,0,0,4.152613470346076,Коньково,Cosmetic
87.8,4.0,9.0,18,9.0,0.5,0,0,0,4.486386649998124,Бунинская Аллея,European-style renovation
224.0,5.0,6.0,6,7.0,1.0,0,1,0,5.41610040220442,Авиамоторная,European-style renovation
36.0,0.0,4.0,9,10.0,0.4444444444444444,0,0,1,3.610917912644224,Бауманская,Cosmetic
50.0,3.0,9.0,9,16.0,1.0,0,1,0,3.9318256327243257,Отрадное,Cosmetic
87.3,4.0,13.0,34,8.0,0.3823529411764705,0,0,0,4.480740107609915,Нагорная,European-style renovation
92.0,4.0,2.0,17,19.0,0.1176470588235294,0,0,0,4.532599493153256,Коптево,European-style renovation
37.9,1.0,3.0,23,13.0,0.1304347826086956,0,0,0,3.6609942506244,Ботанический сад,European-style renovation
152.4,4.0,9.0,21,17.0,0.4285714285714285,0,0,0,5.033048888933156,Фили,Without renovation
100.0,3.0,10.0,23,11.0,0.4347826086956521,0,0,0,4.61512051684126,Варшавская,Designer
19.4,0.0,3.0,3,7.0,1.0,0,1,1,3.0155349008501706,Китай-город,Designer
40.3,1.0,10.0,42,5.0,0.238095238095238,0,0,0,3.720862499966987,Аминьевская,Without renovation
115.0,4.0,16.0,24,15.0,0.6666666666666666,0,0,0,4.7535901911063645,Зюзино,European-style renovation
51.2,3.0,1.0,9,30.0,0.1111111111111111,1,0,0,3.955082494888593,Бабушкинская,Cosmetic
343.0,5.0,2.0,4,43.0,0.5,0,0,0,5.840641657373398,Терехово,Designer
133.0,5.0,23.0,24,8.0,0.9583333333333334,0,0,0,4.897839799950911,Полежаевская,Designer
41.0,1.0,7.0,15,9.0,0.4666666666666667,0,0,0,3.737669618283368,Говорово,Cosmetic
141.0,3.0,3.0,15,11.0,0.2,0,0,0,4.955827057601261,Спортивная,Designer
45.0,1.0,6.0,24,11.0,0.25,0,0,0,3.828641396489095,Хорошёвская,European-style renovation
28.0,6.0,2.0,15,6.0,0.1333333333333333,0,0,0,3.367295829986474,Новоподрезково,Cosmetic
79.3,3.0,4.0,14,13.0,0.2857142857142857,0,0,0,4.385769620952716,Фонвизинская,Cosmetic
42.4,1.0,11.0,25,10.0,0.44,0,0,0,3.770459441106359,Аминьевская,European-style renovation
79.7,3.0,7.0,9,12.0,0.7777777777777778,0,0,0,4.390738575275903,Университет,Cosmetic
52.6,2.0,13.0,14,24.0,0.9285714285714286,0,0,0,3.981549068076757,Рабочий Посёлок,Cosmetic
321.7,6.0,5.0,5,4.0,1.0,0,1,0,5.776723099057916,Чеховская,Designer
35.0,0.0,6.0,58,14.0,0.1034482758620689,0,0,1,3.58351893845611,Ростокино,Designer
105.4,4.0,5.0,22,13.0,0.2272727272727272,0,0,0,4.667205576907544,ВДНХ,Designer
63.2,2.0,2.0,14,27.0,0.1428571428571428,0,0,0,4.162003210695915,Улица Горчакова,European-style renovation
162.0,5.0,6.0,17,5.0,0.3529411764705882,0,0,0,5.093750200806762,Автозаводская,Designer
74.5,2.0,11.0,16,25.0,0.6875,0,0,0,4.324132656254979,Тропарево,European-style renovation
123.3,5.0,5.0,35,10.0,0.1428571428571428,0,0,0,4.822697998516666,Технопарк,Without renovation
41.5,2.0,3.0,5,13.0,0.6,0,0,0,3.7495040759303713,Окская,Without renovation
76.8,2.0,12.0,12,23.0,1.0,0,1,0,4.354141431184346,Коммунарка,Cosmetic
16.8,0.0,2.0,3,27.0,0.6666666666666666,0,0,1,2.87919845729804,Селигерская,European-style renovation
51.1,2.0,3.0,3,5.0,1.0,0,1,0,3.9531649487593215,Китай-город,European-style renovation
78.1,4.0,5.0,12,24.0,0.4166666666666667,0,0,0,4.370712874773608,Планерная,Cosmetic
60.1,3.0,8.0,30,22.0,0.2666666666666666,0,0,0,4.11251186617755,Багратионовская,Designer
37.2,0.0,6.0,6,8.0,1.0,0,1,1,3.6428355156125294,Динамо,Designer
40.0,0.0,20.0,25,14.0,0.8,0,0,1,3.713572066704308,Коммунарка,Designer
25.0,0.0,15.0,15,27.0,1.0,0,1,1,3.258096538021482,Царицыно,European-style renovation
87.0,3.0,6.0,8,8.0,0.75,0,0,0,4.477336814478207,Алексеевская,Cosmetic
24.0,0.0,5.0,21,20.0,0.238095238095238,0,0,1,3.218875824868201,Рижская,European-style renovation
66.7,3.0,5.0,14,15.0,0.3571428571428571,0,0,0,4.215086179918229,Новаторская,European-style renovation
54.1,2.0,14.0,17,19.0,0.8235294117647058,0,0,0,4.009149716158869,Новокосино,Cosmetic
70.4,2.0,4.0,20,20.0,0.2,0,0,0,4.268297869345539,Коломенская,Designer
132.0,4.0,4.0,6,1.0,0.6666666666666666,0,0,0,4.890349128221754,Бауманская,Cosmetic
79.0,3.0,22.0,24,19.0,0.9166666666666666,0,0,0,4.382026634673881,Домодедовская,Designer
90.3,3.0,10.0,15,21.0,0.6666666666666666,0,0,0,4.514150787600923,ЗИЛ,Without renovation
74.2,3.0,6.0,17,18.0,0.3529411764705882,0,0,0,4.320151230955794,Депо,Cosmetic
36.8,2.0,9.0,9,3.0,1.0,0,1,0,3.632309102625542,Калитники,Cosmetic
101.4,4.0,2.0,28,14.0,0.0714285714285714,0,0,0,4.628886712605407,Воронцовская,European-style renovation
65.0,3.0,12.0,22,10.0,0.5454545454545454,0,0,0,4.189654742026425,Рассказовка,Cosmetic
155.0,4.0,6.0,7,4.0,0.8571428571428571,0,0,0,5.049856007249537,Кропоткинская,Designer
45.0,2.0,9.0,9,13.0,1.0,0,1,0,3.828641396489095,Люблино,Designer
32.5,1.0,14.0,25,14.0,0.56,0,0,0,3.5115454388310208,Коммунарка,European-style renovation
69.3,3.0,8.0,26,13.0,0.3076923076923077,0,0,0,4.252771798816619,Славянский бульвар,Cosmetic
41.5,1.0,9.0,25,15.0,0.36,0,0,0,3.7495040759303713,Лианозово,Cosmetic
92.1,3.0,38.0,46,17.0,0.8260869565217391,0,0,0,4.533674184283021,Павелецкая,Without renovation
70.8,0.0,2.0,20,14.0,0.1,0,0,1,4.273884476054178,Технопарк,Without renovation
68.4,2.0,9.0,15,11.0,0.6,0,0,0,4.239886867512759,Раменки,Without renovation
131.2,4.0,32.0,40,5.0,0.8,0,0,0,4.884315927417586,Ховрино,Without renovation
192.2,4.0,9.0,18,4.0,0.5,0,0,0,5.263725921778417,Студенческая,European-style renovation
33.8,1.0,2.0,17,37.0,0.1176470588235294,0,0,0,3.5496173867804286,Внуково,European-style renovation
52.0,2.0,17.0,17,17.0,1.0,0,1,0,3.970291913552122,Новодачная,Cosmetic
17.0,0.0,1.0,9,7.0,0.1111111111111111,1,0,1,2.8903717578961645,Щелковская,Cosmetic
47.0,1.0,16.0,26,6.0,0.6153846153846154,0,0,0,3.871201010907891,ЗИЛ,European-style renovation
142.8,3.0,6.0,13,5.0,0.4615384615384615,0,0,0,4.9684234452869465,Маяковская,Designer
151.3,3.0,2.0,7,11.0,0.2857142857142857,0,0,0,5.025852259901116,Киевская,Designer
92.0,3.0,10.0,17,33.0,0.5882352941176471,0,0,0,4.532599493153256,Минская,Designer
64.0,2.0,21.0,22,26.0,0.9545454545454546,0,0,0,4.174387269895637,Саларьево,Designer
42.7,1.0,18.0,43,2.0,0.4186046511627907,0,0,0,3.777348102101545,Карамышевская,European-style renovation
17.5,0.0,6.0,6,17.0,1.0,0,1,1,2.917770732084279,Первомайская,European-style renovation
90.7,3.0,8.0,20,8.0,0.4,0,0,0,4.51852237926242,Шаболовская,Designer
195.0,5.0,3.0,6,6.0,0.5,0,0,0,5.278114659230517,Чистые пруды,Designer
110.0,3.0,13.0,18,6.0,0.7222222222222222,0,0,0,4.709530201312334,Панфиловская,Without renovation
68.0,2.0,10.0,20,11.0,0.5,0,0,0,4.23410650459726,Дмитровская,Designer
51.2,2.0,11.0,12,4.0,0.9166666666666666,0,0,0,3.955082494888593,Нахимовский проспект,Cosmetic
50.5,2.0,4.0,10,9.0,0.4,0,0,0,3.9415818076696905,Улица Скобелевская,European-style renovation
98.0,4.0,4.0,14,60.0,0.2857142857142857,0,0,0,4.59511985013459,Минская,Designer
41.0,2.0,11.0,16,1.0,0.6875,0,0,0,3.737669618283368,Ленинский проспект,Cosmetic
39.5,0.0,4.0,4,12.0,1.0,0,1,1,3.701301974112493,ЗИЛ,Designer
18.0,0.0,1.0,12,12.0,0.0833333333333333,1,0,1,2.9444389791664403,Бунинская Аллея,Cosmetic
87.0,3.0,13.0,17,20.0,0.7647058823529411,0,0,0,4.477336814478207,Бабушкинская,Cosmetic
14.2,0.0,1.0,5,16.0,0.2,1,0,1,2.7212954278522306,Первомайская,Cosmetic
59.0,3.0,2.0,9,15.0,0.2222222222222222,0,0,0,4.0943445622221,Шипиловская,Cosmetic
141.0,3.0,8.0,17,19.0,0.4705882352941176,0,0,0,4.955827057601261,Ломоносовский проспект,Designer
185.0,5.0,7.0,7,10.0,1.0,0,1,0,5.225746673713202,Смоленская,Without renovation
67.4,3.0,3.0,10,13.0,0.3,0,0,0,4.225372824628505,Семеновская,Cosmetic
103.6,4.0,4.0,8,10.0,0.5,0,0,0,4.650143551630823,Дубровка,Without renovation
54.7,2.0,5.0,6,3.0,0.8333333333333334,0,0,0,4.019980146933238,Чеховская,Designer
69.5,2.0,8.0,41,3.0,0.1951219512195122,0,0,0,4.255612709818223,Лужники,Without renovation
20.2,0.0,15.0,18,10.0,0.8333333333333334,0,0,1,3.054001181677967,Прокшино,Without renovation
138.4,5.0,8.0,15,17.0,0.5333333333333333,0,0,0,4.937347498326424,Верхние Котлы,Designer
38.0,2.0,1.0,5,8.0,0.2,1,0,0,3.6635616461296463,Стрешнево,European-style renovation
36.1,1.0,4.0,17,9.0,0.2352941176470588,0,0,0,3.6136169696133895,Жулебино,Cosmetic
48.9,2.0,3.0,12,13.0,0.25,0,0,0,3.910021002757473,Преображенская площадь,Without renovation
15.6,0.0,7.0,8,11.0,0.875,0,0,1,2.8094026953624978,Электрозаводская,Designer
267.0,6.0,6.0,7,10.0,0.8571428571428571,0,0,0,5.5909869805108565,Смоленская,Without renovation
174.2,5.0,17.0,33,15.0,0.5151515151515151,0,0,0,5.165928178502291,Нагатинская,Without renovation
228.0,6.0,6.0,7,5.0,0.8571428571428571,0,0,0,5.43372200355424,Арбатская,European-style renovation
62.0,3.0,4.0,12,13.0,0.3333333333333333,0,0,0,4.143134726391533,Преображенская площадь,Cosmetic
15.8,0.0,1.0,3,7.0,0.3333333333333333,1,0,1,2.8213788864092133,Сретенский бульвар,Without renovation
169.8,4.0,6.0,12,8.0,0.5,0,0,0,5.14049328135447,Фрунзенская,European-style renovation
74.6,3.0,5.0,15,9.0,0.3333333333333333,0,0,0,4.325456283185488,Бескудниково,Designer
30.4,1.0,7.0,22,19.0,0.3181818181818182,0,0,0,3.446807892914208,Саларьево,Cosmetic
24.1,6.0,27.0,27,3.0,1.0,0,1,0,3.2228678461377385,Октябрьское поле,Cosmetic
88.0,2.0,6.0,7,17.0,0.8571428571428571,0,0,0,4.48863636973214,Верхние Котлы,Without renovation
44.1,1.0,5.0,14,6.0,0.3571428571428571,0,0,0,3.8088822465086327,Ломоносовский проспект,Without renovation
89.5,3.0,8.0,23,20.0,0.3478260869565217,0,0,0,4.505349850705881,Бульвар Рокоссовского,Designer
99.0,3.0,7.0,13,8.0,0.5384615384615384,0,0,0,4.605170185988092,Тульская,Without renovation
23.9,6.0,8.0,25,10.0,0.32,0,0,0,3.214867803470662,Гражданская,Cosmetic
137.1,4.0,14.0,20,15.0,0.7,0,0,0,4.927978060415247,Сокольники,Designer
56.4,2.0,30.0,46,18.0,0.6521739130434783,0,0,0,4.050044303325521,Серпуховская,European-style renovation
46.7,2.0,3.0,9,11.0,0.3333333333333333,0,0,0,3.864931397894296,Депо,Cosmetic
96.9,4.0,2.0,5,12.0,0.4,0,0,0,4.583946549536464,Таганская,Without renovation
38.7,1.0,14.0,22,15.0,0.6363636363636364,0,0,0,3.681351187693145,Братиславская,Cosmetic
55.0,2.0,12.0,24,11.0,0.5,0,0,0,4.02535169073515,Кунцевская,Designer
61.0,3.0,7.0,12,19.0,0.5833333333333334,0,0,0,4.127134385045092,Пражская,Cosmetic
58.5,2.0,3.0,22,10.0,0.1363636363636363,0,0,0,4.085976312551584,Улица 1905 года,Designer
90.0,3.0,8.0,28,26.0,0.2857142857142857,0,0,0,4.51085950651685,Фили,European-style renovation
36.7,1.0,11.0,17,5.0,0.6470588235294118,0,0,0,3.629660094453965,Боровское шоссе,European-style renovation
20.5,0.0,4.0,22,16.0,0.1818181818181818,0,0,1,3.068052935133617,Тропарево,European-style renovation
30.0,0.0,1.0,5,21.0,0.2,1,0,1,3.4339872044851463,Аминьевская,European-style renovation
51.0,3.0,1.0,9,17.0,0.1111111111111111,1,0,0,3.951243718581428,Щелковская,Cosmetic
136.9,4.0,2.0,7,11.0,0.2857142857142857,0,0,0,4.926528784799256,Новокузнецкая,Designer
198.0,6.0,3.0,14,6.0,0.2142857142857142,0,0,0,5.293304824724492,Новослободская,Designer
17.0,0.0,2.0,17,8.0,0.1176470588235294,0,0,1,2.8903717578961645,Некрасовка,European-style renovation
34.8,1.0,4.0,18,32.0,0.2222222222222222,0,0,0,3.5779478934066544,Покровское,European-style renovation
162.2,4.0,18.0,27,12.0,0.6666666666666666,0,0,0,5.094976442530006,Профсоюзная,Designer
28.1,0.0,24.0,43,15.0,0.5581395348837209,0,0,1,3.370738174177447,Аминьевская,Cosmetic
92.6,2.0,3.0,21,11.0,0.1428571428571428,0,0,0,4.539030383483547,Народное Ополчение,European-style renovation
44.7,2.0,5.0,8,4.0,0.625,0,0,0,3.822098297900159,Верхние Котлы,European-style renovation
90.3,4.0,5.0,17,20.0,0.2941176470588235,0,0,0,4.514150787600923,Новопеределкино,European-style renovation
180.0,6.0,14.0,22,10.0,0.6363636363636364,0,0,0,5.198497031265826,Аэропорт,Designer
32.0,0.0,7.0,21,13.0,0.3333333333333333,0,0,1,3.49650756146648,Водный стадион,Designer
202.1,5.0,3.0,20,13.0,0.15,0,0,0,5.313698468586339,Профсоюзная,European-style renovation
67.3,2.0,9.0,16,18.0,0.5625,0,0,0,4.223909766576744,ЗИЛ,Without renovation
66.8,2.0,24.0,25,19.0,0.96,0,0,0,4.216562194946349,Некрасовка,Cosmetic
115.0,4.0,16.0,29,20.0,0.5517241379310345,0,0,0,4.7535901911063645,Автозаводская,Without renovation
132.3,4.0,6.0,8,4.0,0.75,0,0,0,4.892602227184663,Маяковская,Designer
140.0,4.0,7.0,28,26.0,0.25,0,0,0,4.948759890378168,Фили,Without renovation
45.4,2.0,9.0,21,11.0,0.4285714285714285,0,0,0,3.8372994592322094,Алексеевская,Designer
18.6,0.0,2.0,5,7.0,0.4,0,0,1,2.975529566236472,Окружная,Designer
32.6,1.0,20.0,33,14.0,0.6060606060606061,0,0,0,3.5145260669691587,Перерва,Cosmetic
19.9,0.0,3.0,4,3.0,0.75,0,0,1,3.039749158970765,Аэропорт,Designer
22.2,0.0,1.0,7,14.0,0.1428571428571428,1,0,1,3.1441522786722644,Красный Балтиец,Cosmetic
58.0,2.0,11.0,18,18.0,0.6111111111111112,0,0,0,4.07753744390572,Ботанический сад,Without renovation
27.1,6.0,10.0,14,1.0,0.7142857142857143,0,0,0,3.3357695763397,Минская,Cosmetic
200.0,4.0,4.0,6,4.0,0.6666666666666666,0,0,0,5.303304908059076,Пушкинская,Designer
192.0,4.0,7.0,8,3.0,0.875,0,0,0,5.262690188904886,Полянка,European-style renovation
210.8,5.0,24.0,24,3.0,1.0,0,1,0,5.355642433167306,Фили,Designer
125.0,4.0,5.0,20,11.0,0.25,0,0,0,4.836281906951478,ЗИЛ,Designer
53.5,2.0,6.0,25,4.0,0.24,0,0,0,3.9982007016691994,Народное Ополчение,European-style renovation
51.0,2.0,4.0,17,13.0,0.2352941176470588,0,0,0,3.951243718581428,Нахимовский проспект,Cosmetic
39.5,1.0,12.0,12,12.0,1.0,0,1,0,3.701301974112493,Каширская,Cosmetic
41.1,1.0,7.0,25,13.0,0.28,0,0,0,3.740047740688336,Саларьево,European-style renovation
144.0,1.0,14.0,21,15.0,0.6666666666666666,0,0,0,4.976733742420574,Улица 1905 года,Designer
46.0,2.0,4.0,12,6.0,0.3333333333333333,0,0,0,3.8501476017100575,Кожуховская,Cosmetic
66.8,2.0,21.0,25,19.0,0.84,0,0,0,4.216562194946349,Некрасовка,Cosmetic
50.0,3.0,8.0,9,12.0,0.8888888888888888,0,0,0,3.9318256327243257,Бабушкинская,European-style renovation
96.5,3.0,26.0,28,20.0,0.9285714285714286,0,0,0,4.579852378003801,Рабочий Посёлок,Without renovation
41.8,1.0,3.0,12,8.0,0.25,0,0,0,3.756538102587751,Красный Балтиец,Without renovation
102.9,3.0,3.0,9,7.0,0.3333333333333333,0,0,0,4.643428898105181,Арбатская,Cosmetic
237.0,4.0,15.0,15,7.0,1.0,0,1,0,5.472270673671475,Улица 1905 года,Designer
28.0,0.0,4.0,5,21.0,0.8,0,0,1,3.367295829986474,Лихоборы,Designer
171.0,4.0,11.0,13,5.0,0.8461538461538461,0,0,0,5.147494476813453,Маяковская,Designer
127.5,4.0,4.0,17,6.0,0.2352941176470588,0,0,0,4.855928904335275,Проспект Мира,Designer
73.2,3.0,16.0,30,20.0,0.5333333333333333,0,0,0,4.306764150173335,Народное Ополчение,Designer
59.5,2.0,1.0,4,11.0,0.25,1,0,0,4.102643365036796,Китай-город,Cosmetic
91.1,3.0,4.0,22,15.0,0.1818181818181818,0,0,0,4.522874943261261,Люблино,Without renovation
134.5,4.0,15.0,52,10.0,0.2884615384615384,0,0,0,4.908971640319756,Раменки,Without renovation
16.0,0.0,1.0,9,19.0,0.1111111111111111,1,0,1,2.833213344056216,Шипиловская,Designer
136.9,3.0,8.0,12,1.0,0.6666666666666666,0,0,0,4.926528784799256,Минская,Without renovation
170.0,4.0,13.0,25,8.0,0.52,0,0,0,5.14166355650266,Водный стадион,Designer
35.0,1.0,15.0,17,37.0,0.8823529411764706,0,0,0,3.58351893845611,Внуково,Designer
38.0,0.0,11.0,28,19.0,0.3928571428571428,0,0,1,3.6635616461296463,Народное Ополчение,Without renovation
89.8,3.0,18.0,22,12.0,0.8181818181818182,0,0,0,4.508659285607248,ЗИЛ,Without renovation
116.8,5.0,21.0,21,14.0,1.0,0,1,0,4.768988271217486,Электрозаводская,Designer
24.61,6.0,11.0,15,13.0,0.7333333333333333,0,0,0,3.242982900211434,Говорово,Cosmetic
155.0,4.0,12.0,12,8.0,1.0,0,1,0,5.049856007249537,ЦСКА,Cosmetic
146.6,4.0,9.0,33,17.0,0.2727272727272727,0,0,0,4.994505912166372,Нагатинская,Designer
107.0,4.0,4.0,5,9.0,0.8,0,0,0,4.68213122712422,Фонвизинская,European-style renovation
40.3,1.0,21.0,42,5.0,0.5,0,0,0,3.720862499966987,Аминьевская,Designer
37.5,1.0,13.0,16,8.0,0.8125,0,0,0,3.6506582412937383,Зюзино,Cosmetic
33.0,1.0,3.0,4,42.0,0.75,0,0,0,3.5263605246161616,Рассказовка,Without renovation
162.0,4.0,2.0,5,7.0,0.4,0,0,0,5.093750200806762,Кропоткинская,Without renovation
15.5,0.0,1.0,9,18.0,0.1111111111111111,1,0,1,2.803360380906535,Беломорская,Cosmetic
11.5,0.0,1.0,9,14.0,0.1111111111111111,1,0,1,2.525728644308256,Беломорская,Cosmetic
70.7,3.0,4.0,32,13.0,0.125,0,0,0,4.272490747605575,Шелепиха,European-style renovation
350.0,5.0,17.0,17,4.0,1.0,0,1,0,5.860786223465865,Новослободская,Designer
22.0,0.0,14.0,27,23.0,0.5185185185185185,0,0,1,3.1354942159291497,Хорошево,Without renovation
13.0,0.0,1.0,9,9.0,0.1111111111111111,1,0,1,2.6390573296152584,Медведково,Cosmetic
33.3,1.0,12.0,16,17.0,0.75,0,0,0,3.535145354171894,Коммунарка,Cosmetic
61.3,3.0,1.0,5,7.0,0.2,1,0,0,4.131961425793407,Варшавская,Designer
20.0,1.0,21.0,25,31.0,0.84,0,0,0,3.044522437723423,Улица Дмитриевского,European-style renovation
180.0,5.0,4.0,17,6.0,0.2352941176470588,0,0,0,5.198497031265826,Проспект Мира,Designer
128.9,5.0,11.0,28,9.0,0.3928571428571428,0,0,0,4.866764923676554,Раменки,Without renovation
20.0,0.0,15.0,17,11.0,0.8823529411764706,0,0,1,3.044522437723423,Достоевская,Cosmetic
40.2,1.0,11.0,25,11.0,0.44,0,0,0,3.7184382563554808,Беговая,Cosmetic
18.0,0.0,5.0,5,7.0,1.0,0,1,1,2.9444389791664403,Окружная,Cosmetic
54.0,2.0,3.0,21,14.0,0.1428571428571428,0,0,0,4.007333185232471,Электрозаводская,European-style renovation
58.0,0.0,1.0,5,35.0,0.2,1,0,1,4.07753744390572,Подольск,Without renovation
22.8,0.0,10.0,26,15.0,0.3846153846153846,0,0,1,3.169685580677429,ЗИЛ,Cosmetic
37.7,2.0,1.0,14,10.0,0.0714285714285714,1,0,0,3.655839600035736,Царицыно,European-style renovation
50.0,2.0,1.0,9,16.0,0.1111111111111111,1,0,0,3.9318256327243257,Юго-Западная,Without renovation
127.4,3.0,6.0,6,11.0,1.0,0,1,0,4.855150391255861,Охотный ряд,Designer
191.0,5.0,8.0,12,22.0,0.6666666666666666,0,0,0,5.2574953720277815,Ломоносовский проспект,Without renovation
50.4,2.0,1.0,16,8.0,0.0625,1,0,0,3.93963817246112,Чертановская,Designer
122.0,3.0,6.0,20,13.0,0.3,0,0,0,4.812184355372417,Профсоюзная,Without renovation
35.8,1.0,1.0,3,40.0,0.3333333333333333,1,0,0,3.605497845174885,Саларьево,Designer
87.0,2.0,36.0,37,15.0,0.972972972972973,0,0,0,4.477336814478207,Шелепиха,Designer
14.3,0.0,2.0,5,4.0,0.4,0,0,1,2.72785282839839,Сухаревская,European-style renovation
112.7,5.0,21.0,22,8.0,0.9545454545454546,0,0,0,4.73356340075649,Нагорная,Without renovation
75.1,3.0,13.0,16,15.0,0.8125,0,0,0,4.33204826486764,Битцевский Парк,European-style renovation
170.0,3.0,7.0,12,6.0,0.5833333333333334,0,0,0,5.14166355650266,Маяковская,Without renovation
80.0,2.0,16.0,28,22.0,0.5714285714285714,0,0,0,4.394449154672439,Речной вокзал,Designer
44.9,2.0,7.0,14,5.0,0.5,0,0,0,3.8264651170664994,Медведково,Cosmetic
45.4,0.0,18.0,23,22.0,0.782608695652174,0,0,1,3.8372994592322094,Профсоюзная,European-style renovation
11.3,0.0,1.0,3,16.0,0.3333333333333333,1,0,1,2.509599262378372,Авиамоторная,Designer
18.0,0.0,7.0,9,14.0,0.7777777777777778,0,0,1,2.9444389791664403,Красный Балтиец,Without renovation
152.6,4.0,3.0,5,4.0,0.6,0,0,0,5.034351820713572,Кропоткинская,Designer
64.5,3.0,3.0,6,8.0,0.5,0,0,0,4.182050142641207,Парк культуры,European-style renovation
36.0,1.0,10.0,19,25.0,0.5263157894736842,0,0,0,3.610917912644224,Рассказовка,Cosmetic
138.0,4.0,2.0,11,11.0,0.1818181818181818,0,0,0,4.934473933130692,Курская,Designer
51.0,3.0,8.0,9,26.0,0.8888888888888888,0,0,0,3.951243718581428,Ростокино,European-style renovation
83.6,3.0,15.0,17,24.0,0.8823529411764706,0,0,0,4.437934266612178,Рассказовка,Cosmetic
31.1,1.0,25.0,58,10.0,0.4310344827586206,0,0,0,3.4688560301359703,Народное Ополчение,Designer
42.5,1.0,15.0,25,24.0,0.6,0,0,0,3.7727609380946383,Бульвар Рокоссовского,Designer
187.7,4.0,6.0,6,8.0,1.0,0,1,0,5.240158452374504,Третьяковская,Without renovation
208.0,0.0,19.0,22,14.0,0.8636363636363636,0,0,1,5.342334251964811,Молодежная,Without renovation
55.5,2.0,38.0,46,21.0,0.8260869565217391,0,0,0,4.034240638152395,Серпуховская,Without renovation
43.0,1.0,8.0,14,57.0,0.5714285714285714,0,0,0,3.784189633918261,Минская,Without renovation
232.0,5.0,4.0,7,10.0,0.5714285714285714,0,0,0,5.4510384535657,Минская,Designer
39.4,1.0,10.0,16,27.0,0.625,0,0,0,3.698829784967105,Коммунарка,Designer
99.0,2.0,28.0,42,6.0,0.6666666666666666,0,0,0,4.605170185988092,Фили,Without renovation
23.6,0.0,2.0,4,12.0,0.5,0,0,1,3.202746442938317,Преображенская площадь,Designer
110.2,3.0,38.0,40,7.0,0.95,0,0,0,4.711330381816482,Молодежная,Designer
43.0,1.0,4.0,14,57.0,0.2857142857142857,0,0,0,3.784189633918261,Минская,Without renovation
59.5,3.0,2.0,9,13.0,0.2222222222222222,0,0,0,4.102643365036796,Отрадное,Cosmetic
54.1,1.0,7.0,17,16.0,0.4117647058823529,0,0,0,4.009149716158869,Народное Ополчение,European-style renovation
76.3,3.0,5.0,49,13.0,0.1020408163265306,0,0,0,4.3476939555933765,Ботанический сад,Designer
86.5,3.0,19.0,22,12.0,0.8636363636363636,0,0,0,4.471638793363569,ЗИЛ,Without renovation
14.0,0.0,1.0,12,22.0,0.0833333333333333,1,0,1,2.70805020110221,Алтуфьево,Cosmetic
46.0,2.0,11.0,12,5.0,0.9166666666666666,0,0,0,3.8501476017100575,Алтуфьево,Cosmetic
125.9,1.0,6.0,15,11.0,0.4,0,0,0,4.843399374720342,Раменки,Without renovation
34.7,1.0,2.0,16,7.0,0.125,0,0,0,3.5751506887855933,Раменки,Cosmetic
47.0,2.0,2.0,6,7.0,0.3333333333333333,0,0,0,3.871201010907891,Перово,Cosmetic
329.0,4.0,16.0,21,8.0,0.7619047619047619,0,0,0,5.799092654460526,Шаболовская,European-style renovation
57.0,2.0,19.0,58,6.0,0.3275862068965517,0,0,0,4.060443010546419,Дмитровская,Without renovation
21.6,0.0,12.0,24,14.0,0.5,0,0,1,3.1179499062782403,Солнцево,European-style renovation
47.3,2.0,12.0,16,5.0,0.75,0,0,0,3.877431560658527,Марьина Роща,Without renovation
39.5,1.0,26.0,26,13.0,1.0,0,1,0,3.701301974112493,Авиамоторная,Without renovation
93.1,3.0,29.0,40,12.0,0.725,0,0,0,4.544358046591334,ЗИЛ,Without renovation
56.1,2.0,1.0,17,5.0,0.0588235294117647,1,0,0,4.044804116661965,Бульвар Дмитрия Донского,European-style renovation
56.7,3.0,2.0,9,17.0,0.2222222222222222,0,0,0,4.055257173514054,Новаторская,European-style renovation
83.1,3.0,7.0,18,6.0,0.3888888888888889,0,0,0,4.432006566978902,Панфиловская,Without renovation
61.7,2.0,4.0,33,10.0,0.1212121212121212,0,0,0,4.138361447638875,Щукинская,Designer
48.0,2.0,4.0,9,14.0,0.4444444444444444,0,0,0,3.8918202981106265,Выхино,Cosmetic
94.2,2.0,7.0,8,5.0,0.875,0,0,0,4.55597994179732,Тульская,European-style renovation
61.6,2.0,12.0,15,12.0,0.8,0,0,0,4.136765278106052,Бауманская,European-style renovation
80.0,4.0,26.0,39,18.0,0.6666666666666666,0,0,0,4.394449154672439,Локомотив,Designer
64.0,2.0,15.0,17,20.0,0.8823529411764706,0,0,0,4.174387269895637,Коммунарка,European-style renovation
77.2,3.0,3.0,6,16.0,0.5,0,0,0,4.359269647551265,Белорусская,European-style renovation
291.0,5.0,20.0,22,20.0,0.9090909090909092,0,0,0,5.676753802268282,Ломоносовский проспект,Designer
78.6,4.0,4.0,6,6.0,0.6666666666666666,0,0,0,4.377014092850337,Студенческая,Designer
119.7,5.0,27.0,30,10.0,0.9,0,0,0,4.793308128103486,Мичуринский проспект,Without renovation
29.5,0.0,5.0,21,8.0,0.238095238095238,0,0,1,3.417726683613366,Волгоградский проспект,European-style renovation
47.2,1.0,2.0,25,10.0,0.08,0,0,0,3.8753590210565543,Аминьевская,Without renovation
83.7,3.0,14.0,32,10.0,0.4375,0,0,0,4.439115601658009,Парк Победы,Cosmetic
64.0,2.0,3.0,20,14.0,0.15,0,0,0,4.174387269895637,Белорусская,Designer
11.4,0.0,1.0,5,8.0,0.2,1,0,1,2.517696472610991,Шелепиха,Cosmetic
53.5,2.0,10.0,12,6.0,0.8333333333333334,0,0,0,3.9982007016691994,Маяковская,Without renovation
142.5,4.0,9.0,22,13.0,0.4090909090909091,0,0,0,4.966335035199676,Спартак,Designer
112.0,3.0,5.0,13,12.0,0.3846153846153846,0,0,0,4.727387818712341,Новые Черемушки,Cosmetic
17.8,0.0,4.0,4,3.0,1.0,0,1,1,2.933856869835904,Аэропорт,Designer
98.0,4.0,4.0,22,4.0,0.1818181818181818,0,0,0,4.59511985013459,Улица Скобелевская,Cosmetic
35.5,0.0,15.0,23,22.0,0.6521739130434783,0,0,1,3.597312260588446,Профсоюзная,Without renovation
83.7,3.0,5.0,9,15.0,0.5555555555555556,0,0,0,4.439115601658009,Нижегородская,European-style renovation
131.5,5.0,6.0,7,15.0,0.8571428571428571,0,0,0,4.886582645426277,Савеловская,Designer
220.0,5.0,30.0,31,12.0,0.967741935483871,0,0,0,5.3981627015177525,Тропарево,Without renovation
79.7,3.0,3.0,12,15.0,0.25,0,0,0,4.390738575275903,Электрозаводская,European-style renovation
14.8,0.0,1.0,4,9.0,0.25,1,0,1,2.760009940032921,Красный Балтиец,European-style renovation
47.0,2.0,9.0,9,15.0,1.0,0,1,0,3.871201010907891,Косино,Cosmetic
56.6,2.0,3.0,16,12.0,0.1875,0,0,0,4.053522567701846,Медведково,European-style renovation
90.0,3.0,8.0,13,1.0,0.6153846153846154,0,0,0,4.51085950651685,Динамо,European-style renovation
19.6,0.0,2.0,5,4.0,0.4,0,0,1,3.025291075795536,Сухаревская,European-style renovation
85.8,4.0,14.0,18,13.0,0.7777777777777778,0,0,0,4.463606621666305,Прокшино,Without renovation
52.3,3.0,1.0,6,7.0,0.1666666666666666,1,0,0,3.975936331171799,Тверская,Without renovation
78.9,3.0,7.0,22,4.0,0.3181818181818182,0,0,0,4.380775852772229,Беляево,European-style renovation
59.1,2.0,7.0,22,7.0,0.3181818181818182,0,0,0,4.096009841541162,Юго-Восточная,Designer
57.6,2.0,8.0,24,10.0,0.3333333333333333,0,0,0,4.070734696582967,Улица Академика Янгеля,Cosmetic
280.0,5.0,21.0,35,12.0,0.6,0,0,0,5.638354669333745,Калужская,Designer
95.5,4.0,25.0,29,11.0,0.8620689655172413,0,0,0,4.56954300834494,Водный стадион,Without renovation
136.8,4.0,27.0,30,17.0,0.9,0,0,0,4.925803358579558,Шаболовская,Without renovation
197.0,4.0,21.0,23,12.0,0.9130434782608696,0,0,0,5.288267030694535,ЦСКА,Designer
166.0,4.0,4.0,5,3.0,0.8,0,0,0,5.117993812416755,Новокузнецкая,Designer
130.0,6.0,16.0,17,18.0,0.9411764705882352,0,0,0,4.875197323201151,Академическая,European-style renovation
53.6,2.0,5.0,16,9.0,0.3125,0,0,0,4.000033882750859,Алтуфьево,Designer
53.6,2.0,5.0,14,10.0,0.3571428571428571,0,0,0,4.000033882750859,Митино,Cosmetic
83.5,3.0,16.0,22,7.0,0.7272727272727273,0,0,0,4.436751534363128,ВДНХ,Without renovation
81.5,2.0,6.0,6,7.0,1.0,0,1,0,4.412798293340635,Курская,Designer
60.0,2.0,35.0,50,13.0,0.7,0,0,0,4.110873864173311,Шелепиха,Designer
38.0,1.0,17.0,17,8.0,1.0,0,1,0,3.6635616461296463,Митино,European-style renovation
72.2,3.0,9.0,14,13.0,0.6428571428571429,0,0,0,4.293195420967266,Текстильщики,Cosmetic
79.1,3.0,8.0,12,10.0,0.6666666666666666,0,0,0,4.383275854074314,Динамо,Without renovation
34.0,1.0,13.0,29,11.0,0.4482758620689655,0,0,0,3.555348061489413,Водный стадион,Designer
111.2,4.0,16.0,19,12.0,0.8421052631578947,0,0,0,4.720282993088596,Беломорская,European-style renovation
85.6,3.0,3.0,25,15.0,0.12,0,0,0,4.461299815568389,Беляево,Without renovation
60.0,3.0,10.0,12,11.0,0.8333333333333334,0,0,0,4.110873864173311,Выхино,Cosmetic
132.0,4.0,14.0,18,12.0,0.7777777777777778,0,0,0,4.890349128221754,Тестовская,European-style renovation
240.0,6.0,10.0,22,15.0,0.4545454545454545,0,0,0,5.484796933490655,Молодежная,Designer
144.7,4.0,17.0,32,6.0,0.53125,0,0,0,4.981549713201159,ЦСКА,Designer
27.5,0.0,5.0,23,6.0,0.217391304347826,0,0,1,3.349904087274605,Рассказовка,Cosmetic
51.0,1.0,10.0,12,13.0,0.8333333333333334,0,0,0,3.951243718581428,Говорово,European-style renovation
135.2,4.0,2.0,10,10.0,0.2,0,0,0,4.914124393715412,Парк Победы,Designer
17.5,0.0,1.0,9,11.0,0.1111111111111111,1,0,1,2.917770732084279,Беломорская,Cosmetic
24.4,0.0,1.0,6,8.0,0.1666666666666666,1,0,1,3.2347491740244907,Серпуховская,Without renovation
58.9,3.0,5.0,9,16.0,0.5555555555555556,0,0,0,4.092676505121403,Выхино,Without renovation
36.0,1.0,8.0,12,6.0,0.6666666666666666,0,0,0,3.610917912644224,Новогиреево,European-style renovation
41.0,1.0,9.0,14,13.0,0.6428571428571429,0,0,0,3.737669618283368,Марьина Роща,Designer
243.6,5.0,3.0,3,8.0,1.0,0,1,0,5.499624223253072,Октябрьское поле,Without renovation
298.0,6.0,6.0,13,8.0,0.4615384615384615,0,0,0,5.700443573390687,Новослободская,Designer
120.0,4.0,5.0,42,6.0,0.119047619047619,0,0,0,4.795790545596741,Фили,Without renovation
84.6,3.0,6.0,6,10.0,1.0,0,1,0,4.449685283147696,Марксистская,European-style renovation
39.0,1.0,9.0,17,11.0,0.5294117647058824,0,0,0,3.688879454113936,Раменки,Cosmetic
70.6,0.0,6.0,7,17.0,0.8571428571428571,0,0,1,4.2710950739666,Электрозаводская,Without renovation
126.1,3.0,2.0,22,17.0,0.0909090909090909,0,0,0,4.844974178195408,Славянский бульвар,Designer
151.7,4.0,6.0,10,7.0,0.6,0,0,0,5.028475212224587,Преображенская площадь,European-style renovation
40.1,1.0,4.0,15,8.0,0.2666666666666666,0,0,0,3.716008121502189,Динамо,Designer
55.2,3.0,3.0,5,7.0,0.6,0,0,0,4.028916756899646,Зюзино,Without renovation
36.4,1.0,5.0,8,21.0,0.625,0,0,0,3.6216707044204863,Бутырская,Without renovation
39.1,1.0,12.0,14,13.0,0.8571428571428571,0,0,0,3.691376334312523,Марьино,Without renovation
36.0,1.0,16.0,17,12.0,0.9411764705882352,0,0,0,3.610917912644224,Щербинка,Cosmetic
40.4,1.0,12.0,15,11.0,0.8,0,0,0,3.7232808808312687,Раменки,Without renovation
101.0,0.0,11.0,22,23.0,0.5,0,0,1,4.624972813284271,Славянский бульвар,Without renovation
350.0,5.0,17.0,17,1.0,1.0,0,1,0,5.860786223465865,Новослободская,European-style renovation
45.7,1.0,25.0,33,12.0,0.7575757575757576,0,0,0,3.843744164674852,Улица Скобелевская,European-style renovation
39.6,1.0,10.0,23,9.0,0.4347826086956521,0,0,0,3.703768066607687,Селигерская,Cosmetic
18.0,0.0,1.0,9,10.0,0.1111111111111111,1,0,1,2.9444389791664403,Пражская,Without renovation
54.4,2.0,8.0,11,8.0,0.7272727272727273,0,0,0,4.014579593753238,Смоленская,European-style renovation
240.0,6.0,4.0,6,5.0,0.6666666666666666,0,0,0,5.484796933490655,Китай-город,Designer
57.0,2.0,12.0,20,13.0,0.6,0,0,0,4.060443010546419,Соколиная Гора,Designer
11.0,0.0,1.0,5,19.0,0.2,1,0,1,2.4849066497880004,Молодежная,European-style renovation
338.4,8.0,10.0,15,10.0,0.6666666666666666,0,0,0,5.827179352800126,Фрунзенская,Without renovation
94.9,0.0,24.0,25,10.0,0.96,0,0,1,4.563305981889393,Петровский парк,Without renovation
44.0,2.0,5.0,5,20.0,1.0,0,1,0,3.80666248977032,Перово,Without renovation
22.5,0.0,1.0,12,10.0,0.0833333333333333,1,0,1,3.157000421150113,Лианозово,Cosmetic
35.1,1.0,2.0,12,23.0,0.1666666666666666,0,0,0,3.586292865338835,Локомотив,European-style renovation
140.0,4.0,10.0,13,5.0,0.7692307692307693,0,0,0,4.948759890378168,Маяковская,Designer
237.0,0.0,4.0,12,24.0,0.3333333333333333,0,0,1,5.472270673671475,Ломоносовский проспект,Without renovation
18.5,0.0,1.0,9,12.0,0.1111111111111111,1,0,1,2.970414465569701,Щелковская,Cosmetic
70.0,2.0,3.0,5,3.0,0.6,0,0,0,4.262679877041316,Третьяковская,Cosmetic
53.0,2.0,2.0,14,21.0,0.1428571428571428,0,0,0,3.9889840465642745,Солнцево,Cosmetic
42.4,1.0,18.0,48,9.0,0.375,0,0,0,3.770459441106359,Народное Ополчение,Without renovation
19.5,0.0,2.0,17,18.0,0.1176470588235294,0,0,1,3.0204248861443626,Некрасовка,Without renovation
13.0,0.0,1.0,9,8.0,0.1111111111111111,1,0,1,2.6390573296152584,Медведково,Without renovation
57.9,3.0,8.0,9,12.0,0.8888888888888888,0,0,0,4.075841090657541,Преображенская площадь,Without renovation
149.0,3.0,10.0,53,29.0,0.1886792452830188,0,0,0,5.010635294096256,Минская,Without renovation
100.0,3.0,9.0,37,13.0,0.2432432432432432,0,0,0,4.61512051684126,Шелепиха,Without renovation
51.0,2.0,14.0,17,8.0,0.8235294117647058,0,0,0,3.951243718581428,Бульвар Адмирала Ушакова,Without renovation
131.6,2.0,9.0,9,9.0,1.0,0,1,0,4.887337077751762,Бауманская,Designer
19.5,0.0,1.0,9,4.0,0.1111111111111111,1,0,1,3.0204248861443626,Ясенево,Cosmetic
62.0,3.0,7.0,9,16.0,0.7777777777777778,0,0,0,4.143134726391533,Отрадное,European-style renovation
97.5,3.0,20.0,22,12.0,0.9090909090909092,0,0,0,4.590056548178043,ЗИЛ,Without renovation
165.0,4.0,1.0,7,6.0,0.1428571428571428,1,0,0,5.111987788356544,Кропоткинская,Without renovation
124.0,4.0,18.0,36,12.0,0.5,0,0,0,4.8283137373023015,Динамо,European-style renovation
71.1,3.0,6.0,25,10.0,0.24,0,0,0,4.278054044290903,Профсоюзная,European-style renovation
69.0,2.0,10.0,20,15.0,0.5,0,0,0,4.248495242049359,Кантемировская,European-style renovation
25.0,0.0,3.0,15,7.0,0.2,0,0,1,3.258096538021482,Коммунарка,Cosmetic
63.5,3.0,9.0,43,17.0,0.2093023255813953,0,0,0,4.166665223801727,Хорошево,European-style renovation
73.0,2.0,7.0,10,6.0,0.7,0,0,0,4.30406509320417,Маяковская,European-style renovation
78.0,3.0,3.0,20,8.0,0.15,0,0,0,4.3694478524670215,Шаболовская,European-style renovation
76.0,3.0,5.0,19,9.0,0.2631578947368421,0,0,0,4.343805421853684,Некрасовка,Cosmetic
61.9,3.0,6.0,12,18.0,0.5,0,0,0,4.141546163706395,Коптево,Cosmetic
166.8,4.0,8.0,16,9.0,0.5,0,0,0,5.122772794033106,Динамо,Designer
40.8,1.0,21.0,23,7.0,0.9130434782608696,0,0,0,3.7328963395307104,Селигерская,Designer
170.0,3.0,38.0,88,2.0,0.4318181818181818,0,0,0,5.14166355650266,Международная,Designer
76.8,3.0,2.0,9,17.0,0.2222222222222222,0,0,0,4.354141431184346,Университет,European-style renovation
72.6,3.0,2.0,5,8.0,0.4,0,0,0,4.298645025734831,Измайлово,European-style renovation
16.2,0.0,1.0,3,7.0,0.3333333333333333,1,0,1,2.8449093838194077,Сретенский бульвар,Without renovation
105.0,3.0,5.0,25,12.0,0.2,0,0,0,4.663439094112067,Солнцево,Cosmetic
15.3,0.0,3.0,16,19.0,0.1875,0,0,1,2.791165107812717,Щелковская,European-style renovation
25.2,0.0,2.0,2,16.0,1.0,0,1,1,3.265759410767051,Рязанский проспект,European-style renovation
83.5,2.0,17.0,22,9.0,0.7727272727272727,0,0,0,4.436751534363128,Раменки,Designer
79.26,4.0,15.0,21,13.0,0.7142857142857143,0,0,0,4.385271364838771,Аминьевская,European-style renovation
50.3,1.0,2.0,6,11.0,0.3333333333333333,0,0,0,3.937690752176724,Говорово,European-style renovation
111.6,5.0,5.0,16,4.0,0.3125,0,0,0,4.72384171570559,Алма-Атинская,European-style renovation
60.0,2.0,3.0,14,30.0,0.2142857142857142,0,0,0,4.110873864173311,Бескудниково,European-style renovation
110.0,4.0,2.0,7,6.0,0.2857142857142857,0,0,0,4.709530201312334,Тверская,Cosmetic
59.9,2.0,6.0,9,8.0,0.6666666666666666,0,0,0,4.109233174715851,Зорге,Designer
219.6,5.0,2.0,28,7.0,0.0714285714285714,0,0,0,5.396351106819402,Молодежная,Without renovation
97.0,3.0,7.0,14,11.0,0.5,0,0,0,4.584967478670572,Спортивная,Designer
63.0,2.0,5.0,8,5.0,0.625,0,0,0,4.158883083359672,Войковская,European-style renovation
38.8,1.0,5.0,14,11.0,0.3571428571428571,0,0,0,3.683866912290392,Дегунино,European-style renovation
39.0,1.0,2.0,17,5.0,0.1176470588235294,0,0,0,3.688879454113936,Славянский бульвар,European-style renovation
90.9,3.0,16.0,30,9.0,0.5333333333333333,0,0,0,4.520701029361642,Бульвар Рокоссовского,European-style renovation
155.8,4.0,12.0,21,5.0,0.5714285714285714,0,0,0,5.054971107916307,Беговая,European-style renovation
149.4,4.0,13.0,16,5.0,0.8125,0,0,0,5.01329841151574,Тимирязевская,Without renovation
23.9,0.0,6.0,25,4.0,0.24,0,0,1,3.214867803470662,Трикотажная,Without renovation
35.9,1.0,4.0,17,18.0,0.2352941176470588,0,0,0,3.6082115510464816,Академическая,Cosmetic
79.4,3.0,9.0,27,16.0,0.3333333333333333,0,0,0,4.387014176184921,Серпуховская,Without renovation
15.6,0.0,5.0,8,12.0,0.625,0,0,1,2.8094026953624978,Электрозаводская,Designer
42.5,2.0,2.0,9,6.0,0.2222222222222222,0,0,0,3.7727609380946383,Крымская,Designer
388.0,6.0,11.0,17,15.0,0.6470588235294118,0,0,0,5.963579343618446,Ломоносовский проспект,Designer
362.0,7.0,6.0,7,40.0,0.8571428571428571,0,0,0,5.8944028342648505,Тушинская,Designer
70.1,2.0,15.0,41,3.0,0.3658536585365853,0,0,0,4.264087336809195,Лужники,Without renovation
163.0,3.0,33.0,53,7.0,0.6226415094339622,0,0,0,5.099866427824199,Минская,Designer
134.5,4.0,3.0,8,18.0,0.375,0,0,0,4.908971640319756,Хорошево,Designer
43.0,1.0,13.0,15,11.0,0.8666666666666667,0,0,0,3.784189633918261,Раменки,Without renovation
77.5,3.0,28.0,51,6.0,0.5490196078431373,0,0,0,4.363098624788363,Шелепиха,Without renovation
24.0,0.0,2.0,12,16.0,0.1666666666666666,0,0,1,3.218875824868201,Юго-Западная,Cosmetic
107.0,3.0,13.0,14,10.0,0.9285714285714286,0,0,0,4.68213122712422,Серпуховская,Without renovation
35.0,1.0,5.0,12,10.0,0.4166666666666667,0,0,0,3.58351893845611,Щелковская,Cosmetic
39.0,1.0,6.0,12,24.0,0.5,0,0,0,3.688879454113936,Покровское,Without renovation
72.0,3.0,10.0,15,6.0,0.6666666666666666,0,0,0,4.290459441148391,Филатов Луг,European-style renovation
152.0,3.0,5.0,9,25.0,0.5555555555555556,0,0,0,5.030437921392435,Минская,European-style renovation
260.3,6.0,3.0,13,7.0,0.2307692307692307,0,0,0,5.565669172526567,Смоленская,Without renovation
84.0,3.0,28.0,42,5.0,0.6666666666666666,0,0,0,4.442651256490317,Аминьевская,European-style renovation
48.9,3.0,6.0,9,11.0,0.6666666666666666,0,0,0,3.910021002757473,Шипиловская,Cosmetic
14.0,0.0,3.0,4,9.0,0.75,0,0,1,2.70805020110221,Рижская,Cosmetic
79.0,3.0,11.0,14,13.0,0.7857142857142857,0,0,0,4.382026634673881,Текстильщики,European-style renovation
16.0,0.0,1.0,8,3.0,0.125,1,0,1,2.833213344056216,Тургеневская,Without renovation
59.0,2.0,7.0,7,17.0,1.0,0,1,0,4.0943445622221,Электрозаводская,Without renovation
67.0,2.0,22.0,28,18.0,0.7857142857142857,0,0,0,4.219507705176107,Фили,Without renovation
185.0,4.0,8.0,8,5.0,1.0,0,1,0,5.225746673713202,Тульская,Without renovation
37.3,0.0,2.0,28,19.0,0.0714285714285714,0,0,1,3.6454498961866,Народное Ополчение,Without renovation
39.0,1.0,2.0,12,12.0,0.1666666666666666,0,0,0,3.688879454113936,Нагатинский Затон,Cosmetic
40.2,1.0,26.0,26,5.0,1.0,0,1,0,3.7184382563554808,Лесопарковая,Cosmetic
55.0,3.0,5.0,14,15.0,0.3571428571428571,0,0,0,4.02535169073515,Технопарк,European-style renovation
24.1,0.0,11.0,34,9.0,0.3235294117647059,0,0,1,3.2228678461377385,Аминьевская,Designer
72.9,3.0,3.0,19,15.0,0.1578947368421052,0,0,0,4.302712827954156,Некрасовка,Cosmetic
18.0,0.0,1.0,12,12.0,0.0833333333333333,1,0,1,2.9444389791664403,Бунинская Аллея,European-style renovation
63.0,2.0,13.0,23,17.0,0.5652173913043478,0,0,0,4.158883083359672,Текстильщики,Cosmetic
123.0,2.0,2.0,6,15.0,0.3333333333333333,0,0,0,4.820281565605037,Воробьёвы горы,Designer
82.2,3.0,9.0,28,24.0,0.3214285714285714,0,0,0,4.421247347827163,ЗИЛ,European-style renovation
107.6,4.0,12.0,29,21.0,0.4137931034482758,0,0,0,4.687671407499835,Автозаводская,Without renovation
44.7,1.0,8.0,14,60.0,0.5714285714285714,0,0,0,3.822098297900159,Минская,Cosmetic
35.5,1.0,7.0,25,23.0,0.28,0,0,0,3.597312260588446,Хорошево,Without renovation
125.0,4.0,23.0,36,12.0,0.6388888888888888,0,0,0,4.836281906951478,Динамо,European-style renovation
157.3,4.0,5.0,12,7.0,0.4166666666666667,0,0,0,5.064491966886966,Маяковская,European-style renovation
110.0,4.0,4.0,30,8.0,0.1333333333333333,0,0,0,4.709530201312334,Тушинская,European-style renovation
71.0,2.0,4.0,9,5.0,0.4444444444444444,0,0,0,4.276666119016055,Кутузовская,European-style renovation
77.1,3.0,22.0,25,10.0,0.88,0,0,0,4.35799005684564,Филатов Луг,Without renovation
16.0,0.0,1.0,8,3.0,0.125,1,0,1,2.833213344056216,Тургеневская,Cosmetic
19.2,0.0,4.0,6,5.0,0.6666666666666666,0,0,1,3.005682604407159,Андроновка,European-style renovation
117.4,5.0,13.0,33,17.0,0.3939393939393939,0,0,0,4.774068722449905,Павелецкая,Without renovation
73.2,2.0,16.0,24,17.0,0.6666666666666666,0,0,0,4.306764150173335,Калитники,European-style renovation
131.0,5.0,16.0,26,23.0,0.6153846153846154,0,0,0,4.882801922586371,Славянский бульвар,Designer
80.3,4.0,2.0,12,10.0,0.1666666666666666,0,0,0,4.398146016553765,Алтуфьево,Without renovation
71.8,3.0,4.0,19,10.0,0.2105263157894736,0,0,0,4.28771595520264,Стахановская,European-style renovation
207.0,6.0,2.0,5,5.0,0.4,0,0,0,5.337538079701318,Чистые пруды,European-style renovation
182.8,4.0,3.0,6,12.0,0.5,0,0,0,5.213848209921586,Маяковская,European-style renovation
65.0,3.0,10.0,15,15.0,0.6666666666666666,0,0,0,4.189654742026425,Нагатинский Затон,European-style renovation
35.2,1.0,3.0,12,3.0,0.25,0,0,0,3.5890591188317256,Бауманская,Without renovation
315.0,6.0,5.0,5,7.0,1.0,0,1,0,5.755742213586912,Кропоткинская,European-style renovation
39.0,1.0,8.0,8,29.0,1.0,0,1,0,3.688879454113936,Люблино,Cosmetic
385.0,6.0,1.0,3,7.0,0.3333333333333333,1,0,0,5.955837369464831,Минская,Without renovation
41.8,1.0,10.0,12,12.0,0.8333333333333334,0,0,0,3.756538102587751,Зябликово,Cosmetic
53.8,2.0,8.0,9,10.0,0.8888888888888888,0,0,0,4.00369019395397,Текстильщики,European-style renovation
65.9,3.0,14.0,16,7.0,0.875,0,0,0,4.203198967134183,Улица Академика Королёва,European-style renovation
80.0,2.0,7.0,18,10.0,0.3888888888888889,0,0,0,4.394449154672439,ЦСКА,Designer
57.5,3.0,3.0,10,11.0,0.3,0,0,0,4.069026754237811,Юго-Восточная,Cosmetic
57.4,2.0,12.0,22,11.0,0.5454545454545454,0,0,0,4.067315889834181,Ясенево,Cosmetic
32.3,1.0,15.0,32,4.0,0.46875,0,0,0,3.505557396986398,Пятницкое шоссе,Cosmetic
20.0,0.0,1.0,5,13.0,0.2,1,0,1,3.044522437723423,Академическая,Without renovation
29.5,0.0,2.0,3,24.0,0.6666666666666666,0,0,1,3.417726683613366,Внуково,Cosmetic
77.0,3.0,4.0,16,12.0,0.25,0,0,0,4.356708826689592,Алтуфьево,Cosmetic
31.8,1.0,2.0,12,14.0,0.1666666666666666,0,0,0,3.490428515390098,Сокольники,Cosmetic
133.7,4.0,10.0,21,10.0,0.4761904761904761,0,0,0,4.903050083416319,Мичуринский проспект,Without renovation
161.1,3.0,3.0,21,6.0,0.1428571428571428,0,0,0,5.08821342874163,Улица 1905 года,Designer
29.6,0.0,3.0,4,3.0,0.75,0,0,1,3.4210000089583352,Аэропорт,Designer
100.0,3.0,18.0,21,15.0,0.8571428571428571,0,0,0,4.61512051684126,Улица 1905 года,Designer
70.0,3.0,8.0,25,12.0,0.32,0,0,0,4.262679877041316,Балтийская,Designer
100.0,4.0,3.0,5,26.0,0.6,0,0,0,4.61512051684126,Тульская,Without renovation
238.0,5.0,8.0,9,5.0,0.8888888888888888,0,0,0,5.476463551931511,Новокузнецкая,Designer
90.7,3.0,11.0,33,12.0,0.3333333333333333,0,0,0,4.51852237926242,Улица Скобелевская,European-style renovation
121.0,3.0,7.0,22,3.0,0.3181818181818182,0,0,0,4.804021044733257,Новокузнецкая,European-style renovation
133.0,4.0,4.0,8,6.0,0.5,0,0,0,4.897839799950911,Охотный ряд,European-style renovation
19.8,0.0,4.0,35,13.0,0.1142857142857142,0,0,1,3.0349529867072724,Владыкино,Cosmetic
47.2,1.0,11.0,16,24.0,0.6875,0,0,0,3.8753590210565543,Коммунарка,European-style renovation
102.2,4.0,19.0,22,20.0,0.8636363636363636,0,0,0,4.636668853047462,Калужская,Cosmetic
52.9,2.0,24.0,33,10.0,0.7272727272727273,0,0,0,3.9871304779149512,Щукинская,European-style renovation
68.7,0.0,22.0,30,4.0,0.7333333333333333,0,0,1,4.244200317766478,Угрешская,Without renovation
110.7,3.0,6.0,22,10.0,0.2727272727272727,0,0,0,4.715816706075155,Улица 1905 года,Designer
42.1,1.0,21.0,44,12.0,0.4772727272727273,0,0,0,3.763522997109702,Улица 1905 года,Designer
92.6,4.0,10.0,21,12.0,0.4761904761904761,0,0,0,4.539030383483547,Хорошево,European-style renovation
207.0,4.0,6.0,8,7.0,0.75,0,0,0,5.337538079701318,Арбатская,Designer
57.7,2.0,13.0,16,17.0,0.8125,0,0,0,4.072439726834051,Медведково,Cosmetic
119.3,5.0,24.0,30,10.0,0.8,0,0,0,4.789988622980633,Мичуринский проспект,Without renovation
108.5,2.0,11.0,17,11.0,0.6470588235294118,0,0,0,4.695924549256556,Филёвский парк,Without renovation
37.0,0.0,2.0,6,14.0,0.3333333333333333,0,0,1,3.6375861597263857,Чертановская,Cosmetic
35.4,1.0,2.0,11,35.0,0.1818181818181818,0,0,0,3.594568774642695,Нахабино,Cosmetic
226.2,4.0,15.0,57,9.0,0.2631578947368421,0,0,0,5.4258306868469965,Аэропорт,European-style renovation
38.9,1.0,4.0,22,7.0,0.1818181818181818,0,0,0,3.686376323895818,Автозаводская,Cosmetic
61.0,2.0,4.0,6,7.0,0.6666666666666666,0,0,0,4.127134385045092,Таганская,Designer
44.8,1.0,2.0,25,6.0,0.08,0,0,0,3.824284091120139,Красный Балтиец,European-style renovation
79.0,3.0,2.0,17,8.0,0.1176470588235294,0,0,0,4.382026634673881,Пятницкое шоссе,Without renovation
41.7,1.0,3.0,13,18.0,0.2307692307692307,0,0,0,3.754198920234579,Новогиреево,European-style renovation
99.0,4.0,11.0,12,11.0,0.9166666666666666,0,0,0,4.605170185988092,Фонвизинская,Without renovation
53.8,2.0,14.0,16,22.0,0.875,0,0,0,4.00369019395397,Народное Ополчение,Cosmetic
74.0,3.0,2.0,14,6.0,0.1428571428571428,0,0,0,4.31748811353631,Алма-Атинская,European-style renovation
260.0,6.0,35.0,38,11.0,0.9210526315789472,0,0,0,5.564520407322694,Ростокино,Designer
25.8,0.0,3.0,4,3.0,0.75,0,0,1,3.288401887516811,Аэропорт,Designer
139.0,5.0,16.0,25,23.0,0.64,0,0,0,4.941642422609304,Давыдково,Without renovation
97.0,3.0,7.0,18,5.0,0.3888888888888889,0,0,0,4.584967478670572,Спортивная,Designer
18.8,0.0,7.0,9,13.0,0.7777777777777778,0,0,1,2.9856819377004897,Зеленоград — Крюково,European-style renovation
84.8,4.0,2.0,8,4.0,0.25,0,0,0,4.4520190064939165,Охотный ряд,Without renovation
317.7,5.0,25.0,27,5.0,0.925925925925926,0,0,0,5.764250221423291,Октябрьское поле,Without renovation
139.9,5.0,6.0,17,10.0,0.3529411764705882,0,0,0,4.948050418904635,Коммунарка,European-style renovation
209.7,5.0,5.0,7,8.0,0.7142857142857143,0,0,0,5.350435320810143,Трубная,Cosmetic
85.5,4.0,3.0,5,8.0,0.6,0,0,0,4.460144413937834,Новокузнецкая,Without renovation
38.2,1.0,5.0,17,8.0,0.2941176470588235,0,0,0,3.6686767467964168,Новопеределкино,European-style renovation
29.2,1.0,12.0,14,57.0,0.8571428571428571,0,0,0,3.407841924380824,Коммунарка,European-style renovation
41.0,2.0,3.0,5,7.0,0.6,0,0,0,3.737669618283368,Филёвский парк,Cosmetic
87.0,4.0,2.0,5,7.0,0.4,0,0,0,4.477336814478207,Смоленская,European-style renovation
338.4,6.0,10.0,15,10.0,0.6666666666666666,0,0,0,5.827179352800126,Фрунзенская,Without renovation
38.3,1.0,17.0,18,12.0,0.9444444444444444,0,0,0,3.6712245188752153,Красногвардейская,Cosmetic
160.0,3.0,3.0,9,7.0,0.3333333333333333,0,0,0,5.081404364984463,Цветной бульвар,Designer
88.5,3.0,35.0,47,14.0,0.7446808510638298,0,0,0,4.4942386252808095,Калужская,European-style renovation
70.0,2.0,13.0,36,6.0,0.3611111111111111,0,0,0,4.262679877041316,Аминьевская,European-style renovation
30.2,0.0,7.0,22,7.0,0.3181818181818182,0,0,1,3.4404180948154366,ВДНХ,Without renovation
88.2,3.0,3.0,17,14.0,0.1764705882352941,0,0,0,4.490881039585964,Молодежная,Designer
69.6,4.0,1.0,5,3.0,0.2,1,0,0,4.257030144499196,Варшавская,Designer
20.9,0.0,2.0,17,8.0,0.1176470588235294,0,0,1,3.086486636822455,Некрасовка,European-style renovation
19.0,0.0,1.0,4,11.0,0.25,1,0,1,2.995732273553991,Свиблово,Cosmetic
184.0,4.0,22.0,31,19.0,0.7096774193548387,0,0,0,5.220355825078324,Славянский бульвар,Designer
91.0,4.0,4.0,12,22.0,0.3333333333333333,0,0,0,4.5217885770490405,Щелковская,European-style renovation
57.4,3.0,1.0,39,11.0,0.0256410256410256,1,0,0,4.067315889834181,Селигерская,Designer
32.3,1.0,12.0,33,14.0,0.3636363636363636,0,0,0,3.505557396986398,Нижегородская,European-style renovation
36.1,1.0,15.0,30,18.0,0.5,0,0,0,3.6136169696133895,Бунинская Аллея,Cosmetic
90.0,3.0,32.0,78,3.0,0.4102564102564102,0,0,0,4.51085950651685,Тестовская,Designer
88.0,3.0,4.0,19,11.0,0.2105263157894736,0,0,0,4.48863636973214,Беломорская,European-style renovation
32.7,1.0,4.0,9,14.0,0.4444444444444444,0,0,0,3.517497837358316,Теплый Стан,Cosmetic
61.6,0.0,1.0,8,11.0,0.125,1,0,1,4.136765278106052,Новокузнецкая,Without renovation
162.0,4.0,19.0,35,10.0,0.5428571428571428,0,0,0,5.093750200806762,Крылатское,Cosmetic
73.2,3.0,2.0,16,12.0,0.125,0,0,0,4.306764150173335,Алтуфьево,European-style renovation
131.8,3.0,2.0,18,13.0,0.1111111111111111,0,0,0,4.888844237042334,Воробьёвы горы,Designer
60.0,3.0,9.0,9,6.0,1.0,0,1,0,4.110873864173311,Рязанский проспект,European-style renovation
96.9,3.0,2.0,5,9.0,0.4,0,0,0,4.583946549536464,Арбатская,Without renovation
114.7,4.0,27.0,40,12.0,0.675,0,0,0,4.751000634199631,ЗИЛ,Without renovation
63.6,3.0,6.0,10,14.0,0.6,0,0,0,4.168214410788556,Римская,European-style renovation
344.8,5.0,2.0,4,46.0,0.5,0,0,0,5.84586057324919,Терехово,European-style renovation
23.0,0.0,2.0,17,4.0,0.1176470588235294,0,0,1,3.1780538303479458,Некрасовка,Without renovation
39.0,1.0,25.0,25,6.0,1.0,0,1,0,3.688879454113936,Некрасовка,European-style renovation
168.3,4.0,10.0,16,7.0,0.625,0,0,0,5.13167228913909,Смоленская,Designer
27.3,0.0,3.0,4,3.0,0.75,0,0,1,3.342861804649192,Аэропорт,Designer
40.6,1.0,2.0,17,17.0,0.1176470588235294,0,0,0,3.728100167267218,Щербинка,Without renovation
24.7,0.0,5.0,23,11.0,0.217391304347826,0,0,1,3.246490991901174,Хорошёвская,Without renovation
38.0,1.0,3.0,14,8.0,0.2142857142857142,0,0,0,3.6635616461296463,Бауманская,Cosmetic
170.0,4.0,5.0,6,4.0,0.8333333333333334,0,0,0,5.14166355650266,Добрынинская,Designer
93.8,0.0,4.0,4,8.0,1.0,0,1,1,4.551769409260976,Арбатская,Cosmetic
36.3,1.0,8.0,22,7.0,0.3636363636363636,0,0,0,3.6189933266497696,Спартак,Without renovation
14.5,0.0,1.0,16,9.0,0.0625,1,0,1,2.740840023925201,Ясенево,Without renovation
74.1,3.0,4.0,20,6.0,0.2,0,0,0,4.318820558770089,Нагатинская,European-style renovation
110.0,4.0,9.0,12,11.0,0.75,0,0,0,4.709530201312334,Динамо,Designer
54.1,2.0,4.0,16,18.0,0.25,0,0,0,4.009149716158869,ЗИЛ,European-style renovation
66.7,3.0,9.0,26,14.0,0.3461538461538461,0,0,0,4.215086179918229,Славянский бульвар,Cosmetic
92.0,4.0,11.0,17,11.0,0.6470588235294118,0,0,0,4.532599493153256,Парк культуры,Cosmetic
15.7,0.0,2.0,4,12.0,0.5,0,0,1,2.815408719422709,Преображенская площадь,European-style renovation
103.0,4.0,1.0,4,13.0,0.25,1,0,0,4.6443908991413725,Петровский парк,Cosmetic
44.6,1.0,11.0,32,14.0,0.34375,0,0,0,3.819907716520341,Лианозово,Cosmetic
35.0,1.0,10.0,12,8.0,0.8333333333333334,0,0,0,3.58351893845611,Юго-Восточная,Without renovation
200.0,4.0,1.0,16,12.0,0.0625,1,0,0,5.303304908059076,Минская,Designer
317.7,6.0,26.0,27,5.0,0.9629629629629628,0,0,0,5.764250221423291,Октябрьское поле,Without renovation
29.3,0.0,4.0,5,5.0,0.8,0,0,1,3.411147712515324,Окружная,Without renovation
20.0,0.0,21.0,24,30.0,0.875,0,0,1,3.044522437723423,Улица Дмитриевского,Cosmetic
60.6,3.0,2.0,9,14.0,0.2222222222222222,0,0,0,4.120661870539474,Бибирево,Cosmetic
70.0,3.0,5.0,6,9.0,0.8333333333333334,0,0,0,4.262679877041316,Коломенская,Cosmetic
13.1,0.0,2.0,6,9.0,0.3333333333333333,0,0,1,2.6461747973841225,Маяковская,European-style renovation
25.0,0.0,14.0,19,23.0,0.7368421052631579,0,0,1,3.258096538021482,Хорошево,Cosmetic
27.1,0.0,8.0,12,15.0,0.6666666666666666,0,0,1,3.3357695763397,Савеловская,Designer
36.0,0.0,1.0,7,13.0,0.1428571428571428,1,0,1,3.610917912644224,Сокольники,Cosmetic
162.0,4.0,4.0,16,13.0,0.25,0,0,0,5.093750200806762,Новые Черемушки,Cosmetic
113.8,2.0,9.0,18,13.0,0.5,0,0,0,4.743191483885466,Воробьёвы горы,Designer
49.7,2.0,10.0,29,18.0,0.3448275862068966,0,0,0,3.9259259105971376,Народное Ополчение,European-style renovation
49.4,1.0,3.0,30,22.0,0.1,0,0,0,3.919991175077323,Хорошево,Designer
243.0,6.0,9.0,21,8.0,0.4285714285714285,0,0,0,5.497168225293202,Октябрьское поле,Designer
51.5,3.0,7.0,9,16.0,0.7777777777777778,0,0,0,3.960813169597578,Отрадное,Cosmetic
42.0,1.0,10.0,12,14.0,0.8333333333333334,0,0,0,3.7612001156935615,Савеловская,European-style renovation
52.0,2.0,2.0,14,21.0,0.1428571428571428,0,0,0,3.970291913552122,Медведково,European-style renovation
70.0,2.0,25.0,50,12.0,0.5,0,0,0,4.262679877041316,Мичуринский проспект,Without renovation
195.0,4.0,2.0,6,33.0,0.3333333333333333,0,0,0,5.278114659230517,Щукинская,Designer
68.0,3.0,7.0,12,9.0,0.5833333333333334,0,0,0,4.23410650459726,Отрадное,European-style renovation
17.1,0.0,2.0,9,9.0,0.2222222222222222,0,0,1,2.89591193827178,Красный Балтиец,Designer
80.0,3.0,3.0,5,23.0,0.6,0,0,0,4.394449154672439,Преображенская площадь,Cosmetic
39.0,1.0,21.0,22,22.0,0.9545454545454546,0,0,0,3.688879454113936,Сходненская,European-style renovation
60.2,1.0,11.0,29,8.0,0.3793103448275862,0,0,0,4.11414718951828,Строгино,European-style renovation
233.3,4.0,6.0,8,11.0,0.75,0,0,0,5.45660234551375,Кропоткинская,European-style renovation
146.0,4.0,15.0,24,26.0,0.625,0,0,0,4.990432586778736,Минская,European-style renovation
37.5,1.0,5.0,17,13.0,0.2941176470588235,0,0,0,3.6506582412937383,Яхромская,Cosmetic
40.0,1.0,5.0,9,10.0,0.5555555555555556,0,0,0,3.713572066704308,Белорусская,Cosmetic
36.1,2.0,12.0,33,14.0,0.3636363636363636,0,0,0,3.6136169696133895,Нижегородская,Cosmetic
13.8,0.0,1.0,14,10.0,0.0714285714285714,1,0,1,2.694627180770069,Новопеределкино,European-style renovation
90.0,3.0,14.0,17,29.0,0.8235294117647058,0,0,0,4.51085950651685,Царицыно,Without renovation
66.0,2.0,7.0,17,5.0,0.4117647058823529,0,0,0,4.204692619390966,Селигерская,Cosmetic
53.3,1.0,3.0,41,11.0,0.073170731707317,0,0,0,3.9945242269398897,Аэропорт,European-style renovation
46.8,1.0,25.0,25,11.0,1.0,0,1,0,3.86702563949741,Аминьевская,Cosmetic
37.0,0.0,1.0,5,7.0,0.2,1,0,1,3.6375861597263857,Гражданская,Without renovation
109.1,3.0,2.0,16,13.0,0.125,0,0,0,4.701389043728634,Фили,European-style renovation
30.0,0.0,14.0,25,17.0,0.56,0,0,1,3.4339872044851463,Фили,Cosmetic
330.4,0.0,2.0,21,7.0,0.0952380952380952,0,0,1,5.803326104992462,Коломенская,Without renovation
99.0,4.0,2.0,9,8.0,0.2222222222222222,0,0,0,4.605170185988092,Белорусская,Cosmetic
41.5,1.0,5.0,24,9.0,0.2083333333333333,0,0,0,3.7495040759303713,Чертановская,Cosmetic
90.0,3.0,7.0,21,6.0,0.3333333333333333,0,0,0,4.51085950651685,Улица 1905 года,Designer
35.7,1.0,10.0,19,15.0,0.5263157894736842,0,0,0,3.6027767550605247,Некрасовка,Cosmetic
37.5,0.0,2.0,6,14.0,0.3333333333333333,0,0,1,3.6506582412937383,Южная,Without renovation
106.0,3.0,5.0,15,15.0,0.3333333333333333,0,0,0,4.672828834461906,Новые Черемушки,European-style renovation
55.6,2.0,2.0,16,20.0,0.125,0,0,0,4.036008985209137,Сетунь,Cosmetic
35.6,1.0,2.0,30,18.0,0.0666666666666666,0,0,0,3.6000482404073204,Бунинская Аллея,Cosmetic
39.0,1.0,2.0,23,14.0,0.0869565217391304,0,0,0,3.688879454113936,Некрасовка,Cosmetic
146.5,3.0,4.0,39,3.0,0.1025641025641025,0,0,0,4.993828175779875,Сокольники,Designer
64.7,1.0,5.0,24,7.0,0.2083333333333333,0,0,0,4.185098925490565,Улица 1905 года,Designer
42.4,1.0,37.0,48,9.0,0.7708333333333334,0,0,0,3.770459441106359,Народное Ополчение,Without renovation
38.0,1.0,6.0,12,8.0,0.5,0,0,0,3.6635616461296463,Бунинская Аллея,Cosmetic
42.2,1.0,10.0,16,6.0,0.625,0,0,0,3.765840495250065,Белорусская,Without renovation
49.0,2.0,2.0,12,16.0,0.1666666666666666,0,0,0,3.912023005428146,Калужская,Designer
30.9,1.0,2.0,14,15.0,0.1428571428571428,0,0,0,3.462606009790799,Люблино,Cosmetic
45.8,1.0,6.0,25,12.0,0.24,0,0,0,3.845883202923601,Беговая,European-style renovation
57.1,2.0,24.0,29,10.0,0.8275862068965517,0,0,0,4.062165663857866,Печатники,European-style renovation
26.0,0.0,28.0,45,13.0,0.6222222222222222,0,0,1,3.295836866004329,Селигерская,Designer
98.0,1.0,2.0,7,5.0,0.2857142857142857,0,0,0,4.59511985013459,Арбатская,Designer
38.6,1.0,12.0,19,4.0,0.631578947368421,0,0,0,3.6788291182604342,Лесопарковая,Cosmetic
154.0,4.0,24.0,24,5.0,1.0,0,1,0,5.043425116919247,Сетунь,European-style renovation
38.6,1.0,7.0,28,15.0,0.25,0,0,0,3.6788291182604342,Трикотажная,Cosmetic
83.0,3.0,7.0,13,9.0,0.5384615384615384,0,0,0,4.430816798843313,Спортивная,European-style renovation
76.1,3.0,16.0,17,10.0,0.9411764705882352,0,0,0,4.345103280569283,Раменки,Cosmetic
24.6,0.0,1.0,6,7.0,0.1666666666666666,1,0,1,3.242592351485517,Авиамоторная,Cosmetic
287.5,6.0,22.0,22,13.0,1.0,0,1,0,5.664695085948154,Шаболовская,Designer
44.3,1.0,4.0,17,17.0,0.2352941176470588,0,0,0,3.813307032488989,Ольховая,European-style renovation
73.5,3.0,14.0,14,5.0,1.0,0,1,0,4.310799125385514,Жулебино,European-style renovation
223.2,4.0,3.0,7,8.0,0.4285714285714285,0,0,0,5.41253851063806,Лужники,Without renovation
136.0,5.0,5.0,14,58.0,0.3571428571428571,0,0,0,4.919980925828125,Минская,Without renovation
19.1,0.0,1.0,8,4.0,0.125,1,0,1,3.0007198150650303,Тургеневская,European-style renovation
139.9,5.0,4.0,17,10.0,0.2352941176470588,0,0,0,4.948050418904635,Коммунарка,European-style renovation
36.0,2.0,4.0,33,14.0,0.1212121212121212,0,0,0,3.610917912644224,Нижегородская,Cosmetic
39.7,2.0,2.0,14,16.0,0.1428571428571428,0,0,0,3.7062280924485496,Академическая,Cosmetic
185.0,4.0,18.0,48,18.0,0.375,0,0,0,5.225746673713202,Новаторская,Designer
73.3,2.0,5.0,11,5.0,0.4545454545454545,0,0,0,4.308110951723713,Панфиловская,European-style renovation
116.0,5.0,2.0,9,16.0,0.2222222222222222,0,0,0,4.762173934797756,Шоссе Энтузиастов,Cosmetic
13.0,0.0,1.0,14,13.0,0.0714285714285714,1,0,1,2.6390573296152584,Таганская,Without renovation
51.0,2.0,6.0,22,12.0,0.2727272727272727,0,0,0,3.951243718581428,Проспект Вернадского,European-style renovation
72.0,3.0,4.0,5,16.0,0.8,0,0,0,4.290459441148391,Академическая,Designer
118.7,5.0,26.0,27,12.0,0.9629629629629628,0,0,0,4.784988612563928,Площадь Ильича,Without renovation
77.3,3.0,19.0,22,13.0,0.8636363636363636,0,0,0,4.360547602996758,Боровское шоссе,Without renovation
91.5,2.0,19.0,77,6.0,0.2467532467532467,0,0,0,4.52720864451838,Международная,Designer
102.8,4.0,20.0,22,13.0,0.9090909090909092,0,0,0,4.642465970731788,Новаторская,European-style renovation
35.2,1.0,13.0,15,27.0,0.8666666666666667,0,0,0,3.5890591188317256,Силикатная,Designer
337.0,5.0,1.0,6,8.0,0.1666666666666666,1,0,0,5.823045895483019,Парк культуры,Designer
184.5,4.0,8.0,8,27.0,1.0,0,1,0,5.22305488204749,Тульская,Designer
146.0,4.0,11.0,12,7.0,0.9166666666666666,0,0,0,4.990432586778736,Мичуринский проспект,Designer
51.4,1.0,4.0,5,15.0,0.8,0,0,0,3.958906591326997,Стахановская,Cosmetic
65.0,3.0,5.0,18,10.0,0.2777777777777778,0,0,0,4.189654742026425,Прокшино,Without renovation
88.9,2.0,13.0,28,8.0,0.4642857142857143,0,0,0,4.498697941477575,Киевская,Designer
27.6,0.0,9.0,21,8.0,0.4285714285714285,0,0,1,3.353406717825807,Верхние Лихоборы,Designer
74.0,3.0,5.0,16,6.0,0.3125,0,0,0,4.31748811353631,Улица Горчакова,Cosmetic
117.0,4.0,2.0,4,7.0,0.5,0,0,0,4.770684624465665,Парк культуры,Designer
52.1,2.0,1.0,14,18.0,0.0714285714285714,1,0,0,3.972176928247893,Алма-Атинская,European-style renovation
94.0,5.0,10.0,14,12.0,0.7142857142857143,0,0,0,4.553876891600541,Яхромская,Designer
162.68,5.0,20.0,20,13.0,1.0,0,1,0,5.097913302203317,Тульская,Designer
176.0,6.0,2.0,6,8.0,0.3333333333333333,0,0,0,5.176149732573829,Парк культуры,Cosmetic
115.0,4.0,9.0,14,6.0,0.6428571428571429,0,0,0,4.7535901911063645,Ломоносовский проспект,Without renovation
115.0,5.0,16.0,17,7.0,0.9411764705882352,0,0,0,4.7535901911063645,Раменки,Cosmetic
50.8,2.0,11.0,23,22.0,0.4782608695652174,0,0,0,3.947390149265437,Профсоюзная,Designer
56.0,2.0,18.0,22,12.0,0.8181818181818182,0,0,0,4.04305126783455,Яхромская,Cosmetic
41.4,1.0,2.0,8,6.0,0.25,0,0,0,3.747148362237912,Тверская,Without renovation
54.0,2.0,14.0,14,11.0,1.0,0,1,0,4.007333185232471,Рабочий Посёлок,European-style renovation
14.5,0.0,1.0,16,9.0,0.0625,1,0,1,2.740840023925201,Ясенево,Cosmetic
95.07,3.0,3.0,33,14.0,0.0909090909090909,0,0,0,4.565077092421647,Белорусская,Without renovation
40.0,1.0,1.0,17,11.0,0.0588235294117647,1,0,0,3.713572066704308,Филатов Луг,European-style renovation
50.5,2.0,12.0,26,15.0,0.4615384615384615,0,0,0,3.9415818076696905,Верхние Котлы,European-style renovation
140.0,4.0,5.0,9,3.0,0.5555555555555556,0,0,0,4.948759890378168,Киевская,Without renovation
93.0,4.0,5.0,25,17.0,0.2,0,0,0,4.543294782270004,Павшино,European-style renovation
197.2,5.0,59.0,67,9.0,0.8805970149253731,0,0,0,5.289276621895888,Выставочная,Designer
36.3,1.0,14.0,19,15.0,0.7368421052631579,0,0,0,3.6189933266497696,Некрасовка,Cosmetic
34.0,1.0,7.0,12,6.0,0.5833333333333334,0,0,0,3.555348061489413,Озёрная,Cosmetic
21.6,0.0,19.0,21,13.0,0.9047619047619048,0,0,1,3.1179499062782403,Говорово,European-style renovation
47.4,1.0,2.0,13,7.0,0.1538461538461538,0,0,0,3.879499813722586,Преображенская площадь,European-style renovation
20.0,0.0,10.0,23,5.0,0.4347826086956521,0,0,1,3.044522437723423,Авиамоторная,Cosmetic
44.0,2.0,6.0,21,22.0,0.2857142857142857,0,0,0,3.80666248977032,Ольховая,Designer
42.0,1.0,12.0,12,8.0,1.0,0,1,0,3.7612001156935615,Свиблово,Cosmetic
190.0,5.0,3.0,5,7.0,0.6,0,0,0,5.25227342804663,Чеховская,Without renovation
353.0,6.0,3.0,3,8.0,1.0,0,1,0,5.869296913133774,Октябрьское поле,Designer
15.5,0.0,1.0,9,20.0,0.1111111111111111,1,0,1,2.803360380906535,Щелковская,Cosmetic
43.3,2.0,3.0,9,18.0,0.3333333333333333,0,0,0,3.7909846770510898,Ясенево,Cosmetic
132.4,5.0,5.0,28,6.0,0.1785714285714285,0,0,0,4.893352133481524,Раменки,Without renovation
60.0,1.0,5.0,14,10.0,0.3571428571428571,0,0,0,4.110873864173311,Серпуховская,Without renovation
40.0,1.0,13.0,22,7.0,0.5909090909090909,0,0,0,3.713572066704308,Спартак,Without renovation
25.7,6.0,9.0,14,14.0,0.6428571428571429,0,0,0,3.284663565406204,Ольховая,Cosmetic
200.0,5.0,4.0,15,7.0,0.2666666666666666,0,0,0,5.303304908059076,Полянка,European-style renovation
70.0,3.0,9.0,17,18.0,0.5294117647058824,0,0,0,4.262679877041316,Люблино,European-style renovation
32.44,1.0,4.0,33,5.0,0.1212121212121212,0,0,0,3.5097527882165007,Красный Строитель,Cosmetic
83.8,4.0,30.0,42,18.0,0.7142857142857143,0,0,0,4.440295542797857,Крымская,European-style renovation
40.3,1.0,14.0,42,5.0,0.3333333333333333,0,0,0,3.720862499966987,Аминьевская,Without renovation
153.1,5.0,4.0,37,8.0,0.1081081081081081,0,0,0,5.03760174232607,Белорусская,Designer
56.3,3.0,2.0,9,20.0,0.2222222222222222,0,0,0,4.048300623720694,Солнцево,Cosmetic
51.0,2.0,7.0,17,7.0,0.4117647058823529,0,0,0,3.951243718581428,Бульвар Дмитрия Донского,European-style renovation
198.0,5.0,13.0,23,18.0,0.5652173913043478,0,0,0,5.293304824724492,Профсоюзная,Without renovation
55.8,2.0,5.0,12,15.0,0.4166666666666667,0,0,0,4.039536325727106,Шаболовская,Designer
46.0,1.0,10.0,10,6.0,1.0,0,1,0,3.8501476017100575,Бауманская,European-style renovation
67.0,3.0,6.0,16,5.0,0.375,0,0,0,4.219507705176107,Медведково,Designer
43.4,1.0,3.0,27,13.0,0.1111111111111111,0,0,0,3.7932394694381792,Зорге,European-style renovation
22.0,0.0,5.0,16,18.0,0.3125,0,0,1,3.1354942159291497,Прокшино,Cosmetic
64.6,4.0,3.0,16,15.0,0.1875,0,0,0,4.183575695950044,Прокшино,Cosmetic
218.51,5.0,50.0,85,6.0,0.5882352941176471,0,0,0,5.391397789564048,Выставочная,Designer
157.0,4.0,2.0,3,10.0,0.6666666666666666,0,0,0,5.062595033026967,Краснопресненская,Designer
208.0,5.0,3.0,6,8.0,0.5,0,0,0,5.342334251964811,Парк культуры,Without renovation
54.0,2.0,9.0,12,14.0,0.75,0,0,0,4.007333185232471,Теплый Стан,Without renovation
57.0,2.0,16.0,22,10.0,0.7272727272727273,0,0,0,4.060443010546419,Новаторская,European-style renovation
42.0,1.0,8.0,17,13.0,0.4705882352941176,0,0,0,3.7612001156935615,Братиславская,Cosmetic
100.0,4.0,1.0,5,7.0,0.2,1,0,0,4.61512051684126,Коптево,Without renovation
41.4,1.0,7.0,19,23.0,0.3684210526315789,0,0,0,3.747148362237912,Бабушкинская,European-style renovation
120.0,4.0,11.0,24,10.0,0.4583333333333333,0,0,0,4.795790545596741,Пражская,Without renovation
140.4,4.0,17.0,24,17.0,0.7083333333333334,0,0,0,4.951592753462473,Шелепиха,Without renovation
46.0,2.0,4.0,6,14.0,0.6666666666666666,0,0,0,3.8501476017100575,Киевская,Cosmetic
38.7,1.0,1.0,12,26.0,0.0833333333333333,1,0,0,3.681351187693145,Народное Ополчение,European-style renovation
43.7,2.0,6.0,9,14.0,0.6666666666666666,0,0,0,3.7999735016195233,Динамо,Cosmetic
35.6,1.0,35.0,47,13.0,0.7446808510638298,0,0,0,3.6000482404073204,Дмитровская,Designer
38.3,1.0,17.0,22,8.0,0.7727272727272727,0,0,0,3.6712245188752153,Митино,Without renovation
89.6,3.0,13.0,24,11.0,0.5416666666666666,0,0,0,4.506454213048934,Хорошёвская,Designer
100.0,4.0,6.0,6,6.0,1.0,0,1,0,4.61512051684126,Цветной бульвар,European-style renovation
26.8,0.0,2.0,8,7.0,0.25,0,0,1,3.3250360206965914,Калитники,Without renovation
20.1,0.0,2.0,3,27.0,0.6666666666666666,0,0,1,3.0492730404820207,Селигерская,European-style renovation
23.4,0.0,11.0,23,7.0,0.4782608695652174,0,0,1,3.194583132299156,Солнцево,Cosmetic
45.0,2.0,1.0,9,16.0,0.1111111111111111,1,0,0,3.828641396489095,Москворечье,Cosmetic
47.0,0.0,25.0,35,4.0,0.7142857142857143,0,0,1,3.871201010907891,Беломорская,European-style renovation
170.2,4.0,3.0,5,5.0,0.6,0,0,0,5.1428324637076415,Трубная,Without renovation
58.2,3.0,3.0,9,4.0,0.3333333333333333,0,0,0,4.0809215418899605,Печатники,European-style renovation
48.77,1.0,13.0,14,19.0,0.9285714285714286,0,0,0,3.907412392870463,Автозаводская,European-style renovation
76.2,2.0,1.0,3,21.0,0.3333333333333333,1,0,0,4.3463994570307305,Коммунарка,Without renovation
93.0,3.0,7.0,20,11.0,0.35,0,0,0,4.543294782270004,Деловой центр,Designer
95.4,3.0,8.0,14,12.0,0.5714285714285714,0,0,0,4.5685062016165,Минская,Without renovation
54.0,2.0,8.0,17,18.0,0.4705882352941176,0,0,0,4.007333185232471,Новокосино,Cosmetic
23.7,0.0,1.0,4,11.0,0.25,1,0,1,3.2068032436339315,Тульская,European-style renovation
71.4,3.0,7.0,23,26.0,0.3043478260869565,0,0,0,4.282206299391671,Ольховая,Cosmetic
94.2,2.0,3.0,24,17.0,0.125,0,0,0,4.55597994179732,Шелепиха,Designer
105.0,4.0,9.0,11,12.0,0.8181818181818182,0,0,0,4.663439094112067,Киевская,Without renovation
226.2,5.0,7.0,10,16.0,0.7,0,0,0,5.4258306868469965,Молодежная,Designer
35.2,0.0,1.0,21,24.0,0.0476190476190476,1,0,1,3.5890591188317256,Селигерская,European-style renovation
225.3,6.0,2.0,8,7.0,0.25,0,0,0,5.421861552639491,Молодежная,Designer
104.4,5.0,9.0,18,7.0,0.5,0,0,0,4.657762636107262,Павелецкая,Without renovation
91.2,3.0,2.0,17,23.0,0.1176470588235294,0,0,0,4.523960130562548,Прокшино,European-style renovation
68.2,2.0,11.0,20,4.0,0.55,0,0,0,4.237000862623624,Красный Балтиец,European-style renovation
50.0,1.0,11.0,12,30.0,0.9166666666666666,0,0,0,3.9318256327243257,Коммунарка,Without renovation
48.6,0.0,8.0,8,8.0,1.0,0,1,1,3.903990833730882,Калитники,Without renovation
65.3,3.0,2.0,9,16.0,0.2222222222222222,0,0,0,4.194189897191817,Щелковская,Cosmetic
120.0,4.0,10.0,14,60.0,0.7142857142857143,0,0,0,4.795790545596741,Минская,Without renovation
155.65,2.0,4.0,14,13.0,0.2857142857142857,0,0,0,5.054014017398201,Киевская,Designer
38.0,1.0,8.0,16,17.0,0.5,0,0,0,3.6635616461296463,Пыхтино,European-style renovation
79.3,3.0,15.0,18,6.0,0.8333333333333334,0,0,0,4.385769620952716,Панфиловская,Without renovation
13.5,0.0,1.0,7,11.0,0.1428571428571428,1,0,1,2.6741486494265287,Красный Балтиец,Without renovation
73.72,4.0,24.0,34,7.0,0.7058823529411765,0,0,0,4.313747793920587,Аминьевская,European-style renovation
15.7,0.0,2.0,4,10.0,0.5,0,0,1,2.815408719422709,Преображенская площадь,European-style renovation
74.7,3.0,11.0,16,24.0,0.6875,0,0,0,4.326778160443404,Ясенево,European-style renovation
134.0,3.0,25.0,30,4.0,0.8333333333333334,0,0,0,4.90527477843843,Проспект Вернадского,Designer
46.1,1.0,17.0,24,17.0,0.7083333333333334,0,0,0,3.852273001022372,Калитники,Cosmetic
127.0,5.0,9.0,14,58.0,0.6428571428571429,0,0,0,4.852030263919617,Минская,Without renovation
62.6,2.0,3.0,16,18.0,0.1875,0,0,0,4.152613470346076,ЗИЛ,European-style renovation
117.3,3.0,5.0,20,13.0,0.25,0,0,0,4.773223770984341,Профсоюзная,Without renovation
64.0,2.0,4.0,9,14.0,0.4444444444444444,0,0,0,4.174387269895637,Окская,Without renovation
167.0,4.0,12.0,57,9.0,0.2105263157894736,0,0,0,5.123963979403259,Аэропорт,European-style renovation
50.0,2.0,4.0,8,14.0,0.5,0,0,0,3.9318256327243257,Ленинский проспект,European-style renovation
141.8,4.0,21.0,22,9.0,0.9545454545454546,0,0,0,4.9614450499054845,Спартак,Without renovation
66.0,3.0,1.0,5,14.0,0.2,1,0,0,4.204692619390966,Первомайская,Without renovation
17.6,0.0,7.0,7,19.0,1.0,0,1,1,2.923161580719156,Бескудниково,Designer
113.4,2.0,6.0,20,13.0,0.3,0,0,0,4.739701078945697,Профсоюзная,Without renovation
24.5,0.0,2.0,2,16.0,1.0,0,1,1,3.2386784521643803,Петровский парк,Designer
13.0,0.0,8.0,9,11.0,0.8888888888888888,0,0,1,2.6390573296152584,Селигерская,European-style renovation
279.0,5.0,3.0,10,9.0,0.3,0,0,0,5.634789603169249,Курская,Without renovation
53.0,3.0,5.0,9,22.0,0.5555555555555556,0,0,0,3.9889840465642745,Университет,Cosmetic
143.7,5.0,27.0,29,8.0,0.9310344827586208,0,0,0,4.974662633637438,Кунцевская,Without renovation
53.1,2.0,8.0,17,9.0,0.4705882352941176,0,0,0,3.990834185852436,Раменки,Without renovation
23.6,6.0,7.0,17,9.0,0.4117647058823529,0,0,0,3.202746442938317,Бунинская Аллея,Cosmetic
17.0,0.0,5.0,9,18.0,0.5555555555555556,0,0,1,2.8903717578961645,Марьина Роща (Шереметьевская),European-style renovation
160.0,4.0,5.0,9,4.0,0.5555555555555556,0,0,0,5.081404364984463,Боровицкая,European-style renovation
157.0,4.0,44.0,53,29.0,0.8301886792452831,0,0,0,5.062595033026967,Минская,Without renovation
150.0,5.0,1.0,19,21.0,0.0526315789473684,1,0,0,5.017279836814924,Ботанический сад,European-style renovation
68.7,2.0,4.0,32,21.0,0.125,0,0,0,4.244200317766478,Автозаводская,Without renovation
110.0,3.0,6.0,8,4.0,0.75,0,0,0,4.709530201312334,Улица 1905 года,Designer
135.0,3.0,15.0,24,13.0,0.625,0,0,0,4.912654885736052,ЦСКА,Designer
102.5,3.0,17.0,35,14.0,0.4857142857142857,0,0,0,4.639571612705423,Технопарк,Without renovation
12.2,0.0,1.0,9,7.0,0.1111111111111111,1,0,1,2.580216829592325,Ясенево,Cosmetic
38.4,1.0,2.0,14,10.0,0.1428571428571428,0,0,0,3.673765816303888,Планерная,European-style renovation
119.49,3.0,17.0,21,5.0,0.8095238095238095,0,0,0,4.791566761935185,Беговая,Designer
39.0,1.0,8.0,14,8.0,0.5714285714285714,0,0,0,3.688879454113936,Борисово,Cosmetic
66.8,2.0,23.0,25,19.0,0.92,0,0,0,4.216562194946349,Некрасовка,Cosmetic
36.2,1.0,7.0,19,9.0,0.3684210526315789,0,0,0,3.616308761279101,Яхромская,Without renovation
139.2,4.0,19.0,23,18.0,0.8260869565217391,0,0,0,4.94306997460049,Новаторская,Without renovation
19.8,0.0,3.0,33,12.0,0.0909090909090909,0,0,1,3.0349529867072724,Владыкино,Designer
90.0,3.0,4.0,28,26.0,0.1428571428571428,0,0,0,4.51085950651685,Фили,Without renovation
72.1,2.0,5.0,35,4.0,0.1428571428571428,0,0,0,4.291828366755733,Беломорская,European-style renovation
146.0,5.0,4.0,9,9.0,0.4444444444444444,0,0,0,4.990432586778736,Проспект Мира,Designer
69.8,2.0,12.0,67,7.0,0.1791044776119403,0,0,0,4.259859000699674,Выставочная,Without renovation
42.2,1.0,11.0,12,13.0,0.9166666666666666,0,0,0,3.765840495250065,Автозаводская,European-style renovation
85.8,4.0,11.0,11,6.0,1.0,0,1,0,4.463606621666305,Динамо,Designer
117.0,4.0,10.0,39,18.0,0.2564102564102564,0,0,0,4.770684624465665,Чертановская,Designer
88.09,3.0,11.0,41,5.0,0.2682926829268293,0,0,0,4.489647094732552,Шелепиха,European-style renovation
232.6,5.0,1.0,7,12.0,0.1428571428571428,1,0,0,5.453610250954072,Баррикадная,Without renovation
23.5,0.0,16.0,31,21.0,0.5161290322580645,0,0,1,3.198673117550681,Фонвизинская,Without renovation
37.6,1.0,14.0,14,11.0,1.0,0,1,0,3.653252276470785,Щелковская,Cosmetic
48.0,2.0,12.0,21,17.0,0.5714285714285714,0,0,0,3.8918202981106265,Фили,Designer
227.0,6.0,17.0,17,6.0,1.0,0,1,0,5.429345628954441,Речной вокзал,Designer
34.6,1.0,2.0,16,13.0,0.125,0,0,0,3.572345637857985,Братиславская,Cosmetic
240.0,5.0,11.0,30,7.0,0.3666666666666666,0,0,0,5.484796933490655,Новаторская,Designer
128.9,4.0,10.0,16,7.0,0.625,0,0,0,4.866764923676554,Шаболовская,Designer
101.4,4.0,3.0,4,11.0,0.75,0,0,0,4.628886712605407,Жулебино,Cosmetic
33.8,0.0,2.0,3,21.0,0.6666666666666666,0,0,1,3.5496173867804286,Красносельская,Designer
77.3,3.0,21.0,22,8.0,0.9545454545454546,0,0,0,4.360547602996758,Митино,Cosmetic
15.0,0.0,4.0,9,4.0,0.4444444444444444,0,0,1,2.772588722239781,Селигерская,European-style renovation
17.7,0.0,1.0,9,11.0,0.1111111111111111,1,0,1,2.928523523860541,Беломорская,Cosmetic
110.0,3.0,3.0,17,17.0,0.1764705882352941,0,0,0,4.709530201312334,Юго-Западная,Designer
79.4,3.0,7.0,25,15.0,0.28,0,0,0,4.387014176184921,Тропарево,Cosmetic
126.0,4.0,7.0,20,10.0,0.35,0,0,0,4.844187086458591,Выставочная,Designer
95.1,3.0,6.0,13,10.0,0.4615384615384615,0,0,0,4.565389315976247,Терехово,Without renovation
36.6,1.0,12.0,12,16.0,1.0,0,1,0,3.6270040503958487,Текстильщики,Cosmetic
42.0,1.0,6.0,12,12.0,0.5,0,0,0,3.7612001156935615,Щербинка,Cosmetic
148.7,3.0,4.0,20,15.0,0.2,0,0,0,5.008633291425583,Улица 1905 года,Designer
107.0,4.0,21.0,23,17.0,0.9130434782608696,0,0,0,4.68213122712422,Кузьминки,European-style renovation
21.7,6.0,16.0,24,17.0,0.6666666666666666,0,0,0,3.122364924487357,Отрадное,Cosmetic
57.0,3.0,4.0,9,21.0,0.4444444444444444,0,0,0,4.060443010546419,Новогиреево,Without renovation
37.0,1.0,5.0,20,4.0,0.25,0,0,0,3.6375861597263857,Технопарк,Without renovation
229.0,5.0,7.0,9,4.0,0.7777777777777778,0,0,0,5.438079308923196,Маяковская,Designer
130.0,3.0,16.0,30,15.0,0.5333333333333333,0,0,0,4.875197323201151,Панфиловская,Designer
65.6,2.0,15.0,40,12.0,0.375,0,0,0,4.198704577546343,ЗИЛ,European-style renovation
331.6,6.0,8.0,8,7.0,1.0,0,1,0,5.806940566758827,Парк культуры,Designer
22.4,0.0,2.0,2,16.0,1.0,0,1,1,3.152736022363656,Петровский парк,Designer
310.0,6.0,2.0,14,13.0,0.1428571428571428,0,0,0,5.739792912179234,Фрунзенская,Designer
43.6,2.0,4.0,5,6.0,0.8,0,0,0,3.7977338590260175,Давыдково,Cosmetic
34.9,1.0,14.0,16,25.0,0.875,0,0,0,3.580737295494233,Новогиреево,Designer
109.6,4.0,15.0,33,9.0,0.4545454545454545,0,0,0,4.705920089088234,Нижегородская,Without renovation
122.3,5.0,7.0,17,10.0,0.4117647058823529,0,0,0,4.814620410170298,Коммунарка,European-style renovation
47.0,2.0,6.0,9,10.0,0.6666666666666666,0,0,0,3.871201010907891,Печатники,Cosmetic
35.7,1.0,5.0,12,19.0,0.4166666666666667,0,0,0,3.6027767550605247,Перово,European-style renovation
72.0,3.0,3.0,4,8.0,0.75,0,0,0,4.290459441148391,Сетунь,Cosmetic
138.0,0.0,47.0,56,12.0,0.8392857142857143,0,0,1,4.934473933130692,Ростокино,Without renovation
321.0,6.0,4.0,5,11.0,0.8,0,0,0,5.7745515455444085,Курская,Cosmetic
19.0,0.0,4.0,9,25.0,0.4444444444444444,0,0,1,2.995732273553991,Пятницкое шоссе,European-style renovation
18.2,0.0,1.0,9,12.0,0.1111111111111111,1,0,1,2.954910279033736,Щелковская,European-style renovation
39.0,1.0,10.0,17,12.0,0.5882352941176471,0,0,0,3.688879454113936,Бескудниково,European-style renovation
49.0,3.0,6.0,9,3.0,0.6666666666666666,0,0,0,3.912023005428146,Медведково,European-style renovation
267.0,6.0,6.0,7,8.0,0.8571428571428571,0,0,0,5.5909869805108565,Смоленская,Designer
42.2,2.0,4.0,5,22.0,0.8,0,0,0,3.765840495250065,Профсоюзная,Cosmetic
220.0,5.0,3.0,5,3.0,0.6,0,0,0,5.3981627015177525,Кропоткинская,European-style renovation
26.9,0.0,8.0,8,16.0,1.0,0,1,1,3.32862668882732,Сходненская,Cosmetic
75.1,3.0,4.0,16,11.0,0.25,0,0,0,4.33204826486764,Народное Ополчение,Cosmetic
38.0,2.0,8.0,9,11.0,0.8888888888888888,0,0,0,3.6635616461296463,Зюзино,Cosmetic
97.4,4.0,3.0,5,8.0,0.6,0,0,0,4.589040804058207,Окружная,European-style renovation
53.5,2.0,13.0,16,19.0,0.8125,0,0,0,3.9982007016691994,Битцевский Парк,Cosmetic
18.6,0.0,1.0,5,15.0,0.2,1,0,1,2.975529566236472,Окская,European-style renovation
113.3,4.0,13.0,26,12.0,0.5,0,0,0,4.738826570800765,Спартак,Without renovation
138.4,5.0,4.0,15,22.0,0.2666666666666666,0,0,0,4.937347498326424,ЗИЛ,Designer
12.0,0.0,1.0,5,21.0,0.2,1,0,1,2.5649493574615367,Лихоборы,Designer
37.0,1.0,15.0,27,23.0,0.5555555555555556,0,0,0,3.6375861597263857,Хорошево,Designer
228.0,0.0,11.0,12,10.0,0.9166666666666666,0,0,1,5.43372200355424,Фрунзенская,Without renovation
62.2,3.0,8.0,9,10.0,0.8888888888888888,0,0,0,4.146304301152812,Щербинка,Cosmetic
54.1,2.0,14.0,14,16.0,1.0,0,1,0,4.009149716158869,Войковская,European-style renovation
23.2,0.0,2.0,12,14.0,0.1666666666666666,0,0,1,3.186352633162641,Текстильщики,Without renovation
64.1,3.0,1.0,14,12.0,0.0714285714285714,1,0,0,4.175924549214524,Гражданская,Without renovation
122.3,5.0,9.0,17,10.0,0.5294117647058824,0,0,0,4.814620410170298,Коммунарка,European-style renovation
58.0,2.0,9.0,14,31.0,0.6428571428571429,0,0,0,4.07753744390572,Спортивная,European-style renovation
76.22,2.0,1.0,5,2.0,0.2,1,0,0,4.346658490836091,Площадь Революции,Designer
14.2,0.0,1.0,5,19.0,0.2,1,0,1,2.7212954278522306,Молодежная,Cosmetic
53.9,0.0,19.0,22,26.0,0.8636363636363636,0,0,1,4.005513348515485,Саларьево,Without renovation
158.0,4.0,8.0,13,5.0,0.6153846153846154,0,0,0,5.068904202220232,Смоленская,Designer
162.1,4.0,2.0,6,37.0,0.3333333333333333,0,0,0,5.094363509626968,Тушинская,Designer
39.0,2.0,7.0,12,18.0,0.5833333333333334,0,0,0,3.688879454113936,Щелковская,Cosmetic
28.0,0.0,18.0,25,22.0,0.72,0,0,1,3.367295829986474,Октябрьское поле,Designer
102.4,4.0,18.0,31,5.0,0.5806451612903226,0,0,0,4.638604962074329,Фили,Without renovation
38.2,1.0,12.0,22,26.0,0.5454545454545454,0,0,0,3.6686767467964168,Сетунь,Cosmetic
108.0,4.0,29.0,39,2.0,0.7435897435897436,0,0,0,4.691347882229144,Аминьевская,Without renovation
29.3,0.0,6.0,14,10.0,0.4285714285714285,0,0,1,3.411147712515324,Сокол,Designer
40.0,1.0,3.0,12,9.0,0.25,0,0,0,3.713572066704308,Улица Горчакова,Cosmetic
69.4,3.0,2.0,16,8.0,0.125,0,0,0,4.254193263163997,Площадь Ильича,Without renovation
42.4,1.0,2.0,25,19.0,0.08,0,0,0,3.770459441106359,Озёрная,Cosmetic
127.1,5.0,8.0,14,14.0,0.5714285714285714,0,0,0,4.852811208902689,Минская,Designer
118.0,3.0,5.0,19,7.0,0.2631578947368421,0,0,0,4.77912349311153,Смоленская,Cosmetic
72.8,3.0,1.0,17,12.0,0.0588235294117647,1,0,0,4.301358731606427,Бескудниково,European-style renovation
40.0,1.0,7.0,8,19.0,0.875,0,0,0,3.713572066704308,Ленинский проспект,Cosmetic
36.0,1.0,9.0,16,15.0,0.5625,0,0,0,3.610917912644224,Рабочий Посёлок,Cosmetic
21.2,0.0,5.0,9,18.0,0.5555555555555556,0,0,1,3.100092288878234,Аминьевская,Cosmetic
172.0,5.0,9.0,10,4.0,0.9,0,0,0,5.153291594497779,Новослободская,European-style renovation
37.2,1.0,9.0,22,21.0,0.4090909090909091,0,0,0,3.6428355156125294,Народное Ополчение,European-style renovation
17.4,0.0,9.0,10,9.0,0.9,0,0,1,2.91235066461494,Марьина Роща,Designer
20.7,0.0,2.0,19,11.0,0.1052631578947368,0,0,1,3.077312260546414,Солнцево,Cosmetic
80.0,3.0,23.0,25,8.0,0.92,0,0,0,4.394449154672439,Нижегородская,European-style renovation
32.3,1.0,19.0,29,18.0,0.6551724137931034,0,0,0,3.505557396986398,Народное Ополчение,European-style renovation
108.6,4.0,2.0,8,14.0,0.25,0,0,0,4.696837374513915,Китай-город,European-style renovation
118.6,3.0,9.0,48,10.0,0.1875,0,0,0,4.784152841516532,Народное Ополчение,Without renovation
61.0,2.0,3.0,13,5.0,0.2307692307692307,0,0,0,4.127134385045092,Маяковская,Designer
48.9,2.0,9.0,30,22.0,0.3,0,0,0,3.910021002757473,Хорошево,Designer
59.1,2.0,3.0,12,11.0,0.25,0,0,0,4.096009841541162,Молодежная,Cosmetic
128.7,5.0,2.0,15,6.0,0.1333333333333333,0,0,0,4.865224091322398,Прокшино,European-style renovation
65.82,3.0,8.0,55,6.0,0.1454545454545454,0,0,0,4.20200243692861,Марьина Роща,European-style renovation
17.7,0.0,4.0,9,25.0,0.4444444444444444,0,0,1,2.928523523860541,Пятницкое шоссе,European-style renovation
78.7,3.0,7.0,13,6.0,0.5384615384615384,0,0,0,4.378269585796169,Таганская,Cosmetic
141.5,3.0,2.0,8,11.0,0.25,0,0,0,4.959341999708705,Третьяковская,Without renovation
178.0,5.0,6.0,8,14.0,0.75,0,0,0,5.187385805840755,Минская,Without renovation
82.0,3.0,15.0,19,15.0,0.7894736842105263,0,0,0,4.418840607796598,Трикотажная,Without renovation
76.0,3.0,13.0,22,28.0,0.5909090909090909,0,0,0,4.343805421853684,Ростокино,Designer
60.5,3.0,2.0,12,29.0,0.1666666666666666,0,0,0,4.119037174812473,Тропарево,European-style renovation
101.6,2.0,10.0,18,16.0,0.5555555555555556,0,0,0,4.630837932736669,Киевская,Designer
120.0,4.0,16.0,34,8.0,0.4705882352941176,0,0,0,4.795790545596741,Гражданская,Without renovation
63.4,3.0,6.0,12,9.0,0.5,0,0,0,4.165113633110308,Бибирево,European-style renovation
15.0,0.0,1.0,9,7.0,0.1111111111111111,1,0,1,2.772588722239781,Медведково,Cosmetic
63.0,3.0,12.0,12,7.0,1.0,0,1,0,4.158883083359672,Фонвизинская,Without renovation
79.7,3.0,6.0,8,33.0,0.75,0,0,0,4.390738575275903,Спортивная,European-style renovation
43.6,2.0,4.0,5,6.0,0.8,0,0,0,3.7977338590260175,Давыдково,European-style renovation
30.0,1.0,1.0,8,6.0,0.125,1,0,0,3.4339872044851463,Китай-город,European-style renovation
107.6,3.0,11.0,12,15.0,0.9166666666666666,0,0,0,4.687671407499835,Щелковская,Designer
58.0,2.0,12.0,15,6.0,0.8,0,0,0,4.07753744390572,ЦСКА,Designer
53.0,2.0,10.0,24,8.0,0.4166666666666667,0,0,0,3.9889840465642745,Смоленская,Designer
27.5,0.0,4.0,24,21.0,0.1666666666666666,0,0,1,3.349904087274605,Октябрьское поле,Designer
71.5,4.0,1.0,5,12.0,0.2,1,0,0,4.283586561860629,Площадь Ильича,Cosmetic
199.0,4.0,24.0,24,14.0,1.0,0,1,0,5.298317366548036,Рабочий Посёлок,Designer
12.0,0.0,1.0,14,14.0,0.0714285714285714,1,0,1,2.5649493574615367,Улица Горчакова,Cosmetic
19.9,0.0,2.0,4,3.0,0.5,0,0,1,3.039749158970765,Аэропорт,Designer
18.0,0.0,1.0,17,9.0,0.0588235294117647,1,0,1,2.9444389791664403,Некрасовка,Cosmetic
34.9,1.0,1.0,9,16.0,0.1111111111111111,1,0,0,3.580737295494233,Братиславская,Cosmetic
200.0,5.0,1.0,3,10.0,0.3333333333333333,1,0,0,5.303304908059076,Балтийская,Designer
43.0,1.0,3.0,29,20.0,0.1034482758620689,0,0,0,3.784189633918261,Автозаводская,Without renovation
23.0,0.0,8.0,31,6.0,0.2580645161290322,0,0,1,3.1780538303479458,Бульвар Рокоссовского,European-style renovation
46.6,2.0,16.0,30,3.0,0.5333333333333333,0,0,0,3.8628327612373754,Молодежная,European-style renovation
40.0,1.0,19.0,23,4.0,0.8260869565217391,0,0,0,3.713572066704308,Фонвизинская,European-style renovation
93.8,3.0,4.0,14,6.0,0.2857142857142857,0,0,0,4.551769409260976,Пушкинская,Designer
57.8,2.0,6.0,36,22.0,0.1666666666666666,0,0,0,4.074141854904581,Шелепиха,Without renovation
39.0,1.0,2.0,12,16.0,0.1666666666666666,0,0,0,3.688879454113936,Черкизовская,Cosmetic
26.8,0.0,20.0,37,11.0,0.5405405405405406,0,0,1,3.3250360206965914,Аминьевская,Designer
44.2,1.0,9.0,12,20.0,0.75,0,0,0,3.8110970868381857,Владыкино,European-style renovation
19.6,0.0,3.0,11,9.0,0.2727272727272727,0,0,1,3.025291075795536,Курская,Designer
24.6,0.0,11.0,15,30.0,0.7333333333333333,0,0,1,3.242592351485517,Улица Горчакова,Without renovation
29.5,1.0,12.0,16,11.0,0.75,0,0,0,3.417726683613366,Сухаревская,European-style renovation
38.0,1.0,8.0,14,5.0,0.5714285714285714,0,0,0,3.6635616461296463,Улица Скобелевская,Cosmetic
100.0,4.0,4.0,5,6.0,0.8,0,0,0,4.61512051684126,Рязанский проспект,Without renovation
74.3,3.0,13.0,37,11.0,0.3513513513513513,0,0,0,4.321480134805848,Аминьевская,Without renovation
190.0,4.0,12.0,19,7.0,0.631578947368421,0,0,0,5.25227342804663,Смоленская,Designer
38.0,1.0,14.0,23,18.0,0.6086956521739131,0,0,0,3.6635616461296463,Селигерская,Designer
157.0,0.0,35.0,38,11.0,0.9210526315789472,0,0,1,5.062595033026967,Ростокино,Without renovation
11.0,0.0,1.0,9,11.0,0.1111111111111111,1,0,1,2.4849066497880004,Ясенево,Cosmetic
66.3,3.0,19.0,46,18.0,0.4130434782608695,0,0,0,4.209160236650682,Серпуховская,European-style renovation
182.0,4.0,6.0,10,11.0,0.6,0,0,0,5.209486152841421,Курская,Without renovation
121.3,4.0,3.0,16,18.0,0.1875,0,0,0,4.806477042693127,ЗИЛ,Without renovation
36.56,1.0,16.0,21,12.0,0.7619047619047619,0,0,0,3.6259396543400624,Зорге,European-style renovation
74.0,3.0,1.0,14,21.0,0.0714285714285714,1,0,0,4.31748811353631,Яхромская,Cosmetic
51.5,2.0,20.0,25,14.0,0.8,0,0,0,3.960813169597578,Коммунарка,Designer
57.3,3.0,7.0,9,9.0,0.7777777777777778,0,0,0,4.065602093356446,Бибирево,Cosmetic
210.0,5.0,11.0,17,25.0,0.6470588235294118,0,0,0,5.351858133476067,Покровское,Designer
45.6,2.0,2.0,5,16.0,0.4,0,0,0,3.8416005411316,Нахимовский проспект,Cosmetic
22.5,0.0,1.0,12,7.0,0.0833333333333333,1,0,1,3.157000421150113,Отрадное,Without renovation
187.0,3.0,39.0,75,2.0,0.52,0,0,0,5.236441962829949,Деловой центр,Designer
29.6,0.0,2.0,4,3.0,0.5,0,0,1,3.4210000089583352,Аэропорт,Designer
160.0,4.0,4.0,8,5.0,0.5,0,0,0,5.081404364984463,Цветной бульвар,Designer
29.0,0.0,23.0,37,11.0,0.6216216216216216,0,0,1,3.4011973816621555,Аминьевская,Designer
68.7,3.0,8.0,13,4.0,0.6153846153846154,0,0,0,4.244200317766478,Багратионовская,European-style renovation
21.1,6.0,12.0,19,11.0,0.631578947368421,0,0,0,3.095577608523707,Филатов Луг,Cosmetic
55.0,2.0,20.0,43,12.0,0.4651162790697674,0,0,0,4.02535169073515,Кутузовская,Without renovation
82.0,2.0,16.0,41,13.0,0.3902439024390244,0,0,0,4.418840607796598,ЦСКА,Designer
78.0,3.0,6.0,16,6.0,0.375,0,0,0,4.3694478524670215,Алексеевская,European-style renovation
61.8,2.0,2.0,7,8.0,0.2857142857142857,0,0,0,4.139955073474153,Зорге,Designer
137.0,4.0,13.0,20,15.0,0.65,0,0,0,4.927253685157205,Сокольники,Designer
19.0,0.0,1.0,9,10.0,0.1111111111111111,1,0,1,2.995732273553991,Отрадное,Without renovation
20.0,6.0,3.0,19,5.0,0.1578947368421052,0,0,0,3.044522437723423,Пятницкое шоссе,Cosmetic
19.91,6.0,10.0,17,11.0,0.5882352941176471,0,0,0,3.0402275134405423,Щербинка,Cosmetic
38.0,1.0,5.0,17,23.0,0.2941176470588235,0,0,0,3.6635616461296463,Селигерская,European-style renovation
33.0,1.0,15.0,25,9.0,0.6,0,0,0,3.5263605246161616,Курьяново,Designer
52.0,2.0,28.0,30,11.0,0.9333333333333332,0,0,0,3.970291913552122,Аминьевская,Without renovation
38.1,1.0,24.0,24,35.0,1.0,0,1,0,3.66612246699132,Пятницкое шоссе,Without renovation
11.1,0.0,1.0,12,8.0,0.0833333333333333,1,0,1,2.4932054526026954,Люблино,European-style renovation
77.7,3.0,2.0,4,13.0,0.5,0,0,0,4.365643155423357,Киевская,Designer
22.3,6.0,12.0,32,8.0,0.375,0,0,0,3.1484533605716547,Верхние Лихоборы,Cosmetic
119.2,3.0,3.0,11,8.0,0.2727272727272727,0,0,0,4.789157022101107,Новослободская,Without renovation
19.5,0.0,1.0,5,5.0,0.2,1,0,1,3.0204248861443626,Окружная,Cosmetic
18.0,0.0,12.0,22,16.0,0.5454545454545454,0,0,1,2.9444389791664403,Тропарево,Designer
62.5,3.0,6.0,7,17.0,0.8571428571428571,0,0,0,4.151039905898646,Электрозаводская,Without renovation
60.0,2.0,17.0,29,21.0,0.5862068965517241,0,0,0,4.110873864173311,Рабочий Посёлок,Designer
15.1,0.0,7.0,7,19.0,1.0,0,1,1,2.778819271990417,Бескудниково,Designer
40.19,1.0,3.0,54,5.0,0.0555555555555555,0,0,0,3.718195508447989,Дмитровская,Cosmetic
38.9,0.0,5.0,15,4.0,0.3333333333333333,0,0,1,3.686376323895818,Алексеевская,Without renovation
53.0,2.0,18.0,23,26.0,0.782608695652174,0,0,0,3.9889840465642745,Ольховая,Without renovation
27.7,0.0,2.0,5,12.0,0.4,0,0,1,3.3568971227655755,Курская,Cosmetic
59.0,2.0,2.0,18,14.0,0.1111111111111111,0,0,0,4.0943445622221,Южная,European-style renovation
39.3,1.0,4.0,19,16.0,0.2105263157894736,0,0,0,3.696351468952637,Беляево,Cosmetic
54.1,2.0,10.0,18,19.0,0.5555555555555556,0,0,0,4.009149716158869,Ботанический сад,Without renovation
86.1,3.0,14.0,15,22.0,0.9333333333333332,0,0,0,4.467056883858457,ЗИЛ,European-style renovation
140.2,4.0,3.0,7,8.0,0.4285714285714285,0,0,0,4.950177325059141,Чкаловская,Cosmetic
45.0,1.0,9.0,15,19.0,0.6,0,0,0,3.828641396489095,Озёрная,Cosmetic
66.0,2.0,3.0,12,4.0,0.25,0,0,0,4.204692619390966,Ломоносовский проспект,Without renovation
112.0,5.0,11.0,17,13.0,0.6470588235294118,0,0,0,4.727387818712341,Зюзино,European-style renovation
36.8,1.0,12.0,24,16.0,0.5,0,0,0,3.632309102625542,Верхние Котлы,European-style renovation
33.2,1.0,8.0,25,17.0,0.32,0,0,0,3.53222564406856,Павшино,European-style renovation
44.6,1.0,5.0,24,6.0,0.2083333333333333,0,0,0,3.819907716520341,Аминьевская,European-style renovation
136.47,4.0,20.0,20,13.0,1.0,0,1,0,4.923405711483329,Тульская,Designer
250.0,6.0,21.0,57,9.0,0.3684210526315789,0,0,0,5.525452939131784,Аэропорт,Designer
44.6,2.0,3.0,8,12.0,0.375,0,0,0,3.819907716520341,Академическая,European-style renovation
81.5,3.0,9.0,12,8.0,0.75,0,0,0,4.412798293340635,ЦСКА,Designer
19.0,0.0,1.0,5,15.0,0.2,1,0,1,2.995732273553991,Волгоградский проспект,European-style renovation
18.5,0.0,1.0,17,5.0,0.0588235294117647,1,0,1,2.970414465569701,Медведково,Cosmetic
64.3,2.0,3.0,15,9.0,0.2,0,0,0,4.178992036282385,Щербинка,Cosmetic
82.8,3.0,5.0,10,12.0,0.5,0,0,0,4.428433007488037,Беговая,Without renovation
322.0,5.0,2.0,4,44.0,0.5,0,0,0,5.777652323222656,Терехово,Designer
65.1,2.0,31.0,42,5.0,0.7380952380952381,0,0,0,4.191168746857641,Аминьевская,Designer
58.8,2.0,2.0,16,13.0,0.125,0,0,0,4.091005660956586,Юго-Западная,European-style renovation
22.35,6.0,4.0,21,11.0,0.1904761904761904,0,0,0,3.150596984114906,Калитники,Cosmetic
202.0,5.0,1.0,7,8.0,0.1428571428571428,1,0,0,5.313205979041787,Лужники,European-style renovation
43.0,2.0,4.0,5,9.0,0.8,0,0,0,3.784189633918261,Хорошево,Cosmetic
26.7,0.0,1.0,3,21.0,0.3333333333333333,1,0,1,3.3214324131932926,Рижская,Cosmetic
15.0,0.0,1.0,12,9.0,0.0833333333333333,1,0,1,2.772588722239781,Академическая,Cosmetic
40.2,1.0,4.0,19,18.0,0.2105263157894736,0,0,0,3.7184382563554808,Измайловская,Without renovation
36.1,1.0,8.0,9,9.0,0.8888888888888888,0,0,0,3.6136169696133895,Планерная,European-style renovation
143.6,3.0,6.0,38,18.0,0.1578947368421052,0,0,0,4.973971309724664,Ломоносовский проспект,Cosmetic
80.6,3.0,5.0,13,24.0,0.3846153846153846,0,0,0,4.401829261970061,Прокшино,Designer
51.1,3.0,2.0,9,23.0,0.2222222222222222,0,0,0,3.9531649487593215,Щелковская,Cosmetic
42.2,1.0,16.0,23,18.0,0.6956521739130435,0,0,0,3.765840495250065,Кузьминки,Designer
41.4,1.0,33.0,43,15.0,0.7674418604651163,0,0,0,3.747148362237912,Аминьевская,Without renovation
148.7,3.0,4.0,12,11.0,0.3333333333333333,0,0,0,5.008633291425583,Динамо,Designer
139.0,4.0,15.0,25,13.0,0.6,0,0,0,4.941642422609304,Аминьевская,Without renovation
55.6,2.0,14.0,24,27.0,0.5833333333333334,0,0,0,4.036008985209137,Рассказовка,European-style renovation
13.1,0.0,2.0,6,14.0,0.3333333333333333,0,0,1,2.6461747973841225,Преображенская площадь,Designer
42.0,1.0,23.0,25,23.0,0.92,0,0,0,3.7612001156935615,Свиблово,European-style renovation
68.0,3.0,20.0,25,12.0,0.8,0,0,0,4.23410650459726,Мнёвники,European-style renovation
188.5,3.0,3.0,4,6.0,0.75,0,0,0,5.244389024522481,Пушкинская,Designer
36.0,1.0,2.0,22,13.0,0.0909090909090909,0,0,0,3.610917912644224,Селигерская,Cosmetic
76.7,3.0,20.0,22,4.0,0.9090909090909092,0,0,0,4.3528552573736015,Верхние Лихоборы,Designer
78.2,0.0,10.0,12,5.0,0.8333333333333334,0,0,1,4.37197629882038,Маяковская,Without renovation
53.2,2.0,7.0,24,30.0,0.2916666666666667,0,0,0,3.992680908445601,Улица Дмитриевского,Cosmetic
114.5,4.0,31.0,40,12.0,0.775,0,0,0,4.749270529961848,ЗИЛ,Without renovation
32.0,1.0,9.0,26,10.0,0.3461538461538461,0,0,0,3.49650756146648,Москва-Товарная,Cosmetic
86.0,2.0,3.0,18,17.0,0.1666666666666666,0,0,0,4.465908118654584,Лихоборы,Designer
38.0,2.0,9.0,12,10.0,0.75,0,0,0,3.6635616461296463,Зюзино,Cosmetic
122.6,4.0,6.0,24,11.0,0.25,0,0,0,4.817050545023591,Кунцевская,Without renovation
44.5,2.0,3.0,9,6.0,0.3333333333333333,0,0,0,3.817712325956905,Домодедовская,Cosmetic
19.5,0.0,2.0,25,19.0,0.08,0,0,1,3.0204248861443626,Некрасовка,Without renovation
91.0,2.0,2.0,6,11.0,0.3333333333333333,0,0,0,4.5217885770490405,Новокузнецкая,Without renovation
158.0,3.0,5.0,13,12.0,0.3846153846153846,0,0,0,5.068904202220232,Новые Черемушки,Cosmetic
59.7,2.0,35.0,37,11.0,0.945945945945946,0,0,0,4.1059436980654525,Аминьевская,Without renovation
90.0,0.0,8.0,35,12.0,0.2285714285714285,0,0,1,4.51085950651685,Алексеевская,Without renovation
104.74,3.0,10.0,33,14.0,0.303030303030303,0,0,0,4.660983250807304,Белорусская,Without renovation
38.0,0.0,6.0,7,14.0,0.8571428571428571,0,0,1,3.6635616461296463,Красный Балтиец,European-style renovation
100.0,3.0,3.0,7,6.0,0.4285714285714285,0,0,0,4.61512051684126,Улица 1905 года,Designer
85.4,4.0,27.0,27,23.0,1.0,0,1,0,4.45898767581001,Хорошево,Designer
12.6,0.0,1.0,5,13.0,0.2,1,0,1,2.6100697927420065,Академическая,Cosmetic
58.8,2.0,3.0,4,6.0,0.75,0,0,0,4.091005660956586,Менделеевская,European-style renovation
50.6,1.0,4.0,9,6.0,0.4444444444444444,0,0,0,3.943521672487517,Улица Горчакова,European-style renovation
113.43,3.0,4.0,6,15.0,0.6666666666666666,0,0,0,4.739963282329623,Новокузнецкая,Designer
180.0,6.0,14.0,57,9.0,0.2456140350877192,0,0,0,5.198497031265826,Аэропорт,Designer
18.0,0.0,3.0,6,14.0,0.5,0,0,1,2.9444389791664403,Южная,Without renovation
111.5,5.0,13.0,16,6.0,0.8125,0,0,0,4.722953221644475,Верхние Лихоборы,Cosmetic
126.9,5.0,13.0,28,5.0,0.4642857142857143,0,0,0,4.851248708584797,Раменки,Designer
146.6,5.0,2.0,7,10.0,0.2857142857142857,0,0,0,4.994505912166372,Полянка,European-style renovation
74.51,2.0,34.0,85,6.0,0.4,0,0,0,4.324265097815334,Выставочная,Without renovation
52.4,2.0,1.0,5,10.0,0.2,1,0,0,3.977810745966149,Говорово,Without renovation
50.9,3.0,9.0,9,14.0,1.0,0,1,0,3.949318790171843,Бибирево,Cosmetic
45.0,2.0,11.0,12,8.0,0.9166666666666666,0,0,0,3.828641396489095,Новогиреево,Cosmetic
129.1,4.0,2.0,28,9.0,0.0714285714285714,0,0,0,4.86830338551846,Раменки,Without renovation
38.0,1.0,10.0,22,8.0,0.4545454545454545,0,0,0,3.6635616461296463,Ясенево,Cosmetic
41.0,1.0,13.0,21,11.0,0.6190476190476191,0,0,0,3.737669618283368,Алексеевская,European-style renovation
17.0,0.0,1.0,14,18.0,0.0714285714285714,1,0,1,2.8903717578961645,Курская,Without renovation
37.4,1.0,13.0,17,11.0,0.7647058823529411,0,0,0,3.648057459593681,Достоевская,Cosmetic
37.4,2.0,1.0,9,13.0,0.1111111111111111,1,0,0,3.648057459593681,Новаторская,Cosmetic
14.7,0.0,3.0,7,9.0,0.4285714285714285,0,0,1,2.7536607123542622,Красный Балтиец,Designer
100.0,0.0,7.0,26,13.0,0.2692307692307692,0,0,1,4.61512051684126,Аминьевская,Without renovation
46.7,1.0,7.0,12,23.0,0.5833333333333334,0,0,0,3.864931397894296,Прокшино,European-style renovation
75.0,2.0,16.0,18,22.0,0.8888888888888888,0,0,0,4.330733340286331,Первомайская,Designer
25.0,0.0,21.0,25,15.0,0.84,0,0,1,3.258096538021482,Перерва,European-style renovation
150.0,3.0,6.0,8,9.0,0.75,0,0,0,5.017279836814924,Охотный ряд,Designer
35.7,2.0,1.0,9,5.0,0.1111111111111111,1,0,0,3.6027767550605247,Крымская,European-style renovation
36.0,1.0,15.0,23,11.0,0.6521739130434783,0,0,0,3.610917912644224,Авиамоторная,European-style renovation
37.8,2.0,3.0,14,8.0,0.2142857142857142,0,0,0,3.658420246629228,Свиблово,Cosmetic
93.16,3.0,6.0,33,14.0,0.1818181818181818,0,0,0,4.544995462952021,Белорусская,Without renovation
53.2,2.0,10.0,24,11.0,0.4166666666666667,0,0,0,3.992680908445601,Арбатская,Designer
46.0,2.0,2.0,5,5.0,0.4,0,0,0,3.8501476017100575,Сетунь,European-style renovation
11.0,0.0,1.0,12,8.0,0.0833333333333333,1,0,1,2.4849066497880004,Люблино,European-style renovation
63.0,3.0,9.0,12,24.0,0.75,0,0,0,4.158883083359672,Планерная,Cosmetic
38.6,1.0,8.0,14,13.0,0.5714285714285714,0,0,0,3.6788291182604342,Планерная,Cosmetic
73.9,3.0,15.0,17,15.0,0.8823529411764706,0,0,0,4.316153890523174,Бабушкинская,Cosmetic
82.8,4.0,5.0,16,12.0,0.3125,0,0,0,4.428433007488037,Прокшино,Without renovation
24.7,0.0,6.0,6,17.0,1.0,0,1,1,3.246490991901174,Первомайская,European-style renovation
196.0,4.0,11.0,16,7.0,0.6875,0,0,0,5.2832037287379885,Смоленская,Designer
93.2,4.0,7.0,16,6.0,0.4375,0,0,0,4.545420181582317,Новаторская,Cosmetic
89.8,4.0,2.0,8,6.0,0.25,0,0,0,4.508659285607248,Балтийская,Designer
40.9,1.0,21.0,22,11.0,0.9545454545454546,0,0,0,3.735285826928092,Филатов Луг,Cosmetic
172.9,6.0,27.0,27,11.0,1.0,0,1,0,5.158480421360237,Стрешнево,Without renovation
383.0,6.0,1.0,22,20.0,0.0454545454545454,1,0,0,5.950642552587727,Ломоносовский проспект,Designer
113.7,4.0,4.0,11,25.0,0.3636363636363636,0,0,0,4.742320024135325,Царицыно,Without renovation
44.3,1.0,9.0,16,18.0,0.5625,0,0,0,3.813307032488989,ЗИЛ,Without renovation
67.1,3.0,10.0,26,13.0,0.3846153846153846,0,0,0,4.220977213155467,Славянский бульвар,European-style renovation
31.6,1.0,13.0,21,26.0,0.6190476190476191,0,0,0,3.484312288372662,Щербинка,Cosmetic
95.5,4.0,5.0,12,10.0,0.4166666666666667,0,0,0,4.56954300834494,Улица Скобелевская,Cosmetic
200.0,4.0,28.0,30,9.0,0.9333333333333332,0,0,0,5.303304908059076,Новаторская,Designer
89.0,3.0,6.0,12,7.0,0.5,0,0,0,4.499809670330265,Фрунзенская,Designer
37.8,1.0,3.0,8,8.0,0.375,0,0,0,3.658420246629228,Сухаревская,European-style renovation
52.0,2.0,3.0,11,20.0,0.2727272727272727,0,0,0,3.970291913552122,Беломорская,Designer
72.9,3.0,14.0,14,12.0,1.0,0,1,0,4.302712827954156,Академическая,European-style renovation
72.9,2.0,2.0,11,5.0,0.1818181818181818,0,0,0,4.302712827954156,Панфиловская,European-style renovation
35.8,1.0,8.0,12,10.0,0.6666666666666666,0,0,0,3.605497845174885,Улица Скобелевская,Cosmetic
59.9,2.0,4.0,32,7.0,0.125,0,0,0,4.109233174715851,Шелепиха,European-style renovation
37.0,0.0,1.0,16,26.0,0.0625,1,0,1,3.6375861597263857,Новогиреево,European-style renovation
33.7,1.0,8.0,22,9.0,0.3636363636363636,0,0,0,3.5467396869528134,Тропарево,Cosmetic
41.8,1.0,9.0,12,20.0,0.75,0,0,0,3.756538102587751,Владыкино,Designer
104.3,4.0,3.0,8,11.0,0.375,0,0,0,4.6568134191399295,Стрешнево,European-style renovation
43.61,1.0,17.0,20,3.0,0.85,0,0,0,3.797958049140173,Беломорская,European-style renovation
40.1,1.0,11.0,23,19.0,0.4782608695652174,0,0,0,3.716008121502189,Некрасовка,Designer
35.4,1.0,6.0,9,12.0,0.6666666666666666,0,0,0,3.594568774642695,Улица 1905 года,Designer
20.0,0.0,3.0,7,12.0,0.4285714285714285,0,0,1,3.044522437723423,Калитники,Designer
46.0,2.0,6.0,25,5.0,0.24,0,0,0,3.8501476017100575,Тушинская,Cosmetic
39.0,1.0,13.0,28,18.0,0.4642857142857143,0,0,0,3.688879454113936,Павелецкая,Without renovation
36.3,1.0,2.0,5,10.0,0.4,0,0,0,3.6189933266497696,Беляево,Cosmetic
101.4,3.0,7.0,10,15.0,0.7,0,0,0,4.628886712605407,Силикатная,Designer
15.0,0.0,1.0,9,7.0,0.1111111111111111,1,0,1,2.772588722239781,Коньково,Cosmetic
36.2,2.0,11.0,37,10.0,0.2972972972972973,0,0,0,3.616308761279101,Аминьевская,Designer
50.0,2.0,2.0,17,13.0,0.1176470588235294,0,0,0,3.9318256327243257,Митино,Cosmetic
122.0,4.0,18.0,21,23.0,0.8571428571428571,0,0,0,4.812184355372417,Беломорская,European-style renovation
18.8,0.0,5.0,5,6.0,1.0,0,1,1,2.9856819377004897,Улица 1905 года,Cosmetic
89.0,3.0,30.0,37,12.0,0.8108108108108109,0,0,0,4.499809670330265,Шелепиха,Without renovation
72.0,2.0,6.0,12,5.0,0.5,0,0,0,4.290459441148391,Кузьминки,European-style renovation
37.0,1.0,1.0,12,11.0,0.0833333333333333,1,0,0,3.6375861597263857,Бауманская,European-style renovation
69.8,2.0,2.0,15,29.0,0.1333333333333333,0,0,0,4.259859000699674,Прокшино,Designer
65.0,3.0,5.0,22,16.0,0.2272727272727272,0,0,0,4.189654742026425,Стрешнево,Without renovation
43.7,1.0,10.0,12,13.0,0.8333333333333334,0,0,0,3.7999735016195233,Автозаводская,European-style renovation
13.6,0.0,2.0,6,9.0,0.3333333333333333,0,0,1,2.681021528714291,Маяковская,Designer
38.0,0.0,2.0,8,8.0,0.25,0,0,1,3.6635616461296463,Калитники,Without renovation
60.1,3.0,8.0,9,27.0,0.8888888888888888,0,0,0,4.11251186617755,Щелковская,Cosmetic
72.0,1.0,26.0,67,6.0,0.3880597014925373,0,0,0,4.290459441148391,Международная,Designer
75.6,3.0,17.0,28,19.0,0.6071428571428571,0,0,0,4.338597076746545,Речной вокзал,Cosmetic
151.8,5.0,2.0,16,11.0,0.125,0,0,0,5.02912987673242,Прокшино,European-style renovation
129.0,6.0,5.0,5,11.0,1.0,0,1,0,4.867534450455582,Смоленская,Without renovation
132.0,4.0,2.0,9,4.0,0.2222222222222222,0,0,0,4.890349128221754,Ломоносовский проспект,Designer
20.0,0.0,35.0,85,3.0,0.4117647058823529,0,0,1,3.044522437723423,Международная,Designer
210.0,3.0,7.0,7,8.0,1.0,0,1,0,5.351858133476067,Баррикадная,Without renovation
64.4,2.0,4.0,21,10.0,0.1904761904761904,0,0,0,4.180522258463153,Улица 1905 года,Without renovation
146.6,3.0,3.0,6,12.0,0.5,0,0,0,4.994505912166372,Спортивная,Designer
108.0,0.0,5.0,6,6.0,0.8333333333333334,0,0,1,4.691347882229144,Фили,Without renovation
74.9,3.0,3.0,6,12.0,0.5,0,0,0,4.329416684401584,Дубровка,Cosmetic
20.0,6.0,24.0,33,6.0,0.7272727272727273,0,0,0,3.044522437723423,Красный Строитель,Cosmetic
72.0,3.0,6.0,8,8.0,0.75,0,0,0,4.290459441148391,Окружная,Cosmetic
59.0,1.0,3.0,10,9.0,0.3,0,0,0,4.0943445622221,Чкаловская,Cosmetic
37.3,1.0,5.0,18,8.0,0.2777777777777778,0,0,0,3.6454498961866,Новаторская,Without renovation
37.2,1.0,8.0,8,12.0,1.0,0,1,0,3.6428355156125294,Университет,Designer
126.2,5.0,13.0,19,18.0,0.6842105263157895,0,0,0,4.845760650906022,Октябрьское поле,Without renovation
19.0,0.0,1.0,5,16.0,0.2,1,0,1,2.995732273553991,Тестовская,Cosmetic
38.8,1.0,8.0,15,29.0,0.5333333333333333,0,0,0,3.683866912290392,Прокшино,Designer
116.0,4.0,40.0,44,12.0,0.9090909090909092,0,0,0,4.762173934797756,Улица 1905 года,Designer
62.1,3.0,11.0,12,19.0,0.9166666666666666,0,0,0,4.144720769547168,Бибирево,Cosmetic
17.5,0.0,3.0,5,11.0,0.6,0,0,1,2.917770732084279,Сокол,European-style renovation
59.0,3.0,1.0,9,14.0,0.1111111111111111,1,0,0,4.0943445622221,Пражская,European-style renovation
55.0,2.0,16.0,17,4.0,0.9411764705882352,0,0,0,4.02535169073515,Профсоюзная,European-style renovation
48.57,2.0,5.0,6,10.0,0.8333333333333334,0,0,0,3.9033858120324822,Парк культуры,Without renovation
46.4,2.0,5.0,16,26.0,0.3125,0,0,0,3.858622228701031,Коммунарка,Cosmetic
23.4,6.0,15.0,16,13.0,0.9375,0,0,0,3.194583132299156,Прокшино,Cosmetic
61.9,4.0,11.0,16,11.0,0.6875,0,0,0,4.141546163706395,Прокшино,European-style renovation
50.9,2.0,13.0,17,3.0,0.7647058823529411,0,0,0,3.949318790171843,Орехово,European-style renovation
130.0,5.0,22.0,41,8.0,0.5365853658536586,0,0,0,4.875197323201151,Воробьёвы горы,Designer
22.7,0.0,6.0,17,25.0,0.3529411764705882,0,0,1,3.1654750481410856,Комсомольская,European-style renovation
18.0,1.0,3.0,3,7.0,1.0,0,1,0,2.9444389791664403,Нижегородская,European-style renovation
179.5,4.0,7.0,8,9.0,0.875,0,0,0,5.195730777772936,Арбатская,Designer
183.0,5.0,6.0,17,11.0,0.3529411764705882,0,0,0,5.214935757608986,Улица 1905 года,Without renovation
16.0,0.0,4.0,5,15.0,0.8,0,0,1,2.833213344056216,Новые Черемушки,European-style renovation
204.0,4.0,8.0,8,20.0,1.0,0,1,0,5.3230099791384085,Ольховая,Designer
385.0,6.0,1.0,26,24.0,0.0384615384615384,1,0,0,5.955837369464831,Славянский бульвар,Designer
44.0,2.0,15.0,15,22.0,1.0,0,1,0,3.80666248977032,ЗИЛ,European-style renovation
43.8,2.0,10.0,14,7.0,0.7142857142857143,0,0,0,3.80220813942094,Марьина Роща,European-style renovation
72.2,2.0,21.0,23,10.0,0.9130434782608696,0,0,0,4.293195420967266,Спартак,Without renovation
96.6,3.0,11.0,16,21.0,0.6875,0,0,0,4.580877493419047,Трикотажная,Without renovation
76.7,2.0,38.0,77,6.0,0.4935064935064935,0,0,0,4.3528552573736015,Международная,Designer
152.2,4.0,10.0,15,10.0,0.6666666666666666,0,0,0,5.0317442573064906,Фрунзенская,Without renovation
54.0,2.0,8.0,8,9.0,1.0,0,1,0,4.007333185232471,Смоленская,European-style renovation
46.7,2.0,13.0,14,10.0,0.9285714285714286,0,0,0,3.864931397894296,Медведково,Without renovation
186.0,5.0,5.0,7,10.0,0.7142857142857143,0,0,0,5.231108616854587,Смоленская,Without renovation
86.07,3.0,7.0,21,5.0,0.3333333333333333,0,0,0,4.466712392840524,Беговая,Designer
37.0,1.0,6.0,13,24.0,0.4615384615384615,0,0,0,3.6375861597263857,Прокшино,Designer
38.1,1.0,4.0,23,7.0,0.1739130434782608,0,0,0,3.66612246699132,Спартак,Without renovation
65.5,3.0,2.0,27,13.0,0.074074074074074,0,0,0,4.197201947661808,Зорге,European-style renovation
37.5,1.0,4.0,15,4.0,0.2666666666666666,0,0,0,3.6506582412937383,Алексеевская,Designer
90.0,2.0,3.0,9,8.0,0.3333333333333333,0,0,0,4.51085950651685,Спортивная,European-style renovation
107.0,4.0,16.0,25,6.0,0.64,0,0,0,4.68213122712422,Красный Балтиец,Without renovation
40.0,1.0,8.0,21,26.0,0.3809523809523809,0,0,0,3.713572066704308,Щербинка,Cosmetic
210.0,6.0,4.0,5,8.0,0.8,0,0,0,5.351858133476067,Белорусская,Designer
82.0,4.0,6.0,43,10.0,0.1395348837209302,0,0,0,4.418840607796598,Селигерская,European-style renovation
57.9,2.0,15.0,22,12.0,0.6818181818181818,0,0,0,4.075841090657541,Отрадное,European-style renovation
45.0,2.0,1.0,9,27.0,0.1111111111111111,1,0,0,3.828641396489095,Первомайская,Cosmetic
51.1,2.0,30.0,65,10.0,0.4615384615384615,0,0,0,3.9531649487593215,Выставочная,Without renovation
74.0,3.0,7.0,15,6.0,0.4666666666666667,0,0,0,4.31748811353631,Достоевская,Designer
69.5,3.0,3.0,12,25.0,0.25,0,0,0,4.255612709818223,Народное Ополчение,Cosmetic
65.6,3.0,8.0,12,29.0,0.6666666666666666,0,0,0,4.198704577546343,Покровское,Cosmetic
211.0,4.0,4.0,5,9.0,0.8,0,0,0,5.356586274672012,Тверская,European-style renovation
232.5,4.0,75.0,85,1.0,0.8823529411764706,0,0,0,5.453182077108952,Выставочная,Designer
41.3,1.0,2.0,26,14.0,0.0769230769230769,0,0,0,3.744787086052232,Некрасовка,Without renovation
272.4,6.0,5.0,6,3.0,0.8333333333333334,0,0,0,5.610935924289849,Пушкинская,Without renovation
36.1,1.0,3.0,4,37.0,0.75,0,0,0,3.6136169696133895,Бунинская Аллея,European-style renovation
81.5,3.0,4.0,21,12.0,0.1904761904761904,0,0,0,4.412798293340635,Коломенская,European-style renovation
92.9,3.0,5.0,17,7.0,0.2941176470588235,0,0,0,4.542230386214217,Алексеевская,Without renovation
65.0,3.0,6.0,47,19.0,0.1276595744680851,0,0,0,4.189654742026425,Павелецкая,Without renovation
44.7,1.0,7.0,17,21.0,0.4117647058823529,0,0,0,3.822098297900159,Коломенская,Cosmetic
56.4,2.0,5.0,14,12.0,0.3571428571428571,0,0,0,4.050044303325521,Калитники,Cosmetic
92.1,4.0,5.0,17,10.0,0.2941176470588235,0,0,0,4.533674184283021,Раменки,Cosmetic
30.4,0.0,2.0,6,20.0,0.3333333333333333,0,0,1,3.446807892914208,Марьино,Designer
75.0,3.0,20.0,23,12.0,0.8695652173913043,0,0,0,4.330733340286331,Озёрная,European-style renovation
116.8,4.0,11.0,22,6.0,0.5,0,0,0,4.768988271217486,Молодежная,Designer
85.0,4.0,11.0,28,12.0,0.3928571428571428,0,0,0,4.454347296253507,Багратионовская,Without renovation
65.0,4.0,7.0,9,16.0,0.7777777777777778,0,0,0,4.189654742026425,Бибирево,European-style renovation
41.0,2.0,3.0,23,9.0,0.1304347826086956,0,0,0,3.737669618283368,Лесопарковая,Designer
49.8,2.0,6.0,12,27.0,0.5,0,0,0,3.927896354584436,Ростокино,Designer
43.3,1.0,27.0,32,8.0,0.84375,0,0,0,3.7909846770510898,Бутырская,Without renovation
62.8,2.0,7.0,15,22.0,0.4666666666666667,0,0,0,4.155753190350744,ЗИЛ,European-style renovation
19.97,6.0,2.0,9,13.0,0.2222222222222222,0,0,0,3.0430928449138284,Филатов Луг,Cosmetic
13.1,0.0,3.0,34,16.0,0.088235294117647,0,0,1,2.6461747973841225,Улица Скобелевская,European-style renovation
199.0,5.0,3.0,8,7.0,0.375,0,0,0,5.298317366548036,Парк культуры,Designer
23.1,6.0,10.0,30,18.0,0.3333333333333333,0,0,0,3.1822118404966093,Бунинская Аллея,Cosmetic
57.1,2.0,5.0,17,18.0,0.2941176470588235,0,0,0,4.062165663857866,Новые Черемушки,European-style renovation
39.9,1.0,12.0,22,6.0,0.5454545454545454,0,0,0,3.711130063048756,Новопеределкино,Cosmetic
69.0,4.0,4.0,6,10.0,0.6666666666666666,0,0,0,4.248495242049359,Улица 1905 года,Cosmetic
65.0,2.0,6.0,43,6.0,0.1395348837209302,0,0,0,4.189654742026425,Шелепиха,European-style renovation
171.0,4.0,4.0,6,10.0,0.6666666666666666,0,0,0,5.147494476813453,Спортивная,Without renovation
41.9,1.0,2.0,24,8.0,0.0833333333333333,0,0,0,3.758871825933971,Терехово,European-style renovation
115.0,5.0,13.0,17,14.0,0.7647058823529411,0,0,0,4.7535901911063645,Улица Старокачаловская,European-style renovation
145.0,4.0,19.0,53,29.0,0.3584905660377358,0,0,0,4.983606621708336,Минская,Designer
38.9,1.0,5.0,11,9.0,0.4545454545454545,0,0,0,3.686376323895818,Курская,Cosmetic
86.0,3.0,43.0,43,10.0,1.0,0,1,0,4.465908118654584,Селигерская,European-style renovation
36.5,1.0,2.0,49,13.0,0.0408163265306122,0,0,0,3.624340932976365,Ботанический сад,European-style renovation
24.0,0.0,5.0,27,23.0,0.1851851851851851,0,0,1,3.218875824868201,Хорошево,Without renovation
39.0,2.0,4.0,9,2.0,0.4444444444444444,0,0,0,3.688879454113936,Каховская,Cosmetic
115.0,4.0,10.0,19,11.0,0.5263157894736842,0,0,0,4.7535901911063645,Алексеевская,Without renovation
34.6,1.0,3.0,16,17.0,0.1875,0,0,0,3.572345637857985,Ольховая,Cosmetic
44.4,2.0,1.0,12,6.0,0.0833333333333333,1,0,0,3.8155121050473024,Зюзино,Cosmetic
103.0,3.0,8.0,10,12.0,0.8,0,0,0,4.6443908991413725,Парк Победы,Designer
22.0,0.0,7.0,22,17.0,0.3181818181818182,0,0,1,3.1354942159291497,Селигерская,Without renovation
176.7,4.0,18.0,34,7.0,0.5294117647058824,0,0,0,5.180096735160606,Парк Победы,Designer
20.6,0.0,5.0,5,5.0,1.0,0,1,1,3.0726933146901194,Окружная,Cosmetic
71.0,2.0,2.0,5,19.0,0.4,0,0,0,4.276666119016055,Кунцевская,Without renovation
105.0,4.0,6.0,8,11.0,0.75,0,0,0,4.663439094112067,Шаболовская,Designer
21.0,0.0,15.0,28,15.0,0.5357142857142857,0,0,1,3.091042453358316,ЗИЛ,Cosmetic
95.0,4.0,1.0,6,13.0,0.1666666666666666,1,0,0,4.564348191467836,Парк культуры,Designer
38.0,1.0,8.0,15,30.0,0.5333333333333333,0,0,0,3.6635616461296463,Улица Горчакова,Designer
75.0,3.0,2.0,16,17.0,0.125,0,0,0,4.330733340286331,Ольховая,Cosmetic
110.0,3.0,4.0,4,8.0,1.0,0,1,0,4.709530201312334,Смоленская,Designer
38.5,1.0,3.0,29,11.0,0.1034482758620689,0,0,0,3.676300671907076,Водный стадион,Without renovation
57.0,2.0,5.0,9,1.0,0.5555555555555556,0,0,0,4.060443010546419,Маяковская,Designer
68.3,2.0,23.0,47,2.0,0.4893617021276595,0,0,0,4.238444906195857,Карамышевская,European-style renovation
20.7,0.0,6.0,13,32.0,0.4615384615384615,0,0,1,3.077312260546414,Силикатная,European-style renovation
100.0,3.0,17.0,24,13.0,0.7083333333333334,0,0,0,4.61512051684126,Народное Ополчение,Cosmetic
12.0,0.0,1.0,12,1.0,0.0833333333333333,1,0,1,2.5649493574615367,Нагатинский Затон,Cosmetic
74.0,3.0,10.0,18,6.0,0.5555555555555556,0,0,0,4.31748811353631,Панфиловская,European-style renovation
41.0,1.0,10.0,14,16.0,0.7142857142857143,0,0,0,3.737669618283368,Новопеределкино,European-style renovation
187.0,4.0,7.0,11,7.0,0.6363636363636364,0,0,0,5.236441962829949,Спортивная,Without renovation
215.0,5.0,8.0,10,6.0,0.8,0,0,0,5.375278407684165,Маяковская,Designer
19.2,0.0,1.0,9,7.0,0.1111111111111111,1,0,1,3.005682604407159,Ясенево,Cosmetic
107.2,4.0,14.0,14,16.0,1.0,0,1,0,4.6839813664123815,Пятницкое шоссе,Cosmetic
98.0,3.0,7.0,8,8.0,0.875,0,0,0,4.59511985013459,ВДНХ,Without renovation
19.3,0.0,3.0,3,27.0,1.0,0,1,1,3.0106208860477417,Селигерская,Cosmetic
15.6,0.0,3.0,4,12.0,0.75,0,0,1,2.8094026953624978,Аэропорт,European-style renovation
40.0,1.0,6.0,8,5.0,0.75,0,0,0,3.713572066704308,Серпуховская,European-style renovation
43.7,2.0,6.0,9,14.0,0.6666666666666666,0,0,0,3.7999735016195233,Народное Ополчение,European-style renovation
26.56,6.0,7.0,20,13.0,0.35,0,0,0,3.3163654461454577,Тульская,Cosmetic
60.0,3.0,9.0,9,4.0,1.0,0,1,0,4.110873864173311,Печатники,Designer
118.5,4.0,18.0,19,11.0,0.9473684210526316,0,0,0,4.783316371371566,Алексеевская,Without renovation
58.1,2.0,18.0,22,26.0,0.8181818181818182,0,0,0,4.079230924412053,Марк,Cosmetic
208.0,6.0,10.0,20,23.0,0.5,0,0,0,5.342334251964811,Народное Ополчение,Designer
343.0,7.0,2.0,4,44.0,0.5,0,0,0,5.840641657373398,Терехово,Designer
56.2,3.0,5.0,9,11.0,0.5555555555555556,0,0,0,4.046553898385752,Народное Ополчение,Cosmetic
111.0,3.0,5.0,6,6.0,0.8333333333333334,0,0,0,4.718498871295094,Белорусская,Designer
56.4,2.0,21.0,22,12.0,0.9545454545454546,0,0,0,4.050044303325521,Яхромская,Cosmetic
64.0,4.0,5.0,9,10.0,0.5555555555555556,0,0,0,4.174387269895637,Сетунь,Cosmetic
79.8,2.0,3.0,12,23.0,0.25,0,0,0,4.39197696552705,Коммунарка,European-style renovation
39.9,1.0,2.0,25,14.0,0.08,0,0,0,3.711130063048756,Некрасовка,Without renovation
19.7,6.0,14.0,25,31.0,0.56,0,0,0,3.030133700271324,Пятницкое шоссе,Cosmetic
130.0,4.0,4.0,6,9.0,0.6666666666666666,0,0,0,4.875197323201151,Тверская,Designer
102.4,5.0,4.0,4,7.0,1.0,0,1,0,4.638604962074329,Смоленская,European-style renovation
39.0,1.0,8.0,17,17.0,0.4705882352941176,0,0,0,3.688879454113936,Авиамоторная,Cosmetic
34.2,1.0,16.0,24,10.0,0.6666666666666666,0,0,0,3.5610460826040518,Проспект Вернадского,European-style renovation
106.2,3.0,13.0,22,13.0,0.5909090909090909,0,0,0,4.674696248636701,Бульвар Дмитрия Донского,European-style renovation
74.5,3.0,8.0,10,6.0,0.8,0,0,0,4.324132656254979,Бауманская,Cosmetic
57.0,2.0,12.0,17,28.0,0.7058823529411765,0,0,0,4.060443010546419,Щербинка,Cosmetic
40.26,1.0,11.0,25,6.0,0.44,0,0,0,3.7198935076431057,Нагатинская,European-style renovation
30.1,1.0,10.0,29,11.0,0.3448275862068966,0,0,0,3.4372078191851885,Новые Черемушки,Cosmetic
29.0,0.0,2.0,17,39.0,0.1176470588235294,0,0,1,3.4011973816621555,Внуково,European-style renovation
175.2,4.0,40.0,60,3.0,0.6666666666666666,0,0,0,5.171619713502079,Деловой центр,Designer
35.5,1.0,6.0,20,9.0,0.3,0,0,0,3.597312260588446,Фили,Designer
14.7,0.0,7.0,9,18.0,0.7777777777777778,0,0,1,2.7536607123542622,Аминьевская,Cosmetic
92.1,2.0,43.0,85,1.0,0.5058823529411764,0,0,0,4.533674184283021,Выставочная,Without renovation
60.7,2.0,26.0,40,12.0,0.65,0,0,0,4.122283930911342,ЗИЛ,European-style renovation
38.5,1.0,12.0,16,15.0,0.75,0,0,0,3.676300671907076,Хорошево,Designer
111.7,5.0,13.0,13,14.0,1.0,0,1,0,4.724729421045731,Электрозаводская,Without renovation
62.6,3.0,5.0,5,7.0,1.0,0,1,0,4.152613470346076,Первомайская,Cosmetic
61.4,3.0,6.0,12,9.0,0.5,0,0,0,4.133565275375382,Домодедовская,Cosmetic
112.0,4.0,8.0,14,10.0,0.5714285714285714,0,0,0,4.727387818712341,Серпуховская,Designer
13.0,0.0,2.0,25,6.0,0.08,0,0,1,2.6390573296152584,Некрасовка,Cosmetic
40.0,1.0,11.0,24,5.0,0.4583333333333333,0,0,0,3.713572066704308,Кузьминки,Cosmetic
99.0,3.0,3.0,8,18.0,0.375,0,0,0,4.605170185988092,Ольховая,Without renovation
187.0,4.0,17.0,17,8.0,1.0,0,1,0,5.236441962829949,Технопарк,Without renovation
145.8,4.0,36.0,47,10.0,0.7659574468085106,0,0,0,4.989071116180416,Ломоносовский проспект,European-style renovation
150.0,4.0,22.0,32,12.0,0.6875,0,0,0,5.017279836814924,Октябрьское поле,Without renovation
96.0,3.0,4.0,42,6.0,0.0952380952380952,0,0,0,4.574710978503383,Фили,Without renovation
19.6,0.0,15.0,25,31.0,0.6,0,0,1,3.025291075795536,Улица Дмитриевского,Cosmetic
79.0,3.0,12.0,12,27.0,1.0,0,1,0,4.382026634673881,Люблино,European-style renovation
35.0,1.0,7.0,16,11.0,0.4375,0,0,0,3.58351893845611,Бескудниково,Cosmetic
76.9,3.0,3.0,18,6.0,0.1666666666666666,0,0,0,4.355425952876702,Панфиловская,Without renovation
72.2,2.0,4.0,11,5.0,0.3636363636363636,0,0,0,4.293195420967266,Панфиловская,European-style renovation
91.0,3.0,7.0,8,7.0,0.875,0,0,0,4.5217885770490405,Смоленская,Designer
79.1,3.0,10.0,53,13.0,0.1886792452830188,0,0,0,4.383275854074314,Шелепиха,European-style renovation
130.0,3.0,20.0,24,15.0,0.8333333333333334,0,0,0,4.875197323201151,Тестовская,Designer
43.0,2.0,2.0,5,7.0,0.4,0,0,0,3.784189633918261,Смоленская,Designer
52.1,3.0,6.0,28,20.0,0.2142857142857142,0,0,0,3.972176928247893,Полежаевская,European-style renovation
71.0,0.0,12.0,25,11.0,0.48,0,0,1,4.276666119016055,Аминьевская,Without renovation
18.0,0.0,13.0,16,54.0,0.8125,0,0,1,2.9444389791664403,Коммунарка,Cosmetic
50.0,2.0,20.0,22,16.0,0.9090909090909092,0,0,0,3.9318256327243257,Стрешнево,Without renovation
167.1,4.0,1.0,7,6.0,0.1428571428571428,1,0,0,5.12455904041457,Полянка,Designer
45.0,1.0,14.0,17,20.0,0.8235294117647058,0,0,0,3.828641396489095,Бабушкинская,Cosmetic
27.0,0.0,5.0,7,14.0,0.7142857142857143,0,0,1,3.332204510175204,Красный Балтиец,Designer
60.0,3.0,9.0,9,15.0,1.0,0,1,0,4.110873864173311,Беломорская,Cosmetic
19.6,0.0,14.0,22,16.0,0.6363636363636364,0,0,1,3.025291075795536,Тропарево,European-style renovation
89.0,3.0,17.0,17,22.0,1.0,0,1,0,4.499809670330265,Бунинская Аллея,Cosmetic
54.0,1.0,18.0,24,15.0,0.75,0,0,0,4.007333185232471,Юго-Западная,European-style renovation
150.0,4.0,2.0,7,6.0,0.2857142857142857,0,0,0,5.017279836814924,Кропоткинская,Without renovation
23.5,0.0,1.0,9,6.0,0.1111111111111111,1,0,1,3.198673117550681,Орехово,Cosmetic
40.1,2.0,9.0,9,21.0,1.0,0,1,0,3.716008121502189,Кузьминки,Cosmetic
71.0,3.0,5.0,22,2.0,0.2272727272727272,0,0,0,4.276666119016055,Строгино,European-style renovation
38.8,1.0,5.0,10,30.0,0.5,0,0,0,3.683866912290392,Люблино,Cosmetic
15.0,0.0,5.0,9,5.0,0.5555555555555556,0,0,1,2.772588722239781,Селигерская,European-style renovation
40.8,1.0,15.0,21,2.0,0.7142857142857143,0,0,0,3.7328963395307104,Чкаловская,European-style renovation
43.0,2.0,1.0,5,11.0,0.2,1,0,0,3.784189633918261,Сокольники,Cosmetic
59.0,2.0,7.0,14,12.0,0.5,0,0,0,4.0943445622221,Калитники,Cosmetic
57.0,2.0,10.0,10,7.0,1.0,0,1,0,4.060443010546419,Смоленская,European-style renovation
98.0,3.0,14.0,22,12.0,0.6363636363636364,0,0,0,4.59511985013459,ЗИЛ,Without renovation
284.0,5.0,16.0,17,11.0,0.9411764705882352,0,0,0,5.652489180268651,Улица 1905 года,Designer
134.1,4.0,26.0,34,7.0,0.7647058823529411,0,0,0,4.906015244966153,Парк Победы,Designer
91.0,4.0,2.0,12,30.0,0.1666666666666666,0,0,0,4.5217885770490405,Люблино,Cosmetic
155.6,4.0,3.0,11,11.0,0.2727272727272727,0,0,0,5.053694783556702,Курская,Designer
90.0,3.0,3.0,9,14.0,0.3333333333333333,0,0,0,4.51085950651685,Технопарк,Without renovation
188.5,0.0,75.0,95,1.0,0.7894736842105263,0,0,1,5.244389024522481,Деловой центр,Designer
130.0,4.0,15.0,15,15.0,1.0,0,1,0,4.875197323201151,ЗИЛ,Designer
53.0,2.0,19.0,45,13.0,0.4222222222222222,0,0,0,3.9889840465642745,Селигерская,Designer
44.0,2.0,14.0,18,22.0,0.7777777777777778,0,0,0,3.80666248977032,Багратионовская,Designer
52.4,2.0,7.0,16,4.0,0.4375,0,0,0,3.977810745966149,Автозаводская,Designer
36.0,1.0,5.0,23,17.0,0.217391304347826,0,0,0,3.610917912644224,Кузьминки,European-style renovation
40.0,1.0,12.0,14,16.0,0.8571428571428571,0,0,0,3.713572066704308,Академическая,European-style renovation
42.0,1.0,6.0,10,10.0,0.6,0,0,0,3.7612001156935615,Улица Скобелевская,Cosmetic
55.0,3.0,3.0,9,8.0,0.3333333333333333,0,0,0,4.02535169073515,Давыдково,Cosmetic
74.2,2.0,2.0,7,12.0,0.2857142857142857,0,0,0,4.320151230955794,Зорге,European-style renovation
16.8,0.0,4.0,5,4.0,0.8,0,0,1,2.87919845729804,Красносельская,Cosmetic
60.0,3.0,3.0,9,15.0,0.3333333333333333,0,0,0,4.110873864173311,Щелковская,Cosmetic
65.0,3.0,7.0,12,12.0,0.5833333333333334,0,0,0,4.189654742026425,Аминьевская,European-style renovation
12.5,0.0,1.0,9,6.0,0.1111111111111111,1,0,1,2.602689685444384,Кантемировская,Cosmetic
22.0,0.0,2.0,18,25.0,0.1111111111111111,0,0,1,3.1354942159291497,Некрасовка,Cosmetic
20.0,6.0,5.0,19,4.0,0.2631578947368421,0,0,0,3.044522437723423,Пятницкое шоссе,Cosmetic
188.2,5.0,12.0,21,13.0,0.5714285714285714,0,0,0,5.2428046566177775,Улица 1905 года,Designer
180.0,6.0,28.0,53,4.0,0.5283018867924528,0,0,0,5.198497031265826,Ломоносовский проспект,Designer
76.5,3.0,2.0,5,14.0,0.4,0,0,0,4.350277936359301,Тульская,European-style renovation
157.0,3.0,4.0,5,7.0,0.8,0,0,0,5.062595033026967,Улица 1905 года,Without renovation
62.0,3.0,4.0,12,13.0,0.3333333333333333,0,0,0,4.143134726391533,Преображенская площадь,Cosmetic
31.5,1.0,4.0,25,16.0,0.16,0,0,0,3.481240089335692,Коммунарка,Cosmetic
42.3,0.0,1.0,12,15.0,0.0833333333333333,1,0,1,3.768152635008444,Говорово,Designer
58.0,2.0,4.0,5,6.0,0.8,0,0,0,4.07753744390572,Бульвар Рокоссовского,European-style renovation
27.0,0.0,1.0,8,8.0,0.125,1,0,1,3.332204510175204,Калитники,Without renovation
113.0,5.0,3.0,17,15.0,0.1764705882352941,0,0,0,4.736198448394496,Говорово,European-style renovation
75.0,3.0,5.0,17,15.0,0.2941176470588235,0,0,0,4.330733340286331,Лермонтовский проспект,Cosmetic
66.8,3.0,12.0,14,16.0,0.8571428571428571,0,0,0,4.216562194946349,Академическая,Without renovation
24.0,0.0,2.0,18,25.0,0.1111111111111111,0,0,1,3.218875824868201,Некрасовка,Cosmetic
153.5,0.0,10.0,28,7.0,0.3571428571428571,0,0,1,5.0401940963378005,Молодежная,Without renovation
54.0,1.0,13.0,14,10.0,0.9285714285714286,0,0,0,4.007333185232471,Серпуховская,Without renovation
109.0,0.0,55.0,59,12.0,0.9322033898305084,0,0,1,4.700480365792417,Ростокино,Without renovation
41.2,1.0,2.0,16,10.0,0.125,0,0,0,3.742420221041966,Народное Ополчение,European-style renovation
59.0,2.0,12.0,12,13.0,1.0,0,1,0,4.0943445622221,Сокол,Without renovation
212.0,5.0,6.0,17,15.0,0.3529411764705882,0,0,0,5.3612921657094255,Ломоносовский проспект,European-style renovation
24.0,0.0,1.0,5,16.0,0.2,1,0,1,3.218875824868201,Тестовская,Cosmetic
108.0,4.0,2.0,6,7.0,0.3333333333333333,0,0,0,4.691347882229144,Цветной бульвар,Cosmetic
82.0,3.0,1.0,5,25.0,0.2,1,0,0,4.418840607796598,Тульская,European-style renovation
49.9,2.0,9.0,25,11.0,0.36,0,0,0,3.929862923556477,Свиблово,Cosmetic
85.0,3.0,29.0,29,8.0,1.0,0,1,0,4.454347296253507,Кунцевская,Without renovation
71.1,3.0,3.0,7,9.0,0.4285714285714285,0,0,0,4.278054044290903,Дубровка,Cosmetic
74.8,3.0,13.0,17,12.0,0.7647058823529411,0,0,0,4.328098292648326,Новые Черемушки,European-style renovation
140.0,4.0,16.0,30,15.0,0.5333333333333333,0,0,0,4.948759890378168,Гражданская,Designer
45.1,0.0,50.0,65,2.0,0.7692307692307693,0,0,1,3.8308129500026022,Тестовская,Without renovation
66.0,3.0,9.0,16,25.0,0.5625,0,0,0,4.204692619390966,Щелковская,European-style renovation
71.3,2.0,15.0,17,11.0,0.8823529411764706,0,0,0,4.280824129164719,Филёвский парк,Without renovation
42.6,1.0,16.0,26,13.0,0.6153846153846154,0,0,0,3.775057150354989,Москва-Товарная,Cosmetic
59.0,3.0,5.0,5,10.0,1.0,0,1,0,4.0943445622221,Кленовый бульвар,Cosmetic
40.0,1.0,17.0,17,26.0,1.0,0,1,0,3.713572066704308,Рассказовка,European-style renovation
57.3,2.0,28.0,33,12.0,0.8484848484848485,0,0,0,4.065602093356446,Улица Скобелевская,European-style renovation
80.0,4.0,1.0,9,28.0,0.1111111111111111,1,0,0,4.394449154672439,Спортивная,European-style renovation
40.2,1.0,20.0,25,12.0,0.8,0,0,0,3.7184382563554808,Беговая,European-style renovation
55.0,2.0,4.0,17,13.0,0.2352941176470588,0,0,0,4.02535169073515,Юго-Западная,European-style renovation
33.5,1.0,3.0,26,16.0,0.1153846153846153,0,0,0,3.5409593240373143,Хорошево,Without renovation
40.5,1.0,12.0,19,23.0,0.631578947368421,0,0,0,3.725693427236653,Бабушкинская,Cosmetic
53.0,2.0,12.0,12,32.0,1.0,0,1,0,3.9889840465642745,Силикатная,Cosmetic
35.2,1.0,2.0,12,14.0,0.1666666666666666,0,0,0,3.5890591188317256,Щелковская,Without renovation
82.7,3.0,12.0,18,6.0,0.6666666666666666,0,0,0,4.4272389774954295,Панфиловская,Without renovation
57.0,3.0,20.0,29,18.0,0.6896551724137931,0,0,0,4.060443010546419,Фили,Designer
129.0,3.0,2.0,21,7.0,0.0952380952380952,0,0,0,4.867534450455582,Университет,Designer
66.8,2.0,12.0,25,19.0,0.48,0,0,0,4.216562194946349,Некрасовка,Cosmetic
122.0,4.0,18.0,18,14.0,1.0,0,1,0,4.812184355372417,Коммунарка,European-style renovation
73.0,3.0,8.0,26,13.0,0.3076923076923077,0,0,0,4.30406509320417,Аминьевская,Without renovation
40.3,1.0,11.0,33,9.0,0.3333333333333333,0,0,0,3.720862499966987,Нижегородская,Cosmetic
45.2,2.0,3.0,5,7.0,0.6,0,0,0,3.832979798087693,Студенческая,Designer
67.1,2.0,8.0,11,5.0,0.7272727272727273,0,0,0,4.220977213155467,Панфиловская,European-style renovation
58.4,2.0,1.0,14,22.0,0.0714285714285714,1,0,0,4.084294226368599,Люблино,Cosmetic
27.1,0.0,3.0,4,3.0,0.75,0,0,1,3.3357695763397,Аэропорт,Designer
74.5,3.0,9.0,12,7.0,0.75,0,0,0,4.324132656254979,Улица 1905 года,European-style renovation
44.5,1.0,1.0,25,19.0,0.04,1,0,0,3.817712325956905,Юго-Западная,European-style renovation
75.0,2.0,2.0,6,7.0,0.3333333333333333,0,0,0,4.330733340286331,Парк культуры,Designer
14.1,0.0,1.0,12,3.0,0.0833333333333333,1,0,1,2.714694743820879,Отрадное,Without renovation
71.0,3.0,14.0,42,5.0,0.3333333333333333,0,0,0,4.276666119016055,Аминьевская,Designer
21.9,0.0,6.0,9,18.0,0.6666666666666666,0,0,1,3.131136910560194,Аминьевская,Cosmetic
75.0,3.0,8.0,17,6.0,0.4705882352941176,0,0,0,4.330733340286331,Верхние Лихоборы,Designer
154.0,4.0,16.0,21,11.0,0.7619047619047619,0,0,0,5.043425116919247,Улица 1905 года,Designer
83.3,3.0,7.0,9,15.0,0.7777777777777778,0,0,0,4.4343818650078095,Ленинский проспект,Cosmetic
160.0,5.0,8.0,9,10.0,0.8888888888888888,0,0,0,5.081404364984463,Тверская,Designer
23.2,0.0,4.0,23,7.0,0.1739130434782608,0,0,1,3.186352633162641,Солнцево,Cosmetic
120.7,3.0,8.0,14,10.0,0.5714285714285714,0,0,0,4.801558999993482,Серпуховская,Without renovation
38.0,2.0,7.0,9,10.0,0.7777777777777778,0,0,0,3.6635616461296463,Кантемировская,Cosmetic
54.5,2.0,8.0,22,15.0,0.3636363636363636,0,0,0,4.0163830207523885,Новаторская,Cosmetic
68.0,3.0,4.0,12,4.0,0.3333333333333333,0,0,0,4.23410650459726,Белорусская,Without renovation
55.0,2.0,23.0,27,17.0,0.8518518518518519,0,0,0,4.02535169073515,Полежаевская,European-style renovation
38.4,1.0,8.0,33,12.0,0.2424242424242424,0,0,0,3.673765816303888,Улица Скобелевская,Cosmetic
44.5,1.0,10.0,25,11.0,0.4,0,0,0,3.817712325956905,Свиблово,Cosmetic
54.0,2.0,13.0,16,26.0,0.8125,0,0,0,4.007333185232471,Ясенево,European-style renovation
58.5,3.0,6.0,9,29.0,0.6666666666666666,0,0,0,4.085976312551584,Ростокино,Cosmetic
14.0,0.0,1.0,9,11.0,0.1111111111111111,1,0,1,2.70805020110221,Бибирево,Cosmetic
50.0,2.0,20.0,20,10.0,1.0,0,1,0,3.9318256327243257,Технопарк,Designer
120.0,4.0,4.0,6,11.0,0.6666666666666666,0,0,0,4.795790545596741,Новокузнецкая,Cosmetic
385.0,6.0,1.0,25,23.0,0.04,1,0,0,5.955837369464831,Давыдково,Without renovation
137.0,4.0,7.0,20,15.0,0.35,0,0,0,4.927253685157205,Сокольники,Designer
17.3,1.0,4.0,22,15.0,0.1818181818181818,0,0,0,2.9069010598473755,Юго-Западная,European-style renovation
27.5,0.0,7.0,25,22.0,0.28,0,0,1,3.349904087274605,Октябрьское поле,European-style renovation
49.3,2.0,9.0,14,10.0,0.6428571428571429,0,0,0,3.918005077105693,Нахимовский проспект,European-style renovation
112.0,0.0,12.0,15,4.0,0.8,0,0,1,4.727387818712341,Алексеевская,Cosmetic
110.0,4.0,3.0,7,2.0,0.4285714285714285,0,0,0,4.709530201312334,Чеховская,European-style renovation
120.8,4.0,4.0,6,2.0,0.6666666666666666,0,0,0,4.802380355275797,Красные ворота,Designer
16.0,0.0,1.0,8,3.0,0.125,1,0,1,2.833213344056216,Тургеневская,Without renovation
59.4,3.0,5.0,9,12.0,0.5555555555555556,0,0,0,4.100989104940769,Говорово,European-style renovation
36.2,1.0,6.0,19,9.0,0.3157894736842105,0,0,0,3.616308761279101,Яхромская,Without renovation
23.5,0.0,9.0,10,9.0,0.9,0,0,1,3.198673117550681,Марьина Роща,Designer
15.5,0.0,2.0,23,6.0,0.0869565217391304,0,0,1,2.803360380906535,Рассказовка,Cosmetic
68.4,2.0,22.0,25,20.0,0.88,0,0,0,4.239886867512759,Новопеределкино,European-style renovation
40.9,2.0,9.0,9,22.0,1.0,0,1,0,3.735285826928092,Коптево,Cosmetic
53.2,2.0,28.0,47,24.0,0.5957446808510638,0,0,0,3.992680908445601,Народное Ополчение,Without renovation
64.0,4.0,8.0,9,9.0,0.8888888888888888,0,0,0,4.174387269895637,Депо,European-style renovation
44.0,0.0,8.0,16,5.0,0.5,0,0,1,3.80666248977032,Царицыно,Without renovation
23.6,0.0,17.0,39,17.0,0.4358974358974359,0,0,1,3.202746442938317,Локомотив,European-style renovation
67.0,3.0,6.0,8,7.0,0.75,0,0,0,4.219507705176107,Сретенский бульвар,Without renovation
42.6,2.0,3.0,4,14.0,0.75,0,0,0,3.775057150354989,Павелецкая,Cosmetic
75.0,3.0,15.0,15,25.0,1.0,0,1,0,4.330733340286331,Новопеределкино,European-style renovation
55.6,3.0,5.0,9,20.0,0.5555555555555556,0,0,0,4.036008985209137,Бибирево,Without renovation
38.8,1.0,14.0,14,27.0,1.0,0,1,0,3.683866912290392,Бескудниково,Cosmetic
46.0,2.0,11.0,12,30.0,0.9166666666666666,0,0,0,3.8501476017100575,Щелковская,Cosmetic
187.0,0.0,31.0,53,29.0,0.5849056603773585,0,0,1,5.236441962829949,Минская,Without renovation
69.7,3.0,1.0,17,7.0,0.0588235294117647,1,0,0,4.258445572902527,Тропарево,Designer
75.0,3.0,1.0,16,22.0,0.0625,1,0,0,4.330733340286331,Щукинская,Cosmetic
233.0,5.0,4.0,7,7.0,0.5714285714285714,0,0,0,5.455321115357702,Минская,Designer
55.8,2.0,1.0,22,8.0,0.0454545454545454,1,0,0,4.039536325727106,Коптево,Cosmetic
21.0,0.0,2.0,9,2.0,0.2222222222222222,0,0,1,3.091042453358316,Сокол,Cosmetic
89.52,3.0,27.0,30,3.0,0.9,0,0,0,4.505570820765336,Стрешнево,Without renovation
127.0,4.0,14.0,16,4.0,0.875,0,0,0,4.852030263919617,Автозаводская,Designer
150.0,5.0,2.0,6,11.0,0.3333333333333333,0,0,0,5.017279836814924,Новослободская,European-style renovation
135.0,5.0,7.0,14,28.0,0.5,0,0,0,4.912654885736052,Минская,Without renovation
25.1,0.0,10.0,14,10.0,0.7142857142857143,0,0,1,3.261935314328648,Сокол,Designer
24.9,0.0,8.0,15,39.0,0.5333333333333333,0,0,1,3.254242968705492,Бунинская Аллея,Cosmetic
47.2,1.0,8.0,20,13.0,0.4,0,0,0,3.8753590210565543,Тульская,European-style renovation
25.7,0.0,2.0,8,8.0,0.25,0,0,1,3.284663565406204,Калитники,Without renovation
44.3,2.0,1.0,9,28.0,0.1111111111111111,1,0,0,3.813307032488989,Лианозово,Without renovation
29.7,0.0,5.0,5,9.0,1.0,0,1,1,3.4242626545931514,Беговая,European-style renovation
95.9,3.0,8.0,14,7.0,0.5714285714285714,0,0,0,4.5736795188967205,Пушкинская,Cosmetic
44.7,1.0,18.0,18,18.0,1.0,0,1,0,3.822098297900159,Павелецкая,Designer
43.2,1.0,2.0,12,18.0,0.1666666666666666,0,0,0,3.788724789083653,Рассказовка,European-style renovation
78.6,3.0,11.0,14,6.0,0.7857142857142857,0,0,0,4.377014092850337,Борисово,European-style renovation
112.0,4.0,14.0,14,10.0,1.0,0,1,0,4.727387818712341,Выхино,Cosmetic
106.9,4.0,22.0,25,6.0,0.88,0,0,0,4.681204872264089,Красный Балтиец,Without renovation
13.7,0.0,1.0,5,14.0,0.2,1,0,1,2.6878474937846906,Преображенская площадь,Cosmetic
39.0,1.0,18.0,33,6.0,0.5454545454545454,0,0,0,3.688879454113936,Шоссе Энтузиастов,European-style renovation
42.9,2.0,3.0,5,18.0,0.6,0,0,0,3.7819143200811256,Внуково,Without renovation
117.0,3.0,10.0,29,21.0,0.3448275862068966,0,0,0,4.770684624465665,Автозаводская,Without renovation
67.1,3.0,12.0,12,17.0,1.0,0,1,0,4.220977213155467,Бабушкинская,European-style renovation
99.6,4.0,5.0,9,7.0,0.5555555555555556,0,0,0,4.611152257665639,Достоевская,Cosmetic
46.2,1.0,4.0,24,34.0,0.1666666666666666,0,0,0,3.8543938925915096,Пятницкое шоссе,Cosmetic
109.0,3.0,35.0,58,13.0,0.603448275862069,0,0,0,4.700480365792417,Ростокино,Designer
14.5,0.0,1.0,5,13.0,0.2,1,0,1,2.740840023925201,Академическая,Cosmetic
40.5,2.0,7.0,15,17.0,0.4666666666666667,0,0,0,3.725693427236653,Ольховая,Cosmetic
69.1,2.0,7.0,10,13.0,0.7,0,0,0,4.249922794040544,Пятницкое шоссе,European-style renovation
332.0,4.0,6.0,6,13.0,1.0,0,1,0,5.808142489980444,Балтийская,Designer
74.0,3.0,2.0,17,5.0,0.1176470588235294,0,0,0,4.31748811353631,Шипиловская,European-style renovation
46.0,2.0,2.0,5,2.0,0.4,0,0,0,3.8501476017100575,Зюзино,Without renovation
41.8,1.0,13.0,25,20.0,0.52,0,0,0,3.756538102587751,Пыхтино,Cosmetic
80.0,3.0,4.0,17,14.0,0.2352941176470588,0,0,0,4.394449154672439,Щелковская,European-style renovation
31.9,1.0,31.0,48,15.0,0.6458333333333334,0,0,0,3.493472657771326,Очаково,Cosmetic
15.5,0.0,1.0,2,10.0,0.5,1,0,1,2.803360380906535,Технопарк,Cosmetic
47.2,1.0,18.0,25,8.0,0.72,0,0,0,3.8753590210565543,Говорово,Designer
120.0,5.0,2.0,4,5.0,0.5,0,0,0,4.795790545596741,Третьяковская,European-style renovation
64.0,3.0,2.0,7,13.0,0.2857142857142857,0,0,0,4.174387269895637,Сетунь,Designer
55.3,2.0,16.0,47,24.0,0.3404255319148936,0,0,0,4.030694535145645,Народное Ополчение,Without renovation
72.0,3.0,25.0,42,6.0,0.5952380952380952,0,0,0,4.290459441148391,Фили,Without renovation
61.6,3.0,12.0,12,19.0,1.0,0,1,0,4.136765278106052,Бибирево,European-style renovation
118.0,3.0,4.0,20,17.0,0.2,0,0,0,4.77912349311153,Строгино,Designer
36.1,1.0,8.0,9,16.0,0.8888888888888888,0,0,0,3.6136169696133895,Братиславская,Cosmetic
57.0,2.0,8.0,19,20.0,0.4210526315789473,0,0,0,4.060443010546419,Новодачная,European-style renovation
84.0,2.0,5.0,22,17.0,0.2272727272727272,0,0,0,4.442651256490317,Тропарево,Without renovation
189.0,6.0,3.0,5,6.0,0.6,0,0,0,5.247024072160486,Пушкинская,Without renovation
85.4,3.0,9.0,25,10.0,0.36,0,0,0,4.45898767581001,Саларьево,European-style renovation
49.0,1.0,6.0,16,27.0,0.375,0,0,0,3.912023005428146,Коммунарка,European-style renovation
39.0,1.0,2.0,18,11.0,0.1111111111111111,0,0,0,3.688879454113936,Солнцево,European-style renovation
94.0,3.0,13.0,55,12.0,0.2363636363636363,0,0,0,4.553876891600541,ЗИЛ,Without renovation
110.0,4.0,16.0,17,8.0,0.9411764705882352,0,0,0,4.709530201312334,Технопарк,Without renovation
58.1,2.0,7.0,16,12.0,0.4375,0,0,0,4.079230924412053,Кузьминки,European-style renovation
128.0,0.0,52.0,58,13.0,0.896551724137931,0,0,1,4.859812404361672,Ростокино,Without renovation
78.0,3.0,10.0,16,15.0,0.625,0,0,0,4.3694478524670215,Битцевский Парк,European-style renovation
130.0,4.0,4.0,16,13.0,0.25,0,0,0,4.875197323201151,Зорге,Without renovation
45.5,2.0,5.0,14,17.0,0.3571428571428571,0,0,0,3.8394523125933104,Коптево,Cosmetic
83.0,3.0,36.0,58,9.0,0.6206896551724138,0,0,0,4.430816798843313,Народное Ополчение,Without renovation
66.1,3.0,5.0,20,13.0,0.25,0,0,0,4.206184043977636,Мичуринский проспект,Without renovation
14.0,0.0,1.0,14,6.0,0.0714285714285714,1,0,1,2.70805020110221,Жулебино,Without renovation
170.1,4.0,6.0,12,24.0,0.5,0,0,0,5.142248180898148,Ломоносовский проспект,Without renovation
35.0,1.0,19.0,20,10.0,0.95,0,0,0,3.58351893845611,Бибирево,European-style renovation
42.0,1.0,13.0,21,11.0,0.6190476190476191,0,0,0,3.7612001156935615,Алексеевская,Designer
101.7,4.0,4.0,16,18.0,0.25,0,0,0,4.631812116934513,ЗИЛ,Without renovation
95.0,0.0,2.0,7,5.0,0.2857142857142857,0,0,1,4.564348191467836,Арбатская,Designer
36.0,1.0,16.0,17,22.0,0.9411764705882352,0,0,0,3.610917912644224,Братиславская,Cosmetic
23.5,0.0,13.0,30,7.0,0.4333333333333333,0,0,1,3.198673117550681,Угрешская,European-style renovation
50.0,2.0,6.0,17,4.0,0.3529411764705882,0,0,0,3.9318256327243257,Рязанский проспект,European-style renovation
55.0,1.0,7.0,9,14.0,0.7777777777777778,0,0,0,4.02535169073515,Белорусская,Without renovation
60.8,2.0,1.0,5,10.0,0.2,1,0,0,4.123903364463645,Киевская,Cosmetic
103.0,3.0,12.0,32,10.0,0.375,0,0,0,4.6443908991413725,Новаторская,European-style renovation
175.0,4.0,1.0,5,7.0,0.2,1,0,0,5.170483995038151,Улица 1905 года,European-style renovation
41.7,2.0,4.0,5,6.0,0.8,0,0,0,3.754198920234579,Кузьминки,European-style renovation
41.0,1.0,20.0,22,42.0,0.9090909090909092,0,0,0,3.737669618283368,Филатов Луг,Cosmetic
60.0,2.0,4.0,28,13.0,0.1428571428571428,0,0,0,4.110873864173311,Бутырская,European-style renovation
56.6,2.0,28.0,41,5.0,0.6829268292682927,0,0,0,4.053522567701846,Лужники,European-style renovation
63.4,3.0,8.0,36,12.0,0.2222222222222222,0,0,0,4.165113633110308,Водный стадион,European-style renovation
20.8,0.0,1.0,5,9.0,0.2,1,0,1,3.0819099697950434,Гражданская,Cosmetic
116.69,3.0,3.0,10,5.0,0.3,0,0,0,4.768054048889571,Парк Победы,Designer
60.0,3.0,4.0,17,5.0,0.2352941176470588,0,0,0,4.110873864173311,Рязанский проспект,Designer
51.0,2.0,1.0,9,21.0,0.1111111111111111,1,0,0,3.951243718581428,ВДНХ,Without renovation
25.0,0.0,1.0,5,5.0,0.2,1,0,1,3.258096538021482,Нахимовский проспект,European-style renovation
23.0,0.0,2.0,2,13.0,1.0,0,1,1,3.1780538303479458,Савеловская,Designer
54.4,3.0,4.0,5,4.0,0.8,0,0,0,4.014579593753238,Профсоюзная,European-style renovation
13.0,0.0,1.0,5,10.0,0.2,1,0,1,2.6390573296152584,Октябрьское поле,Designer
57.0,2.0,16.0,19,7.0,0.8421052631578947,0,0,0,4.060443010546419,Молодежная,Designer
142.0,5.0,12.0,22,3.0,0.5454545454545454,0,0,0,4.962844630259907,Спартак,Without renovation
13.5,0.0,1.0,3,7.0,0.3333333333333333,1,0,1,2.6741486494265287,Сретенский бульвар,Cosmetic
85.9,3.0,7.0,8,15.0,0.875,0,0,0,4.464758032271346,ВДНХ,Cosmetic
41.5,1.0,9.0,25,19.0,0.36,0,0,0,3.7495040759303713,Алтуфьево,Cosmetic
16.0,0.0,1.0,9,6.0,0.1111111111111111,1,0,1,2.833213344056216,Шипиловская,Cosmetic
14.7,0.0,2.0,4,12.0,0.5,0,0,1,2.7536607123542622,Нижегородская,European-style renovation
216.0,5.0,3.0,17,6.0,0.1764705882352941,0,0,0,5.37989735354046,Проспект Мира,European-style renovation
186.0,4.0,35.0,42,17.0,0.8333333333333334,0,0,0,5.231108616854587,Ломоносовский проспект,Without renovation
75.0,3.0,8.0,23,22.0,0.3478260869565217,0,0,0,4.330733340286331,Текстильщики,European-style renovation
191.0,4.0,10.0,23,12.0,0.4347826086956521,0,0,0,5.2574953720277815,Крылатское,European-style renovation
47.0,1.0,4.0,20,12.0,0.2,0,0,0,3.871201010907891,ЗИЛ,European-style renovation
14.0,0.0,1.0,5,14.0,0.2,1,0,1,2.70805020110221,Преображенская площадь,European-style renovation
54.0,2.0,5.0,15,12.0,0.3333333333333333,0,0,0,4.007333185232471,Коммунарка,Without renovation
67.0,2.0,6.0,11,5.0,0.5454545454545454,0,0,0,4.219507705176107,Панфиловская,European-style renovation
54.7,1.0,6.0,28,13.0,0.2142857142857142,0,0,0,4.019980146933238,Раменки,Without renovation
26.6,0.0,4.0,4,9.0,1.0,0,1,1,3.317815772723105,Измайлово,Designer
212.0,4.0,4.0,11,8.0,0.3636363636363636,0,0,0,5.3612921657094255,Тверская,European-style renovation
39.5,1.0,5.0,20,36.0,0.25,0,0,0,3.701301974112493,Царицыно,Without renovation
28.4,0.0,3.0,8,8.0,0.375,0,0,1,3.380994674344636,Калитники,Without renovation
52.0,2.0,8.0,14,13.0,0.5714285714285714,0,0,0,3.970291913552122,Марьина Роща (Шереметьевская),European-style renovation
34.6,1.0,1.0,5,8.0,0.2,1,0,0,3.572345637857985,Профсоюзная,Designer
73.1,3.0,24.0,29,8.0,0.8275862068965517,0,0,0,4.3054155323020415,Бульвар Рокоссовского,Without renovation
62.6,2.0,16.0,42,21.0,0.3809523809523809,0,0,0,4.152613470346076,Крымская,European-style renovation
63.8,1.0,10.0,11,8.0,0.9090909090909092,0,0,0,4.1713056033582285,Щукинская,European-style renovation
87.0,3.0,12.0,36,15.0,0.3333333333333333,0,0,0,4.477336814478207,Шелепиха,Designer
38.0,1.0,9.0,16,22.0,0.5625,0,0,0,3.6635616461296463,Бибирево,Cosmetic
13.2,0.0,1.0,9,9.0,0.1111111111111111,1,0,1,2.653241964607215,Медведково,Cosmetic
180.0,4.0,15.0,39,3.0,0.3846153846153846,0,0,0,5.198497031265826,Сокольники,European-style renovation
57.0,2.0,44.0,59,2.0,0.7457627118644068,0,0,0,4.060443010546419,Дмитровская,European-style renovation
102.1,2.0,2.0,18,12.0,0.1111111111111111,0,0,0,4.635699391022914,Пролетарская,Designer
56.0,3.0,1.0,10,18.0,0.1,1,0,0,4.04305126783455,Профсоюзная,Cosmetic
120.0,4.0,4.0,7,6.0,0.5714285714285714,0,0,0,4.795790545596741,Тверская,Designer
11.5,0.0,1.0,9,13.0,0.1111111111111111,1,0,1,2.525728644308256,Планерная,Cosmetic
141.0,4.0,2.0,23,12.0,0.0869565217391304,0,0,0,4.955827057601261,Севастопольская,Designer
29.9,0.0,1.0,7,5.0,0.1428571428571428,1,0,1,3.4307561839036995,Китай-город,Designer
15.5,0.0,1.0,9,15.0,0.1111111111111111,1,0,1,2.803360380906535,Орехово,European-style renovation
13.8,0.0,3.0,4,12.0,0.75,0,0,1,2.694627180770069,Нижегородская,European-style renovation
51.0,2.0,2.0,17,15.0,0.1176470588235294,0,0,0,3.951243718581428,Физтех,Without renovation
82.0,3.0,8.0,24,27.0,0.3333333333333333,0,0,0,4.418840607796598,Рассказовка,Without renovation
38.1,1.0,30.0,41,5.0,0.7317073170731707,0,0,0,3.66612246699132,Серпуховская,European-style renovation
270.0,4.0,13.0,26,8.0,0.5,0,0,0,5.602118820879701,Кунцевская,Without renovation
24.3,6.0,21.0,32,16.0,0.65625,0,0,0,3.2308043957334744,Медведково,Cosmetic
24.1,0.0,1.0,14,11.0,0.0714285714285714,1,0,1,3.2228678461377385,Солнцево,European-style renovation
56.1,3.0,9.0,9,19.0,1.0,0,1,0,4.044804116661965,Балтийская,Without renovation
81.1,2.0,11.0,15,7.0,0.7333333333333333,0,0,0,4.407938016458383,Крылатское,European-style renovation
45.0,2.0,11.0,14,21.0,0.7857142857142857,0,0,0,3.828641396489095,Трикотажная,Cosmetic
45.2,1.0,8.0,17,11.0,0.4705882352941176,0,0,0,3.832979798087693,Филёвский парк,European-style renovation
126.1,3.0,4.0,22,10.0,0.1818181818181818,0,0,0,4.844974178195408,Улица 1905 года,Designer
18.4,6.0,2.0,24,9.0,0.0833333333333333,0,0,0,2.9652730660692823,Кожуховская,Cosmetic
24.0,0.0,6.0,17,4.0,0.3529411764705882,0,0,1,3.218875824868201,Силикатная,European-style renovation
102.0,3.0,7.0,25,11.0,0.28,0,0,0,4.634728988229636,Динамо,Designer
57.5,3.0,2.0,9,15.0,0.2222222222222222,0,0,0,4.069026754237811,Варшавская,Cosmetic
67.5,2.0,46.0,68,5.0,0.6764705882352942,0,0,0,4.22683374526818,Международная,Designer
109.9,3.0,4.0,15,21.0,0.2666666666666666,0,0,0,4.7086288943563215,ЗИЛ,Without renovation
167.4,5.0,14.0,14,13.0,1.0,0,1,0,5.126342101808226,Петровский парк,Designer
55.9,2.0,17.0,17,18.0,1.0,0,1,0,4.041295341132285,Селигерская,European-style renovation
203.0,4.0,17.0,35,14.0,0.4857142857142857,0,0,0,5.318119993844216,Щукинская,European-style renovation
55.1,2.0,2.0,19,12.0,0.1052631578947368,0,0,0,4.027135812528651,Пионерская,Cosmetic
98.6,3.0,7.0,25,10.0,0.28,0,0,0,4.601162164590552,Аминьевская,Without renovation
232.0,4.0,2.0,2,7.0,1.0,0,1,0,5.4510384535657,Новослободская,Without renovation
68.0,2.0,7.0,19,10.0,0.3684210526315789,0,0,0,4.23410650459726,ЦСКА,Cosmetic
68.8,3.0,19.0,22,16.0,0.8636363636363636,0,0,0,4.245634009768327,Депо,Cosmetic
43.0,2.0,8.0,9,12.0,0.8888888888888888,0,0,0,3.784189633918261,Марьина Роща (Шереметьевская),Cosmetic
49.7,2.0,11.0,16,14.0,0.6875,0,0,0,3.9259259105971376,Выхино,Without renovation
154.4,4.0,9.0,10,12.0,0.9,0,0,0,5.046002437933547,Проспект Мира,Cosmetic
93.1,4.0,30.0,34,8.0,0.8823529411764706,0,0,0,4.544358046591334,Воронцовская,Without renovation
40.0,1.0,16.0,24,18.0,0.6666666666666666,0,0,0,3.713572066704308,Бульвар Рокоссовского,Without renovation
74.0,2.0,2.0,15,8.0,0.1333333333333333,0,0,0,4.31748811353631,Динамо,Designer
32.7,1.0,18.0,18,21.0,1.0,0,1,0,3.517497837358316,Ботанический сад,Without renovation
64.2,3.0,10.0,14,10.0,0.7142857142857143,0,0,0,4.177459468932607,Речной вокзал,European-style renovation
58.8,2.0,11.0,18,32.0,0.6111111111111112,0,0,0,4.091005660956586,Покровское,Without renovation
76.0,3.0,29.0,42,6.0,0.6904761904761905,0,0,0,4.343805421853684,Фили,Without renovation
50.8,2.0,9.0,17,26.0,0.5294117647058824,0,0,0,3.947390149265437,Новодачная,Cosmetic
59.7,3.0,6.0,9,9.0,0.6666666666666666,0,0,0,4.1059436980654525,Селигерская,Cosmetic
48.1,2.0,4.0,25,13.0,0.16,0,0,0,3.893859034800475,Аминьевская,Without renovation
138.5,4.0,5.0,15,11.0,0.3333333333333333,0,0,0,4.93806460126142,Спортивная,Designer
21.9,0.0,8.0,9,3.0,0.8888888888888888,0,0,1,3.131136910560194,Рассказовка,Cosmetic
43.4,2.0,11.0,22,16.0,0.5,0,0,0,3.7932394694381792,Стрешнево,Designer
34.3,1.0,1.0,12,10.0,0.0833333333333333,1,0,0,3.563882963939251,Дмитровская,European-style renovation
32.0,0.0,1.0,3,13.0,0.3333333333333333,1,0,1,3.49650756146648,Сокольники,Without renovation
32.1,0.0,13.0,15,11.0,0.8666666666666667,0,0,1,3.4995332823830174,ЦСКА,Designer
40.05,6.0,1.0,4,2.0,0.25,1,0,0,3.714790835898437,Площадь Революции,Designer
61.7,2.0,5.0,21,12.0,0.238095238095238,0,0,0,4.138361447638875,Тушинская,European-style renovation
50.8,1.0,13.0,18,8.0,0.7222222222222222,0,0,0,3.947390149265437,Преображенская площадь,Designer
109.0,4.0,1.0,17,9.0,0.0588235294117647,1,0,0,4.700480365792417,Братиславская,European-style renovation
29.5,0.0,10.0,19,14.0,0.5263157894736842,0,0,1,3.417726683613366,Прокшино,Without renovation
201.6,5.0,1.0,7,8.0,0.1428571428571428,1,0,0,5.311233591814583,Спортивная,Designer
78.0,3.0,29.0,50,12.0,0.58,0,0,0,4.3694478524670215,Мичуринский проспект,Designer
11.7,0.0,1.0,9,15.0,0.1111111111111111,1,0,1,2.5416019934645457,Планерная,Without renovation
62.0,2.0,13.0,18,32.0,0.7222222222222222,0,0,0,4.143134726391533,Покровское,Without renovation
69.0,3.0,7.0,14,28.0,0.5,0,0,0,4.248495242049359,Минская,Without renovation
30.0,0.0,10.0,30,20.0,0.3333333333333333,0,0,1,3.4339872044851463,Давыдково,Designer
108.0,4.0,4.0,5,6.0,0.8,0,0,0,4.691347882229144,Тверская,Cosmetic
65.8,2.0,1.0,5,7.0,0.2,1,0,0,4.2017030805426,Пролетарская,European-style renovation
57.2,2.0,8.0,22,15.0,0.3636363636363636,0,0,0,4.063885354737392,Новаторская,European-style renovation
37.0,1.0,2.0,16,6.0,0.125,0,0,0,3.6375861597263857,Марьина Роща,European-style renovation
53.0,2.0,10.0,24,11.0,0.4166666666666667,0,0,0,3.9889840465642745,Смоленская,Designer
41.0,1.0,18.0,24,17.0,0.75,0,0,0,3.737669618283368,Калитники,Cosmetic
40.2,1.0,2.0,29,20.0,0.0689655172413793,0,0,0,3.7184382563554808,Автозаводская,European-style renovation
75.0,3.0,3.0,23,6.0,0.1304347826086956,0,0,0,4.330733340286331,Стахановская,Without renovation
66.0,3.0,6.0,9,10.0,0.6666666666666666,0,0,0,4.204692619390966,Савеловская,Without renovation
12.5,0.0,1.0,4,9.0,0.25,1,0,1,2.602689685444384,Улица 1905 года,Designer
130.5,4.0,20.0,21,9.0,0.9523809523809524,0,0,0,4.879006851617819,Стрешнево,Designer
54.1,2.0,13.0,16,22.0,0.8125,0,0,0,4.009149716158869,Отрадное,Cosmetic
53.0,2.0,9.0,17,27.0,0.5294117647058824,0,0,0,3.9889840465642745,Лухмановская,Cosmetic
41.39,1.0,32.0,44,7.0,0.7272727272727273,0,0,0,3.746912485364546,Марьина Роща,European-style renovation
35.1,1.0,8.0,8,6.0,1.0,0,1,0,3.586292865338835,Нагорная,Without renovation
22.7,1.0,1.0,6,28.0,0.1666666666666666,1,0,0,3.1654750481410856,Балтийская,Without renovation
42.4,1.0,9.0,16,9.0,0.5625,0,0,0,3.770459441106359,Физтех,Cosmetic
34.3,1.0,1.0,14,6.0,0.0714285714285714,1,0,0,3.563882963939251,Варшавская,Cosmetic
43.75,6.0,58.0,85,6.0,0.6823529411764706,0,0,0,3.801091444720865,Выставочная,European-style renovation
61.0,2.0,17.0,17,27.0,1.0,0,1,0,4.127134385045092,Щербинка,Cosmetic
236.0,5.0,2.0,8,7.0,0.25,0,0,0,5.468060141135132,Парк культуры,Designer
146.6,3.0,2.0,7,8.0,0.2857142857142857,0,0,0,4.994505912166372,Новокузнецкая,Cosmetic
55.8,0.0,5.0,7,9.0,0.7142857142857143,0,0,1,4.039536325727106,Алексеевская,Without renovation
81.1,3.0,5.0,14,27.0,0.3571428571428571,0,0,0,4.407938016458383,Сетунь,Cosmetic
82.6,3.0,3.0,14,18.0,0.2142857142857142,0,0,0,4.426043520090656,Новогиреево,Cosmetic
150.0,5.0,20.0,22,10.0,0.9090909090909092,0,0,0,5.017279836814924,Академическая,Cosmetic
12.5,0.0,1.0,9,10.0,0.1111111111111111,1,0,1,2.602689685444384,Пражская,Without renovation
42.5,2.0,9.0,9,28.0,1.0,0,1,0,3.7727609380946383,Бабушкинская,Cosmetic
72.7,3.0,4.0,5,14.0,0.8,0,0,0,4.300002799195291,Алексеевская,Cosmetic
28.6,0.0,2.0,4,9.0,0.5,0,0,1,3.387774361330014,Преображенская площадь,European-style renovation
32.0,1.0,10.0,18,20.0,0.5555555555555556,0,0,0,3.49650756146648,Ботанический сад,Cosmetic
35.4,1.0,4.0,20,17.0,0.2,0,0,0,3.594568774642695,Домодедовская,Cosmetic
108.0,4.0,29.0,42,5.0,0.6904761904761905,0,0,0,4.691347882229144,Аминьевская,Without renovation
189.0,6.0,3.0,5,7.0,0.6,0,0,0,5.247024072160486,Чеховская,Designer
129.0,5.0,5.0,8,4.0,0.625,0,0,0,4.867534450455582,Маяковская,Designer
19.7,0.0,7.0,21,22.0,0.3333333333333333,0,0,1,3.030133700271324,Текстильщики,European-style renovation
75.0,3.0,1.0,12,14.0,0.0833333333333333,1,0,0,4.330733340286331,Киевская,European-style renovation
185.6,6.0,15.0,20,7.0,0.75,0,0,0,5.228967288413243,Раменки,Designer
117.16,3.0,6.0,7,3.0,0.8571428571428571,0,0,0,4.7720396382231245,Третьяковская,Designer
101.0,4.0,2.0,4,7.0,0.5,0,0,0,4.624972813284271,Цветной бульвар,Without renovation
35.7,1.0,16.0,29,4.0,0.5517241379310345,0,0,0,3.6027767550605247,Тропарево,Without renovation
52.0,2.0,2.0,12,17.0,0.1666666666666666,0,0,0,3.970291913552122,Алтуфьево,European-style renovation
38.7,1.0,9.0,28,15.0,0.3214285714285714,0,0,0,3.681351187693145,Трикотажная,Cosmetic
43.1,2.0,5.0,25,10.0,0.2,0,0,0,3.7864597824528,Саларьево,Cosmetic
58.5,3.0,25.0,42,19.0,0.5952380952380952,0,0,0,4.085976312551584,Серпуховская,Without renovation
29.3,1.0,6.0,14,10.0,0.4285714285714285,0,0,0,3.411147712515324,Сокол,Designer
47.1,1.0,24.0,29,22.0,0.8275862068965517,0,0,0,3.873282177111716,Дубровка,Cosmetic
63.0,2.0,10.0,34,16.0,0.2941176470588235,0,0,0,4.158883083359672,Улица Скобелевская,European-style renovation
129.0,4.0,8.0,9,10.0,0.8888888888888888,0,0,0,4.867534450455582,Гражданская,European-style renovation
45.0,2.0,10.0,12,16.0,0.8333333333333334,0,0,0,3.828641396489095,Кантемировская,Cosmetic
57.8,2.0,4.0,23,12.0,0.1739130434782608,0,0,0,4.074141854904581,Новогиреево,Cosmetic
42.4,1.0,15.0,23,9.0,0.6521739130434783,0,0,0,3.770459441106359,Лесопарковая,European-style renovation
50.8,2.0,9.0,17,5.0,0.5294117647058824,0,0,0,3.947390149265437,Свиблово,Cosmetic
40.0,1.0,14.0,17,22.0,0.8235294117647058,0,0,0,3.713572066704308,Водный стадион,Cosmetic
21.0,0.0,14.0,35,18.0,0.4,0,0,1,3.091042453358316,Владыкино,Cosmetic
125.8,5.0,3.0,16,8.0,0.1875,0,0,0,4.842611042003125,Бульвар Адмирала Ушакова,European-style renovation
101.7,3.0,13.0,16,18.0,0.8125,0,0,0,4.631812116934513,ЗИЛ,Without renovation
15.6,0.0,3.0,4,15.0,0.75,0,0,1,2.8094026953624978,Красный Балтиец,Designer
33.9,1.0,2.0,21,17.0,0.0952380952380952,0,0,0,3.552486829208381,Коммунарка,Cosmetic
24.9,0.0,1.0,3,9.0,0.3333333333333333,1,0,1,3.254242968705492,Красный Балтиец,European-style renovation
74.0,3.0,3.0,17,15.0,0.1764705882352941,0,0,0,4.31748811353631,Кантемировская,European-style renovation
90.0,4.0,5.0,37,13.0,0.1351351351351351,0,0,0,4.51085950651685,Шелепиха,Designer
53.0,2.0,5.0,16,10.0,0.3125,0,0,0,3.9889840465642745,Мичуринский проспект,European-style renovation
92.0,4.0,9.0,25,23.0,0.36,0,0,0,4.532599493153256,Давыдково,Without renovation
35.7,1.0,7.0,14,16.0,0.5,0,0,0,3.6027767550605247,Щелковская,Cosmetic
50.0,2.0,13.0,14,13.0,0.9285714285714286,0,0,0,3.9318256327243257,Новогиреево,Cosmetic
30.1,0.0,2.0,4,7.0,0.5,0,0,1,3.4372078191851885,Смоленская,Designer
94.0,4.0,20.0,33,8.0,0.6060606060606061,0,0,0,4.553876891600541,Угрешская,Without renovation
24.6,0.0,16.0,30,8.0,0.5333333333333333,0,0,1,3.242592351485517,Угрешская,European-style renovation
138.4,5.0,4.0,15,17.0,0.2666666666666666,0,0,0,4.937347498326424,Верхние Котлы,Designer
65.0,3.0,6.0,12,29.0,0.5,0,0,0,4.189654742026425,Минская,Cosmetic
100.4,3.0,7.0,15,11.0,0.4666666666666667,0,0,0,4.619073091157083,Раменки,Without renovation
39.7,1.0,12.0,24,30.0,0.5,0,0,0,3.7062280924485496,Ховрино,European-style renovation
70.0,3.0,6.0,23,8.0,0.2608695652173913,0,0,0,4.262679877041316,Солнцево,European-style renovation
59.0,2.0,8.0,16,28.0,0.5,0,0,0,4.0943445622221,Тульская,Designer
19.7,0.0,17.0,22,10.0,0.7727272727272727,0,0,1,3.030133700271324,Филатов Луг,Cosmetic
54.0,2.0,3.0,18,20.0,0.1666666666666666,0,0,0,4.007333185232471,Нагатинский Затон,Designer
12.6,0.0,1.0,4,9.0,0.25,1,0,1,2.6100697927420065,Улица 1905 года,Cosmetic
90.6,3.0,2.0,28,18.0,0.0714285714285714,0,0,0,4.517431271680085,Фили,European-style renovation
24.0,0.0,3.0,39,17.0,0.0769230769230769,0,0,1,3.218875824868201,Локомотив,Designer
60.0,3.0,2.0,9,9.0,0.2222222222222222,0,0,0,4.110873864173311,Раменки,Designer
126.5,5.0,13.0,28,6.0,0.4642857142857143,0,0,0,4.848116364598481,Раменки,Without renovation
75.7,3.0,9.0,14,18.0,0.6428571428571429,0,0,0,4.33990170837321,Молодежная,European-style renovation
19.8,0.0,2.0,9,56.0,0.2222222222222222,0,0,1,3.0349529867072724,Коммунарка,Without renovation
296.8,4.0,3.0,8,14.0,0.375,0,0,0,5.696422120249909,Китай-город,Designer
64.4,2.0,3.0,5,11.0,0.6,0,0,0,4.180522258463153,Красносельская,European-style renovation
19.2,0.0,1.0,5,7.0,0.2,1,0,1,3.005682604407159,Волгоградский проспект,European-style renovation
54.0,1.0,6.0,12,15.0,0.5,0,0,0,4.007333185232471,Говорово,Cosmetic
74.9,3.0,12.0,16,7.0,0.75,0,0,0,4.329416684401584,Мичуринский проспект,European-style renovation
38.4,1.0,2.0,15,10.0,0.1333333333333333,0,0,0,3.673765816303888,Бутово,Cosmetic
44.4,1.0,9.0,14,13.0,0.6428571428571429,0,0,0,3.8155121050473024,Филатов Луг,Cosmetic
38.8,1.0,13.0,22,15.0,0.5909090909090909,0,0,0,3.683866912290392,Братиславская,European-style renovation
45.0,1.0,9.0,10,18.0,0.9,0,0,0,3.828641396489095,Немчиновка,European-style renovation
64.7,4.0,9.0,9,12.0,1.0,0,1,0,4.185098925490565,Бескудниково,Cosmetic
38.9,0.0,4.0,15,4.0,0.2666666666666666,0,0,1,3.686376323895818,Алексеевская,Designer
66.2,3.0,10.0,10,3.0,1.0,0,1,0,4.207673247529104,Ленинский проспект,Cosmetic
298.0,6.0,6.0,10,8.0,0.6,0,0,0,5.700443573390687,Новослободская,Designer
20.0,0.0,2.0,5,4.0,0.4,0,0,1,3.044522437723423,Сухаревская,Designer
70.0,1.0,37.0,44,12.0,0.8409090909090909,0,0,0,4.262679877041316,Улица 1905 года,Designer
43.1,1.0,2.0,20,4.0,0.1,0,0,0,3.7864597824528,Коптево,Without renovation
64.0,3.0,4.0,9,21.0,0.4444444444444444,0,0,0,4.174387269895637,Рассказовка,European-style renovation
44.6,1.0,8.0,17,20.0,0.4705882352941176,0,0,0,3.819907716520341,Бабушкинская,Cosmetic
259.3,6.0,7.0,7,8.0,1.0,0,1,0,5.561834812000519,Баррикадная,Designer
45.1,2.0,1.0,5,7.0,0.2,1,0,0,3.8308129500026022,Менделеевская,Cosmetic
79.0,3.0,9.0,14,10.0,0.6428571428571429,0,0,0,4.382026634673881,Новокосино,Without renovation
305.0,6.0,2.0,5,8.0,0.4,0,0,0,5.723585101952381,Спортивная,Designer
20.6,1.0,4.0,22,15.0,0.1818181818181818,0,0,0,3.0726933146901194,Юго-Западная,European-style renovation
41.2,1.0,9.0,9,17.0,1.0,0,1,0,3.742420221041966,Аэропорт Внуково,Cosmetic
210.0,5.0,3.0,9,8.0,0.3333333333333333,0,0,0,5.351858133476067,Арбатская,Designer
81.2,3.0,7.0,12,12.0,0.5833333333333334,0,0,0,4.409155302062135,Панфиловская,Without renovation
28.2,0.0,8.0,8,12.0,1.0,0,1,1,3.374168709274236,Электрозаводская,Designer
49.7,1.0,3.0,8,7.0,0.375,0,0,0,3.9259259105971376,Авиамоторная,Cosmetic
39.5,1.0,12.0,22,15.0,0.5454545454545454,0,0,0,3.701301974112493,Братиславская,Cosmetic
62.0,2.0,20.0,23,9.0,0.8695652173913043,0,0,0,4.143134726391533,Лесопарковая,Designer
111.0,4.0,9.0,19,11.0,0.4736842105263157,0,0,0,4.718498871295094,Алексеевская,Without renovation
115.1,5.0,15.0,17,10.0,0.8823529411764706,0,0,0,4.754451888703846,Ботанический сад,European-style renovation
35.3,0.0,6.0,7,17.0,0.8571428571428571,0,0,1,3.591817741270805,Электрозаводская,Without renovation
40.0,2.0,2.0,39,18.0,0.0512820512820512,0,0,0,3.713572066704308,Локомотив,European-style renovation
30.0,0.0,10.0,30,22.0,0.3333333333333333,0,0,1,3.4339872044851463,Давыдково,Designer
120.0,5.0,1.0,12,8.0,0.0833333333333333,1,0,0,4.795790545596741,Улица Скобелевская,Cosmetic
77.0,2.0,14.0,16,9.0,0.875,0,0,0,4.356708826689592,Университет,European-style renovation
27.0,0.0,1.0,9,12.0,0.1111111111111111,1,0,1,3.332204510175204,Коломенская,European-style renovation
21.6,0.0,4.0,8,8.0,0.5,0,0,1,3.1179499062782403,Калитники,Without renovation
107.0,0.0,1.0,5,5.0,0.2,1,0,1,4.68213122712422,Аэропорт Внуково,Without renovation
45.6,2.0,2.0,5,19.0,0.4,0,0,0,3.8416005411316,Аминьевская,Cosmetic
107.2,3.0,10.0,15,21.0,0.6666666666666666,0,0,0,4.6839813664123815,ЗИЛ,Without renovation
172.9,4.0,11.0,16,14.0,0.6875,0,0,0,5.158480421360237,Лужники,Cosmetic
74.0,3.0,22.0,22,26.0,1.0,0,1,0,4.31748811353631,Саларьево,Designer
160.0,3.0,7.0,13,17.0,0.5384615384615384,0,0,0,5.081404364984463,Профсоюзная,Designer
43.4,1.0,2.0,9,23.0,0.2222222222222222,0,0,0,3.7932394694381792,Рассказовка,European-style renovation
70.5,3.0,1.0,9,7.0,0.1111111111111111,1,0,0,4.269697449699962,Университет,Cosmetic
132.7,4.0,24.0,34,8.0,0.7058823529411765,0,0,0,4.895598484107897,Гражданская,Designer
19.2,0.0,4.0,6,5.0,0.6666666666666666,0,0,1,3.005682604407159,Андроновка,European-style renovation
40.1,2.0,10.0,17,15.0,0.5882352941176471,0,0,0,3.716008121502189,Прокшино,Without renovation
38.7,2.0,12.0,23,13.0,0.5217391304347826,0,0,0,3.681351187693145,Селигерская,Cosmetic
76.0,2.0,2.0,14,17.0,0.1428571428571428,0,0,0,4.343805421853684,Университет,Cosmetic
103.8,3.0,6.0,6,9.0,1.0,0,1,0,4.6520537718869415,Белорусская,Without renovation
41.0,1.0,9.0,33,12.0,0.2727272727272727,0,0,0,3.737669618283368,Улица Скобелевская,Cosmetic
70.0,2.0,15.0,34,11.0,0.4411764705882353,0,0,0,4.262679877041316,Гражданская,Designer
37.3,1.0,9.0,22,16.0,0.4090909090909091,0,0,0,3.6454498961866,Кантемировская,European-style renovation
138.4,5.0,6.0,15,17.0,0.4,0,0,0,4.937347498326424,Верхние Котлы,Designer
38.5,1.0,3.0,14,13.0,0.2142857142857142,0,0,0,3.676300671907076,Улица Старокачаловская,Cosmetic
61.5,2.0,5.0,8,4.0,0.625,0,0,0,4.135166556742356,Чкаловская,Cosmetic
26.5,0.0,12.0,45,13.0,0.2666666666666666,0,0,1,3.3141860046725258,Селигерская,Designer
78.4,3.0,1.0,14,19.0,0.0714285714285714,1,0,0,4.37449836825309,Бульвар Рокоссовского,Without renovation
45.0,3.0,5.0,6,5.0,0.8333333333333334,0,0,0,3.828641396489095,Кожуховская,European-style renovation
74.0,3.0,3.0,5,15.0,0.6,0,0,0,4.31748811353631,Бульвар Рокоссовского,European-style renovation
33.7,1.0,6.0,7,28.0,0.8571428571428571,0,0,0,3.5467396869528134,Балтийская,European-style renovation
222.0,6.0,1.0,3,14.0,0.3333333333333333,1,0,0,5.407171771460119,ЗИЛ,Without renovation
40.0,1.0,12.0,16,6.0,0.75,0,0,0,3.713572066704308,Таганская,Cosmetic
45.0,1.0,5.0,15,12.0,0.3333333333333333,0,0,0,3.828641396489095,Бауманская,Cosmetic
21.5,0.0,4.0,4,10.0,1.0,0,1,1,3.1135153092103742,Преображенская площадь,European-style renovation
19.4,0.0,1.0,8,3.0,0.125,1,0,1,3.0155349008501706,Тургеневская,European-style renovation
52.0,2.0,13.0,13,10.0,1.0,0,1,0,3.970291913552122,Селигерская,European-style renovation
164.3,4.0,9.0,14,13.0,0.6428571428571429,0,0,0,5.107762004826979,Петровский парк,Designer
64.0,3.0,15.0,16,10.0,0.9375,0,0,0,4.174387269895637,Багратионовская,Without renovation
89.0,2.0,5.0,25,12.0,0.2,0,0,0,4.499809670330265,Академическая,European-style renovation
145.6,4.0,22.0,48,18.0,0.4583333333333333,0,0,0,4.987707789452551,Новаторская,Designer
64.4,2.0,2.0,25,8.0,0.08,0,0,0,4.180522258463153,Говорово,European-style renovation
100.0,4.0,12.0,14,59.0,0.8571428571428571,0,0,0,4.61512051684126,Минская,Without renovation
65.0,3.0,11.0,12,22.0,0.9166666666666666,0,0,0,4.189654742026425,Беломорская,European-style renovation
143.5,5.0,34.0,34,6.0,1.0,0,1,0,4.973279507552487,Воронцовская,Without renovation
42.4,2.0,1.0,4,9.0,0.25,1,0,0,3.770459441106359,Щербинка,Cosmetic
158.9,5.0,4.0,12,5.0,0.3333333333333333,0,0,0,5.074548619839908,Таганская,Designer
41.8,1.0,17.0,17,18.0,1.0,0,1,0,3.756538102587751,Люблино,Cosmetic
60.0,2.0,3.0,17,26.0,0.1764705882352941,0,0,0,4.110873864173311,Рассказовка,Cosmetic
70.8,3.0,3.0,23,11.0,0.1304347826086956,0,0,0,4.273884476054178,Рязанский проспект,European-style renovation
168.0,4.0,8.0,11,11.0,0.7272727272727273,0,0,0,5.1298987149230735,Курская,Designer
27.0,0.0,2.0,23,12.0,0.0869565217391304,0,0,1,3.332204510175204,Трикотажная,Cosmetic
44.84,2.0,6.0,21,10.0,0.2857142857142857,0,0,0,3.825157072406484,Калитники,Cosmetic
57.0,2.0,7.0,9,15.0,0.7777777777777778,0,0,0,4.060443010546419,Минская,European-style renovation
203.6,6.0,7.0,20,5.0,0.35,0,0,0,5.321056853517526,Октябрьское поле,Designer
38.6,1.0,4.0,12,14.0,0.3333333333333333,0,0,0,3.6788291182604342,Сетунь,Cosmetic
53.0,2.0,1.0,12,8.0,0.0833333333333333,1,0,0,3.9889840465642745,Орехово,Cosmetic
56.0,2.0,2.0,20,11.0,0.1,0,0,0,4.04305126783455,Алексеевская,Without renovation
67.0,3.0,17.0,25,25.0,0.68,0,0,0,4.219507705176107,Ольховая,European-style renovation
74.3,3.0,17.0,17,9.0,1.0,0,1,0,4.321480134805848,Борисово,Cosmetic
76.0,3.0,18.0,22,26.0,0.8181818181818182,0,0,0,4.343805421853684,Саларьево,Without renovation
153.6,5.0,9.0,75,14.0,0.12,0,0,0,5.040841136153322,Деловой центр,Designer
102.0,0.0,29.0,36,6.0,0.8055555555555556,0,0,1,4.634728988229636,Фили,Without renovation
105.6,4.0,11.0,53,10.0,0.2075471698113207,0,0,0,4.669083511731744,Народное Ополчение,Without renovation
100.0,3.0,7.0,18,11.0,0.3888888888888889,0,0,0,4.61512051684126,Улица 1905 года,Without renovation
80.0,3.0,2.0,8,4.0,0.25,0,0,0,4.394449154672439,Варшавская,European-style renovation
49.0,1.0,3.0,24,17.0,0.125,0,0,0,3.912023005428146,Калитники,European-style renovation
31.7,1.0,14.0,25,31.0,0.56,0,0,0,3.487375077903208,Пятницкое шоссе,Cosmetic
49.4,1.0,5.0,15,7.0,0.3333333333333333,0,0,0,3.919991175077323,Преображенская площадь,Without renovation
108.6,3.0,6.0,22,10.0,0.2727272727272727,0,0,0,4.696837374513915,Проспект Мира,European-style renovation
30.0,1.0,28.0,53,13.0,0.5283018867924528,0,0,0,3.4339872044851463,Шелепиха,Without renovation
30.2,1.0,9.0,15,12.0,0.6,0,0,0,3.4404180948154366,Коммунарка,European-style renovation
127.6,2.0,2.0,21,6.0,0.0952380952380952,0,0,0,4.856706811803519,Улица 1905 года,Designer
63.3,2.0,12.0,17,12.0,0.7058823529411765,0,0,0,4.163559631243574,Севастопольская,European-style renovation
348.0,6.0,7.0,7,8.0,1.0,0,1,0,5.855071922202427,Смоленская,Without renovation
65.7,3.0,12.0,12,11.0,1.0,0,1,0,4.200204952921578,Бибирево,Cosmetic
45.2,2.0,8.0,12,6.0,0.6666666666666666,0,0,0,3.832979798087693,Шипиловская,Cosmetic
76.9,2.0,24.0,29,14.0,0.8275862068965517,0,0,0,4.355425952876702,Аминьевская,European-style renovation
22.0,0.0,5.0,7,14.0,0.7142857142857143,0,0,1,3.1354942159291497,Красный Балтиец,Without renovation
107.6,4.0,3.0,8,21.0,0.375,0,0,0,4.687671407499835,Бутырская,Without renovation
41.6,1.0,3.0,12,5.0,0.25,0,0,0,3.751854253275325,Бабушкинская,Cosmetic
40.0,1.0,16.0,18,31.0,0.8888888888888888,0,0,0,3.713572066704308,Покровское,Without renovation
32.5,0.0,4.0,42,5.0,0.0952380952380952,0,0,1,3.5115454388310208,Аминьевская,Without renovation
110.0,3.0,4.0,7,14.0,0.5714285714285714,0,0,0,4.709530201312334,Зорге,Designer
41.5,1.0,12.0,19,10.0,0.631578947368421,0,0,0,3.7495040759303713,Динамо,Designer
42.6,1.0,28.0,58,9.0,0.4827586206896552,0,0,0,3.775057150354989,Народное Ополчение,Without renovation
30.3,0.0,5.0,37,11.0,0.1351351351351351,0,0,1,3.4436180975461075,Аминьевская,Designer
249.0,4.0,2.0,6,6.0,0.3333333333333333,0,0,0,5.521460917862246,Парк культуры,Designer
185.0,5.0,5.0,7,10.0,0.7142857142857143,0,0,0,5.225746673713202,Смоленская,Without renovation
52.2,2.0,1.0,12,19.0,0.0833333333333333,1,0,0,3.974058396347599,Владыкино,Cosmetic
81.3,0.0,3.0,6,9.0,0.5,0,0,1,4.410371107683024,Новые Черемушки,Without renovation
30.3,0.0,4.0,4,8.0,1.0,0,1,1,3.4436180975461075,Красносельская,European-style renovation
154.0,6.0,58.0,59,1.0,0.9830508474576272,0,0,0,5.043425116919247,Дмитровская,Designer
186.0,4.0,35.0,42,16.0,0.8333333333333334,0,0,0,5.231108616854587,Ломоносовский проспект,Without renovation
27.0,1.0,2.0,21,21.0,0.0952380952380952,0,0,0,3.332204510175204,Сокольники,Cosmetic
17.5,0.0,1.0,12,10.0,0.0833333333333333,1,0,1,2.917770732084279,Лианозово,Cosmetic
45.5,1.0,10.0,14,6.0,0.7142857142857143,0,0,0,3.8394523125933104,Павелецкая,Without renovation
38.0,1.0,5.0,16,24.0,0.3125,0,0,0,3.6635616461296463,Саларьево,European-style renovation
37.0,1.0,7.0,14,11.0,0.5,0,0,0,3.6375861597263857,ЗИЛ,Designer
161.8,4.0,5.0,21,6.0,0.238095238095238,0,0,0,5.09252245356844,Улица 1905 года,Designer
210.0,4.0,45.0,68,5.0,0.6617647058823529,0,0,0,5.351858133476067,Международная,Designer
72.0,3.0,1.0,17,1.0,0.0588235294117647,1,0,0,4.290459441148391,Улица Скобелевская,Cosmetic
100.2,4.0,5.0,7,6.0,0.7142857142857143,0,0,0,4.617098756853365,Кожуховская,Cosmetic
72.0,3.0,20.0,28,12.0,0.7142857142857143,0,0,0,4.290459441148391,Багратионовская,Without renovation
59.0,2.0,23.0,53,13.0,0.4339622641509434,0,0,0,4.0943445622221,Шелепиха,European-style renovation
74.5,3.0,14.0,17,9.0,0.8235294117647058,0,0,0,4.324132656254979,Улица Академика Янгеля,European-style renovation
300.0,6.0,11.0,18,15.0,0.6111111111111112,0,0,0,5.707110264748875,Лихоборы,Designer
102.0,4.0,20.0,22,23.0,0.9090909090909092,0,0,0,4.634728988229636,Отрадное,European-style renovation
50.3,2.0,20.0,44,16.0,0.4545454545454545,0,0,0,3.937690752176724,Селигерская,Designer
265.6,5.0,7.0,9,10.0,0.7777777777777778,0,0,0,5.585749407744609,Таганская,Without renovation
105.3,3.0,5.0,30,3.0,0.1666666666666666,0,0,0,4.666265285347902,Молодежная,Designer
66.8,2.0,15.0,25,19.0,0.6,0,0,0,4.216562194946349,Некрасовка,Cosmetic
180.0,4.0,5.0,7,13.0,0.7142857142857143,0,0,0,5.198497031265826,Смоленская,Designer
34.7,1.0,12.0,12,8.0,1.0,0,1,0,3.5751506887855933,Рязанский проспект,Designer
53.4,2.0,6.0,17,21.0,0.3529411764705882,0,0,0,3.996364153861897,Беломорская,European-style renovation
24.5,0.0,6.0,7,17.0,0.8571428571428571,0,0,1,3.2386784521643803,Электрозаводская,Without renovation
203.3,5.0,2.0,4,10.0,0.5,0,0,0,5.319589501823576,Арбатская,Designer
36.6,1.0,20.0,22,20.0,0.9090909090909092,0,0,0,3.6270040503958487,Борисово,Cosmetic
36.1,1.0,12.0,17,13.0,0.7058823529411765,0,0,0,3.6136169696133895,Говорово,Cosmetic
78.0,3.0,3.0,8,3.0,0.375,0,0,0,4.3694478524670215,Красносельская,European-style renovation
39.0,1.0,2.0,17,6.0,0.1176470588235294,0,0,0,3.688879454113936,Славянский бульвар,European-style renovation
41.2,1.0,15.0,17,12.0,0.8823529411764706,0,0,0,3.742420221041966,Физтех,European-style renovation
137.9,5.0,12.0,15,22.0,0.8,0,0,0,4.933754249760298,ЗИЛ,Designer
209.0,4.0,4.0,9,8.0,0.4444444444444444,0,0,0,5.3471075307174685,Арбатская,Designer
19.8,0.0,3.0,5,5.0,0.6,0,0,1,3.0349529867072724,Окружная,Without renovation
34.0,2.0,5.0,9,12.0,0.5555555555555556,0,0,0,3.555348061489413,Тестовская,Cosmetic
86.4,2.0,13.0,88,2.0,0.1477272727272727,0,0,0,4.470495282661489,Международная,Designer
65.7,2.0,3.0,21,20.0,0.1428571428571428,0,0,0,4.200204952921578,Улица 1905 года,Designer
38.0,2.0,11.0,12,9.0,0.9166666666666666,0,0,0,3.6635616461296463,Новогиреево,Cosmetic
25.0,0.0,40.0,45,14.0,0.8888888888888888,0,0,1,3.258096538021482,Медведково,European-style renovation
31.1,1.0,12.0,31,7.0,0.3870967741935484,0,0,0,3.4688560301359703,Беломорская,Designer
59.9,2.0,5.0,17,21.0,0.2941176470588235,0,0,0,4.109233174715851,Водный стадион,European-style renovation
185.6,5.0,4.0,7,5.0,0.5714285714285714,0,0,0,5.228967288413243,Третьяковская,European-style renovation
63.8,2.0,23.0,25,19.0,0.92,0,0,0,4.1713056033582285,Некрасовка,Cosmetic
75.5,3.0,4.0,17,16.0,0.2352941176470588,0,0,0,4.33729074083249,Москворечье,Cosmetic
40.0,2.0,4.0,17,39.0,0.2352941176470588,0,0,0,3.713572066704308,Коммунарка,European-style renovation
104.7,4.0,11.0,15,22.0,0.7333333333333333,0,0,0,4.660604892876192,Прокшино,Designer
20.0,0.0,2.0,10,5.0,0.2,0,0,1,3.044522437723423,Проспект Вернадского,Cosmetic
43.0,1.0,12.0,23,17.0,0.5217391304347826,0,0,0,3.784189633918261,Кузьминки,Designer
45.0,2.0,1.0,3,14.0,0.3333333333333333,1,0,0,3.828641396489095,Бауманская,Designer
39.0,2.0,9.0,12,13.0,0.75,0,0,0,3.688879454113936,Ховрино,Cosmetic
38.0,1.0,9.0,17,13.0,0.5294117647058824,0,0,0,3.6635616461296463,Зюзино,Cosmetic
113.7,4.0,41.0,43,2.0,0.9534883720930232,0,0,0,4.742320024135325,Карамышевская,Designer
98.0,3.0,33.0,78,4.0,0.4230769230769231,0,0,0,4.59511985013459,Тестовская,Designer
23.5,0.0,8.0,9,3.0,0.8888888888888888,0,0,1,3.198673117550681,Рассказовка,Cosmetic
29.31,6.0,15.0,35,13.0,0.4285714285714285,0,0,0,3.411477691069712,Шелепиха,Cosmetic
152.0,4.0,2.0,7,10.0,0.2857142857142857,0,0,0,5.030437921392435,Арбатская,Designer
46.1,1.0,8.0,22,12.0,0.3636363636363636,0,0,0,3.852273001022372,ЗИЛ,Without renovation
16.5,0.0,2.0,3,12.0,0.6666666666666666,0,0,1,2.862200880929469,Преображенская площадь,Designer
58.0,2.0,24.0,41,14.0,0.5853658536585366,0,0,0,4.07753744390572,Шелепиха,Without renovation
33.77,1.0,4.0,20,6.0,0.2,0,0,0,3.5487549460197703,Царицыно,Cosmetic
15.4,0.0,1.0,4,14.0,0.25,1,0,1,2.797281334830153,Бауманская,European-style renovation
91.0,3.0,5.0,24,21.0,0.2083333333333333,0,0,0,4.5217885770490405,Бульвар Рокоссовского,European-style renovation
64.5,3.0,10.0,16,8.0,0.625,0,0,0,4.182050142641207,Павелецкая,European-style renovation
47.2,2.0,8.0,9,15.0,0.8888888888888888,0,0,0,3.8753590210565543,Каширская,European-style renovation
41.0,1.0,23.0,24,8.0,0.9583333333333334,0,0,0,3.737669618283368,Полежаевская,European-style renovation
104.0,4.0,18.0,20,7.0,0.9,0,0,0,4.653960350157523,Рассказовка,European-style renovation
22.5,0.0,9.0,25,11.0,0.36,0,0,1,3.157000421150113,Беговая,Cosmetic
42.8,1.0,4.0,17,22.0,0.2352941176470588,0,0,0,3.779633817382401,Коммунарка,European-style renovation
111.0,3.0,10.0,30,10.0,0.3333333333333333,0,0,0,4.718498871295094,Дубровка,Designer
15.6,0.0,1.0,14,15.0,0.0714285714285714,1,0,1,2.8094026953624978,Таганская,Cosmetic
186.0,3.0,2.0,19,5.0,0.1052631578947368,0,0,0,5.231108616854587,Университет,Designer
38.0,1.0,3.0,12,4.0,0.25,0,0,0,3.6635616461296463,Строгино,Cosmetic
64.0,2.0,11.0,17,9.0,0.6470588235294118,0,0,0,4.174387269895637,Селигерская,Without renovation
54.1,2.0,7.0,16,18.0,0.4375,0,0,0,4.009149716158869,ЗИЛ,European-style renovation
112.0,3.0,6.0,21,7.0,0.2857142857142857,0,0,0,4.727387818712341,Улица 1905 года,Designer
387.0,5.0,4.0,6,12.0,0.6666666666666666,0,0,0,5.961005339623274,Фрунзенская,Designer
241.0,5.0,5.0,6,8.0,0.8333333333333334,0,0,0,5.488937726156687,Арбатская,Designer
12.5,0.0,1.0,5,13.0,0.2,1,0,1,2.602689685444384,Академическая,Without renovation
132.9,4.0,7.0,41,16.0,0.1707317073170731,0,0,0,4.897093252697127,Петровский парк,Without renovation
34.6,1.0,9.0,16,19.0,0.5625,0,0,0,3.572345637857985,Южная,Without renovation
78.1,2.0,47.0,50,12.0,0.94,0,0,0,4.370712874773608,Мичуринский проспект,Designer
74.1,3.0,12.0,16,27.0,0.75,0,0,0,4.318820558770089,Яхромская,Cosmetic
125.0,4.0,2.0,8,3.0,0.25,0,0,0,4.836281906951478,Новослободская,Designer
153.0,4.0,3.0,22,13.0,0.1363636363636363,0,0,0,5.0369526024136295,Шаболовская,Without renovation
58.54,2.0,3.0,15,6.0,0.2,0,0,0,4.086648355587631,Улица 1905 года,Without renovation
44.0,2.0,2.0,11,7.0,0.1818181818181818,0,0,0,3.80666248977032,Шелепиха,Designer
156.4,5.0,4.0,37,8.0,0.1081081081081081,0,0,0,5.058790335983303,Белорусская,Designer
130.1,3.0,7.0,12,12.0,0.5833333333333334,0,0,0,4.875960390769654,Мичуринский проспект,Designer
43.0,2.0,5.0,5,30.0,1.0,0,1,0,3.784189633918261,Селигерская,Cosmetic
75.7,3.0,13.0,25,6.0,0.52,0,0,0,4.33990170837321,Красный Балтиец,European-style renovation
46.0,1.0,9.0,29,21.0,0.3103448275862069,0,0,0,3.8501476017100575,Автозаводская,Without renovation
190.5,4.0,2.0,12,14.0,0.1666666666666666,0,0,0,5.2548878086207,Минская,Designer
56.29,2.0,16.0,21,13.0,0.7619047619047619,0,0,0,4.048126088420487,Зорге,European-style renovation
33.4,1.0,14.0,17,10.0,0.8235294117647058,0,0,0,3.5380565643793527,Коммунарка,Cosmetic
37.4,1.0,3.0,14,20.0,0.2142857142857142,0,0,0,3.648057459593681,Трикотажная,Cosmetic
104.0,4.0,2.0,5,7.0,0.4,0,0,0,4.653960350157523,Коптево,Without renovation
97.2,3.0,8.0,41,6.0,0.1951219512195122,0,0,0,4.58700621536042,Фили,Without renovation
23.2,0.0,10.0,14,18.0,0.7142857142857143,0,0,1,3.186352633162641,Савеловская,Cosmetic
70.0,3.0,12.0,16,3.0,0.75,0,0,0,4.262679877041316,Щелковская,European-style renovation
73.7,3.0,17.0,17,22.0,1.0,0,1,0,4.313480092138772,Коптево,Cosmetic
35.0,1.0,1.0,12,9.0,0.0833333333333333,1,0,0,3.58351893845611,Крымская,Cosmetic
45.4,0.0,1.0,5,15.0,0.2,1,0,1,3.8372994592322094,Балтийская,Without renovation
12.0,0.0,1.0,9,17.0,0.1111111111111111,1,0,1,2.5649493574615367,Выхино,Cosmetic
45.2,6.0,2.0,32,18.0,0.0625,0,0,0,3.832979798087693,Калужская,European-style renovation
35.0,1.0,11.0,12,18.0,0.9166666666666666,0,0,0,3.58351893845611,Домодедовская,European-style renovation
105.0,4.0,4.0,22,8.0,0.1818181818181818,0,0,0,4.663439094112067,Озёрная,Designer
255.0,4.0,11.0,11,8.0,1.0,0,1,0,5.545177444479562,Тверская,Designer
75.4,3.0,8.0,18,6.0,0.4444444444444444,0,0,0,4.335982696172475,Панфиловская,European-style renovation
88.2,3.0,33.0,36,5.0,0.9166666666666666,0,0,0,4.490881039585964,Белорусская,Without renovation
64.8,3.0,9.0,12,14.0,0.75,0,0,0,4.186619838331271,Дегунино,Cosmetic
201.0,4.0,14.0,23,1.0,0.6086956521739131,0,0,0,5.308267697401205,Раменки,Designer
58.4,3.0,7.0,9,14.0,0.7777777777777778,0,0,0,4.084294226368599,Строгино,Cosmetic
37.9,1.0,14.0,17,16.0,0.8235294117647058,0,0,0,3.6609942506244,Солнцево,European-style renovation
102.0,4.0,8.0,12,12.0,0.6666666666666666,0,0,0,4.634728988229636,Академическая,Cosmetic
143.2,5.0,43.0,46,17.0,0.9347826086956522,0,0,0,4.971201224850849,Калужская,Designer
57.8,2.0,4.0,25,21.0,0.16,0,0,0,4.074141854904581,Пыхтино,Cosmetic
161.8,4.0,2.0,2,3.0,1.0,0,1,0,5.09252245356844,Полянка,European-style renovation
35.4,1.0,42.0,52,18.0,0.8076923076923077,0,0,0,3.594568774642695,Москворечье,Without renovation
89.0,4.0,8.0,44,13.0,0.1818181818181818,0,0,0,4.499809670330265,Улица 1905 года,Designer
36.4,1.0,3.0,16,16.0,0.1875,0,0,0,3.6216707044204863,Марьино,Cosmetic
50.7,2.0,8.0,14,13.0,0.5714285714285714,0,0,0,3.945457781514384,Пятницкое шоссе,Without renovation
60.0,2.0,7.0,8,9.0,0.875,0,0,0,4.110873864173311,Панфиловская,European-style renovation
19.3,0.0,1.0,5,16.0,0.2,1,0,1,3.0106208860477417,Тестовская,Cosmetic
42.6,2.0,5.0,5,10.0,1.0,0,1,0,3.775057150354989,Щелковская,Without renovation
34.7,1.0,20.0,62,17.0,0.3225806451612903,0,0,0,3.5751506887855933,Медведково,Cosmetic
35.0,2.0,8.0,9,10.0,0.8888888888888888,0,0,0,3.58351893845611,Текстильщики,Cosmetic
49.7,2.0,14.0,16,9.0,0.875,0,0,0,3.9259259105971376,Беляево,Cosmetic
73.2,3.0,3.0,12,20.0,0.25,0,0,0,4.306764150173335,Ломоносовский проспект,Cosmetic
20.0,0.0,2.0,23,6.0,0.0869565217391304,0,0,1,3.044522437723423,Рассказовка,Without renovation
58.3,2.0,15.0,17,8.0,0.8823529411764706,0,0,0,4.08260930600368,Митино,Cosmetic
190.0,4.0,7.0,8,5.0,0.875,0,0,0,5.25227342804663,Менделеевская,European-style renovation
33.9,0.0,3.0,4,12.0,0.75,0,0,1,3.552486829208381,Аэропорт,European-style renovation
48.3,2.0,9.0,18,6.0,0.5,0,0,0,3.897924081048645,Панфиловская,European-style renovation
25.8,0.0,18.0,46,18.0,0.391304347826087,0,0,1,3.288401887516811,Павелецкая,Without renovation
85.0,0.0,10.0,22,5.0,0.4545454545454545,0,0,1,4.454347296253507,Рассказовка,European-style renovation
34.1,1.0,10.0,44,23.0,0.2272727272727272,0,0,0,3.55820113047182,Хорошево,Without renovation
38.77,1.0,4.0,20,13.0,0.2,0,0,0,3.6831128592196,Тульская,European-style renovation
76.5,3.0,6.0,12,10.0,0.5,0,0,0,4.350277936359301,Электрозаводская,Without renovation
65.4,3.0,6.0,25,22.0,0.24,0,0,0,4.1956970564823886,Тушинская,Without renovation
35.0,1.0,6.0,26,12.0,0.2307692307692307,0,0,0,3.58351893845611,Аннино,European-style renovation
44.0,2.0,3.0,5,10.0,0.6,0,0,0,3.80666248977032,Сокольники,European-style renovation
70.0,3.0,5.0,6,16.0,0.8333333333333334,0,0,0,4.262679877041316,Белорусская,Designer
53.6,2.0,12.0,18,14.0,0.6666666666666666,0,0,0,4.000033882750859,Коммунарка,Cosmetic
44.3,2.0,1.0,9,16.0,0.1111111111111111,1,0,0,3.813307032488989,Ясенево,Cosmetic
37.0,1.0,8.0,12,24.0,0.6666666666666666,0,0,0,3.6375861597263857,Братиславская,European-style renovation
36.2,1.0,10.0,28,10.0,0.3571428571428571,0,0,0,3.616308761279101,Октябрьское поле,Without renovation
48.8,0.0,11.0,18,4.0,0.6111111111111112,0,0,1,3.9080149840306073,Ботанический сад,Cosmetic
104.4,4.0,17.0,21,8.0,0.8095238095238095,0,0,0,4.657762636107262,Динамо,Without renovation
97.0,3.0,10.0,32,9.0,0.3125,0,0,0,4.584967478670572,Шелепиха,Without renovation
53.41,0.0,27.0,39,8.0,0.6923076923076923,0,0,1,3.996547960497834,Аминьевская,Without renovation
121.2,1.0,1.0,5,17.0,0.2,1,0,0,4.805659046737495,Сходненская,Without renovation
46.0,2.0,9.0,12,19.0,0.75,0,0,0,3.8501476017100575,Шоссе Энтузиастов,Cosmetic
51.2,2.0,16.0,17,17.0,0.9411764705882352,0,0,0,3.955082494888593,Некрасовка,European-style renovation
71.0,2.0,5.0,21,17.0,0.238095238095238,0,0,0,4.276666119016055,Фили,European-style renovation
130.0,4.0,5.0,5,4.0,1.0,0,1,0,4.875197323201151,Трубная,Designer
74.9,3.0,6.0,17,14.0,0.3529411764705882,0,0,0,4.329416684401584,Юго-Западная,Cosmetic
160.0,4.0,2.0,6,7.0,0.3333333333333333,0,0,0,5.081404364984463,Сретенский бульвар,European-style renovation
51.2,2.0,10.0,16,8.0,0.625,0,0,0,3.955082494888593,Люблино,European-style renovation
101.2,3.0,4.0,28,9.0,0.1428571428571428,0,0,0,4.626931677769604,Раменки,Without renovation
75.0,2.0,2.0,4,2.0,0.5,0,0,0,4.330733340286331,Кропоткинская,Designer
68.0,3.0,5.0,12,4.0,0.4166666666666667,0,0,0,4.23410650459726,Белорусская,Without renovation
53.3,0.0,11.0,29,8.0,0.3793103448275862,0,0,1,3.9945242269398897,Кунцевская,Without renovation
67.0,2.0,27.0,28,22.0,0.9642857142857144,0,0,0,4.219507705176107,Речной вокзал,Without renovation
16.0,0.0,1.0,5,8.0,0.2,1,0,1,2.833213344056216,Красный Балтиец,Cosmetic
28.1,0.0,2.0,2,16.0,1.0,0,1,1,3.370738174177447,Петровский парк,Designer
35.9,1.0,10.0,17,18.0,0.5882352941176471,0,0,0,3.6082115510464816,Щербинка,Cosmetic
71.3,2.0,9.0,30,3.0,0.3,0,0,0,4.280824129164719,Ховрино,European-style renovation
12.3,0.0,1.0,5,9.0,0.2,1,0,1,2.5877640352277083,Студенческая,Cosmetic
48.8,0.0,13.0,23,22.0,0.5652173913043478,0,0,1,3.9080149840306073,Профсоюзная,Cosmetic
35.8,1.0,3.0,12,12.0,0.25,0,0,0,3.605497845174885,Менделеевская,European-style renovation
33.8,1.0,15.0,18,13.0,0.8333333333333334,0,0,0,3.5496173867804286,Прокшино,Without renovation
14.0,0.0,1.0,9,10.0,0.1111111111111111,1,0,1,2.70805020110221,Домодедовская,Without renovation
14.0,0.0,7.0,10,16.0,0.7,0,0,1,2.70805020110221,Калитники,Designer
45.0,2.0,5.0,9,14.0,0.5555555555555556,0,0,0,3.828641396489095,Крымская,Without renovation
45.2,1.0,11.0,33,5.0,0.3333333333333333,0,0,0,3.832979798087693,Шелепиха,Designer
16.0,0.0,3.0,5,15.0,0.6,0,0,1,2.833213344056216,Окская,European-style renovation
64.3,3.0,4.0,9,11.0,0.4444444444444444,0,0,0,4.178992036282385,Юго-Западная,Without renovation
42.0,1.0,10.0,14,6.0,0.7142857142857143,0,0,0,3.7612001156935615,Павелецкая,Without renovation
60.0,2.0,8.0,11,5.0,0.7272727272727273,0,0,0,4.110873864173311,Панфиловская,European-style renovation
44.9,1.0,18.0,23,11.0,0.782608695652174,0,0,0,3.8264651170664994,Ботанический сад,Designer
36.4,1.0,2.0,16,5.0,0.125,0,0,0,3.6216707044204863,Бунинская Аллея,Cosmetic
67.4,3.0,9.0,16,21.0,0.5625,0,0,0,4.225372824628505,Коптево,Cosmetic
57.1,3.0,4.0,12,18.0,0.3333333333333333,0,0,0,4.062165663857866,Щелковская,European-style renovation
65.0,3.0,16.0,16,16.0,1.0,0,1,0,4.189654742026425,Октябрьское поле,Without renovation
59.63,2.0,17.0,21,10.0,0.8095238095238095,0,0,0,4.10478982008364,Бутырская,European-style renovation
59.0,2.0,7.0,19,11.0,0.3684210526315789,0,0,0,4.0943445622221,Сухаревская,Designer
37.1,2.0,5.0,9,13.0,0.5555555555555556,0,0,0,3.6402142821326553,Варшавская,Cosmetic
207.0,6.0,4.0,4,6.0,1.0,0,1,0,5.337538079701318,Сухаревская,European-style renovation
121.0,3.0,3.0,6,8.0,0.5,0,0,0,4.804021044733257,Новокузнецкая,Designer
56.1,1.0,14.0,25,36.0,0.56,0,0,0,4.044804116661965,Минская,European-style renovation
15.9,0.0,2.0,5,14.0,0.4,0,0,1,2.827313621929028,Окская,European-style renovation
96.0,4.0,18.0,19,15.0,0.9473684210526316,0,0,0,4.574710978503383,Беляево,Cosmetic
357.0,0.0,3.0,3,10.0,1.0,0,1,1,5.8805329864007,Маяковская,Without renovation
57.0,3.0,3.0,9,7.0,0.3333333333333333,0,0,0,4.060443010546419,Зюзино,Designer
75.6,3.0,9.0,15,20.0,0.6,0,0,0,4.338597076746545,Прокшино,European-style renovation
65.0,2.0,11.0,17,35.0,0.6470588235294118,0,0,0,4.189654742026425,Покровское,Without renovation
56.7,2.0,10.0,14,13.0,0.7142857142857143,0,0,0,4.055257173514054,Дегунино,Cosmetic
97.9,4.0,6.0,12,19.0,0.5,0,0,0,4.594109238628667,Кунцевская,Designer
51.1,2.0,11.0,17,6.0,0.6470588235294118,0,0,0,3.9531649487593215,Лефортово,European-style renovation
80.0,3.0,4.0,5,11.0,0.8,0,0,0,4.394449154672439,Волжская,European-style renovation
205.0,5.0,2.0,5,13.0,0.4,0,0,0,5.327876168789581,Комсомольская,Cosmetic
118.0,3.0,6.0,24,13.0,0.25,0,0,0,4.77912349311153,Юго-Западная,Designer
204.7,5.0,10.0,13,8.0,0.7692307692307693,0,0,0,5.326418796658912,Фрунзенская,Without renovation
75.4,3.0,13.0,17,6.0,0.7647058823529411,0,0,0,4.335982696172475,Некрасовка,European-style renovation
30.0,1.0,1.0,4,4.0,0.25,1,0,0,3.4339872044851463,Физтех,European-style renovation
35.0,1.0,8.0,12,10.0,0.6666666666666666,0,0,0,3.58351893845611,Калитники,Cosmetic
20.9,0.0,8.0,16,10.0,0.5,0,0,1,3.086486636822455,Площадь Ильича,Cosmetic
250.0,5.0,2.0,10,15.0,0.2,0,0,0,5.525452939131784,Фрунзенская,Without renovation
39.5,2.0,22.0,29,8.0,0.7586206896551724,0,0,0,3.701301974112493,Бульвар Рокоссовского,Without renovation
29.0,0.0,12.0,16,11.0,0.75,0,0,1,3.4011973816621555,Сухаревская,European-style renovation
201.6,4.0,1.0,7,8.0,0.1428571428571428,1,0,0,5.311233591814583,Лужники,Designer
45.6,1.0,15.0,16,13.0,0.9375,0,0,0,3.8416005411316,Фили,Designer
207.1,4.0,3.0,17,8.0,0.1764705882352941,0,0,0,5.338018733399589,Смоленская,Designer
139.02,5.0,30.0,30,19.0,1.0,0,1,0,4.941785269549052,Давыдково,Without renovation
72.0,3.0,2.0,22,13.0,0.0909090909090909,0,0,0,4.290459441148391,ВДНХ,Designer
45.7,1.0,2.0,11,27.0,0.1818181818181818,0,0,0,3.843744164674852,Царицыно,Without renovation
150.0,4.0,3.0,13,11.0,0.2307692307692307,0,0,0,5.017279836814924,Спортивная,Designer
95.0,3.0,10.0,15,27.0,0.6666666666666666,0,0,0,4.564348191467836,Улица Горчакова,Without renovation
39.0,1.0,19.0,22,16.0,0.8636363636363636,0,0,0,3.688879454113936,Давыдково,Cosmetic
71.0,3.0,16.0,25,6.0,0.64,0,0,0,4.276666119016055,Аннино,Designer
29.7,0.0,25.0,31,22.0,0.8064516129032258,0,0,1,3.4242626545931514,Владыкино,Cosmetic
36.0,1.0,5.0,16,14.0,0.3125,0,0,0,3.610917912644224,Филатов Луг,European-style renovation
51.2,2.0,10.0,14,8.0,0.7142857142857143,0,0,0,3.955082494888593,Физтех,Cosmetic
136.0,5.0,2.0,6,8.0,0.3333333333333333,0,0,0,4.919980925828125,Чистые пруды,European-style renovation
78.0,3.0,10.0,14,7.0,0.7142857142857143,0,0,0,4.3694478524670215,Бульвар Адмирала Ушакова,European-style renovation
46.5,2.0,8.0,9,10.0,0.8888888888888888,0,0,0,3.8607297110405954,Сетунь,Cosmetic
37.4,2.0,6.0,9,7.0,0.6666666666666666,0,0,0,3.648057459593681,Коломенская,Cosmetic
148.6,0.0,12.0,16,28.0,0.75,0,0,1,5.007965065540377,Спортивная,Without renovation
39.8,1.0,1.0,16,15.0,0.0625,1,0,0,3.708682081410116,Кунцевская,Cosmetic
62.1,3.0,11.0,16,5.0,0.6875,0,0,0,4.144720769547168,Бунинская Аллея,Cosmetic
50.6,2.0,4.0,14,15.0,0.2857142857142857,0,0,0,3.943521672487517,Улица Старокачаловская,Designer
20.1,6.0,2.0,14,12.0,0.1428571428571428,0,0,0,3.0492730404820207,Окружная,Cosmetic
297.0,4.0,1.0,3,8.0,0.3333333333333333,1,0,0,5.697093486505405,Новослободская,Without renovation
91.0,3.0,8.0,41,12.0,0.1951219512195122,0,0,0,4.5217885770490405,Аэропорт,Designer
64.1,3.0,2.0,33,12.0,0.0606060606060606,0,0,0,4.175924549214524,Шелепиха,European-style renovation
54.3,2.0,3.0,15,5.0,0.2,0,0,0,4.012772908528289,Тимирязевская,European-style renovation
74.0,3.0,13.0,14,13.0,0.9285714285714286,0,0,0,4.31748811353631,Лермонтовский проспект,Designer
184.6,4.0,2.0,8,11.0,0.25,0,0,0,5.2235938203521,Кропоткинская,Designer
101.9,4.0,10.0,25,10.0,0.4,0,0,0,4.633757642840004,Аминьевская,Designer
86.4,3.0,10.0,21,16.0,0.4761904761904761,0,0,0,4.470495282661489,Фили,European-style renovation
45.0,2.0,16.0,20,11.0,0.8,0,0,0,3.828641396489095,Рассказовка,Cosmetic
55.3,2.0,3.0,16,25.0,0.1875,0,0,0,4.030694535145645,Тульская,Designer
156.0,4.0,15.0,32,4.0,0.46875,0,0,0,5.056245805348308,Беговая,European-style renovation
22.2,0.0,1.0,6,28.0,0.1666666666666666,1,0,1,3.1441522786722644,Балтийская,Without renovation
100.0,4.0,3.0,25,23.0,0.12,0,0,0,4.61512051684126,Давыдково,European-style renovation
134.0,5.0,6.0,8,19.0,0.75,0,0,0,4.90527477843843,Нагатинская,European-style renovation
85.3,3.0,24.0,40,12.0,0.6,0,0,0,4.457829598089382,ЗИЛ,Without renovation
175.0,5.0,4.0,5,8.0,0.8,0,0,0,5.170483995038151,Арбатская,Designer
55.3,3.0,4.0,8,2.0,0.5,0,0,0,4.030694535145645,Багратионовская,Cosmetic
157.0,4.0,4.0,6,6.0,0.6666666666666666,0,0,0,5.062595033026967,Трубная,Designer
60.0,1.0,4.0,9,5.0,0.4444444444444444,0,0,0,4.110873864173311,Улица Горчакова,European-style renovation
153.4,4.0,13.0,14,13.0,0.9285714285714286,0,0,0,5.039546637590676,Марьина Роща,Designer
86.6,3.0,11.0,12,11.0,0.9166666666666666,0,0,0,4.472780997942346,Аннино,European-style renovation
33.6,1.0,2.0,6,8.0,0.3333333333333333,0,0,0,3.543853682063679,Смоленская,Designer
20.0,0.0,4.0,25,11.0,0.16,0,0,1,3.044522437723423,Свиблово,European-style renovation
44.3,1.0,9.0,23,19.0,0.391304347826087,0,0,0,3.813307032488989,Отрадное,European-style renovation
160.0,3.0,47.0,54,5.0,0.8703703703703703,0,0,0,5.081404364984463,Киевская,European-style renovation
52.4,2.0,10.0,14,14.0,0.7142857142857143,0,0,0,3.977810745966149,Улица Старокачаловская,Without renovation
93.4,3.0,32.0,40,12.0,0.8,0,0,0,4.547541073151455,ЗИЛ,Without renovation
26.2,0.0,4.0,4,9.0,1.0,0,1,1,3.3032169733019514,Рижская,European-style renovation
111.2,5.0,13.0,16,11.0,0.8125,0,0,0,4.720282993088596,Улица Старокачаловская,Cosmetic
39.0,1.0,2.0,9,15.0,0.2222222222222222,0,0,0,3.688879454113936,Минская,European-style renovation
32.3,0.0,7.0,7,17.0,1.0,0,1,1,3.505557396986398,Электрозаводская,Without renovation
39.2,1.0,2.0,14,3.0,0.1428571428571428,0,0,0,3.693866995624976,Братиславская,Cosmetic
46.4,1.0,8.0,10,15.0,0.8,0,0,0,3.858622228701031,Тульская,European-style renovation
90.0,3.0,4.0,6,10.0,0.6666666666666666,0,0,0,4.51085950651685,Тверская,Designer
39.4,1.0,3.0,30,20.0,0.1,0,0,0,3.698829784967105,Рабочий Посёлок,Without renovation
45.31,1.0,4.0,17,4.0,0.2352941176470588,0,0,0,3.835357920492661,Преображенская площадь,European-style renovation
18.5,0.0,1.0,9,12.0,0.1111111111111111,1,0,1,2.970414465569701,Щелковская,European-style renovation
37.6,1.0,8.0,20,8.0,0.4,0,0,0,3.653252276470785,Окружная,European-style renovation
95.0,4.0,8.0,14,59.0,0.5714285714285714,0,0,0,4.564348191467836,Минская,Without renovation
121.21,0.0,1.0,5,17.0,0.2,1,0,1,4.805740876449909,Сходненская,Without renovation
12.0,0.0,1.0,9,21.0,0.1111111111111111,1,0,1,2.5649493574615367,Выхино,Cosmetic
28.8,0.0,33.0,37,10.0,0.8918918918918919,0,0,1,3.3945083935113587,Аминьевская,Without renovation
68.0,3.0,4.0,8,6.0,0.5,0,0,0,4.23410650459726,Ломоносовский проспект,European-style renovation
66.0,2.0,9.0,55,10.0,0.1636363636363636,0,0,0,4.204692619390966,Марьина Роща,Without renovation
69.8,3.0,1.0,12,14.0,0.0833333333333333,1,0,0,4.259859000699674,Яхромская,Cosmetic
38.8,0.0,2.0,7,12.0,0.2857142857142857,0,0,1,3.683866912290392,Преображенская площадь,European-style renovation
71.6,3.0,8.0,17,21.0,0.4705882352941176,0,0,0,4.28496492183075,Крылатское,Without renovation
29.4,6.0,8.0,9,17.0,0.8888888888888888,0,0,0,3.414442608412176,Аэропорт Внуково,Cosmetic
81.4,3.0,23.0,29,11.0,0.7931034482758621,0,0,0,4.411585436915426,Водный стадион,Without renovation
21.0,0.0,1.0,12,12.0,0.0833333333333333,1,0,1,3.091042453358316,Бунинская Аллея,Cosmetic
78.8,4.0,2.0,12,13.0,0.1666666666666666,0,0,0,4.379523504455763,Владыкино,European-style renovation
110.0,0.0,3.0,13,8.0,0.2307692307692307,0,0,1,4.709530201312334,Новослободская,Without renovation
20.0,0.0,5.0,16,14.0,0.3125,0,0,1,3.044522437723423,Филатов Луг,European-style renovation
189.0,4.0,2.0,10,9.0,0.2,0,0,0,5.247024072160486,Курская,Designer
11.0,0.0,1.0,12,8.0,0.0833333333333333,1,0,1,2.4849066497880004,Люблино,Cosmetic
68.7,2.0,8.0,40,12.0,0.2,0,0,0,4.244200317766478,ЗИЛ,European-style renovation
94.8,4.0,4.0,5,10.0,0.8,0,0,0,4.562262684976814,Рижская,European-style renovation
35.4,1.0,1.0,22,24.0,0.0454545454545454,1,0,0,3.594568774642695,Ольховая,Cosmetic
36.4,1.0,10.0,23,7.0,0.4347826086956521,0,0,0,3.6216707044204863,Солнцево,Without renovation
22.5,0.0,9.0,25,9.0,0.36,0,0,1,3.157000421150113,Беговая,European-style renovation
90.0,2.0,48.0,78,4.0,0.6153846153846154,0,0,0,4.51085950651685,Тестовская,Designer
65.0,3.0,14.0,14,13.0,1.0,0,1,0,4.189654742026425,Лефортово,Cosmetic
175.8,2.0,3.0,5,6.0,0.6,0,0,0,5.175019150203543,Смоленская,Designer
73.7,2.0,2.0,11,5.0,0.1818181818181818,0,0,0,4.313480092138772,Панфиловская,European-style renovation
32.0,1.0,6.0,19,21.0,0.3157894736842105,0,0,0,3.49650756146648,Некрасовка,Cosmetic
34.5,1.0,16.0,25,25.0,0.64,0,0,0,3.56953269648137,Коммунарка,Cosmetic
137.6,4.0,4.0,5,4.0,0.8,0,0,0,4.931592086755803,Библиотека и Ленина,Designer
16.5,0.0,1.0,3,7.0,0.3333333333333333,1,0,1,2.862200880929469,Сретенский бульвар,Without renovation
170.0,4.0,7.0,13,8.0,0.5384615384615384,0,0,0,5.14166355650266,Новослободская,Without renovation
39.0,1.0,23.0,33,12.0,0.696969696969697,0,0,0,3.688879454113936,Шоссе Энтузиастов,Designer
112.5,3.0,6.0,21,9.0,0.2857142857142857,0,0,0,4.7318028369214575,Улица 1905 года,Designer
130.0,4.0,13.0,21,15.0,0.6190476190476191,0,0,0,4.875197323201151,Раменки,Designer
63.0,6.0,4.0,19,5.0,0.2105263157894736,0,0,0,4.158883083359672,Трикотажная,European-style renovation
226.2,5.0,7.0,10,16.0,0.7,0,0,0,5.4258306868469965,Молодежная,European-style renovation
115.0,4.0,3.0,21,15.0,0.1428571428571428,0,0,0,4.7535901911063645,Раменки,Designer
73.7,3.0,11.0,18,6.0,0.6111111111111112,0,0,0,4.313480092138772,Панфиловская,European-style renovation
31.3,1.0,4.0,10,10.0,0.4,0,0,0,3.475067230228611,Автозаводская,Designer
56.7,2.0,1.0,5,6.0,0.2,1,0,0,4.055257173514054,Коптево,Designer
57.1,2.0,21.0,22,7.0,0.9545454545454546,0,0,0,4.062165663857866,Некрасовка,Cosmetic
92.0,3.0,4.0,9,10.0,0.4444444444444444,0,0,0,4.532599493153256,Крестьянская застава,European-style renovation
49.5,2.0,32.0,44,12.0,0.7272727272727273,0,0,0,3.9219733362813134,Улица 1905 года,Designer
77.8,2.0,18.0,24,13.0,0.75,0,0,0,4.366912996863833,Зюзино,European-style renovation
139.7,5.0,9.0,17,10.0,0.5294117647058824,0,0,0,4.946629964120343,Коммунарка,European-style renovation
58.3,3.0,3.0,9,12.0,0.3333333333333333,0,0,0,4.08260930600368,Новогиреево,Cosmetic
17.9,0.0,3.0,8,13.0,0.375,0,0,1,2.9391619220655967,Чкаловская,Without renovation
97.0,0.0,6.0,42,11.0,0.1428571428571428,0,0,1,4.584967478670572,Аминьевская,Without renovation
43.8,1.0,5.0,9,17.0,0.5555555555555556,0,0,0,3.80220813942094,Аэропорт Внуково,Cosmetic
158.0,5.0,8.0,9,16.0,0.8888888888888888,0,0,0,5.068904202220232,Дмитровская,Designer
59.0,2.0,8.0,16,28.0,0.5,0,0,0,4.0943445622221,Тульская,Designer
44.9,2.0,3.0,5,2.0,0.6,0,0,0,3.8264651170664994,Бульвар Рокоссовского,Without renovation
180.0,5.0,16.0,24,8.0,0.6666666666666666,0,0,0,5.198497031265826,Белорусская,Without renovation
77.0,3.0,1.0,8,19.0,0.125,1,0,0,4.356708826689592,Проспект Вернадского,Cosmetic
53.0,2.0,9.0,12,10.0,0.75,0,0,0,3.9889840465642745,Перово,Cosmetic
55.4,2.0,8.0,14,19.0,0.5714285714285714,0,0,0,4.032469158504013,Коммунарка,Cosmetic
39.0,2.0,12.0,14,30.0,0.8571428571428571,0,0,0,3.688879454113936,Минская,European-style renovation
16.3,0.0,1.0,5,14.0,0.2,1,0,1,2.8507065015037334,Окская,European-style renovation
59.4,3.0,3.0,24,21.0,0.125,0,0,0,4.100989104940769,Октябрьское поле,Designer
