Price,Metro station,Minutes to metro,Number of rooms,Area,Floor,Number of floors,Renovation
108800000.0,Чеховская,5.0,3.0,108.8,3.0,3,Without renovation
53000000.0,Арбатская,9.0,3.0,96.9,2.0,5,Without renovation
44240000.0,Фили,6.0,3.0,63.2,40.0,41,Designer
105000000.0,Белорусская,6.0,3.0,145.0,3.0,6,Designer
47000000.0,Белорусская,9.0,3.0,103.8,6.0,6,Without renovation
67990000.0,Белорусская,6.0,3.0,111.0,5.0,6,Designer
170000000.0,Кропоткинская,10.0,3.0,117.0,3.0,5,European-style renovation
224900000.0,Спортивная,9.0,3.0,237.2,14.0,14,Designer
52500000.0,Алексеевская,11.0,3.0,92.0,4.0,21,Cosmetic
38000000.0,Ростокино,13.0,3.0,109.0,35.0,58,Designer
95700000.0,Китай-город,11.0,3.0,86.0,2.0,9,Designer
22450000.0,ВДНХ,7.0,3.0,83.5,16.0,22,Without renovation
67000000.0,Динамо,1.0,3.0,104.0,3.0,15,Designer
17500000.0,Филатов Луг,10.0,3.0,77.1,22.0,25,Without renovation
41500000.0,Раменки,5.0,3.0,106.7,15.0,17,Cosmetic
46000000.0,Минская,28.0,3.0,70.0,2.0,14,Without renovation
179000000.0,Спортивная,11.0,3.0,141.0,3.0,15,Designer
222000000.0,Спортивная,8.0,3.0,237.0,14.0,14,Designer
39900000.0,Аминьевская,8.0,3.0,84.9,18.0,31,Designer
39000000.0,Динамо,7.0,3.0,75.7,7.0,17,Designer
51000000.0,Давыдково,5.0,3.0,112.3,16.0,25,Designer
145000000.0,Спортивная,5.0,3.0,97.0,7.0,18,Designer
86000000.0,Фрунзенская,5.0,3.0,97.0,5.0,14,Designer
100000000.0,Улица 1905 года,7.0,3.0,95.0,11.0,21,Designer
33999000.0,Кунцевская,4.0,3.0,95.5,29.0,29,Without renovation
36000000.0,Шелепиха,13.0,3.0,77.0,4.0,6,Designer
42700000.0,Молодежная,6.0,3.0,110.0,36.0,40,Designer
100000000.0,Беговая,5.0,3.0,90.53,10.0,21,European-style renovation
115000000.0,Минская,13.0,3.0,121.0,16.0,39,Designer
24500000.0,Бауманская,8.0,3.0,68.5,4.0,6,Cosmetic
26000000.0,Славянский бульвар,14.0,3.0,62.5,3.0,12,Designer
56650000.0,Динамо,17.0,3.0,82.2,37.0,41,Without renovation
72000000.0,Динамо,15.0,3.0,91.4,10.0,41,Designer
115000000.0,Новокузнецкая,16.0,3.0,95.7,3.0,7,Designer
115732500.0,Спортивная,6.0,3.0,118.7,3.0,5,Without renovation
195000000.0,Парк культуры,5.0,3.0,128.0,3.0,6,Designer
290000000.0,Смоленская,13.0,3.0,151.0,2.0,7,Designer
37500000.0,Шелепиха,13.0,3.0,73.0,12.0,30,Designer
99600000.0,Спортивная,9.0,3.0,83.0,7.0,13,European-style renovation
99600000.0,Спортивная,8.0,3.0,83.0,7.0,13,Designer
44000000.0,Давыдково,17.0,3.0,87.0,15.0,22,Without renovation
170000000.0,Спортивная,10.0,3.0,169.0,4.0,6,Without renovation
250000000.0,Спортивная,8.0,3.0,137.0,9.0,15,Designer
49899998.0,Пушкинская,7.0,3.0,75.0,1.0,7,Designer
55600000.0,Комсомольская,10.0,3.0,79.9,2.0,2,Designer
99000000.0,Серпуховская,9.0,3.0,120.0,2.0,14,Designer
131000000.0,Беговая,5.0,3.0,114.0,7.0,21,European-style renovation
238840000.0,Трубная,5.0,3.0,140.0,2.0,4,Designer
48000000.0,Народное Ополчение,9.0,3.0,82.5,31.0,53,Designer
40500000.0,Народное Ополчение,10.0,3.0,106.1,48.0,58,Without renovation
43500000.0,Народное Ополчение,10.0,3.0,105.6,11.0,53,Without renovation
120000000.0,Киевская,15.0,3.0,100.0,6.0,7,European-style renovation
144170000.0,Фрунзенская,5.0,3.0,111.0,6.0,8,Cosmetic
148070000.0,Спортивная,7.0,3.0,113.9,6.0,12,Without renovation
175000000.0,Пушкинская,6.0,3.0,188.5,3.0,4,Designer
27300000.0,Технопарк,14.0,3.0,90.0,3.0,9,Without renovation
33800000.0,Преображенская площадь,7.0,3.0,90.8,2.0,30,Cosmetic
45000000.0,Павелецкая,17.0,3.0,81.6,13.0,28,Without renovation
59850000.0,Строгино,8.0,3.0,126.0,3.0,29,European-style renovation
41000000.0,Красные ворота,10.0,3.0,94.1,4.0,5,Designer
43000000.0,Народное Ополчение,10.0,3.0,118.6,9.0,48,Without renovation
53000000.0,Тверская,7.0,3.0,93.8,4.0,14,European-style renovation
55000000.0,Петровский парк,16.0,3.0,91.0,13.0,41,Without renovation
64000000.0,Смоленская,6.0,3.0,103.0,2.0,11,European-style renovation
72000000.0,Аэропорт,12.0,3.0,91.0,8.0,41,Designer
75000000.0,Площадь Ильича,7.0,3.0,105.0,3.0,13,Designer
99000000.0,Краснопресненская,10.0,3.0,130.0,4.0,13,Designer
124000000.0,Курская,15.0,3.0,135.0,2.0,11,European-style renovation
48990000.0,Шелепиха,5.0,3.0,85.5,36.0,51,Designer
75000000.0,Белорусская,12.0,3.0,126.3,3.0,18,Designer
145000000.0,Фрунзенская,11.0,3.0,95.0,7.0,14,Without renovation
205875000.0,Третьяковская,7.0,3.0,152.5,3.0,6,Designer
56000000.0,Охотный ряд,11.0,3.0,127.4,6.0,6,Designer
65000000.0,Беговая,25.0,3.0,75.3,17.0,21,Without renovation
115000000.0,Деловой центр,2.0,3.0,187.0,39.0,75,Designer
224900000.0,Полянка,6.0,3.0,163.7,4.0,6,Designer
23800000.0,Волгоградский проспект,5.0,3.0,80.0,22.0,30,European-style renovation
36000000.0,Алексеевская,7.0,3.0,92.9,5.0,17,Without renovation
113500000.0,Деловой центр,4.0,3.0,190.0,39.0,73,Designer
142440000.0,Выставочная,15.0,3.0,118.7,30.0,66,Without renovation
34000000.0,Шелепиха,5.0,3.0,72.2,4.0,30,Cosmetic
35490000.0,Улица 1905 года,3.0,3.0,98.5,3.0,4,European-style renovation
52000000.0,Раменки,10.0,3.0,133.0,15.0,52,Without renovation
56500000.0,Динамо,9.0,3.0,99.0,10.0,25,Designer
59000000.0,Раменки,12.0,3.0,76.0,15.0,51,Designer
182000000.0,Парк культуры,10.0,3.0,184.6,2.0,8,Without renovation
46900000.0,Молодежная,7.0,3.0,75.0,17.0,28,Designer
48500000.0,Ростокино,13.0,3.0,143.3,39.0,58,Designer
51000000.0,Шелепиха,18.0,3.0,98.2,18.0,19,Without renovation
60000000.0,Тестовская,3.0,3.0,90.0,32.0,78,Designer
97000000.0,Деловой центр,2.0,3.0,192.0,41.0,75,Designer
224900000.0,Спортивная,9.0,3.0,237.2,14.0,14,Without renovation
11990000.0,Сходненская,16.0,3.0,54.0,3.0,4,Without renovation
12900000.0,Прокшино,13.0,3.0,62.0,4.0,17,Without renovation
15500000.0,Окружная,8.0,3.0,72.0,6.0,8,Cosmetic
24800000.0,Спортивная,4.0,3.0,62.0,1.0,6,European-style renovation
27500000.0,Спортивная,5.0,3.0,62.7,2.0,5,Designer
31800000.0,Рабочий Посёлок,22.0,3.0,93.5,11.0,29,Without renovation
64000000.0,Тестовская,4.0,3.0,98.0,33.0,78,Designer
74800000.0,Славянский бульвар,23.0,3.0,104.0,14.0,26,Without renovation
105000000.0,Деловой центр,2.0,3.0,192.0,37.0,75,Designer
44988700.0,Минская,5.0,3.0,71.2,2.0,14,European-style renovation
64500000.0,Шелепиха,19.0,3.0,84.0,12.0,19,Designer
128000000.0,Улица 1905 года,7.0,3.0,127.6,6.0,21,Designer
153000000.0,Арбатская,6.0,3.0,94.0,2.0,7,Designer
26700000.0,Селигерская,11.0,3.0,57.4,1.0,39,Designer
39500000.0,Серпуховская,17.0,3.0,81.25,6.0,18,Cosmetic
41500000.0,Динамо,10.0,3.0,77.2,5.0,12,Designer
42990000.0,Динамо,6.0,3.0,70.0,15.0,15,Designer
45000000.0,Фили,15.0,3.0,91.5,6.0,21,Designer
57000000.0,Шелепиха,19.0,3.0,99.0,2.0,19,Designer
64900000.0,Деловой центр,11.0,3.0,90.0,7.0,21,Without renovation
78000000.0,Деловой центр,7.0,3.0,100.0,39.0,53,Designer
190000000.0,Ломоносовский проспект,22.0,3.0,105.5,4.0,8,Designer
250000000.0,Новокузнецкая,11.0,3.0,142.8,6.0,8,Designer
12000000.0,Саларьево,8.0,3.0,63.0,1.0,9,European-style renovation
14450000.0,Бибирево,14.0,3.0,60.6,2.0,9,Cosmetic
14500000.0,Печатники,4.0,3.0,60.0,9.0,9,Designer
24287000.0,Новогиреево,4.0,3.0,84.0,11.0,22,European-style renovation
26500000.0,Бульвар Рокоссовского,6.0,3.0,80.0,19.0,24,European-style renovation
33500000.0,Улица 1905 года,17.0,3.0,77.2,11.0,22,Designer
36900000.0,Филёвский парк,7.0,3.0,82.0,3.0,5,Designer
41990000.0,Парк культуры,5.0,3.0,78.2,2.0,7,European-style renovation
45000000.0,Серпуховская,11.0,3.0,107.3,22.0,29,Without renovation
45000000.0,Шелепиха,12.0,3.0,85.8,28.0,42,Without renovation
47900000.0,Смоленская,7.0,3.0,91.0,7.0,8,Designer
49990000.0,Шелепиха,12.0,3.0,89.0,30.0,37,Without renovation
50990000.0,Шелепиха,12.0,3.0,88.6,34.0,42,Designer
76000000.0,Проспект Мира,5.0,3.0,121.0,6.0,12,European-style renovation
82000000.0,Аэропорт,10.0,3.0,163.5,9.0,57,Designer
147213000.0,Улица 1905 года,15.0,3.0,148.7,4.0,20,Designer
190000000.0,Ломоносовский проспект,4.0,3.0,105.4,4.0,8,Designer
12800000.0,Рязанский проспект,5.0,3.0,60.0,9.0,9,European-style renovation
17650000.0,Рязанский проспект,5.0,3.0,60.0,4.0,17,Designer
24000050.0,Профсоюзная,15.0,3.0,55.0,7.0,8,European-style renovation
30800000.0,Раменки,10.0,3.0,68.5,7.0,52,Without renovation
32300000.0,Кунцевская,4.0,3.0,85.0,29.0,29,Without renovation
34000000.0,Фили,18.0,3.0,57.0,20.0,29,Designer
39200000.0,Ботанический сад,11.0,3.0,117.9,20.0,20,Without renovation
39700000.0,Панфиловская,7.0,3.0,88.0,8.0,18,Designer
41000000.0,Динамо,1.0,3.0,90.0,8.0,13,European-style renovation
44000000.0,Беломорская,22.0,3.0,103.8,2.0,21,Designer
45000000.0,Выставочная,26.0,3.0,79.0,15.0,20,Designer
46000000.0,Аэропорт,14.0,3.0,123.8,1.0,16,European-style renovation
49900000.0,Петровский парк,15.0,3.0,66.3,13.0,37,Designer
55000000.0,Улица 1905 года,4.0,3.0,110.0,6.0,8,Designer
58000000.0,Минская,7.0,3.0,90.0,14.0,25,Without renovation
64000000.0,Фили,13.0,3.0,112.0,17.0,25,Designer
67000000.0,Арбатская,7.0,3.0,102.9,3.0,9,Cosmetic
70000000.0,Улица 1905 года,3.0,3.0,100.9,16.0,22,European-style renovation
69990000.0,Цветной бульвар,6.0,3.0,160.0,3.0,10,Designer
69900000.0,Третьяковская,9.0,3.0,102.0,7.0,9,European-style renovation
76000000.0,Проспект Мира,5.0,3.0,120.9,6.0,12,European-style renovation
93000000.0,Третьяковская,11.0,3.0,141.5,2.0,8,Without renovation
96000000.0,Улица 1905 года,11.0,3.0,100.0,7.0,18,Without renovation
99000000.0,Белорусская,7.0,3.0,126.6,6.0,27,Designer
115000000.0,Деловой центр,4.0,3.0,189.0,41.0,73,Designer
129990000.0,Кропоткинская,7.0,3.0,135.0,4.0,8,Designer
139000000.0,Улица 1905 года,15.0,3.0,100.0,18.0,21,Designer
160000000.0,Парк культуры,5.0,3.0,114.0,2.0,6,European-style renovation
165000000.0,Новокузнецкая,3.0,3.0,135.0,4.0,12,Designer
194800000.0,Киевская,5.0,3.0,160.0,47.0,54,European-style renovation
27770000.0,Парк Победы,3.0,3.0,67.6,5.0,12,Without renovation
30500000.0,Багратионовская,22.0,3.0,60.1,8.0,30,Designer
33000000.0,Нагатинский Затон,19.0,3.0,65.0,15.0,16,Designer
33500000.0,Крылатское,5.0,3.0,94.1,20.0,23,Designer
47000000.0,Щукинская,2.0,3.0,130.2,6.0,17,Designer
59900000.0,Раменки,11.0,3.0,109.0,12.0,18,Designer
64999999.0,Раменки,9.0,3.0,113.1,3.0,21,Designer
99000000.0,Парк культуры,2.0,3.0,106.4,5.0,6,Designer
115000000.0,Новокузнецкая,3.0,3.0,146.0,4.0,9,European-style renovation
139000000.0,Беговая,25.0,3.0,100.0,18.0,21,Designer
155000000.0,Спортивная,10.0,3.0,125.3,6.0,14,Without renovation
33400000.0,Технопарк,14.0,3.0,85.0,8.0,8,Cosmetic
35000000.0,Аминьевская,2.0,3.0,61.0,17.0,39,Designer
50000000.0,Шелепиха,2.0,3.0,108.0,12.0,53,Designer
84000000.0,Смоленская,9.0,3.0,212.4,5.0,17,Without renovation
153000000.0,Арбатская,6.0,3.0,94.1,2.0,8,Designer
86200000.0,ЦСКА,7.0,4.0,244.1,21.0,23,Cosmetic
73500000.0,Раменки,13.0,4.0,115.0,3.0,17,Designer
146000000.0,Кропоткинская,5.0,4.0,155.0,6.0,7,Designer
146000000.0,Кропоткинская,3.0,4.0,153.0,6.0,7,Designer
37990000.0,Народное Ополчение,10.0,4.0,94.5,20.0,58,Without renovation
145000000.0,Белорусская,6.0,4.0,200.0,4.0,6,Designer
159000000.0,Улица 1905 года,15.0,4.0,143.0,13.0,20,Designer
350000000.0,Парк культуры,6.0,4.0,233.2,6.0,8,European-style renovation
169000000.0,Библиотека и Ленина,4.0,4.0,137.0,4.0,5,Designer
180000000.0,Фрунзенская,10.0,4.0,187.0,7.0,11,Without renovation
125000000.0,Китай-город,11.0,4.0,108.6,2.0,9,Designer
169000000.0,Библиотека и Ленина,4.0,4.0,137.6,4.0,5,Designer
350000000.0,Парк культуры,6.0,4.0,249.0,2.0,6,Designer
59990000.0,Народное Ополчение,10.0,4.0,108.6,38.0,58,Designer
71000000.0,Марьина Роща,6.0,4.0,135.6,11.0,21,Without renovation
61988000.0,Минская,14.0,4.0,115.6,3.0,14,Without renovation
43000000.0,Народное Ополчение,10.0,4.0,108.2,11.0,58,Without renovation
52500000.0,Народное Ополчение,10.0,4.0,127.5,20.0,58,Without renovation
69000000.0,Минская,20.0,4.0,92.8,8.0,14,Designer
95000000.0,Раменки,1.0,4.0,201.0,14.0,23,Designer
125000000.0,Китай-город,13.0,4.0,109.0,2.0,9,Designer
170000000.0,Баррикадная,15.0,4.0,170.0,2.0,5,European-style renovation
42000000.0,Фили,6.0,4.0,113.0,4.0,44,Without renovation
270000000.0,Белорусская,7.0,4.0,316.0,6.0,6,Designer
59900000.0,Улица 1905 года,13.0,4.0,89.0,8.0,44,Designer
68000000.0,Смоленская,4.0,4.0,95.0,5.0,6,Designer
350000000.0,Боровицкая,11.0,4.0,216.0,4.0,6,Without renovation
190000000.0,Улица 1905 года,10.0,4.0,167.8,20.0,21,Designer
40000000.0,Кунцевская,19.0,4.0,97.9,6.0,12,Designer
67000000.0,Охотный ряд,4.0,4.0,84.8,2.0,8,Without renovation
80000000.0,Динамо,17.0,4.0,135.7,2.0,41,Designer
83000000.0,Динамо,15.0,4.0,138.3,24.0,41,Designer
110000000.0,Динамо,15.0,4.0,112.8,10.0,41,Designer
120000000.0,Белорусская,16.0,4.0,225.0,5.0,20,Without renovation
125000000.0,Динамо,15.0,4.0,135.3,37.0,41,Designer
155000000.0,Добрынинская,4.0,4.0,170.0,5.0,6,Designer
221000000.0,Фрунзенская,8.0,4.0,240.0,14.0,14,Designer
249990000.0,Маяковская,2.0,4.0,270.0,9.0,11,Designer
43000000.0,Народное Ополчение,10.0,4.0,108.0,11.0,54,Without renovation
130000000.0,Минская,16.0,4.0,203.4,10.0,17,Designer
155000000.0,Спортивная,6.0,4.0,179.2,2.0,6,Without renovation
156000000.0,Спортивная,8.0,4.0,140.0,5.0,15,Without renovation
180000000.0,Спортивная,7.0,4.0,186.8,7.0,11,Without renovation
92000000.0,Арбатская,9.0,4.0,169.0,6.0,6,Without renovation
120000000.0,Аэропорт,12.0,4.0,136.5,23.0,41,Designer
155000000.0,Спортивная,6.0,4.0,179.2,2.0,12,Without renovation
180000000.0,Спортивная,7.0,4.0,187.0,7.0,11,Without renovation
340000000.0,Смоленская,13.0,4.0,180.0,5.0,7,Designer
120000000.0,Петровский парк,15.0,4.0,135.6,23.0,37,Designer
130000000.0,Пушкинская,6.0,4.0,121.0,4.0,7,Designer
99000000.0,Ломоносовский проспект,1.0,4.0,129.4,17.0,18,Designer
40500000.0,Народное Ополчение,10.0,4.0,106.1,48.0,58,Without renovation
79000000.0,Ломоносовский проспект,17.0,4.0,145.0,36.0,48,Designer
50000000.0,Новослободская,6.0,4.0,297.0,3.0,3,Without renovation
79000000.0,Ломоносовский проспект,10.0,4.0,145.8,36.0,47,European-style renovation
80000000.0,Минская,19.0,4.0,186.4,11.0,44,Without renovation
132000000.0,Беговая,5.0,4.0,133.5,10.0,21,European-style renovation
185000000.0,Спортивная,10.0,4.0,171.0,4.0,6,Without renovation
61000000.0,Раменки,10.0,4.0,134.5,15.0,52,Without renovation
149600000.0,Смоленская,8.0,4.0,174.0,12.0,13,Without renovation
43000000.0,Народное Ополчение,9.0,4.0,118.6,9.0,48,Without renovation
155000000.0,Спортивная,10.0,4.0,133.1,6.0,14,Without renovation
281600000.0,Кропоткинская,3.0,4.0,128.0,2.0,5,Without renovation
57990000.0,Динамо,7.0,4.0,95.6,18.0,19,Designer
72000000.0,Петровский парк,15.0,4.0,91.0,10.0,41,Designer
85000000.0,Чистые пруды,11.0,4.0,161.0,2.0,6,Designer
87000000.0,Фрунзенская,5.0,4.0,145.2,7.0,14,Designer
114890000.0,Ломоносовский проспект,13.0,4.0,212.0,6.0,17,Designer
169275000.0,Кропоткинская,6.0,4.0,225.7,3.0,9,Designer
204000000.0,Фрунзенская,5.0,4.0,170.0,6.0,8,Without renovation
250000000.0,Пушкинская,6.0,4.0,185.0,5.0,8,Designer
53000000.0,Красные ворота,2.0,4.0,120.8,4.0,6,Designer
180000000.0,Спортивная,8.0,4.0,186.6,7.0,11,Without renovation
179000000.0,Таганская,9.0,4.0,140.0,4.0,8,Without renovation
52000000.0,Раменки,10.0,4.0,107.0,14.0,52,European-style renovation
83000000.0,Минская,5.0,4.0,147.0,15.0,24,European-style renovation
93000000.0,Шаболовская,8.0,4.0,128.9,10.0,16,Designer
145000000.0,Балтийская,13.0,4.0,332.0,6.0,6,Designer
155000000.0,Спортивная,6.0,4.0,179.2,2.0,5,Without renovation
180000000.0,Парк культуры,3.0,4.0,187.0,7.0,11,Without renovation
56000000.0,Мнёвники,28.0,4.0,111.2,16.0,56,Designer
59900000.0,Кутузовская,12.0,4.0,145.0,4.0,32,Without renovation
65000000.0,Шаболовская,11.0,4.0,105.0,6.0,8,Designer
70000000.0,Тульская,25.0,4.0,184.5,8.0,8,Without renovation
78500000.0,Петровский парк,16.0,4.0,132.9,7.0,41,Without renovation
81700000.0,Крылатское,8.0,4.0,132.0,2.0,4,European-style renovation
104500000.0,Китай-город,12.0,4.0,118.0,3.0,7,Without renovation
120000000.0,Третьяковская,6.0,4.0,121.0,3.0,7,Designer
144500000.0,Парк культуры,6.0,4.0,167.0,2.0,6,Designer
163990000.0,Фрунзенская,10.0,4.0,170.0,7.0,12,Without renovation
61488700.0,Минская,5.0,4.0,116.0,4.0,14,Without renovation
70000000.0,Тульская,5.0,4.0,185.0,8.0,8,Without renovation
74700000.0,Динамо,5.0,4.0,165.0,8.0,15,Without renovation
70000000.0,Тульская,25.0,4.0,184.5,8.0,8,Without renovation
62970000.0,Динамо,6.0,4.0,85.8,11.0,11,Designer
82400000.0,Шелепиха,16.0,4.0,110.0,1.0,19,Designer
176400000.0,Баррикадная,16.0,4.0,195.2,5.0,5,European-style renovation
43000000.0,Хорошево,7.0,4.0,122.0,15.0,24,European-style renovation
72100000.0,Шелепиха,16.0,4.0,105.0,27.0,46,Without renovation
80000000.0,Тверская,10.0,4.0,116.0,5.0,5,European-style renovation
82000000.0,Парк культуры,7.0,4.0,117.0,2.0,4,Designer
85000000.0,Тургеневская,9.0,4.0,160.0,2.0,6,European-style renovation
87000000.0,Фрунзенская,5.0,4.0,145.2,7.0,14,Cosmetic
137000000.0,Аэропорт,12.0,4.0,138.2,26.0,41,Designer
150000000.0,Беговая,5.0,4.0,155.8,12.0,21,European-style renovation
240000000.0,Кропоткинская,11.0,4.0,233.0,5.0,8,Designer
239000000.0,Маяковская,3.0,4.0,238.0,7.0,7,Designer
240000000.0,Киевская,12.0,4.0,172.0,5.0,9,Without renovation
300000000.0,Улица 1905 года,7.0,4.0,237.0,15.0,15,Designer
46500000.0,Хорошево,18.0,4.0,153.0,18.0,22,Designer
56000000.0,Беломорская,22.0,4.0,144.0,9.0,11,Designer
60000000.0,Новаторская,20.0,4.0,160.0,31.0,48,European-style renovation
61990000.0,Славянский бульвар,11.0,4.0,92.0,9.0,26,Without renovation
85000000.0,Щукинская,18.0,4.0,189.2,9.0,32,Designer
84800000.0,Улица 1905 года,9.0,4.0,170.0,6.0,14,Designer
85900000.0,Серпуховская,9.0,4.0,131.1,2.0,17,Designer
95000000.0,Деловой центр,7.0,4.0,155.0,44.0,53,Without renovation
153000000.0,Киевская,3.0,4.0,140.0,5.0,9,Without renovation
160000000.0,Белорусская,8.0,4.0,149.0,6.0,27,Designer
163000000.0,Улица 1905 года,7.0,4.0,158.0,12.0,21,Designer
165000000.0,Смоленская,8.0,4.0,184.0,5.0,7,Without renovation
243250000.0,Улица 1905 года,7.0,4.0,136.0,19.0,21,Designer
43400000.0,Шелепиха,3.0,4.0,146.5,26.0,28,Without renovation
52500000.0,Фили,15.0,4.0,100.0,23.0,25,Designer
85000000.0,Ломоносовский проспект,16.0,4.0,186.0,35.0,42,Without renovation
109900000.0,ЗИЛ,15.0,4.0,130.0,15.0,15,Designer
202625000.0,Спортивная,8.0,4.0,162.1,8.0,9,Designer
400000000.0,Спортивная,8.0,4.0,201.6,1.0,7,Designer
80000000.0,Ломоносовский проспект,12.0,4.0,144.2,8.0,50,European-style renovation
450000000.0,Арбатская,7.0,4.0,207.0,6.0,8,Designer
78500000.0,Славянский бульвар,11.0,4.0,160.0,9.0,23,Designer
110000000.0,Международная,4.0,4.0,185.2,35.0,73,Designer
119000000.0,Менделеевская,6.0,4.0,200.5,8.0,8,Designer
59500000.0,Раменки,10.0,4.0,108.0,21.0,50,Without renovation
159500000.0,Кутузовская,8.0,4.0,181.4,22.0,53,Designer
32700000.0,Автозаводская,2.0,4.0,97.0,7.0,7,European-style renovation
47000000.0,Ростокино,11.0,4.0,134.3,35.0,38,Designer
51988700.0,Минская,28.0,4.0,98.0,5.0,14,Without renovation
52000000.0,Раменки,10.0,4.0,107.7,15.0,52,Without renovation
70000000.0,ЦСКА,10.0,4.0,147.4,2.0,32,Designer
74000000.0,Краснопресненская,10.0,4.0,157.0,2.0,3,Designer
79900000.0,Петровский парк,16.0,4.0,137.6,8.0,41,Without renovation
98500000.0,Маяковская,5.0,4.0,141.3,11.0,13,Without renovation
109990000.0,Аэропорт,10.0,4.0,226.2,15.0,22,European-style renovation
119000000.0,Новослободская,8.0,4.0,200.0,7.0,8,European-style renovation
164844000.0,Ломоносовский проспект,4.0,4.0,137.0,8.0,9,Designer
209250000.0,Международная,6.0,4.0,225.0,63.0,79,Designer
235000000.0,Спортивная,11.0,4.0,178.0,6.0,12,Designer
19800000.0,Коммунарка,9.0,4.0,87.1,6.0,12,European-style renovation
42200000.0,ВДНХ,10.0,4.0,102.0,7.0,22,Without renovation
48500000.0,Университет,8.0,4.0,95.6,3.0,8,Cosmetic
48999000.0,Минская,5.0,4.0,95.8,9.0,14,Without renovation
47000000.0,Аминьевская,2.0,4.0,108.0,29.0,39,Without renovation
80900000.0,Маяковская,4.0,4.0,132.3,6.0,8,Designer
119000000.0,Третьяковская,2.0,4.0,168.0,4.0,6,European-style renovation
150000000.0,Курская,14.0,4.0,143.0,6.0,7,Designer
204000000.0,Ломоносовский проспект,4.0,4.0,170.0,6.0,12,Without renovation
18800000.0,Кантемировская,13.0,4.0,89.8,3.0,14,European-style renovation
47900000.0,Щукинская,6.0,4.0,102.4,14.0,20,Without renovation
85900000.0,Серпуховская,9.0,4.0,131.1,2.0,17,European-style renovation
91200000.0,Маяковская,3.0,4.0,215.0,8.0,10,Designer
102990000.0,Смоленская,5.0,4.0,158.0,8.0,13,Designer
120000000.0,Третьяковская,2.0,4.0,167.8,4.0,5,European-style renovation
130000000.0,Полянка,3.0,4.0,192.0,7.0,8,European-style renovation
165000000.0,Курская,11.0,4.0,182.0,6.0,10,Without renovation
164844000.0,Ломоносовский проспект,4.0,4.0,137.0,8.0,9,Without renovation
169000000.0,Библиотека и Ленина,4.0,4.0,136.6,4.0,5,Designer
242000000.0,Ломоносовский проспект,4.0,4.0,131.0,7.0,9,Designer
243000000.0,Ломоносовский проспект,4.0,4.0,132.0,2.0,9,Designer
44999000.0,Аминьевская,5.0,4.0,101.0,6.0,27,Without renovation
62999000.0,Аминьевская,5.0,4.0,143.0,16.0,27,Without renovation
75000000.0,Маяковская,2.0,4.0,145.5,2.0,8,European-style renovation
79000000.0,Новокузнецкая,7.0,4.0,84.97,3.0,5,Designer
83000000.0,Смоленская,12.0,4.0,111.0,6.0,6,Designer
225000000.0,Новокузнецкая,5.0,5.0,162.7,7.0,8,Designer
261800000.0,Новокузнецкая,5.0,5.0,238.0,8.0,9,Designer
342000000.0,Парк культуры,10.0,5.0,235.6,3.0,5,Without renovation
249990000.0,Маяковская,2.0,5.0,270.0,9.0,11,Designer
275000000.0,Белорусская,5.0,5.0,370.0,5.0,6,Designer
341000000.0,Спортивная,7.0,5.0,227.5,6.0,12,Without renovation
49000000.0,Народное Ополчение,9.0,5.0,122.4,37.0,48,Without renovation
69500000.0,Народное Ополчение,9.0,5.0,164.4,37.0,48,Without renovation
350000000.0,Спортивная,9.0,5.0,305.0,2.0,6,Designer
380000000.0,Ломоносовский проспект,4.0,5.0,303.0,3.0,12,Without renovation
145000000.0,Минская,12.0,5.0,162.0,36.0,44,Designer
249000000.0,Полянка,7.0,5.0,200.0,4.0,15,European-style renovation
330000000.0,Белорусская,12.0,5.0,285.0,7.0,7,Without renovation
340000000.0,Улица 1905 года,11.0,5.0,284.0,16.0,17,Designer
60000000.0,Цветной бульвар,4.0,5.0,134.7,2.0,4,European-style renovation
270000000.0,Спортивная,6.0,5.0,210.2,16.0,16,Without renovation
271700000.0,Спортивная,7.0,5.0,209.0,16.0,16,Without renovation
135000000.0,Выставочная,19.0,5.0,172.0,5.0,20,Without renovation
214990000.0,Улица 1905 года,9.0,5.0,300.0,5.0,10,Designer
271700000.0,Спортивная,9.0,5.0,208.9,16.0,16,Without renovation
93000000.0,Баррикадная,8.0,5.0,214.9,7.0,15,Designer
160000000.0,Аэропорт,10.0,5.0,218.3,19.0,57,Designer
160000000.0,Аэропорт,10.0,5.0,219.0,16.0,57,Designer
87000000.0,Славянский бульвар,23.0,5.0,131.0,16.0,26,Designer
250000000.0,Кропоткинская,10.0,5.0,250.0,3.0,5,Designer
116000000.0,Пушкинская,9.0,5.0,125.0,4.0,6,Designer
150000000.0,Петровский парк,17.0,5.0,153.5,21.0,36,Designer
450000000.0,Фрунзенская,5.0,5.0,300.0,3.0,6,European-style renovation
145000000.0,Минская,13.0,5.0,165.0,35.0,44,Designer
66900000.0,Марьина Роща,6.0,5.0,150.0,7.0,7,Without renovation
67000000.0,Раменки,10.0,5.0,136.8,19.0,52,Without renovation
145000000.0,Аэропорт,10.0,5.0,215.0,9.0,57,Designer
56000000.0,Динамо,7.0,5.0,95.0,15.0,18,Designer
83999000.0,Минская,28.0,5.0,135.0,7.0,14,Without renovation
159500000.0,Тверская,9.0,5.0,190.2,6.0,6,Designer
55000000.0,Тульская,18.0,5.0,142.0,13.0,13,Without renovation
90000000.0,Шелепиха,12.0,5.0,158.0,30.0,37,Without renovation
145000000.0,Минская,13.0,5.0,161.0,36.0,44,Designer
145000000.0,Ломоносовский проспект,13.0,5.0,216.6,20.0,38,Designer
149000000.0,Кропоткинская,3.0,5.0,220.0,3.0,5,European-style renovation
68000000.0,Чистые пруды,8.0,5.0,136.0,2.0,6,European-style renovation
77000000.0,Полежаевская,8.0,5.0,133.0,23.0,24,Designer
203500000.0,Смоленская,8.0,5.0,185.0,7.0,7,Without renovation
260000000.0,Кропоткинская,10.0,5.0,230.0,7.0,7,Designer
400000000.0,Спортивная,8.0,5.0,201.6,1.0,7,Designer
180000000.0,Смоленская,9.0,5.0,235.8,12.0,13,Without renovation
382500000.0,Театральная,5.0,5.0,296.0,7.0,7,Without renovation
93000000.0,Шелепиха,15.0,5.0,173.0,23.0,24,Designer
90000000.0,Шелепиха,15.0,5.0,173.0,23.0,24,Designer
123490000.0,Улица 1905 года,12.0,5.0,182.0,7.0,16,Designer
250000000.0,Кропоткинская,5.0,5.0,282.0,2.0,6,Designer
271700000.0,Фрунзенская,8.0,5.0,209.0,16.0,18,Without renovation
57500000.0,Аэропорт,12.0,5.0,150.0,27.0,34,Designer
64999000.0,Новослободская,11.0,5.0,150.0,2.0,6,European-style renovation
90000000.0,Проспект Вернадского,15.0,5.0,206.0,8.0,30,Designer
137200000.0,Калужская,12.0,5.0,280.0,21.0,35,Designer
149000000.0,Арбатская,6.0,5.0,242.0,6.0,7,Designer
250000000.0,Кропоткинская,5.0,5.0,282.0,2.0,6,Without renovation
295554000.0,Ломоносовский проспект,4.0,5.0,191.0,8.0,9,Designer
61488700.0,Минская,28.0,5.0,136.0,2.0,14,Without renovation
100899000.0,Минская,28.0,5.0,137.0,8.0,12,Without renovation
120000000.0,Академическая,10.0,5.0,150.0,20.0,22,Cosmetic
275000000.0,Белорусская,12.0,5.0,245.0,14.0,18,Designer
297000000.0,Ломоносовский проспект,4.0,5.0,238.2,3.0,12,Without renovation
359999965.0,Третьяковская,9.0,5.0,188.4,6.0,6,Designer
56988700.0,Аминьевская,5.0,5.0,134.0,10.0,25,Without renovation
82000000.0,Маяковская,4.0,5.0,129.0,5.0,8,Designer
89000000.0,Пушкинская,6.0,5.0,189.0,3.0,5,Cosmetic
124990000.0,Улица 1905 года,11.0,5.0,183.0,6.0,17,Without renovation
204120000.0,Ломоносовский проспект,4.0,5.0,170.1,6.0,12,Without renovation
295554000.0,Ломоносовский проспект,4.0,5.0,191.0,8.0,9,Without renovation
71999000.0,Профсоюзная,12.0,5.0,200.0,25.0,28,European-style renovation
89000000.0,Чеховская,6.0,5.0,188.0,3.0,5,Designer
170000000.0,Деловой центр,2.0,5.0,190.4,44.0,73,Designer
240680000.0,Минская,13.0,5.0,206.3,3.0,6,Without renovation
48000000.0,Новокузнецкая,5.0,5.0,120.0,2.0,4,European-style renovation
77000000.0,Крылатское,10.0,5.0,208.6,8.0,23,Designer
94000000.0,ЦСКА,13.0,5.0,225.0,22.0,23,Designer
119000000.0,Третьяковская,2.0,5.0,170.0,4.0,6,European-style renovation
125000000.0,Кропоткинская,5.0,5.0,175.0,4.0,5,Designer
160000000.0,Славянский бульвар,11.0,5.0,288.0,29.0,31,European-style renovation
180000000.0,Парк культуры,7.0,5.0,238.4,2.0,4,European-style renovation
180000000.0,Новослободская,8.0,5.0,198.8,4.0,10,Without renovation
243000000.0,Новокузнецкая,3.0,5.0,289.0,9.0,10,Without renovation
271000000.0,Фрунзенская,12.0,5.0,208.0,16.0,16,Without renovation
325000000.0,Александровский сад,7.0,5.0,305.0,2.0,7,Designer
341000000.0,Спортивная,7.0,5.0,227.0,6.0,12,Without renovation
54900000.0,Чистые пруды,15.0,5.0,125.0,3.0,3,European-style renovation
69000000.0,Кутузовская,4.0,5.0,136.0,4.0,9,Designer
99844800.0,Павелецкая,6.0,5.0,190.0,13.0,14,Without renovation
179000000.0,Новослободская,8.0,5.0,200.0,4.0,13,Without renovation
242970000.0,Новокузнецкая,3.0,5.0,289.0,9.0,10,Without renovation
120000000.0,Пушкинская,5.0,5.0,192.3,2.0,6,Designer
400000000.0,Спортивная,8.0,5.0,200.8,1.0,9,Designer
450000000.0,Пушкинская,12.0,5.0,260.0,6.0,9,Designer
60000000.0,Александровский сад,9.0,5.0,135.0,2.0,7,Cosmetic
180000000.0,Новослободская,8.0,5.0,198.8,4.0,10,Designer
330000000.0,Фрунзенская,16.0,5.0,202.0,5.0,9,Designer
360000000.0,Минская,29.0,5.0,297.5,28.0,52,Designer
400000000.0,Спортивная,6.0,5.0,202.0,1.0,7,Designer
105000000.0,Серпуховская,11.0,5.0,229.0,5.0,23,Without renovation
118500000.0,Славянский бульвар,29.0,5.0,212.0,27.0,30,Designer
125000000.0,Октябрьское поле,8.0,5.0,234.7,2.0,3,Without renovation
150000000.0,Октябрьское поле,8.0,5.0,243.6,3.0,3,Without renovation
155000000.0,Чистые пруды,6.0,5.0,200.0,3.0,6,Designer
351500000.0,Минская,10.0,5.0,370.0,5.0,6,Without renovation
76000000.0,Динамо,6.0,5.0,192.5,7.0,11,Without renovation
89989000.0,Октябрьское поле,5.0,5.0,317.7,25.0,27,Without renovation
92000000.0,Крылатское,4.0,5.0,226.2,7.0,10,Designer
98500000.0,Курская,4.0,5.0,153.0,4.0,4,Designer
100000000.0,Ломоносовский проспект,17.0,5.0,145.0,25.0,42,Designer
115000000.0,Славянский бульвар,11.0,5.0,212.0,27.0,31,European-style renovation
142000000.0,Кропоткинская,11.0,5.0,184.0,4.0,5,Designer
145000000.0,Раменки,12.0,5.0,196.0,11.0,21,Designer
157300000.0,Маяковская,9.0,5.0,250.5,3.0,8,Designer
160000000.0,Белорусская,8.0,5.0,180.0,16.0,24,Without renovation
176000000.0,Улица 1905 года,7.0,5.0,190.0,10.0,21,Designer
195000000.0,Улица 1905 года,7.0,5.0,184.0,17.0,21,Designer
199000000.0,Арбатская,6.0,5.0,177.0,3.0,7,European-style renovation
200000000.0,Тушинская,14.0,5.0,317.7,5.0,5,Designer
218000000.0,Боровицкая,6.0,5.0,320.0,4.0,4,Designer
242000000.0,Арбатская,6.0,5.0,190.0,5.0,7,Designer
271000000.0,Спортивная,8.0,5.0,209.0,16.0,16,Without renovation
295500000.0,Кропоткинская,6.0,5.0,193.0,2.0,6,Designer
53000000.0,Коломенская,18.0,5.0,183.5,12.0,14,European-style renovation
61488700.0,Минская,5.0,5.0,136.0,2.0,14,Without renovation
110000000.0,Технопарк,9.0,5.0,187.2,16.0,17,Without renovation
140000000.0,Смоленская,4.0,5.0,201.0,3.0,5,European-style renovation
140000000.0,Кропоткинская,10.0,5.0,181.4,4.0,5,European-style renovation
154000000.0,Полянка,6.0,5.0,229.0,8.0,9,Designer
180000000.0,Минская,14.0,5.0,178.0,6.0,8,Without renovation
195000000.0,Минская,10.0,5.0,232.0,4.0,7,Designer
199000000.0,Арбатская,6.0,5.0,177.0,3.0,7,European-style renovation
62000000.0,Минская,5.0,5.0,136.0,2.0,14,Without renovation
69000000.0,Раменки,2.0,5.0,198.9,10.0,19,European-style renovation
128000000.0,Маяковская,3.0,5.0,229.0,7.0,8,Designer
130000000.0,Кропоткинская,5.0,5.0,172.0,4.0,5,European-style renovation
130000000.0,Ломоносовский проспект,16.0,5.0,370.0,21.0,21,Designer
150000000.0,Новослободская,1.0,5.0,350.0,17.0,17,European-style renovation
230000000.0,Маяковская,11.0,5.0,196.8,5.0,6,Designer
243000000.0,Новокузнецкая,3.0,5.0,288.8,9.0,11,Without renovation
250000000.0,Парк культуры,7.0,5.0,245.0,3.0,4,European-style renovation
264600000.0,Деловой центр,1.0,5.0,270.0,92.0,95,Designer
270000000.0,Кропоткинская,10.0,5.0,310.9,1.0,5,European-style renovation
275000000.0,Белорусская,12.0,5.0,245.0,14.0,18,Without renovation
296400000.0,Спортивная,7.0,5.0,228.0,6.0,12,Without renovation
116000000.0,Рабочий Посёлок,8.0,5.0,273.0,14.0,17,European-style renovation
158000000.0,Белорусская,8.0,5.0,180.0,16.0,24,Without renovation
185000000.0,Киевская,7.0,5.0,180.0,7.0,9,Designer
38500000.0,Бульвар Дмитрия Донского,11.0,5.0,161.5,9.0,10,Designer
120000000.0,Аминьевская,6.0,5.0,170.0,19.0,25,Without renovation
125000000.0,Кропоткинская,5.0,5.0,170.0,4.0,5,Designer
155000000.0,Чистые пруды,6.0,5.0,200.0,3.0,6,Designer
194700000.0,Фрунзенская,8.0,5.0,204.7,10.0,13,Without renovation
299000000.0,Смоленская,15.0,5.0,313.0,2.0,7,Designer
40900000.0,Спартак,3.0,5.0,142.0,12.0,22,Without renovation
63790000.0,Менделеевская,3.0,5.0,217.0,5.0,7,Cosmetic
68900000.0,Молодежная,12.0,5.0,160.0,21.0,22,Without renovation
71000000.0,Кунцевская,9.0,5.0,232.5,11.0,13,Without renovation
74500000.0,Аэропорт,5.0,5.0,180.8,9.0,19,Designer
200000000.0,Улица 1905 года,12.0,6.0,250.8,34.0,44,Designer
350000000.0,Спортивная,9.0,6.0,305.0,2.0,5,Designer
340000000.0,Спортивная,9.0,6.0,315.0,2.0,6,Designer
350000000.0,Спортивная,8.0,6.0,305.0,2.0,5,Designer
400000000.0,Арбатская,7.0,6.0,192.7,6.0,8,Designer
125000000.0,Ростокино,11.0,6.0,260.0,35.0,38,Designer
210000000.0,Деловой центр,15.0,6.0,225.0,14.0,20,Without renovation
380000000.0,Ломоносовский проспект,4.0,6.0,303.8,3.0,12,Designer
89000000.0,Минская,6.0,6.0,233.0,3.0,22,Without renovation
115000000.0,Деловой центр,4.0,6.0,189.0,40.0,90,Designer
220000000.0,Чистые пруды,7.0,6.0,315.0,5.0,6,European-style renovation
129900000.0,Сокол,10.0,6.0,235.0,2.0,5,European-style renovation
200000000.0,Славянский бульвар,26.0,6.0,385.0,1.0,1,Without renovation
350000000.0,Новослободская,7.0,6.0,357.2,4.0,4,Without renovation
130000000.0,Ломоносовский проспект,4.0,6.0,180.0,28.0,53,Designer
200000000.0,Матвеевская,18.0,6.0,386.0,1.0,1,Without renovation
99000000.0,Чистые пруды,5.0,6.0,207.0,2.0,5,European-style renovation
117000000.0,Октябрьское поле,8.0,6.0,243.0,9.0,21,Designer
125000000.0,Улица 1905 года,11.0,6.0,182.25,6.0,17,Designer
156750000.0,Сокол,15.0,6.0,284.0,1.0,5,European-style renovation
200000000.0,Минская,7.0,6.0,385.0,1.0,3,Without renovation
215000000.0,Университет,5.0,6.0,245.0,16.0,17,European-style renovation
270250000.0,Спортивная,9.0,6.0,208.9,16.0,16,Without renovation
320000000.0,Маяковская,10.0,6.0,300.0,6.0,9,Designer
52000000.0,Кунцевская,12.0,6.0,229.7,4.0,15,Without renovation
148900000.0,Щукинская,7.0,6.0,200.0,20.0,22,Without renovation
380000000.0,Ломоносовский проспект,4.0,6.0,303.8,3.0,9,Without renovation
72157940.0,Стрешнево,11.0,6.0,172.9,27.0,27,Without renovation
91000000.0,Октябрьское поле,5.0,6.0,203.6,7.0,20,Designer
180000000.0,Кропоткинская,3.0,6.0,330.0,7.0,7,Designer
89000000.0,Пушкинская,6.0,6.0,189.0,3.0,5,Without renovation
124490000.0,Улица 1905 года,9.0,6.0,184.0,6.0,17,Designer
180000000.0,Кропоткинская,3.0,6.0,332.4,7.0,7,Designer
250000000.0,Кропоткинская,5.0,6.0,282.0,2.0,6,European-style renovation
297000000.0,Ломоносовский проспект,4.0,6.0,239.0,3.0,8,Without renovation
380000000.0,Ломоносовский проспект,4.0,6.0,304.0,3.0,8,Without renovation
65000000.0,Речной вокзал,6.0,6.0,227.0,17.0,17,Designer
129375000.0,Шаболовская,10.0,6.0,287.5,22.0,29,Designer
308000000.0,Фрунзенская,5.0,6.0,310.0,4.0,20,Designer
46500000.0,Нагорная,13.0,6.0,187.0,9.0,9,Without renovation
192000000.0,Парк Победы,7.0,6.0,320.0,3.0,48,Designer
268940000.0,Давыдково,27.0,6.0,384.2,1.0,3,Designer
435000000.0,Маяковская,6.0,6.0,300.0,7.0,12,Designer
450000000.0,Фрунзенская,10.0,6.0,338.4,10.0,15,Without renovation
65000000.0,Рабочий Посёлок,13.0,6.0,232.0,24.0,24,Without renovation
73000000.0,Хорошево,7.0,6.0,208.0,10.0,19,Designer
230000000.0,Шаболовская,12.0,6.0,230.0,17.0,17,Designer
330000000.0,Октябрьское поле,8.0,6.0,353.0,3.0,3,Designer
88000000.0,Алексеевская,11.0,6.0,181.7,15.0,15,Without renovation
110000000.0,Технопарк,19.0,6.0,184.0,12.0,13,Designer
142450000.0,Баррикадная,8.0,6.0,259.3,7.0,7,Designer
143000000.0,Аэропорт,10.0,6.0,180.0,14.0,22,Designer
155000000.0,Выставочная,19.0,6.0,235.0,15.0,20,Without renovation
200000000.0,Аминьевская,6.0,6.0,385.0,1.0,25,Without renovation
211800000.0,Народное Ополчение,5.0,6.0,353.0,1.0,3,Designer
230000000.0,Шаболовская,12.0,6.0,229.3,17.0,17,Designer
356250000.0,Минская,14.0,6.0,375.0,5.0,6,Designer
320000000.0,Маяковская,10.0,6.0,300.0,6.0,10,European-style renovation
125000000.0,Китай-город,4.0,6.0,240.0,5.0,6,Designer
160000000.0,Кузнецкий мост,3.0,6.0,326.0,4.0,5,European-style renovation
399000000.0,Смоленская,8.0,6.0,348.0,7.0,7,Without renovation
440000000.0,Спортивная,9.0,6.0,387.0,4.0,5,Designer
82000000.0,Парк культуры,8.0,6.0,176.0,2.0,6,Cosmetic
85000000.0,Филёвский парк,3.0,6.0,269.0,16.0,17,European-style renovation
128990000.0,Смоленская,9.0,6.0,350.0,4.0,4,Designer
130000000.0,ЗИЛ,14.0,6.0,222.0,1.0,3,Without renovation
143165000.0,Смоленская,7.0,6.0,260.3,3.0,13,Without renovation
210000000.0,Полежаевская,7.0,6.0,375.0,13.0,25,Designer
350000000.0,Фрунзенская,3.0,6.0,305.0,2.0,6,Designer
417450000.0,Минская,13.0,6.0,379.5,5.0,6,Without renovation
450000000.0,Спортивная,9.0,6.0,355.0,3.0,5,Designer
300000000.0,Новослободская,8.0,6.0,298.0,6.0,10,Designer
380000000.0,Ломоносовский проспект,4.0,6.0,303.0,3.0,12,Without renovation
82000000.0,Кропоткинская,13.0,6.0,176.0,2.0,6,Without renovation
90000000.0,Октябрьское поле,5.0,6.0,317.7,26.0,27,Without renovation
129000000.0,Смоленская,9.0,6.0,350.0,4.0,5,Designer
296000000.0,Ломоносовский проспект,4.0,6.0,237.0,3.0,12,Without renovation
350000000.0,Спортивная,9.0,6.0,305.0,2.0,5,Designer
35000000.0,Тушинская,6.0,6.0,88.2,12.0,17,Without renovation
99000000.0,Раменки,2.0,6.0,319.0,18.0,19,Designer
100000000.0,Молодежная,14.0,6.0,340.0,21.0,21,Without renovation
129000000.0,Смоленская,9.0,6.0,336.4,4.0,4,Designer
140000000.0,Полянка,6.0,6.0,327.5,1.0,2,Without renovation
150000000.0,Новослободская,2.0,6.0,350.0,17.0,17,Designer
186000000.0,Китай-город,6.0,6.0,336.4,4.0,4,Cosmetic
230000000.0,Чеховская,4.0,6.0,321.7,5.0,5,Designer
38900000.0,Маяковская,4.0,6.0,103.2,3.0,6,Cosmetic
61999999.0,Серпуховская,15.0,6.0,138.0,33.0,46,Without renovation
63000000.0,Раменки,2.0,6.0,185.6,15.0,23,Designer
67500000.0,Народное Ополчение,3.0,6.0,280.0,15.0,16,European-style renovation
67000000.0,Менделеевская,14.0,6.0,161.5,4.0,6,Designer
79000000.0,Минская,18.0,6.0,255.2,21.0,22,Without renovation
85000000.0,Пушкинская,3.0,6.0,272.4,5.0,6,Without renovation
85000000.0,Раменки,9.0,6.0,130.0,13.0,21,Designer
99000000.0,Сретенский бульвар,5.0,6.0,207.0,2.0,5,Cosmetic
99000000.0,Ломоносовский проспект,17.0,6.0,345.0,17.0,18,Designer
104000000.0,Комсомольская,9.0,6.0,161.0,22.0,28,Without renovation
106140000.0,Полежаевская,8.0,6.0,183.0,23.0,24,Without renovation
120000000.0,Дмитровская,1.0,6.0,154.0,58.0,59,Designer
129000000.0,Смоленская,8.0,6.0,336.4,4.0,4,Designer
130000000.0,Ломоносовский проспект,19.0,6.0,272.5,21.0,22,Designer
146000000.0,Проспект Вернадского,17.0,6.0,300.0,8.0,8,Designer
155000000.0,Чистые пруды,5.0,6.0,261.0,3.0,6,Designer
177000000.0,Чистые пруды,5.0,6.0,300.0,3.0,5,European-style renovation
185000000.0,Ленинский проспект,20.0,6.0,271.0,17.0,17,Without renovation
199000000.0,Менделеевская,6.0,6.0,320.0,3.0,20,Designer
225000000.0,Парк культуры,7.0,6.0,331.6,8.0,8,Designer
225000000.0,Цветной бульвар,5.0,6.0,280.0,6.0,7,Cosmetic
230000000.0,Арбатская,11.0,6.0,304.0,4.0,5,Without renovation
236565000.0,Полянка,3.0,6.0,225.3,2.0,8,Without renovation
270000000.0,Кропоткинская,10.0,6.0,310.9,2.0,3,Designer
280000000.0,Ломоносовский проспект,15.0,6.0,388.0,11.0,17,Designer
289000000.0,Кропоткинская,10.0,6.0,301.5,2.0,3,Designer
306100000.0,Спортивная,7.0,6.0,235.5,5.0,12,Without renovation
319900000.0,Новослободская,8.0,6.0,300.0,6.0,10,European-style renovation
325000000.0,Деловой центр,2.0,6.0,355.0,82.0,95,Without renovation
341000000.0,Спортивная,7.0,6.0,227.82,3.0,12,Without renovation
125000000.0,Аэропорт,12.0,0.0,135.3,37.0,37,Without renovation
119000000.0,Белорусская,6.0,0.0,277.0,4.0,6,Without renovation
42000000.0,Белорусская,5.0,0.0,91.0,5.0,6,Without renovation
24500000.0,Ростокино,11.0,0.0,100.0,8.0,38,Without renovation
16300000.0,Народное Ополчение,19.0,0.0,37.3,2.0,28,Without renovation
43000000.0,Молодежная,14.0,0.0,208.0,19.0,22,Without renovation
18690000.0,Стахановская,4.0,0.0,63.7,16.0,23,Without renovation
17600000.0,Народное Ополчение,19.0,0.0,38.0,11.0,28,Without renovation
33999999.0,Минская,5.0,0.0,74.6,1.0,14,Without renovation
11450000.0,ВДНХ,7.0,0.0,30.2,7.0,22,Without renovation
14250000.0,Аэропорт Внуково,5.0,0.0,107.0,1.0,5,Without renovation
72000000.0,Новаторская,20.0,0.0,206.0,22.0,51,Without renovation
78500000.0,Добрынинская,12.0,0.0,110.5,11.0,12,Without renovation
129500000.0,Деловой центр,1.0,0.0,188.5,75.0,95,Designer
47500000.0,Ростокино,11.0,0.0,135.0,30.0,38,Without renovation
34000000.0,Ростокино,12.0,0.0,126.4,22.0,59,Without renovation
53900000.0,Динамо,11.0,0.0,123.0,17.0,36,Without renovation
224500000.0,Арбатская,6.0,0.0,187.0,5.0,6,Without renovation
26500000.0,Аминьевская,11.0,0.0,70.0,20.0,42,Without renovation
32500000.0,Выставочный центр,4.0,0.0,115.0,10.0,38,Without renovation
60000000.0,Ростокино,11.0,0.0,157.0,35.0,38,Without renovation
29500000.0,Свиблово,6.0,0.0,112.0,22.0,23,Without renovation
51000000.0,Ясенево,3.0,0.0,138.3,13.0,23,Without renovation
27500000.0,Аминьевская,11.0,0.0,71.0,19.0,34,European-style renovation
42000000.0,Ростокино,12.0,0.0,126.0,22.0,59,Without renovation
43000000.0,Серпуховская,10.0,0.0,63.0,5.0,14,Designer
20500000.0,Полежаевская,17.0,0.0,44.0,12.0,27,Without renovation
66937499.0,Тимирязевская,2.0,0.0,157.5,5.0,16,Without renovation
67294999.0,Тимирязевская,2.0,0.0,157.5,6.0,16,Without renovation
12500000.0,Щелковская,6.0,0.0,60.9,3.0,9,Cosmetic
12750000.0,Солнцево,6.0,0.0,53.9,19.0,22,Without renovation
34000000.0,Зябликово,7.0,0.0,71.7,30.0,30,Without renovation
11490000.0,Новопеределкино,6.0,0.0,45.0,11.0,11,Without renovation
16500000.0,Карамышевская,9.0,0.0,32.9,13.0,17,European-style renovation
17000000.0,Балтийская,15.0,0.0,45.4,1.0,5,Without renovation
17500000.0,Рижская,24.0,0.0,75.0,3.0,4,Designer
21000000.0,Угрешская,4.0,0.0,68.7,22.0,30,Without renovation
23000000.0,Селигерская,6.0,0.0,57.6,1.0,11,Without renovation
25499000.0,Аминьевская,8.0,0.0,53.41,27.0,39,Without renovation
26500000.0,Сходненская,17.0,0.0,62.0,1.0,5,Without renovation
33000000.0,Ростокино,10.0,0.0,135.0,30.0,38,Without renovation
38000000.0,Ростокино,12.0,0.0,109.0,55.0,59,Without renovation
38000000.0,Ростокино,13.0,0.0,128.0,52.0,58,Without renovation
43000000.0,Народное Ополчение,9.0,0.0,118.6,9.0,48,Without renovation
49990000.0,Маяковская,8.0,0.0,81.5,3.0,7,Without renovation
49990000.0,Маяковская,8.0,0.0,81.5,3.0,7,Without renovation
68000000.0,Славянский бульвар,22.0,0.0,101.0,11.0,23,Without renovation
72000000.0,Молодежная,7.0,0.0,153.5,10.0,28,Without renovation
72900000.0,Белорусская,6.0,0.0,121.5,6.0,6,Without renovation
73854000.0,Арбатская,6.0,0.0,77.4,5.0,7,Without renovation
79000000.0,Пролетарская,1.0,0.0,270.0,15.0,16,Without renovation
84000000.0,Шелепиха,18.0,0.0,170.0,18.0,19,Without renovation
99000000.0,Белорусская,7.0,0.0,190.0,4.0,6,Without renovation
116500000.0,Курская,6.0,0.0,200.0,11.0,11,Without renovation
134681000.0,Арбатская,6.0,0.0,138.2,4.0,7,Without renovation
179000000.0,Белорусская,6.0,0.0,342.0,4.0,6,Without renovation
180000000.0,Белорусская,5.0,0.0,336.8,5.0,6,Without renovation
10900000.0,ЗИЛ,11.0,0.0,77.0,3.0,5,Without renovation
24500000.0,Улица 1905 года,8.0,0.0,64.8,4.0,4,Without renovation
40000000.0,Войковская,9.0,0.0,92.1,13.0,24,Without renovation
44880000.0,Динамо,7.0,0.0,93.5,13.0,18,Without renovation
58000000.0,Арбатская,6.0,0.0,66.0,5.0,6,Without renovation
3820000.0,Таганская,13.0,0.0,13.0,1.0,14,Without renovation
4920000.0,Таганская,13.0,0.0,16.8,1.0,14,Without renovation
4980000.0,Курская,18.0,0.0,17.0,1.0,14,Without renovation
6950000.0,ЗИЛ,12.0,0.0,39.5,4.0,4,Designer
8500000.0,Ботанический сад,21.0,0.0,30.2,14.0,18,Without renovation
8590000.0,Строгино,5.0,0.0,53.8,2.0,3,Without renovation
8900000.0,Филатов Луг,11.0,0.0,66.6,4.0,4,Without renovation
10900000.0,Локомотив,23.0,0.0,30.0,5.0,30,European-style renovation
15000000.0,Пражская,10.0,0.0,60.0,2.0,9,European-style renovation
15500000.0,Водный стадион,6.0,0.0,49.8,3.0,26,Without renovation
17000000.0,Тушинская,19.0,0.0,54.0,4.0,4,Cosmetic
20500000.0,Профсоюзная,21.0,0.0,65.2,15.0,23,Without renovation
23000000.0,Рассказовка,5.0,0.0,85.0,10.0,22,European-style renovation
25500000.0,Новые Черемушки,9.0,0.0,81.3,3.0,6,Without renovation
31017000.0,Ростокино,20.0,0.0,147.0,22.0,23,Cosmetic
32100000.0,Гражданская,3.0,0.0,135.3,1.0,5,Without renovation
35900000.0,Аминьевская,11.0,0.0,93.9,34.0,39,Without renovation
49000000.0,Петровский парк,10.0,0.0,94.9,24.0,25,Without renovation
59000000.0,Арбатская,5.0,0.0,71.5,5.0,6,Without renovation
65000000.0,Парк Победы,13.0,0.0,93.5,27.0,28,Without renovation
235000000.0,Деловой центр,3.0,0.0,353.2,82.0,95,Without renovation
4200000.0,Подольск,35.0,0.0,58.0,1.0,5,Without renovation
5100000.0,Перерва,11.0,0.0,31.3,2.0,2,European-style renovation
6250000.0,Сокольники,12.0,0.0,30.0,1.0,6,European-style renovation
6560000.0,Ботанический сад,4.0,0.0,25.3,5.0,18,Without renovation
7750000.0,Коммунарка,9.0,0.0,31.9,2.0,15,Without renovation
7990000.0,Царицыно,26.0,0.0,30.0,11.0,17,Cosmetic
8450000.0,Бунинская Аллея,4.0,0.0,41.6,3.0,16,Without renovation
8850000.0,Рассказовка,7.0,0.0,36.0,2.0,5,Without renovation
9000000.0,Ботанический сад,15.0,0.0,33.5,18.0,18,Without renovation
9200000.0,Царицыно,5.0,0.0,44.0,8.0,16,Without renovation
9320000.0,Сокольники,13.0,0.0,32.0,1.0,3,Without renovation
9599000.0,Улица Старокачаловская,12.0,0.0,40.0,3.0,12,Cosmetic
9900000.0,Черкизовская,21.0,0.0,38.6,4.0,5,Without renovation
10900000.0,Черкизовская,18.0,0.0,30.0,5.0,5,Designer
10990000.0,Бауманская,13.0,0.0,35.0,3.0,3,Designer
11000000.0,Ольховая,21.0,0.0,38.7,9.0,14,Without renovation
11000000.0,Коммунарка,6.0,0.0,45.0,15.0,23,Without renovation
11800000.0,Автозаводская,5.0,0.0,50.0,1.0,13,Cosmetic
12600000.0,Ботанический сад,4.0,0.0,48.8,11.0,18,Cosmetic
13200000.0,Калитники,8.0,0.0,48.6,8.0,8,Without renovation
13500000.0,Кунцевская,4.0,0.0,43.0,6.0,29,Without renovation
13850000.0,Алексеевская,9.0,0.0,55.8,5.0,7,Without renovation
14400000.0,Курьяново,5.0,0.0,52.6,10.0,16,Without renovation
14550000.0,Ботанический сад,4.0,0.0,56.0,18.0,18,Cosmetic
15200000.0,Бульвар Адмирала Ушакова,6.0,0.0,69.9,7.0,15,Without renovation
15400000.0,Кунцевская,5.0,0.0,53.3,11.0,15,Without renovation
16000000.0,Первомайская,5.0,0.0,83.2,1.0,3,Designer
18600000.0,Дмитровская,1.0,0.0,40.0,6.0,59,Without renovation
18500000.0,Кузнецкий мост,3.0,0.0,21.0,4.0,4,Without renovation
19000000.0,Хорошёвская,8.0,0.0,33.7,6.0,24,Without renovation
18900000.0,Юго-Западная,11.0,0.0,50.5,10.0,16,European-style renovation
19400000.0,ВДНХ,6.0,0.0,57.4,22.0,23,Without renovation
19700000.0,Прокшино,8.0,0.0,138.7,1.0,3,Without renovation
19700000.0,Прокшино,5.0,0.0,138.7,3.0,3,Without renovation
19800000.0,Динамо,7.0,0.0,44.0,10.0,17,Without renovation
21500000.0,Окружная,13.0,0.0,80.0,18.0,18,Without renovation
22834000.0,Бауманская,19.0,0.0,69.7,6.0,7,Without renovation
24000000.0,Технопарк,14.0,0.0,60.7,2.0,20,Cosmetic
24499999.0,Минская,5.0,0.0,43.9,8.0,14,Without renovation
25000000.0,Алексеевская,4.0,0.0,62.3,6.0,15,Without renovation
24969230.0,Алексеевская,2.0,0.0,62.97,13.0,15,Without renovation
25000000.0,Ховрино,1.0,0.0,71.3,9.0,32,Without renovation
25918000.0,Бауманская,19.0,0.0,85.2,7.0,7,Without renovation
26200000.0,Зябликово,5.0,0.0,80.2,7.0,30,Without renovation
26700000.0,Алексеевская,2.0,0.0,59.78,14.0,15,Without renovation
26800000.0,Полежаевская,6.0,0.0,56.1,18.0,27,Without renovation
27000000.0,ЦСКА,9.0,0.0,51.9,22.0,24,Without renovation
27500000.0,Панфиловская,2.0,0.0,130.0,4.0,11,Without renovation
28000000.0,Физтех,4.0,0.0,96.0,3.0,4,Designer
28900000.0,Алексеевская,2.0,0.0,75.94,11.0,15,Without renovation
29052438.0,Алексеевская,2.0,0.0,79.12,10.0,15,Cosmetic
30100000.0,Технопарк,12.0,0.0,66.0,11.0,20,Without renovation
32000000.0,Кунцевская,4.0,0.0,85.0,29.0,29,Without renovation
33000000.0,Тестовская,2.0,0.0,45.1,50.0,65,Without renovation
34000000.0,Аминьевская,4.0,0.0,96.0,3.0,25,Without renovation
34500000.0,Аминьевская,6.0,0.0,73.0,4.0,37,Without renovation
35000000.0,Выставочная,12.0,0.0,40.0,59.0,68,Without renovation
37500000.0,Новокузнецкая,6.0,0.0,42.0,3.0,5,Without renovation
37990000.0,Бауманская,17.0,0.0,75.0,9.0,23,Without renovation
37990000.0,Бауманская,17.0,0.0,75.0,9.0,23,Designer
39500000.0,Технопарк,14.0,0.0,70.8,2.0,20,Without renovation
40000000.0,Алексеевская,12.0,0.0,90.0,8.0,35,Without renovation
40500000.0,Аминьевская,11.0,0.0,97.0,6.0,42,Without renovation
40883244.0,Алексеевская,4.0,0.0,112.0,12.0,15,Cosmetic
41000000.0,Технопарк,12.0,0.0,61.1,19.0,20,Without renovation
41500000.0,Новокузнецкая,6.0,0.0,44.0,3.0,5,Without renovation
41850000.0,Пенягино,18.0,0.0,155.0,7.0,7,Without renovation
42000000.0,Минская,5.0,0.0,71.2,8.0,14,Without renovation
42675500.0,Сходненская,17.0,0.0,121.21,1.0,5,Without renovation
42500000.0,Минская,20.0,0.0,111.0,9.0,22,Designer
43500000.0,Матвеевская,18.0,0.0,70.2,19.0,26,Without renovation
43390000.0,Арбатская,8.0,0.0,93.8,4.0,4,Cosmetic
46000000.0,Алексеевская,2.0,0.0,111.45,9.0,15,Cosmetic
47052500.0,Сходненская,17.0,0.0,79.55,5.0,5,Without renovation
47000000.0,Шелепиха,10.0,0.0,87.2,4.0,45,Designer
48000000.0,Добрынинская,12.0,0.0,143.5,5.0,29,Without renovation
49000000.0,Тульская,25.0,0.0,170.0,3.0,4,Without renovation
49370000.0,Фили,6.0,0.0,102.0,29.0,36,Without renovation
49900000.0,Крылатское,9.0,0.0,162.0,15.0,35,Without renovation
49900000.0,Маяковская,5.0,0.0,61.0,4.0,13,Cosmetic
49800000.0,Добрынинская,12.0,0.0,154.0,4.0,30,Without renovation
49900000.0,Маяковская,5.0,0.0,61.0,4.0,12,Without renovation
53000000.0,Коломенская,7.0,0.0,330.4,1.0,21,Without renovation
52999000.0,Шелепиха,15.0,0.0,100.0,9.0,19,Without renovation
53000000.0,Коломенская,7.0,0.0,330.4,2.0,21,Without renovation
53500000.0,Алексеевская,2.0,0.0,123.88,11.0,15,Without renovation
53490000.0,Фили,6.0,0.0,108.0,5.0,6,Without renovation
55000000.0,Технопарк,14.0,0.0,138.0,16.0,21,Without renovation
54950000.0,Фили,6.0,0.0,105.0,16.0,22,Without renovation
56000000.0,Деловой центр,5.0,0.0,72.0,28.0,78,Without renovation
57000000.0,Алексеевская,2.0,0.0,129.55,15.0,15,Without renovation
34416000.0,Чеховская,5.0,0.0,38.2,3.0,3,Without renovation
19300000.0,Деловой центр,4.0,0.0,26.4,19.0,85,Designer
4473000.0,Пятницкое шоссе,25.0,0.0,14.2,5.0,9,European-style renovation
4877000.0,Пятницкое шоссе,25.0,0.0,15.5,7.0,9,European-style renovation
5190000.0,Пятницкое шоссе,25.0,0.0,17.3,6.0,9,European-style renovation
8580000.0,Бескудниково,19.0,0.0,22.4,7.0,7,Designer
6700000.0,Бескудниково,19.0,0.0,15.1,7.0,7,Designer
7330000.0,Бескудниково,19.0,0.0,19.0,7.0,7,Designer
6790000.0,Бескудниково,19.0,0.0,17.6,7.0,7,Designer
10800000.0,Ростокино,13.0,0.0,28.0,5.0,10,Designer
4450000.0,Москворечье,19.0,0.0,13.5,2.0,5,Cosmetic
3750000.0,Кунцевская,5.0,0.0,12.0,1.0,17,Designer
4800000.0,Волжская,5.0,0.0,17.4,2.0,5,Designer
4880000.0,Кунцевская,5.0,0.0,18.1,1.0,17,Designer
16300000.0,Фили,14.0,0.0,31.0,11.0,25,Designer
7011873.0,Электрозаводская,10.0,0.0,18.5,7.0,8,Designer
19475000.0,Международная,3.0,0.0,20.0,35.0,85,Designer
44000000.0,Деловой центр,6.0,0.0,52.0,53.0,79,Designer
17000000.0,Фили,15.0,0.0,29.4,12.0,25,Designer
8193000.0,Кузнецкий мост,5.0,0.0,27.8,8.0,10,European-style renovation
10649000.0,Коломенская,18.0,0.0,25.4,2.0,33,European-style renovation
36500000.0,Международная,5.0,0.0,51.4,39.0,68,Without renovation
9350000.0,Селигерская,21.0,0.0,23.8,18.0,18,Designer
10000000.0,Говорово,6.0,0.0,22.2,11.0,24,Cosmetic
4347500.0,Медведково,5.0,0.0,18.5,1.0,17,Cosmetic
5890000.0,Савеловская,13.0,0.0,23.0,2.0,2,Designer
5900291.0,Преображенская площадь,10.0,0.0,15.7,2.0,4,European-style renovation
8557695.0,Преображенская площадь,9.0,0.0,28.6,2.0,4,European-style renovation
8557695.0,Преображенская площадь,10.0,0.0,28.6,2.0,3,Designer
10600000.0,Маяковская,9.0,0.0,13.6,2.0,6,Designer
12800000.0,Мичуринский проспект,5.0,0.0,28.0,10.0,41,Without renovation
12950400.0,Преображенская площадь,10.0,0.0,42.6,1.0,2,Designer
15400000.0,Давыдково,22.0,0.0,30.0,10.0,30,Designer
11400000.0,Угрешская,6.0,0.0,24.2,3.0,30,Designer
4388500.0,Преображенская площадь,14.0,0.0,13.1,2.0,6,Designer
6850000.0,Савеловская,14.0,0.0,24.5,2.0,2,Designer
5900000.0,Владыкино,4.0,0.0,19.0,11.0,16,European-style renovation
13000000.0,Динамо,8.0,0.0,22.0,6.0,13,Designer
14044800.0,Преображенская площадь,10.0,0.0,46.2,2.0,3,Designer
4100000.0,Рязанский проспект,12.0,0.0,11.8,1.0,3,European-style renovation
4700000.0,Рязанский проспект,12.0,0.0,15.6,1.0,3,European-style renovation
5000000.0,Рязанский проспект,15.0,0.0,18.0,2.0,2,European-style renovation
5400000.0,Электрозаводская,11.0,0.0,15.5,8.0,8,Designer
5805000.0,Беговая,8.0,0.0,13.5,1.0,5,European-style renovation
5900000.0,Тропарево,17.0,0.0,15.3,4.0,22,European-style renovation
6100000.0,Чкаловская,11.0,0.0,16.2,8.0,8,Designer
6437856.0,Преображенская площадь,10.0,0.0,20.2,2.0,4,European-style renovation
6460241.0,Электрозаводская,11.0,0.0,15.6,7.0,8,Designer
6723872.0,Аэропорт,12.0,0.0,15.6,3.0,4,European-style renovation
6800000.0,Электрозаводская,11.0,0.0,15.7,7.0,8,Designer
6924227.0,Красный Балтиец,9.0,0.0,16.7,2.0,4,European-style renovation
6950000.0,Зюзино,8.0,0.0,17.1,4.0,5,Designer
7190000.0,Савеловская,14.0,0.0,26.0,2.0,2,Designer
7244770.0,Красный Балтиец,9.0,0.0,24.9,1.0,3,European-style renovation
7690000.0,Динамо,14.0,0.0,28.0,2.0,2,Designer
9061253.0,Преображенская площадь,10.0,0.0,21.5,4.0,4,European-style renovation
10118827.0,Аэропорт,12.0,0.0,33.9,3.0,4,European-style renovation
10950000.0,Стахановская,4.0,0.0,29.3,20.0,23,Without renovation
12300000.0,Сухаревская,6.0,0.0,19.1,2.0,5,Designer
13000000.0,Смоленская,7.0,0.0,16.6,1.0,4,Designer
13406400.0,Преображенская площадь,10.0,0.0,44.1,1.0,4,Designer
5500000.0,Бунинская Аллея,9.0,0.0,20.1,2.0,14,Without renovation
5623500.0,Окская,14.0,0.0,16.3,1.0,5,European-style renovation
7700000.0,Таганская,6.0,0.0,15.0,4.0,4,Designer
4990000.0,ЗИЛ,7.0,0.0,12.1,10.0,13,Without renovation
5950000.0,Окская,14.0,0.0,15.9,2.0,5,European-style renovation
6112500.0,Окская,14.0,0.0,16.3,5.0,5,European-style renovation
6101987.0,Калитники,7.0,0.0,17.3,2.0,8,Cosmetic
6300000.0,Красносельская,3.0,0.0,16.8,4.0,5,European-style renovation
6696000.0,Окская,14.0,0.0,18.3,4.0,5,European-style renovation
5949500.0,Окская,14.0,0.0,16.3,3.0,5,European-style renovation
3590000.0,Нижегородская,7.0,0.0,14.1,2.0,3,European-style renovation
3990000.0,Нижегородская,7.0,0.0,13.8,3.0,3,European-style renovation
3990000.0,Нижегородская,7.0,0.0,13.8,3.0,3,Designer
4090000.0,Нижегородская,7.0,0.0,14.7,2.0,3,European-style renovation
4290000.0,Нижегородская,7.0,0.0,13.9,2.0,3,European-style renovation
4390000.0,Нижегородская,7.0,0.0,16.8,3.0,3,European-style renovation
4490000.0,Нижегородская,7.0,0.0,16.1,2.0,3,Designer
4700000.0,Андроновка,5.0,0.0,19.2,4.0,6,European-style renovation
5350000.0,Семеновская,5.0,0.0,13.3,4.0,4,Designer
5602490.0,Балтийская,28.0,0.0,22.2,1.0,6,Without renovation
5692500.0,Бескудниково,19.0,0.0,25.3,2.0,9,Cosmetic
5900000.0,Беговая,8.0,0.0,12.0,5.0,6,Designer
6090000.0,Зеленоград — Крюково,13.0,0.0,20.3,1.0,9,European-style renovation
6340000.0,Бауманская,15.0,0.0,15.4,1.0,4,Designer
6590000.0,ЗИЛ,7.0,0.0,16.6,10.0,13,Without renovation
6940000.0,Бауманская,15.0,0.0,17.3,1.0,4,Designer
6940000.0,Бауманская,15.0,0.0,17.3,1.0,4,European-style renovation
7890000.0,Бауманская,15.0,0.0,20.2,2.0,4,European-style renovation
7890000.0,Бауманская,15.0,0.0,20.2,2.0,4,Designer
7890000.0,Рижская,7.0,0.0,26.2,4.0,4,Designer
7950000.0,Озёрная,18.0,0.0,27.9,1.0,5,European-style renovation
8300000.0,Красный Балтиец,9.0,0.0,21.0,6.0,7,Designer
8500000.0,Коммунарка,7.0,0.0,25.0,3.0,15,Cosmetic
8600000.0,Тульская,11.0,0.0,23.7,1.0,4,European-style renovation
10500000.0,Балтийская,28.0,0.0,22.2,3.0,7,Cosmetic
11400000.0,Аэропорт,3.0,0.0,25.8,3.0,4,Designer
4760000.0,Бульвар Рокоссовского,4.0,0.0,25.0,4.0,5,European-style renovation
7490000.0,ЗИЛ,7.0,0.0,17.9,10.0,13,Designer
12500000.0,Полежаевская,5.0,0.0,22.0,14.0,36,Without renovation
5170000.0,Шаболовская,14.0,0.0,30.0,1.0,4,European-style renovation
5734000.0,Зеленоград — Крюково,13.0,0.0,18.8,7.0,9,European-style renovation
68000000.0,Деловой центр,3.0,0.0,108.0,50.0,75,Designer
3800000.0,Озёрная,6.0,0.0,19.6,1.0,5,European-style renovation
4388500.0,Зеленоград — Крюково,13.0,0.0,13.1,2.0,9,European-style renovation
4500000.0,Алексеевская,11.0,0.0,14.0,2.0,4,Designer
13500000.0,Ростокино,14.0,0.0,35.0,3.0,10,Designer
14950000.0,Стрешнево,6.0,0.0,30.9,10.0,18,Designer
4650000.0,Зеленоград — Крюково,13.0,0.0,15.0,3.0,9,European-style renovation
6250000.0,Бутырская,16.0,0.0,13.8,3.0,5,European-style renovation
6354909.0,Калитники,7.0,0.0,25.7,1.0,8,Cosmetic
8200000.0,Некрасовка,16.0,0.0,32.4,2.0,22,European-style renovation
10180000.0,Коптево,8.0,0.0,28.3,7.0,18,Without renovation
10900000.0,Тушинская,5.0,0.0,24.0,7.0,25,European-style renovation
11000000.0,Динамо,8.0,0.0,22.9,10.0,17,Designer
13000000.0,Аминьевская,8.0,0.0,27.9,37.0,41,Without renovation
13300000.0,Бауманская,7.0,0.0,30.0,6.0,9,European-style renovation
13500000.0,Римская,14.0,0.0,32.0,5.0,10,European-style renovation
15900000.0,Фили,14.0,0.0,33.6,23.0,25,Designer
64800000.0,Новокузнецкая,11.0,0.0,61.6,1.0,8,Without renovation
3510000.0,Селигерская,5.0,0.0,15.0,5.0,9,European-style renovation
3570000.0,Ленинский проспект,5.0,0.0,15.0,2.0,5,European-style renovation
3610000.0,Селигерская,4.0,0.0,15.0,4.0,9,European-style renovation
3660000.0,Бутырская,9.0,0.0,20.0,1.0,5,European-style renovation
3670000.0,Новые Черемушки,15.0,0.0,16.0,4.0,5,European-style renovation
3800000.0,Красный Балтиец,10.0,0.0,13.0,1.0,5,Without renovation
3800000.0,Технопарк,10.0,0.0,15.5,1.0,2,Cosmetic
3830000.0,Зюзино,9.0,0.0,25.0,5.0,5,European-style renovation
3870000.0,Кузьминки,7.0,0.0,15.0,3.0,5,European-style renovation
4070000.0,Выхино,9.0,0.0,20.0,8.0,10,European-style renovation
4070000.0,Нахимовский проспект,5.0,0.0,25.0,1.0,5,European-style renovation
4050000.0,Бутово,11.0,0.0,17.0,1.0,14,Cosmetic
4270000.0,Авиамоторная,9.0,0.0,25.0,2.0,5,European-style renovation
4770000.0,Выхино,9.0,0.0,20.0,8.0,10,European-style renovation
5100000.0,Рязанский проспект,15.0,0.0,18.0,2.0,2,Cosmetic
5300000.0,Южная,14.0,0.0,37.5,2.0,6,Without renovation
5370000.0,Академическая,16.0,0.0,25.0,3.0,5,European-style renovation
5350000.0,Пятницкое шоссе,25.0,0.0,17.3,7.0,9,European-style renovation
5600000.0,Красный Балтиец,11.0,0.0,13.5,1.0,7,Without renovation
5602490.0,Красный Балтиец,11.0,0.0,22.2,1.0,7,Without renovation
5747860.0,Калитники,7.0,0.0,16.8,1.0,8,Without renovation
5770000.0,Селигерская,23.0,0.0,17.0,1.0,3,European-style renovation
5800000.0,Стахановская,13.0,0.0,18.0,1.0,8,European-style renovation
5900000.0,Филатов Луг,16.0,0.0,22.9,4.0,9,European-style renovation
5950000.0,Римская,19.0,0.0,21.6,4.0,8,Without renovation
5920000.0,Волгоградский проспект,15.0,0.0,19.0,1.0,5,European-style renovation
5990000.0,Чкаловская,11.0,0.0,13.2,3.0,8,Without renovation
6050000.0,Филатов Луг,16.0,0.0,23.5,8.0,9,Cosmetic
6307000.0,Селигерская,23.0,0.0,20.0,1.0,3,European-style renovation
6300000.0,Преображенская площадь,10.0,0.0,14.0,1.0,2,Designer
6400000.0,Коммунарка,19.0,0.0,24.1,4.0,15,European-style renovation
6481366.0,Калитники,7.0,0.0,26.8,1.0,8,Without renovation
6500000.0,Комсомольская,25.0,0.0,22.7,6.0,17,European-style renovation
6500000.0,Южная,14.0,0.0,18.0,3.0,6,Without renovation
6600000.0,Солнцево,11.0,0.0,20.7,2.0,25,Cosmetic
6600000.0,Силикатная,4.0,0.0,24.0,6.0,17,European-style renovation
6615192.0,Калитники,7.0,0.0,26.8,2.0,8,Without renovation
6850000.0,Внуково,24.0,0.0,29.5,2.0,3,Cosmetic
6800000.0,Проспект Вернадского,5.0,0.0,20.0,2.0,10,Cosmetic
6850000.0,Красный Балтиец,9.0,0.0,16.7,4.0,9,Designer
6850000.0,Некрасовка,18.0,0.0,37.0,2.0,18,European-style renovation
6950000.0,Красный Балтиец,9.0,0.0,17.1,2.0,9,Designer
7000000.0,Ольховая,19.0,0.0,29.0,8.0,15,Cosmetic
7143486.0,Преображенская площадь,10.0,0.0,16.5,2.0,4,Designer
7190000.0,Волгоградский проспект,15.0,0.0,26.0,1.0,5,European-style renovation
7250000.0,Красный Балтиец,9.0,0.0,14.8,1.0,4,European-style renovation
7330000.0,Белорусская,5.0,0.0,50.0,6.0,14,European-style renovation
7450000.0,Рассказовка,7.0,0.0,29.0,2.0,16,European-style renovation
7660000.0,Красный Балтиец,9.0,0.0,14.7,3.0,7,Designer
7826473.0,Преображенская площадь,10.0,0.0,22.6,2.0,4,Designer
7800000.0,Трикотажная,4.0,0.0,23.9,6.0,25,Without renovation
7800000.0,Южная,14.0,0.0,18.0,3.0,6,Designer
7864789.0,Преображенская площадь,10.0,0.0,22.3,2.0,2,Designer
7850000.0,Преображенская площадь,10.0,0.0,20.6,3.0,4,Designer
7895000.0,Солнцево,7.0,0.0,22.5,15.0,23,Without renovation
8500000.0,Некрасовка,11.0,1.0,33.5,8.0,17,Without renovation
10350000.0,Митино,8.0,1.0,38.3,17.0,22,Without renovation
10500000.0,Теплый Стан,20.0,1.0,34.5,3.0,16,Without renovation
11700000.0,Кунцевская,27.0,1.0,34.4,12.0,16,Without renovation
14790000.0,Полежаевская,15.0,1.0,32.0,3.0,27,Without renovation
19000000.0,Народное Ополчение,10.0,1.0,38.0,31.0,58,Without renovation
19400000.0,Таганская,11.0,1.0,35.0,9.0,9,European-style renovation
21300000.0,Народное Ополчение,9.0,1.0,42.6,28.0,58,Without renovation
24900000.0,Павелецкая,7.0,1.0,41.6,2.0,28,Without renovation
33000000.0,Динамо,17.0,1.0,45.5,3.0,40,European-style renovation
36200000.0,Киевская,2.0,1.0,60.2,11.0,13,Designer
43000000.0,Международная,6.0,1.0,72.0,26.0,67,Designer
115000000.0,Международная,3.0,1.0,170.0,37.0,86,Designer
20000000.0,Народное Ополчение,9.0,1.0,42.4,18.0,48,Without renovation
17900000.0,Народное Ополчение,10.0,1.0,31.1,25.0,58,Designer
22000000.0,Народное Ополчение,9.0,1.0,42.4,37.0,48,Without renovation
19776000.0,Проспект Вернадского,13.0,1.0,41.2,13.0,25,European-style renovation
15000000.0,Лесопарковая,6.0,1.0,40.0,8.0,26,Designer
31000000.0,Динамо,17.0,1.0,40.1,15.0,40,European-style renovation
31500000.0,Динамо,17.0,1.0,41.1,16.0,40,European-style renovation
95000000.0,Деловой центр,3.0,1.0,123.0,51.0,75,Designer
18800000.0,Мичуринский проспект,6.0,1.0,46.0,30.0,41,Without renovation
22000000.0,Смоленская,8.0,1.0,33.6,2.0,6,Designer
5200000.0,Волжская,6.0,1.0,15.0,2.0,5,Designer
4000000.0,Волжская,5.0,1.0,12.5,1.0,5,Cosmetic
6027000.0,Аминьевская,15.0,1.0,14.7,7.0,9,European-style renovation
15000000.0,Парк Победы,4.0,1.0,33.0,6.0,28,European-style renovation
25200000.0,Динамо,8.0,1.0,40.1,4.0,15,Designer
19270000.0,Коптево,8.0,1.0,43.6,5.0,20,Designer
25000000.0,Динамо,8.0,1.0,38.0,14.0,17,European-style renovation
45362000.0,Маяковская,5.0,1.0,61.3,11.0,12,Designer
16974000.0,Тверская,6.0,1.0,36.9,2.0,8,Without renovation
14999000.0,Угрешская,4.0,1.0,43.1,7.0,30,Without renovation
15850000.0,Бауманская,7.0,1.0,37.4,4.0,6,Designer
19044000.0,Тверская,6.0,1.0,41.4,2.0,8,Without renovation
30000000.0,Тимирязевская,7.0,1.0,46.0,18.0,22,Designer
16698000.0,Тверская,6.0,1.0,36.3,2.0,8,Without renovation
12500000.0,Братиславская,2.0,1.0,37.9,5.0,25,Cosmetic
22500000.0,ЗИЛ,9.0,1.0,45.52,4.0,22,Without renovation
195000000.0,Улица 1905 года,15.0,1.0,144.0,14.0,21,Designer
15849000.0,Бауманская,8.0,1.0,38.0,4.0,6,Cosmetic
8400000.0,Филатов Луг,12.0,1.0,41.0,3.0,4,Designer
15000000.0,Шоссе Энтузиастов,6.0,1.0,39.0,18.0,33,European-style renovation
15600000.0,Улица Горчакова,5.0,1.0,60.0,4.0,9,European-style renovation
18500000.0,Дмитровская,1.0,1.0,37.0,22.0,29,Cosmetic
20300000.0,Москва-Товарная,8.0,1.0,44.0,3.0,14,Without renovation
41670000.0,Новокузнецкая,6.0,1.0,46.0,3.0,5,Without renovation
44650000.0,Таганская,26.0,1.0,47.0,4.0,5,Without renovation
10500000.0,Братиславская,3.0,1.0,39.2,2.0,14,Cosmetic
16000000.0,Шелепиха,14.0,1.0,29.0,7.0,24,Without renovation
16900000.0,Угрешская,6.0,1.0,48.8,21.0,30,Without renovation
17990000.0,Тестовская,30.0,1.0,40.0,25.0,48,European-style renovation
22300000.0,Автозаводская,11.0,1.0,50.4,2.0,3,Designer
125000000.0,Пушкинская,9.0,1.0,55.0,2.0,5,Designer
7500000.0,Митино,9.0,1.0,26.9,8.0,25,Designer
8500000.0,Физтех,4.0,1.0,30.0,1.0,4,European-style renovation
8762985.0,Преображенская площадь,10.0,1.0,28.1,2.0,4,European-style renovation
9300000.0,Пражская,7.0,1.0,32.0,5.0,9,Cosmetic
9750000.0,Войковская,20.0,1.0,33.0,3.0,6,Designer
10399000.0,Прокшино,9.0,1.0,36.0,12.0,17,European-style renovation
10900000.0,Черкизовская,10.0,1.0,30.0,5.0,5,Designer
11300000.0,Крылатское,7.0,1.0,37.4,2.0,17,Without renovation
11500000.0,Алтуфьево,13.0,1.0,44.3,13.0,17,European-style renovation
11600000.0,Филёвский парк,10.0,1.0,34.2,7.0,9,European-style renovation
11800000.0,Давыдково,3.0,1.0,31.8,4.0,5,Cosmetic
12000000.0,Новокосино,13.0,1.0,35.0,5.0,25,Cosmetic
12000000.0,Бульвар Рокоссовского,8.0,1.0,31.0,8.0,9,Designer
12500000.0,Стахановская,15.0,1.0,51.4,4.0,5,Cosmetic
13000000.0,Саларьево,13.0,1.0,52.5,7.0,25,Designer
14000000.0,Новохохловская,21.0,1.0,43.5,11.0,24,European-style renovation
14000000.0,Аэропорт,6.0,1.0,35.0,13.0,14,Cosmetic
14000000.0,Дмитровская,9.0,1.0,37.0,34.0,38,Without renovation
14500000.0,Славянский бульвар,6.0,1.0,39.0,2.0,17,European-style renovation
16400000.0,Аминьевская,7.0,1.0,39.0,7.0,37,Without renovation
20500000.0,Авиамоторная,16.0,1.0,43.2,9.0,23,Designer
23000000.0,Ломоносовский проспект,6.0,1.0,44.1,5.0,14,Without renovation
24000000.0,Автозаводская,18.0,1.0,47.0,18.0,25,Without renovation
25000000.0,Строгино,8.0,1.0,60.2,11.0,29,European-style renovation
25000000.0,Мичуринский проспект,13.0,1.0,48.0,15.0,51,Without renovation
25300000.0,Строгино,8.0,1.0,60.2,15.0,29,European-style renovation
38400000.0,Серпуховская,10.0,1.0,54.1,13.0,14,Without renovation
47500000.0,Третьяковская,11.0,1.0,49.8,7.0,8,Designer
8900000.0,Новогиреево,15.0,1.0,34.9,11.0,12,Without renovation
11900000.0,Улица Академика Янгеля,4.0,1.0,44.0,5.0,24,European-style renovation
13100000.0,Бульвар Рокоссовского,15.0,1.0,38.6,12.0,24,Without renovation
14500000.0,Славянский бульвар,5.0,1.0,39.0,2.0,17,European-style renovation
18882500.0,Павелецкая,6.0,1.0,42.0,10.0,14,Without renovation
20611500.0,Павелецкая,6.0,1.0,45.5,10.0,14,Without renovation
8762985.0,Преображенская площадь,10.0,1.0,28.1,2.0,4,Designer
12500000.0,Бульвар Рокоссовского,18.0,1.0,40.0,16.0,24,Without renovation
8451880.0,Некрасовка,14.0,1.0,39.9,2.0,25,Without renovation
8597740.0,Некрасовка,14.0,1.0,41.9,9.0,25,Without renovation
8739300.0,Некрасовка,14.0,1.0,41.3,2.0,26,Without renovation
9200000.0,Сокол,10.0,1.0,29.3,6.0,14,Designer
9226240.0,Некрасовка,14.0,1.0,41.9,13.0,25,Without renovation
13140000.0,Преображенская площадь,10.0,1.0,43.8,2.0,3,Designer
23000000.0,ЗИЛ,11.0,1.0,37.0,7.0,14,Designer
7160000.0,Аэропорт,9.0,1.0,17.9,7.0,9,Without renovation
7400000.0,Сокол,8.0,1.0,17.0,8.0,14,European-style renovation
11350000.0,Раменки,7.0,1.0,34.7,2.0,16,Cosmetic
41670000.0,Новокузнецкая,4.0,1.0,46.3,3.0,5,Without renovation
52000000.0,Китай-город,5.0,1.0,52.1,3.0,3,European-style renovation
105000000.0,Китай-город,5.0,1.0,107.7,1.0,3,European-style renovation
5700000.0,Юго-Западная,15.0,1.0,14.3,3.0,22,European-style renovation
6140000.0,Юго-Западная,15.0,1.0,17.3,4.0,22,European-style renovation
6300000.0,Юго-Западная,15.0,1.0,19.8,3.0,22,European-style renovation
6600000.0,Юго-Западная,15.0,1.0,17.7,3.0,22,European-style renovation
6600000.0,Тропарево,17.0,1.0,17.7,3.0,22,European-style renovation
6650000.0,Юго-Западная,15.0,1.0,20.6,4.0,22,European-style renovation
6729416.0,Аэропорт,9.0,1.0,15.6,3.0,4,European-style renovation
6650000.0,Тропарево,17.0,1.0,20.6,3.0,22,European-style renovation
7762971.0,Аэропорт,9.0,1.0,21.4,2.0,4,European-style renovation
9500000.0,ЗИЛ,11.0,1.0,20.3,2.0,4,European-style renovation
11000000.0,Крылатское,13.0,1.0,32.0,2.0,25,Designer
11500000.0,Чертановская,18.0,1.0,35.0,5.0,16,Designer
11600000.0,Коньково,9.0,1.0,33.3,9.0,9,Designer
11900000.0,Автозаводская,10.0,1.0,32.0,5.0,8,European-style renovation
13290000.0,Раменки,6.0,1.0,38.1,8.0,17,Cosmetic
13800000.0,Бескудниково,12.0,1.0,45.0,29.0,31,European-style renovation
16400000.0,Красногвардейская,5.0,1.0,41.0,14.0,30,European-style renovation
22000000.0,Баррикадная,10.0,1.0,31.7,3.0,9,European-style renovation
25000000.0,Шелепиха,5.0,1.0,45.0,5.0,51,Designer
36700000.0,Чкаловская,7.0,1.0,59.0,3.0,10,Cosmetic
49900000.0,Маяковская,6.0,1.0,60.9,3.0,13,Without renovation
60000000.0,Полянка,9.0,1.0,49.3,2.0,11,Designer
95000000.0,Арбатская,5.0,1.0,98.0,2.0,7,Designer
5900000.0,Первомайская,18.0,1.0,13.0,5.0,5,Cosmetic
8500000.0,Рассказовка,25.0,1.0,36.0,10.0,19,Cosmetic
9780000.0,Филатов Луг,12.0,1.0,41.0,3.0,5,Designer
11090000.0,Коммунарка,15.0,1.0,42.7,7.0,16,European-style renovation
12700000.0,Орехово,11.0,1.0,39.0,5.0,14,European-style renovation
13500000.0,ВДНХ,8.0,1.0,36.0,15.0,17,European-style renovation
19000000.0,Бауманская,7.0,1.0,41.0,5.0,9,Designer
5805919.0,Калитники,7.0,1.0,16.8,1.0,8,Cosmetic
8090000.0,Филатов Луг,12.0,1.0,29.0,4.0,5,Designer
10200000.0,Пыхтино,6.0,1.0,38.3,4.0,18,European-style renovation
19750000.0,Аминьевская,8.0,1.0,36.0,25.0,42,Without renovation
5990000.0,ЗИЛ,7.0,1.0,13.9,10.0,13,Designer
6190000.0,ЗИЛ,7.0,1.0,15.5,10.0,13,Without renovation
11500000.0,Рабочий Посёлок,6.0,1.0,38.9,12.0,12,European-style renovation
17500000.0,Профсоюзная,11.0,1.0,42.0,11.0,25,European-style renovation
17500000.0,Профсоюзная,7.0,1.0,42.0,11.0,25,European-style renovation
17900000.0,Народное Ополчение,9.0,1.0,31.0,25.0,58,Designer
20000000.0,Народное Ополчение,9.0,1.0,42.1,18.0,48,Without renovation
23000000.0,Технопарк,12.0,1.0,41.6,3.0,6,Without renovation
4000000.0,Остафьево,15.0,1.0,20.0,2.0,21,European-style renovation
4090000.0,Нижегородская,7.0,1.0,14.3,3.0,3,European-style renovation
4990000.0,Нижегородская,7.0,1.0,18.0,3.0,3,European-style renovation
5917500.0,Балтийская,28.0,1.0,22.2,1.0,6,Without renovation
5970100.0,Балтийская,28.0,1.0,22.7,1.0,6,Without renovation
6340000.0,Бауманская,15.0,1.0,15.4,1.0,4,Designer
6340000.0,Бауманская,15.0,1.0,15.4,1.0,4,European-style renovation
6450000.0,Саларьево,40.0,1.0,35.8,1.0,3,Designer
6900000.0,Бабушкинская,7.0,1.0,35.0,1.0,7,Designer
6990000.0,Озёрная,18.0,1.0,25.4,1.0,5,European-style renovation
7300000.0,Озёрная,18.0,1.0,29.6,1.0,5,European-style renovation
7990000.0,Бауманская,15.0,1.0,24.4,1.0,4,Designer
7990000.0,Бауманская,15.0,1.0,24.4,1.0,4,European-style renovation
8000000.0,Юго-Восточная,13.0,1.0,33.0,9.0,9,Cosmetic
8950000.0,Филатов Луг,11.0,1.0,39.2,4.0,25,Without renovation
9090000.0,ЗИЛ,7.0,1.0,22.1,10.0,13,Designer
9000000.0,Люблино,7.0,1.0,34.0,9.0,12,Cosmetic
9250000.0,Филатов Луг,11.0,1.0,37.5,4.0,17,European-style renovation
9400000.0,Филатов Луг,11.0,1.0,40.0,1.0,17,European-style renovation
9900000.0,Ольховая,29.0,1.0,39.1,7.0,13,Without renovation
10500000.0,Братиславская,4.0,1.0,36.0,3.0,10,European-style renovation
10700000.0,Рассказовка,7.0,1.0,41.8,19.0,25,European-style renovation
11250000.0,Теплый Стан,5.0,1.0,40.0,1.0,14,European-style renovation
11500000.0,Сокол,10.0,1.0,25.1,10.0,14,Designer
11890000.0,Локомотив,17.0,1.0,40.0,2.0,37,Designer
12500000.0,Коммунарка,10.0,1.0,34.0,17.0,25,Designer
12650000.0,Новодачная,8.0,1.0,35.5,3.0,12,European-style renovation
13500000.0,Новохохловская,15.0,1.0,35.9,6.0,33,European-style renovation
13938000.0,Маяковская,7.0,1.0,20.2,3.0,9,European-style renovation
15050000.0,Маяковская,7.0,1.0,25.3,4.0,9,European-style renovation
15000000.0,Балтийская,28.0,1.0,33.7,6.0,7,European-style renovation
15500000.0,Красносельская,9.0,1.0,30.0,7.0,9,Cosmetic
16400000.0,Авиамоторная,7.0,1.0,49.7,3.0,8,Cosmetic
19500000.0,Алексеевская,7.0,1.0,45.15,4.0,21,Without renovation
19500000.0,Хорошево,26.0,1.0,31.6,5.0,29,Designer
21990000.0,Сухаревская,6.0,1.0,34.1,2.0,9,Designer
23700000.0,Полежаевская,8.0,1.0,41.0,23.0,24,European-style renovation
24500000.0,Шелепиха,18.0,1.0,37.1,2.0,24,Designer
28000000.0,ЦСКА,12.0,1.0,42.0,13.0,42,Without renovation
29490000.0,Белорусская,2.0,1.0,45.7,6.0,10,Without renovation
19000000.0,Динамо,8.0,1.0,40.0,10.0,15,European-style renovation
22500000.0,Полежаевская,5.0,1.0,35.28,15.0,27,Designer
23500000.0,Преображенская площадь,8.0,1.0,49.4,5.0,11,Without renovation
7542696.0,Калитники,7.0,1.0,27.8,2.0,8,Cosmetic
8000000.0,Юго-Восточная,6.0,1.0,32.6,2.0,9,Without renovation
9500000.0,Молодежная,10.0,1.0,37.9,3.0,16,Without renovation
9500000.0,Алма-Атинская,13.0,1.0,39.0,11.0,16,Cosmetic
13000000.0,Планерная,10.0,1.0,38.4,2.0,14,European-style renovation
28300000.0,Аэропорт,7.0,2.0,86.2,13.0,14,Without renovation
40500000.0,Динамо,8.0,2.0,74.0,2.0,15,Designer
370000000.0,Охотный ряд,1.0,2.0,128.7,5.0,15,Designer
96500000.0,Кропоткинская,5.0,2.0,80.5,4.0,5,Designer
71235756.0,Парк культуры,10.0,2.0,74.1,2.0,6,Designer
42818000.0,Пушкинская,5.0,2.0,54.2,5.0,6,Designer
65920000.0,Китай-город,2.0,2.0,82.4,3.0,8,Cosmetic
62904600.0,Китай-город,2.0,2.0,105.9,3.0,8,Cosmetic
42119000.0,Пушкинская,5.0,2.0,54.7,5.0,6,Designer
34000000.0,Народное Ополчение,5.0,2.0,90.0,16.0,19,Designer
34900000.0,Народное Ополчение,10.0,2.0,58.0,36.0,58,Designer
40000000.0,Шелепиха,13.0,2.0,60.0,35.0,50,Designer
26000000.0,Ростокино,11.0,2.0,65.0,4.0,38,Cosmetic
29300000.0,Дмитровская,11.0,2.0,68.0,10.0,20,Designer
20000000.0,Юго-Западная,17.0,2.0,58.4,2.0,24,Without renovation
14400000.0,Полежаевская,8.0,2.0,38.6,4.0,12,Cosmetic
18000000.0,Нижегородская,10.0,2.0,68.3,8.0,24,European-style renovation
10800000.0,Черкизовская,11.0,2.0,42.1,2.0,5,Cosmetic
11900000.0,Некрасовка,7.0,2.0,57.1,21.0,22,Cosmetic
12600000.0,Нижегородская,10.0,2.0,36.0,23.0,33,European-style renovation
14000000.0,Прокшино,22.0,2.0,53.5,9.0,12,Without renovation
20000000.0,Юго-Западная,17.0,2.0,58.4,2.0,24,Without renovation
28500000.0,Селигерская,19.0,2.0,71.8,4.0,24,European-style renovation
41000000.0,Динамо,17.0,2.0,64.5,11.0,41,Without renovation
47000000.0,Динамо,17.0,2.0,60.0,2.0,41,Without renovation
149000000.0,Международная,6.0,2.0,111.0,62.0,77,Designer
29000000.0,Крылатское,7.0,2.0,81.1,11.0,15,European-style renovation
42000000.0,Раменки,10.0,2.0,78.0,15.0,58,Designer
99000000.0,Спортивная,6.0,2.0,90.0,5.0,18,Without renovation
230000000.0,Маяковская,2.0,2.0,148.5,3.0,12,Designer
40000000.0,Шелепиха,13.0,2.0,61.0,35.0,50,Designer
30500000.0,Народное Ополчение,9.0,2.0,60.1,27.0,58,Without renovation
10600000.0,Улица Академика Янгеля,10.0,2.0,45.5,10.0,12,Without renovation
63000000.0,Бауманская,9.0,2.0,131.6,9.0,9,Designer
26000000.0,Физтех,4.0,2.0,83.3,1.0,4,Designer
29000000.0,Баррикадная,26.0,2.0,50.0,12.0,44,Without renovation
37000000.0,Шелепиха,12.0,2.0,68.5,20.0,37,Designer
41000000.0,Смоленская,9.0,2.0,54.0,8.0,8,European-style renovation
46900000.0,Маяковская,5.0,2.0,98.6,7.0,12,European-style renovation
49000000.0,Маяковская,4.0,2.0,73.0,7.0,10,European-style renovation
50000000.0,Арбатская,11.0,2.0,53.2,10.0,24,Designer
62400000.0,Международная,6.0,2.0,83.0,36.0,79,Without renovation
65000000.0,Деловой центр,1.0,2.0,110.0,49.0,63,Designer
71000000.0,Международная,6.0,2.0,82.0,54.0,67,Designer
86000000.0,Деловой центр,3.0,2.0,114.0,46.0,75,Designer
29000000.0,Баррикадная,5.0,2.0,55.2,5.0,8,European-style renovation
63000000.0,Бауманская,7.0,2.0,131.6,9.0,9,Designer
50000000.0,Арбатская,13.0,2.0,53.2,10.0,24,Designer
123000000.0,Спортивная,9.0,2.0,77.0,9.0,13,Designer
32500000.0,Молодежная,7.0,2.0,57.0,16.0,19,Designer
26800000.0,Раменки,6.0,2.0,57.0,9.0,41,Designer
30800000.0,Мичуринский проспект,7.0,2.0,67.0,33.0,37,Designer
37900000.0,Улица 1905 года,20.0,2.0,65.0,3.0,19,Designer
37990000.0,Улица 1905 года,20.0,2.0,65.7,3.0,21,Designer
52100000.0,Китай-город,5.0,2.0,52.1,3.0,3,Designer
52100000.0,Китай-город,3.0,2.0,52.1,3.0,3,Designer
120000000.0,Беговая,5.0,2.0,113.13,7.0,21,European-style renovation
52600000.0,Аэропорт,13.0,2.0,72.2,16.0,41,Designer
55000000.0,Фрунзенская,15.0,2.0,88.0,2.0,14,Designer
11000000.0,Кузьминки,20.0,2.0,44.2,2.0,5,Cosmetic
34000000.0,Минская,28.0,2.0,65.2,1.0,14,Without renovation
47000000.0,Маяковская,3.0,2.0,73.0,7.0,10,European-style renovation
57000000.0,Сухаревская,1.0,2.0,77.2,2.0,8,Designer
80000000.0,Выставочная,4.0,2.0,92.0,15.0,77,European-style renovation
23900000.0,Зорге,8.0,2.0,59.9,6.0,9,Designer
31500000.0,Молодежная,7.0,2.0,59.0,4.0,26,Designer
45990000.0,Улица 1905 года,6.0,2.0,63.1,2.0,7,Designer
107000000.0,Китай-город,5.0,2.0,107.7,1.0,3,Designer
12250000.0,Давыдково,19.0,2.0,44.7,2.0,9,European-style renovation
14150000.0,Прокшино,7.0,2.0,64.2,2.0,14,European-style renovation
16950000.0,Мичуринский проспект,9.0,2.0,54.0,1.0,17,Cosmetic
37000000.0,Парк культуры,8.0,2.0,56.0,8.0,8,Designer
37800000.0,Тестовская,3.0,2.0,62.0,52.0,78,Designer
40000000.0,Петровский парк,7.0,2.0,60.4,15.0,17,Designer
42000000.0,Раменки,9.0,2.0,83.5,17.0,22,Designer
55000000.0,Маяковская,5.0,2.0,61.0,3.0,13,Designer
70000000.0,Шелепиха,15.0,2.0,87.0,36.0,37,Designer
107700000.0,Китай-город,3.0,2.0,107.7,1.0,3,Designer
15900000.0,Верхние Лихоборы,3.0,2.0,48.4,8.0,12,Without renovation
43000000.0,Тестовская,3.0,2.0,62.0,12.0,78,Designer
23000000.0,Минская,14.0,2.0,50.9,5.0,14,Without renovation
76960000.0,Ломоносовский проспект,4.0,2.0,59.2,6.0,12,Without renovation
83000000.0,Ломоносовский проспект,4.0,2.0,66.0,3.0,8,Without renovation
84900000.0,Спортивная,8.0,2.0,90.0,3.0,9,European-style renovation
34500000.0,Серпуховская,21.0,2.0,55.5,38.0,46,Without renovation
67200000.0,Динамо,3.0,2.0,74.6,10.0,15,Designer
25000000.0,Аминьевская,8.0,2.0,59.7,35.0,37,Without renovation
26000000.0,Полежаевская,17.0,2.0,55.0,23.0,27,European-style renovation
53500000.0,Тестовская,3.0,2.0,72.0,26.0,78,Designer
69000000.0,Смоленская,4.0,2.0,89.5,2.0,4,Designer
148500000.0,Спортивная,10.0,2.0,103.3,3.0,6,Designer
19250000.0,Киевская,10.0,2.0,60.8,1.0,5,Cosmetic
23000000.0,Ломоносовский проспект,6.0,2.0,45.0,8.0,14,Without renovation
23999900.0,Планерная,12.0,2.0,61.0,8.0,21,Designer
27500000.0,Белорусская,10.0,2.0,62.6,5.0,6,Designer
31500000.0,Мичуринский проспект,26.0,2.0,70.0,22.0,25,Without renovation
40500000.0,Динамо,1.0,2.0,74.0,2.0,15,Designer
40990000.0,Петровский парк,16.0,2.0,72.0,6.0,41,Without renovation
43000000.0,Деловой центр,16.0,2.0,84.7,11.0,18,Designer
56990000.0,Китай-город,3.0,2.0,51.1,3.0,3,Designer
65000000.0,Киевская,8.0,2.0,88.9,13.0,28,Designer
68000000.0,Таганская,7.0,2.0,61.0,4.0,6,Designer
68000000.0,Тестовская,4.0,2.0,90.0,48.0,78,Designer
78000000.0,Смоленская,7.0,2.0,100.0,5.0,7,Designer
99000000.0,Фрунзенская,11.0,2.0,90.0,5.0,13,Designer
149000000.0,Деловой центр,5.0,2.0,124.0,45.0,79,Designer
149000000.0,Деловой центр,5.0,2.0,113.0,63.0,79,Designer
11200000.0,Медведково,20.0,2.0,50.0,7.0,17,Cosmetic
11900000.0,Фонвизинская,5.0,2.0,45.0,3.0,12,Without renovation
14500000.0,Крымская,6.0,2.0,42.5,2.0,9,Designer
16500000.0,Красный Строитель,8.0,2.0,51.0,14.0,14,European-style renovation
18000000.0,Багратионовская,22.0,2.0,44.0,14.0,18,Designer
25000000.0,Фили,14.0,2.0,71.0,5.0,16,European-style renovation
27400000.0,Фили,16.0,2.0,69.0,3.0,19,Designer
28300000.0,Рабочий Посёлок,21.0,2.0,60.0,17.0,29,Designer
31000000.0,Бауманская,9.0,2.0,80.0,3.0,7,Designer
35000000.0,Шаболовская,11.0,2.0,57.4,5.0,15,Designer
63000000.0,Шелепиха,17.0,2.0,93.2,32.0,36,Designer
134400000.0,Кропоткинская,3.0,2.0,64.0,2.0,5,Without renovation
13380000.0,Севастопольская,30.0,2.0,44.7,4.0,9,European-style renovation
22900000.0,Авиамоторная,11.0,2.0,60.0,27.0,27,European-style renovation
34000000.0,Белорусская,14.0,2.0,64.0,3.0,20,Designer
35000000.0,Аминьевская,2.0,2.0,61.0,17.0,39,Designer
35995000.0,Тульская,25.0,2.0,94.2,7.0,8,European-style renovation
57900000.0,Тестовская,4.0,2.0,78.0,46.0,78,Designer
13700000.0,Коммунарка,21.0,2.0,76.2,1.0,3,Without renovation
18500000.0,Сокольники,10.0,2.0,44.0,3.0,5,European-style renovation
36000000.0,Тульская,5.0,2.0,95.0,7.0,8,Designer
10500000.0,Щелковская,14.0,2.0,37.0,3.0,9,Cosmetic
25900000.0,Полежаевская,3.0,2.0,56.0,26.0,27,European-style renovation
32000000.0,Лефортово,6.0,2.0,82.9,4.0,18,Without renovation
33500000.0,Смоленская,7.0,2.0,43.0,2.0,5,Designer
40400000.0,Аэропорт,13.0,2.0,68.0,2.0,5,Without renovation
65000000.0,Международная,6.0,2.0,62.1,11.0,79,Designer
12500000.0,Первомайская,19.0,2.0,40.0,6.0,9,Designer
15500000.0,Бульвар Дмитрия Донского,5.0,2.0,56.1,1.0,17,European-style renovation
27900000.0,Кутузовская,12.0,2.0,55.0,20.0,43,Without renovation
82000000.0,Ломоносовский проспект,4.0,2.0,65.6,3.0,9,Without renovation
247500000.0,Минская,7.0,2.0,165.0,50.0,53,Designer
24500000.0,Зорге,8.0,2.0,61.8,2.0,7,Designer
24500000.0,Тульская,18.0,2.0,61.0,6.0,13,European-style renovation
75000000.0,Кропоткинская,2.0,2.0,75.0,2.0,4,Designer
78000000.0,Ломоносовский проспект,4.0,2.0,60.0,6.0,12,Without renovation
83000000.0,Ломоносовский проспект,4.0,2.0,66.0,3.0,12,Without renovation
99000000.0,Спортивная,6.0,2.0,89.7,5.0,12,Without renovation
151518366.0,Третьяковская,9.0,2.0,79.1,6.0,6,Designer
21900000.0,Октябрьское поле,7.0,2.0,54.0,12.0,47,Without renovation
22000000.0,Шаболовская,15.0,2.0,55.8,5.0,12,Designer
10941180.0,Некрасовка,14.0,2.0,63.8,4.0,25,Without renovation
12500000.0,Щелковская,7.0,2.0,60.2,5.0,13,Cosmetic
12800000.0,Аэропорт Внуково,10.0,2.0,58.3,3.0,3,Cosmetic
13000000.0,Алтуфьево,5.0,2.0,46.0,11.0,12,Cosmetic
15800000.0,Волоколамская,8.0,2.0,55.0,14.0,17,European-style renovation
18600000.0,Рассказовка,20.0,2.0,58.0,16.0,24,Designer
22000000.0,Водный стадион,11.0,2.0,49.7,21.0,23,Designer
22000000.0,Коптево,8.0,2.0,65.0,11.0,20,Without renovation
25000000.0,Шелепиха,4.0,2.0,71.0,5.0,16,European-style renovation
25499000.0,Спортивная,11.0,2.0,46.2,2.0,8,Cosmetic
25800000.0,Дмитровская,1.0,2.0,56.7,39.0,58,Without renovation
26700000.0,Дмитровская,2.0,2.0,57.0,44.0,59,European-style renovation
27199000.0,Аминьевская,5.0,2.0,64.0,8.0,25,Without renovation
31800000.0,Павелецкая,8.0,2.0,55.3,3.0,16,Designer
32000000.0,Площадь Гагарина,17.0,2.0,50.0,4.0,8,Designer
32500000.0,Павелецкая,8.0,2.0,56.8,8.0,16,Designer
37500000.0,Новокузнецкая,7.0,2.0,41.7,3.0,5,European-style renovation
40000000.0,Улица 1905 года,12.0,2.0,45.0,3.0,17,Designer
40000000.0,Парк культуры,7.0,2.0,75.0,2.0,6,Designer
44000000.0,Новокузнецкая,7.0,2.0,44.27,3.0,5,Without renovation
50000000.0,Смоленская,8.0,2.0,53.0,10.0,24,Designer
52000000.0,Добрынинская,11.0,2.0,73.3,9.0,14,Designer
58000000.0,Добрынинская,11.0,2.0,73.0,8.0,14,Designer
86000000.0,Выставочная,3.0,2.0,114.2,46.0,75,Designer
252000000.0,Минская,4.0,2.0,168.0,50.0,53,Designer
289000000.0,Фрунзенская,5.0,2.0,119.0,4.0,12,Designer
6950000.0,Санино,10.0,2.0,46.0,7.0,7,Without renovation
9550000.0,Рассказовка,7.0,2.0,40.0,4.0,14,Cosmetic
10500000.0,Щелковская,18.0,2.0,39.0,7.0,12,Cosmetic
10900000.0,Каховская,2.0,2.0,39.0,4.0,9,Cosmetic
11000000.0,Медведково,5.0,2.0,44.9,7.0,14,Cosmetic
11760000.0,Вешняки,10.0,2.0,49.7,11.0,16,Without renovation
12500000.0,Алексеевская,12.0,2.0,43.4,5.0,5,Without renovation
12550000.0,Царицыно,19.0,2.0,52.3,12.0,16,Cosmetic
12600000.0,Шоссе Энтузиастов,10.0,2.0,51.1,5.0,9,European-style renovation
13500000.0,Физтех,13.0,2.0,55.0,2.0,24,Cosmetic
222000000.0,Спортивная,9.0,3.0,237.0,14.0,14,Designer
36000000.0,Народное Ополчение,10.0,3.0,82.5,36.0,53,Without renovation
67490000.0,Белорусская,6.0,3.0,111.0,5.0,6,Designer
24000000.0,Савеловская,12.0,3.0,56.4,3.0,7,Designer
36000000.0,Народное Ополчение,9.0,3.0,83.0,36.0,58,Without renovation
37900000.0,Народное Ополчение,10.0,3.0,92.5,20.0,53,Without renovation
199000000.0,Полянка,8.0,3.0,158.0,6.0,16,Designer
147213000.0,Улица 1905 года,15.0,3.0,148.7,4.0,13,Designer
19990000.0,Пролетарская,7.0,3.0,59.2,6.0,9,Cosmetic
13499000.0,Теплый Стан,4.0,3.0,66.9,2.0,12,Cosmetic
13500000.0,Некрасовка,5.0,3.0,79.1,2.0,14,Cosmetic
45650000.0,Народное Ополчение,9.0,3.0,82.5,31.0,53,Designer
16900000.0,Митино,25.0,3.0,79.0,8.0,9,Cosmetic
18500000.0,Свиблово,5.0,3.0,78.0,4.0,17,Cosmetic
21000000.0,Текстильщики,20.0,3.0,82.4,19.0,22,European-style renovation
45000000.0,Славянский бульвар,26.0,3.0,75.5,13.0,26,Without renovation
40000000.0,Минская,28.0,3.0,69.0,7.0,14,Without renovation
44500000.0,Добрынинская,9.0,3.0,84.0,2.0,8,Without renovation
45000000.0,Марксистская,10.0,3.0,84.6,6.0,6,European-style renovation
34900000.0,Китай-город,5.0,3.0,61.8,3.0,3,Cosmetic
84999000.0,Спортивная,8.0,3.0,112.0,3.0,6,Designer
97799000.0,Спортивная,6.0,3.0,97.8,10.0,10,Without renovation
110000000.0,Деловой центр,4.0,3.0,186.0,35.0,73,Designer
206000000.0,Серпуховская,11.0,3.0,210.0,8.0,14,Designer
220000000.0,Деловой центр,4.0,3.0,239.0,53.0,73,Designer
54100000.0,Парк культуры,12.0,3.0,90.9,6.0,6,Designer
185000000.0,Охотный ряд,6.0,3.0,227.0,12.0,14,Designer
99950000.0,Охотный ряд,6.0,3.0,149.0,13.0,13,Designer
65000000.0,Деловой центр,11.0,3.0,90.0,7.0,21,Without renovation
182240000.0,Спортивная,7.0,3.0,113.9,6.0,12,Without renovation
36500000.0,Тульская,25.0,3.0,79.5,4.0,16,European-style renovation
99000000.0,Деловой центр,11.0,3.0,93.0,7.0,20,Designer
41500000.0,Красные ворота,10.0,3.0,94.1,4.0,5,Designer
290000000.0,Киевская,11.0,3.0,151.3,2.0,7,Designer
26800000.0,Ломоносовский проспект,10.0,3.0,72.0,12.0,16,Designer
56000000.0,Славянский бульвар,16.0,3.0,146.0,11.0,31,Without renovation
100000000.0,Славянский бульвар,17.0,3.0,125.8,3.0,22,Designer
53000000.0,Пушкинская,6.0,3.0,93.8,4.0,14,Designer
89000000.0,Новослободская,8.0,3.0,119.2,3.0,11,Without renovation
100000000.0,Славянский бульвар,17.0,3.0,126.1,2.0,22,Designer
63000000.0,Проспект Вернадского,4.0,3.0,134.0,25.0,30,Designer
155000000.0,Минская,7.0,3.0,163.0,33.0,53,Designer
220000000.0,Новокузнецкая,9.0,3.0,160.0,5.0,6,Designer
34999999.0,Тимирязевская,1.0,3.0,91.1,6.0,30,European-style renovation
144170000.0,Ломоносовский проспект,4.0,3.0,110.9,6.0,12,Without renovation
21790000.0,Улица Академика Королёва,7.0,3.0,65.9,14.0,16,European-style renovation
25000000.0,Кунцевская,9.0,3.0,88.3,4.0,5,Cosmetic
47900000.0,Смоленская,7.0,3.0,91.0,7.0,7,Designer
60000000.0,Ломоносовский проспект,10.0,3.0,111.3,12.0,17,Designer
63000000.0,Раменки,11.0,3.0,112.5,19.0,21,Designer
65000000.0,Деловой центр,8.0,3.0,90.1,7.0,21,Without renovation
22500000.0,Академическая,16.0,3.0,74.8,4.0,5,Designer
28500000.0,Технопарк,11.0,3.0,70.0,3.0,20,Without renovation
50000000.0,Улица 1905 года,4.0,3.0,110.0,6.0,8,Designer
100000000.0,Маяковская,5.0,3.0,142.8,6.0,13,Designer
112200000.0,Новослободская,6.0,3.0,150.4,3.0,7,Designer
120000000.0,Смоленская,3.0,3.0,100.0,6.0,7,Designer
33100000.0,Крылатское,5.0,3.0,94.1,20.0,23,Designer
75000000.0,Тестовская,4.0,3.0,92.0,12.0,78,European-style renovation
83000000.0,Тестовская,3.0,3.0,87.0,35.0,78,European-style renovation
43500000.0,Народное Ополчение,10.0,4.0,105.6,11.0,53,Without renovation
24500000.0,Рассказовка,18.0,4.0,93.0,1.0,9,European-style renovation
125000000.0,Китай-город,11.0,4.0,108.6,2.0,9,Designer
19600000.0,Коммунарка,9.0,4.0,87.1,6.0,12,European-style renovation
45000000.0,Таганская,6.0,4.0,86.5,5.0,9,Cosmetic
430000000.0,Фрунзенская,9.0,4.0,200.0,3.0,14,Designer
59500000.0,Динамо,7.0,4.0,95.6,18.0,19,Designer
80000000.0,Молодежная,7.0,4.0,193.1,2.0,28,Without renovation
85988700.0,Минская,5.0,4.0,136.5,2.0,12,Without renovation
431650000.0,Полянка,3.0,4.0,273.0,8.0,8,Designer
53000000.0,Фили,15.0,4.0,100.0,23.0,25,Designer
114000000.0,Смоленская,4.0,4.0,165.7,2.0,6,Designer
80000000.0,Петровский парк,12.0,4.0,136.0,3.0,41,Without renovation
50000000.0,Новослободская,6.0,4.0,297.0,3.0,3,Without renovation
130000000.0,Международная,2.0,4.0,187.0,36.0,76,Designer
155000000.0,Минская,4.0,4.0,163.0,31.0,53,Designer
59970000.0,Арбатская,10.0,4.0,102.5,3.0,4,Cosmetic
90000000.0,Славянский бульвар,16.0,4.0,121.5,16.0,23,Designer
60000000.0,Новаторская,12.0,4.0,181.0,29.0,30,Designer
108000000.0,Славянский бульвар,16.0,4.0,180.0,18.0,31,Designer
240000000.0,Киевская,13.0,4.0,172.7,5.0,9,Without renovation
90000000.0,Славянский бульвар,16.0,4.0,148.6,2.0,23,Designer
74990000.0,Народное Ополчение,10.0,4.0,115.0,12.0,57,Designer
104500000.0,Китай-город,12.0,4.0,118.0,3.0,7,Without renovation
110000000.0,Крылатское,8.0,4.0,212.7,4.0,4,Designer
36000000.0,Варшавская,14.0,4.0,105.42,9.0,9,Cosmetic
231523500.0,Ломоносовский проспект,4.0,4.0,150.0,8.0,9,Without renovation
190000000.0,Минская,6.0,4.0,233.1,4.0,5,Designer
85000000.0,Минская,12.0,4.0,133.0,21.0,44,Without renovation
67000000.0,Ломоносовский проспект,6.0,4.0,115.0,9.0,14,Without renovation
85900000.0,Ломоносовский проспект,6.0,4.0,135.0,10.0,14,Without renovation
60000000.0,Новаторская,20.0,4.0,160.0,31.0,51,Designer
125000000.0,Китай-город,13.0,4.0,108.6,2.0,9,Designer
34200000.0,Площадь Ильича,8.0,4.0,114.0,14.0,16,Cosmetic
55000000.0,ЦСКА,6.0,4.0,144.7,17.0,32,Designer
110000000.0,Сокол,10.0,4.0,226.0,15.0,57,European-style renovation
79950000.0,Маяковская,4.0,4.0,132.3,6.0,8,Designer
49900000.0,Народное Ополчение,9.0,5.0,122.4,37.0,48,Without renovation
160000000.0,Парк культуры,6.0,5.0,250.0,5.0,9,Designer
145000000.0,Минская,13.0,5.0,165.0,35.0,39,Designer
357000000.0,Маяковская,10.0,5.0,357.0,3.0,3,Without renovation
195699000.0,Спортивная,6.0,5.0,195.7,10.0,18,Without renovation
105000000.0,Шелепиха,19.0,5.0,171.6,17.0,20,Designer
91000000.0,Давыдково,17.0,5.0,212.2,23.0,23,Without renovation
115000000.0,Академическая,10.0,5.0,150.0,20.0,22,Cosmetic
50000000.0,Давыдково,4.0,5.0,84.6,7.0,26,Without renovation
80000000.0,Матвеевская,18.0,5.0,127.3,7.0,26,Without renovation
94000000.0,ЦСКА,13.0,5.0,227.2,22.0,23,Designer
155000000.0,Давыдково,4.0,5.0,279.6,1.0,26,Without renovation
170000000.0,Давыдково,4.0,5.0,300.0,24.0,26,Without renovation
199000000.0,Давыдково,4.0,5.0,385.0,1.0,26,Without renovation
145000000.0,Минская,12.0,5.0,162.0,36.0,39,Designer
190000000.0,Минская,9.0,5.0,233.0,4.0,15,Designer
193000000.0,Третьяковская,6.0,5.0,203.0,1.0,8,Without renovation
199000000.0,Минская,7.0,5.0,233.0,4.0,7,Designer
220000000.0,Минская,11.0,5.0,224.4,26.0,39,Designer
189000000.0,Студенческая,1.0,5.0,227.4,18.0,19,Without renovation
164000000.0,Киевская,15.0,5.0,205.0,8.0,11,Without renovation
180000000.0,Новослободская,8.0,5.0,198.8,4.0,11,Without renovation
417450000.0,Раменки,6.0,6.0,379.5,5.0,10,Without renovation
350000000.0,Фрунзенская,13.0,6.0,310.0,2.0,14,Designer
118000000.0,Минская,7.0,6.0,298.0,2.0,7,Designer
85000000.0,Профсоюзная,12.0,6.0,243.2,28.0,28,Designer
230000000.0,Молодежная,6.0,6.0,245.4,2.0,4,Designer
79800000.0,Ломоносовский проспект,3.0,6.0,234.4,7.0,22,Designer
350000000.0,Киевская,12.0,6.0,257.0,8.0,9,Without renovation
113400000.0,Деловой центр,4.0,6.0,189.0,40.0,90,Designer
350000000.0,Спортивная,9.0,6.0,310.0,2.0,6,Designer
412500000.0,Минская,14.0,6.0,375.0,5.0,6,Designer
349900000.0,Фрунзенская,7.0,6.0,275.0,14.0,18,Without renovation
271570000.0,Спортивная,1.0,6.0,208.9,16.0,16,Without renovation
79500000.0,Ломоносовский проспект,13.0,6.0,255.0,20.0,22,Without renovation
145000000.0,Тропарево,14.0,6.0,243.0,34.0,39,Designer
15000000.0,Верхние Лихоборы,3.0,0.0,87.8,2.0,24,Without renovation
20450000.0,Маяковская,5.0,0.0,53.5,10.0,12,Without renovation
39200000.0,Маяковская,5.0,0.0,78.2,10.0,12,Without renovation
46850000.0,Маяковская,5.0,0.0,85.0,10.0,12,Without renovation
370000000.0,Новослободская,6.0,0.0,343.7,3.0,3,Without renovation
358000000.0,Маяковская,10.0,0.0,357.0,3.0,3,Without renovation
143173000.0,Арбатская,6.0,0.0,138.2,5.0,7,Without renovation
37000000.0,Фили,8.0,0.0,70.4,14.0,30,Without renovation
44412500.0,Динамо,7.0,0.0,93.5,13.0,18,Without renovation
3820000.0,Чкаловская,15.0,0.0,13.0,1.0,14,Without renovation
4920000.0,Курская,18.0,0.0,16.8,1.0,14,Without renovation
21000000.0,Достоевская,6.0,0.0,57.5,1.0,5,Cosmetic
24500000.0,Аминьевская,8.0,0.0,53.41,27.0,39,Without renovation
30500000.0,Шелепиха,13.0,0.0,81.4,12.0,53,Without renovation
54150000.0,Комсомольская,6.0,0.0,117.0,3.0,18,Without renovation
8600000.0,Перерва,16.0,0.0,40.2,2.0,6,Designer
12400000.0,Ботанический сад,4.0,0.0,48.8,11.0,18,Cosmetic
13700000.0,Нахимовский проспект,4.0,0.0,48.0,4.0,23,Without renovation
15470352.0,Тушинская,19.0,0.0,51.9,2.0,4,Designer
29950000.0,Серпуховская,11.0,0.0,65.6,15.0,23,Without renovation
34000000.0,Аминьевская,5.0,0.0,96.0,3.0,25,Without renovation
40000000.0,Ростокино,12.0,0.0,138.0,47.0,56,Without renovation
6000000.0,Волжская,6.0,0.0,21.8,1.0,5,Designer
4490000.0,Нижегородская,7.0,0.0,16.1,2.0,3,European-style renovation
6740000.0,Октябрьская,5.0,0.0,35.0,4.0,5,European-style renovation
7850000.0,Преображенская площадь,10.0,0.0,20.6,3.0,4,Cosmetic
20799000.0,Маяковская,5.0,0.0,35.6,8.0,12,Without renovation
11000000.0,Рассказовка,2.0,0.0,29.0,21.0,23,European-style renovation
5900291.0,Преображенская площадь,10.0,0.0,15.7,2.0,4,Cosmetic
6437856.0,Преображенская площадь,10.0,0.0,20.2,4.0,4,Designer
8212707.0,Преображенская площадь,10.0,0.0,38.7,3.0,3,Designer
8300000.0,Бауманская,7.0,0.0,24.5,6.0,7,Without renovation
5850000.0,Савеловская,13.0,0.0,23.0,2.0,2,Designer
9261313.0,Преображенская площадь,10.0,0.0,34.1,2.0,4,Cosmetic
10900000.0,Черкизовская,18.0,0.0,30.0,5.0,39,Designer
5590000.0,Владыкино,3.0,0.0,19.0,1.0,16,European-style renovation
7245112.0,Преображенская площадь,10.0,0.0,24.4,2.0,4,Cosmetic
6850000.0,Алексеевская,11.0,0.0,15.0,1.0,4,European-style renovation
6950000.0,Тропарево,17.0,0.0,20.5,4.0,22,European-style renovation
6950000.0,Тропарево,17.0,0.0,20.5,3.0,22,European-style renovation
4473000.0,Пятницкое шоссе,25.0,0.0,14.2,4.0,9,European-style renovation
5024000.0,Пятницкое шоссе,25.0,0.0,15.7,4.0,9,European-style renovation
5510000.0,Пятницкое шоссе,25.0,0.0,19.0,4.0,9,European-style renovation
5712000.0,Пятницкое шоссе,25.0,0.0,20.4,2.0,9,European-style renovation
5700000.0,Пятницкое шоссе,25.0,0.0,19.0,3.0,9,European-style renovation
5310000.0,Пятницкое шоссе,25.0,0.0,17.7,4.0,9,European-style renovation
5500000.0,Андроновка,5.0,0.0,19.2,4.0,6,European-style renovation
14056000.0,Маяковская,5.0,0.0,20.4,4.0,6,European-style renovation
8600000.0,Чкаловская,8.0,0.0,15.0,4.0,5,Designer
12500000.0,Беговая,9.0,0.0,22.5,9.0,25,European-style renovation
3520000.0,Третьяковская,5.0,0.0,14.0,1.0,4,European-style renovation
4700000.0,Кунцевская,8.0,0.0,18.2,4.0,5,Cosmetic
4958000.0,Октябрьское поле,10.0,0.0,13.0,1.0,5,Designer
6250000.0,Новогиреево,4.0,0.0,28.4,2.0,14,European-style renovation
6300000.0,Окская,14.0,0.0,15.7,4.0,5,European-style renovation
6500000.0,Окружная,2.0,0.0,18.0,5.0,6,European-style renovation
6800000.0,Электрозаводская,11.0,0.0,17.0,4.0,9,European-style renovation
7200000.0,Электрозаводская,11.0,0.0,17.0,3.0,8,European-style renovation
7300000.0,Саларьево,19.0,0.0,28.0,4.0,13,European-style renovation
7400000.0,Новогиреево,4.0,0.0,37.0,1.0,14,European-style renovation
32080036.0,Белорусская,8.0,1.0,47.5,29.0,37,European-style renovation
24072793.0,Серпуховская,5.0,1.0,38.1,30.0,41,European-style renovation
26890000.0,Минская,1.0,1.0,43.5,11.0,14,European-style renovation
26898520.0,Филёвский парк,11.0,1.0,45.2,8.0,17,European-style renovation
39463466.0,Лужники,3.0,1.0,62.5,29.0,41,Without renovation
47442265.0,Новокузнецкая,15.0,1.0,51.35,2.0,6,Without renovation
97704000.0,Новокузнецкая,10.0,1.0,47.2,3.0,7,Designer
124640000.0,Третьяковская,5.0,1.0,72.6,2.0,14,Designer
146430000.0,Площадь Революции,2.0,1.0,67.07,2.0,5,Designer
163010000.0,Чистые пруды,4.0,1.0,88.1,4.0,6,Designer
11000000.0,Лианозово,15.0,1.0,41.5,9.0,25,Cosmetic
11200000.0,Прокшино,6.0,1.0,36.9,4.0,16,Cosmetic
73293000.0,Воробьёвы горы,13.0,1.0,74.9,8.0,18,Designer
18670000.0,Бутырская,10.0,1.0,36.17,14.0,28,European-style renovation
52452400.0,Киевская,16.0,1.0,52.4,11.0,18,Without renovation
37739132.0,Выставочная,6.0,1.0,54.21,31.0,85,European-style renovation
16998097.0,Дмитровская,5.0,1.0,40.19,3.0,54,Cosmetic
26166400.0,Стрешнево,10.0,1.0,48.1,17.0,21,European-style renovation
77103000.0,Улица 1905 года,6.0,1.0,65.9,5.0,21,Designer
21000000.0,Лужники,8.0,1.0,36.2,13.0,41,European-style renovation
23227228.0,Фили,5.0,1.0,44.44,6.0,57,European-style renovation
19166784.0,Красный Балтиец,6.0,1.0,44.8,2.0,25,European-style renovation
22726909.0,Тульская,8.0,1.0,37.7,7.0,13,European-style renovation
26655920.0,Спартак,20.0,1.0,40.4,5.0,22,European-style renovation
49000000.0,Выставочная,8.0,1.0,51.1,31.0,67,Without renovation
76357895.0,Арбатская,9.0,1.0,111.6,6.0,8,Designer
83665000.0,Китай-город,14.0,1.0,57.7,5.0,8,Designer
20271104.0,Хорошево,17.0,1.0,40.4,2.0,43,European-style renovation
29201550.0,Киевская,8.0,1.0,30.45,2.0,14,European-style renovation
31727850.0,Смоленская,8.0,1.0,46.9,13.0,13,European-style renovation
78947368.0,Смоленская,6.0,1.0,72.9,2.0,5,Designer
23863000.0,Калужская,18.0,1.0,49.0,4.0,32,European-style renovation
18443384.0,Марьина Роща,7.0,1.0,41.39,32.0,44,European-style renovation
35000000.0,Минская,15.0,1.0,45.0,5.0,14,European-style renovation
17182500.0,Полежаевская,20.0,1.0,43.5,6.0,28,Cosmetic
24851960.0,Ботанический сад,16.0,1.0,39.1,2.0,38,European-style renovation
15800000.0,Раменки,7.0,1.0,33.7,24.0,41,Cosmetic
19000000.0,Марьина Роща,8.0,1.0,43.34,23.0,55,European-style renovation
25000000.0,Площадь Ильича,14.0,1.0,69.7,7.0,27,European-style renovation
31000000.0,Ленинский проспект,14.0,1.0,48.73,5.0,8,European-style renovation
35980759.0,Белорусская,14.0,1.0,60.05,5.0,33,European-style renovation
20342989.0,Печатники,16.0,1.0,45.7,12.0,22,European-style renovation
15521892.0,Очаково,15.0,1.0,31.9,31.0,48,Cosmetic
17602146.0,Верхние Лихоборы,15.0,1.0,39.7,14.0,36,European-style renovation
22921100.0,Воронцовская,8.0,1.0,48.5,28.0,34,European-style renovation
31000000.0,Терехово,8.0,1.0,70.2,5.0,19,European-style renovation
18677971.0,Преображенская площадь,4.0,1.0,45.31,4.0,17,European-style renovation
49571000.0,Октябрьская,1.0,1.0,52.18,2.0,9,Without renovation
160192329.0,Киевская,13.0,1.0,101.91,2.0,14,Designer
18695759.0,Шелепиха,9.0,1.0,35.0,15.0,32,European-style renovation
18653329.0,Электрозаводская,14.0,1.0,37.7,4.0,11,European-style renovation
18990000.0,Павелецкая,17.0,1.0,37.5,5.0,43,European-style renovation
23175600.0,Зорге,13.0,1.0,43.4,3.0,27,European-style renovation
15560203.0,Нагатинская,15.0,1.0,29.8,5.0,26,Cosmetic
18395650.0,Стрешнево,3.0,1.0,37.75,6.0,30,European-style renovation
23381500.0,Беговая,13.0,1.0,46.3,15.0,25,European-style renovation
17130504.0,Мичуринский проспект,19.0,1.0,40.1,14.0,24,Cosmetic
19150000.0,Аминьевская,14.0,1.0,45.1,21.0,29,European-style renovation
21411928.0,Фили,3.0,1.0,41.2,12.0,20,European-style renovation
8080293.0,Бунинская Аллея,9.0,1.0,23.4,13.0,14,Cosmetic
10832290.0,Прокшино,6.0,1.0,39.4,10.0,17,Cosmetic
14750000.0,Полежаевская,3.0,1.0,37.26,12.0,21,Cosmetic
16419450.0,Октябрьское поле,3.0,1.0,41.1,3.0,21,Cosmetic
17880329.0,Зорге,2.0,1.0,45.6,2.0,23,European-style renovation
19055000.0,Гражданская,10.0,1.0,41.2,11.0,25,European-style renovation
20100000.0,Терехово,8.0,1.0,41.9,2.0,24,European-style renovation
20143852.0,Нагатинская,6.0,1.0,40.26,11.0,25,European-style renovation
21720988.0,Зорге,6.0,1.0,37.5,2.0,16,European-style renovation
35591626.0,Аэропорт,11.0,1.0,53.3,3.0,41,European-style renovation
7038389.0,Коммунарка,15.0,1.0,23.8,2.0,24,Cosmetic
14150136.0,Карамышевская,2.0,1.0,34.1,14.0,28,Cosmetic
15616224.0,Народное Ополчение,11.0,1.0,46.8,14.0,21,Cosmetic
16150680.0,Октябрьское поле,20.0,1.0,29.0,17.0,19,Cosmetic
17800000.0,Марьина Роща,8.0,1.0,43.52,20.0,57,European-style renovation
26707400.0,Мичуринский проспект,16.0,1.0,41.0,20.0,30,European-style renovation
11912802.0,Кожуховская,9.0,1.0,32.9,11.0,68,Cosmetic
12608742.0,Калитники,10.0,1.0,42.94,4.0,16,Cosmetic
16500000.0,Шелепиха,12.0,1.0,32.5,8.0,32,Cosmetic
18999980.0,Технопарк,6.0,1.0,44.9,10.0,35,European-style renovation
24500000.0,Красные ворота,7.0,1.0,27.5,5.0,19,European-style renovation
7680024.0,Ольховая,17.0,1.0,34.6,3.0,16,Cosmetic
9708098.0,Говорово,13.0,1.0,36.9,9.0,17,Cosmetic
9916679.0,Бунинская Аллея,8.0,1.0,35.6,3.0,7,Cosmetic
17514480.0,Зорге,12.0,1.0,36.56,16.0,21,European-style renovation
18489120.0,Шелепиха,6.0,1.0,29.63,31.0,51,European-style renovation
9846549.0,Бунинская Аллея,18.0,1.0,33.3,8.0,30,Cosmetic
10023842.0,Филатов Луг,11.0,1.0,40.9,21.0,22,Cosmetic
18500000.0,Технопарк,3.0,1.0,43.0,6.0,40,European-style renovation
20085912.0,Красный Балтиец,6.0,1.0,47.2,3.0,25,European-style renovation
20748078.0,Красный Балтиец,6.0,1.0,46.8,13.0,25,European-style renovation
23375869.0,Лужники,3.0,1.0,38.0,6.0,41,European-style renovation
25436116.0,Лужники,3.0,1.0,38.8,2.0,41,European-style renovation
50248000.0,Воробьёвы горы,13.0,1.0,55.3,2.0,18,Without renovation
8500000.0,Прокшино,10.0,1.0,40.4,11.0,15,Cosmetic
21562092.0,Тульская,13.0,1.0,47.2,8.0,20,European-style renovation
24286694.0,Серпуховская,5.0,1.0,37.7,18.0,41,European-style renovation
31786311.0,Карамышевская,2.0,1.0,51.9,2.0,26,European-style renovation
18286490.0,Тульская,13.0,1.0,38.77,4.0,20,European-style renovation
20200660.0,Тульская,14.0,1.0,38.93,6.0,20,European-style renovation
26204990.0,Карамышевская,2.0,1.0,42.7,18.0,43,European-style renovation
19045534.0,Народное Ополчение,18.0,1.0,32.3,19.0,29,European-style renovation
22500000.0,Автозаводская,19.0,1.0,48.77,13.0,14,European-style renovation
21900000.0,Хорошево,26.0,1.0,39.1,17.0,43,European-style renovation
22600000.0,ЗИЛ,9.0,1.0,46.0,6.0,20,European-style renovation
34050000.0,Терехово,8.0,1.0,81.3,10.0,13,European-style renovation
19700000.0,Шелепиха,6.0,1.0,45.0,25.0,51,European-style renovation
19200000.0,Беломорская,3.0,1.0,43.61,17.0,20,European-style renovation
29000000.0,Чкаловская,2.0,1.0,40.8,15.0,21,European-style renovation
75000000.0,Чкаловская,13.0,1.0,57.0,4.0,8,Designer
8700000.0,Царицыно,6.0,1.0,33.77,4.0,20,Cosmetic
13950000.0,Зорге,13.0,1.0,36.3,4.0,22,Cosmetic
17100000.0,ЗИЛ,15.0,1.0,40.1,4.0,16,Cosmetic
25000000.0,Петровский парк,7.0,1.0,61.3,6.0,8,European-style renovation
25400000.0,Павелецкая,12.0,1.0,41.1,5.0,21,European-style renovation
28000000.0,Юго-Западная,20.0,1.0,70.8,8.0,33,European-style renovation
6324997.0,Говорово,10.0,1.0,23.93,6.0,15,Cosmetic
6910078.0,Рассказовка,18.0,1.0,32.03,9.0,9,Cosmetic
7331153.0,Щербинка,19.0,1.0,32.5,2.0,17,Cosmetic
7489705.0,Бульвар Адмирала Ушакова,8.0,1.0,25.4,2.0,16,Cosmetic
7555400.0,Окружная,12.0,1.0,32.7,4.0,14,Cosmetic
7618549.0,Щербинка,12.0,1.0,31.9,2.0,17,Cosmetic
7809556.0,Щербинка,12.0,1.0,32.3,16.0,17,Cosmetic
7792964.0,Филатов Луг,13.0,1.0,36.3,11.0,14,Cosmetic
7850000.0,Ховрино,15.0,1.0,32.51,17.0,17,Cosmetic
7906171.0,Щербинка,18.0,1.0,35.9,10.0,17,Cosmetic
8137000.0,Аэропорт Внуково,17.0,1.0,41.2,9.0,9,Cosmetic
8100000.0,Ботанический сад,17.0,1.0,33.0,6.0,18,Cosmetic
8165400.0,Ольховая,14.0,1.0,37.2,14.0,14,Cosmetic
8200000.0,Щербинка,12.0,1.0,36.0,16.0,17,Cosmetic
8209688.0,Щербинка,11.0,1.0,32.28,17.0,17,Cosmetic
8200000.0,Бульвар Адмирала Ушакова,8.0,1.0,23.2,17.0,17,Cosmetic
8334900.0,Ховрино,16.0,1.0,34.3,5.0,12,Cosmetic
8534309.0,Ольховая,17.0,1.0,37.0,7.0,15,Cosmetic
8651376.0,Ольховая,17.0,1.0,36.0,10.0,15,Cosmetic
8878600.0,Аэропорт Внуково,17.0,1.0,41.2,6.0,12,Cosmetic
8892400.0,Ольховая,9.0,1.0,37.2,14.0,14,Cosmetic
8821450.0,Ольховая,9.0,1.0,37.2,15.0,15,Cosmetic
8843959.0,Пятницкое шоссе,31.0,1.0,31.8,17.0,25,Cosmetic
8911193.0,Филатов Луг,11.0,1.0,35.5,14.0,19,Cosmetic
8935670.0,Бунинская Аллея,5.0,1.0,36.4,2.0,16,Cosmetic
8904194.0,Филатов Луг,13.0,1.0,44.4,9.0,14,Cosmetic
9185700.0,Ольховая,9.0,1.0,40.6,2.0,15,Cosmetic
9126804.0,Перерва,14.0,1.0,32.6,2.0,17,Cosmetic
9271040.0,Бунинская Аллея,18.0,1.0,35.6,2.0,30,Cosmetic
9329878.0,Щербинка,19.0,1.0,46.8,8.0,17,Cosmetic
9284216.0,Пятницкое шоссе,4.0,1.0,34.0,3.0,32,Cosmetic
9390720.0,Аэропорт Внуково,17.0,1.0,43.8,5.0,9,Cosmetic
9366953.0,Пятницкое шоссе,31.0,1.0,31.7,14.0,25,Cosmetic
9537011.0,Коммунарка,17.0,1.0,33.9,2.0,21,Cosmetic
9549880.0,Бунинская Аллея,9.0,1.0,32.5,17.0,17,Cosmetic
9501203.0,Перерва,14.0,1.0,32.6,20.0,33,Cosmetic
9564970.0,Ольховая,14.0,1.0,43.3,8.0,14,Cosmetic
9605194.0,Дегунино,6.0,1.0,33.0,4.0,33,Cosmetic
9737088.0,Прокшино,6.0,1.0,35.2,4.0,13,Cosmetic
9705985.0,Говорово,13.0,1.0,36.1,12.0,17,Cosmetic
9673541.0,Бунинская Аллея,8.0,1.0,36.6,9.0,9,Cosmetic
9661921.0,Говорово,13.0,1.0,35.06,2.0,15,Cosmetic
9660148.0,Бунинская Аллея,9.0,1.0,32.5,11.0,17,Cosmetic
9737184.0,Депо,18.0,1.0,34.2,13.0,16,Cosmetic
9821420.0,Ольховая,14.0,1.0,43.4,8.0,14,Cosmetic
9840544.0,Новоподрезково,6.0,1.0,34.1,14.0,15,Cosmetic
9795427.0,Говорово,13.0,1.0,34.97,12.0,15,Cosmetic
9872741.0,Новоподрезково,6.0,1.0,34.3,12.0,15,Cosmetic
9877569.0,Бунинская Аллея,9.0,1.0,32.6,14.0,17,Cosmetic
9990000.0,Братиславская,8.0,1.0,32.0,14.0,17,Cosmetic
10036936.0,Красный Строитель,5.0,1.0,32.44,4.0,33,Cosmetic
10023882.0,Нахабино,21.0,1.0,33.8,25.0,25,Cosmetic
10030162.0,Пятницкое шоссе,5.0,1.0,32.2,16.0,19,Cosmetic
10050060.0,Медведково,17.0,1.0,34.7,20.0,62,Cosmetic
10135683.0,Медведково,17.0,1.0,34.7,29.0,62,Cosmetic
10226930.0,Бунинская Аллея,18.0,1.0,36.1,15.0,30,Cosmetic
10198573.0,Бунинская Аллея,18.0,1.0,36.1,13.0,30,Cosmetic
10206800.0,Кантемировская,19.0,1.0,32.3,9.0,33,Cosmetic
10179579.0,Пятницкое шоссе,4.0,1.0,32.3,15.0,32,Cosmetic
10280447.0,Красный Строитель,3.0,1.0,34.08,7.0,33,Cosmetic
10405301.0,Говорово,13.0,1.0,38.6,15.0,17,Cosmetic
10490949.0,Бескудниково,19.0,1.0,34.4,33.0,33,Cosmetic
10467171.0,Бульвар Рокоссовского,3.0,1.0,32.4,33.0,33,Cosmetic
10500000.0,Калитники,10.0,1.0,45.0,2.0,21,Cosmetic
10500000.0,Стрешнево,6.0,1.0,30.2,21.0,22,Cosmetic
10601441.0,Прокшино,6.0,1.0,34.0,16.0,17,Cosmetic
10567656.0,Саларьево,16.0,1.0,32.1,14.0,14,Cosmetic
10555993.0,Спартак,5.0,1.0,27.4,2.0,22,Cosmetic
10599833.0,Спартак,5.0,1.0,27.4,5.0,22,Cosmetic
10705030.0,Бунинская Аллея,18.0,1.0,38.5,12.0,30,Cosmetic
10735695.0,Варшавская,14.0,1.0,28.47,5.0,9,Cosmetic
10715248.0,Коммунарка,15.0,1.0,33.5,20.0,24,Cosmetic
10781275.0,Бунинская Аллея,9.0,1.0,38.0,14.0,18,Cosmetic
10847917.0,Медведково,4.0,1.0,35.9,40.0,53,Cosmetic
10840170.0,Владыкино,8.0,1.0,32.1,17.0,33,Cosmetic
10820930.0,Красный Строитель,3.0,1.0,36.18,20.0,33,Cosmetic
10915155.0,Прокшино,6.0,1.0,35.0,16.0,16,Cosmetic
10914361.0,Прокшино,14.0,1.0,34.6,3.0,15,Cosmetic
10924226.0,Филатов Луг,11.0,1.0,47.0,1.0,19,Cosmetic
10986500.0,Новые Черемушки,11.0,1.0,30.1,10.0,29,Cosmetic
10945180.0,Коммунарка,10.0,1.0,33.4,14.0,17,Cosmetic
10918497.0,Коммунарка,17.0,1.0,33.3,12.0,16,Cosmetic
10935700.0,Бульвар Рокоссовского,3.0,1.0,32.3,19.0,33,Cosmetic
11031049.0,Филатов Луг,11.0,1.0,41.7,15.0,22,Cosmetic
49068328.0,Белорусская,8.0,2.0,74.6,12.0,36,Without renovation
54720000.0,Панфиловская,12.0,2.0,90.0,3.0,12,Without renovation
58780000.0,Минская,1.0,2.0,74.4,14.0,14,Without renovation
48858726.0,Парк Победы,7.0,2.0,51.2,28.0,34,Without renovation
40531259.0,Лужники,3.0,2.0,70.1,15.0,41,Without renovation
135360000.0,Парк культуры,12.0,2.0,75.2,4.0,7,Designer
47276605.0,Павелецкая,15.0,2.0,55.8,7.0,11,Without renovation
210320000.0,Полянка,5.0,2.0,111.8,2.0,14,Designer
29210815.0,Серпуховская,16.0,2.0,58.0,4.0,27,European-style renovation
52100000.0,Улица 1905 года,13.0,2.0,66.7,4.0,7,Without renovation
79000000.0,Маяковская,1.0,2.0,63.2,7.0,9,Designer
162760000.0,Чистые пруды,4.0,2.0,143.2,1.0,6,Designer
161500000.0,Площадь Революции,2.0,2.0,76.22,1.0,5,Designer
23547982.0,Савеловская,9.0,2.0,47.5,9.0,22,European-style renovation
113942400.0,Арбатская,5.0,2.0,114.4,4.0,6,Designer
180000000.0,Новокузнецкая,10.0,2.0,75.0,5.0,7,Designer
104609742.0,Новокузнецкая,15.0,2.0,74.78,3.0,6,Designer
16850000.0,Шелепиха,7.0,2.0,34.3,3.0,32,Cosmetic
29342500.0,Павелецкая,8.0,2.0,50.0,2.0,32,European-style renovation
27540000.0,Бутырская,10.0,2.0,59.63,17.0,21,European-style renovation
31407500.0,Стрешнево,9.0,2.0,73.9,2.0,21,European-style renovation
51601901.0,Выставочная,6.0,2.0,74.51,34.0,85,Without renovation
58893780.0,Филёвский парк,11.0,2.0,108.6,9.0,17,Without renovation
59300887.0,Выставочная,1.0,2.0,92.1,43.0,85,Without renovation
89841628.0,Киевская,16.0,2.0,101.6,10.0,18,Designer
118124000.0,Воробьёвы горы,13.0,2.0,113.8,9.0,18,Designer
171045000.0,Улица 1905 года,8.0,2.0,126.7,9.0,15,Designer
17168000.0,Яхромская,4.0,2.0,63.6,2.0,16,Cosmetic
30664646.0,Фили,5.0,2.0,59.57,3.0,57,European-style renovation
34336326.0,Дмитровская,5.0,2.0,70.7,28.0,49,European-style renovation
31107719.0,Красный Балтиец,4.0,2.0,71.5,5.0,20,European-style renovation
37350677.0,Тульская,8.0,2.0,65.7,6.0,13,European-style renovation
32456220.0,Спартак,13.0,2.0,66.7,8.0,13,European-style renovation
63100000.0,Выставочная,7.0,2.0,69.8,12.0,67,Without renovation
113700000.0,Арбатская,9.0,2.0,113.7,6.0,8,Designer
21687330.0,Крымская,18.0,2.0,42.7,7.0,42,European-style renovation
125095520.0,Китай-город,14.0,2.0,124.3,3.0,8,Designer
36453150.0,Киевская,8.0,2.0,41.19,2.0,14,European-style renovation
108084211.0,Смоленская,6.0,2.0,120.8,4.0,5,Designer
129829700.0,Смоленская,8.0,2.0,129.7,6.0,13,Designer
22512000.0,Полежаевская,20.0,2.0,56.0,18.0,28,European-style renovation
22813650.0,Нагорная,8.0,2.0,65.5,18.0,34,European-style renovation
25814040.0,Рижская,14.0,2.0,66.36,8.0,55,European-style renovation
26281000.0,Калужская,18.0,2.0,64.1,32.0,32,European-style renovation
27000000.0,Минская,7.0,2.0,78.0,15.0,52,European-style renovation
32354969.0,Народное Ополчение,18.0,2.0,69.1,9.0,29,European-style renovation
24000000.0,Авиамоторная,15.0,2.0,56.1,8.0,27,European-style renovation
31000000.0,Минская,14.0,2.0,68.7,8.0,13,European-style renovation
39856000.0,Хорошево,18.0,2.0,47.0,5.0,8,Without renovation
59183800.0,Красные ворота,7.0,2.0,114.92,4.0,19,Without renovation
31616040.0,Ботанический сад,16.0,2.0,48.7,6.0,38,European-style renovation
50983800.0,Ленинский проспект,13.0,2.0,85.4,7.0,17,Without renovation
27060879.0,Печатники,16.0,2.0,61.7,6.0,25,European-style renovation
52168824.0,Белорусская,14.0,2.0,74.6,23.0,26,Without renovation
12004469.0,Тушинская,5.0,2.0,46.0,6.0,25,Cosmetic
31283538.0,Селигерская,10.0,2.0,74.1,35.0,43,European-style renovation
22395960.0,Воронцовская,8.0,2.0,46.6,30.0,34,European-style renovation
71715500.0,Октябрьская,1.0,2.0,75.49,2.0,9,Designer
269284490.0,Киевская,13.0,2.0,155.65,4.0,14,Designer
28905922.0,Преображенская площадь,4.0,2.0,71.31,4.0,17,European-style renovation
36000000.0,Тульская,5.0,2.0,94.2,7.0,8,European-style renovation
35964753.0,Ростокино,14.0,2.0,109.7,37.0,58,European-style renovation
26814806.0,Зорге,13.0,2.0,55.9,23.0,27,European-style renovation
54000000.0,Улица 1905 года,6.0,2.0,54.0,4.0,21,Without renovation
62000000.0,Улица 1905 года,6.0,2.0,58.54,3.0,15,Without renovation
28782941.0,Шелепиха,9.0,2.0,65.3,31.0,33,European-style renovation
22588696.0,Электрозаводская,14.0,2.0,54.0,3.0,21,European-style renovation
17261680.0,Нагатинская,15.0,2.0,40.1,15.0,26,Cosmetic
26605000.0,Беговая,13.0,2.0,62.6,8.0,25,European-style renovation
28407622.0,Стрешнево,3.0,2.0,70.5,8.0,30,European-style renovation
18902704.0,Озёрная,19.0,2.0,44.1,12.0,23,European-style renovation
26329387.0,Академическая,1.0,2.0,45.6,7.0,19,European-style renovation
26900000.0,Крымская,21.0,2.0,62.6,16.0,42,European-style renovation
27493393.0,Фили,3.0,2.0,67.6,3.0,24,European-style renovation
14117848.0,Прокшино,6.0,2.0,37.9,14.0,15,Cosmetic
15930000.0,Давыдково,12.0,2.0,53.1,3.0,21,Cosmetic
19385450.0,Октябрьское поле,4.0,2.0,57.1,2.0,27,European-style renovation
21212323.0,Нагатинская,4.0,2.0,57.91,2.0,28,European-style renovation
28840000.0,Аминьевская,14.0,2.0,76.9,24.0,29,European-style renovation
42715100.0,Фили,8.0,2.0,76.41,2.0,11,Without renovation
62000000.0,Беговая,5.0,2.0,58.54,3.0,15,Without renovation
24466924.0,Зорге,2.0,2.0,54.7,2.0,23,European-style renovation
65008835.0,ЦСКА,11.0,2.0,81.7,2.0,40,Without renovation
69900000.0,Улица 1905 года,9.0,2.0,68.0,14.0,21,Without renovation
15250624.0,Улица Скобелевская,5.0,2.0,49.2,13.0,16,Cosmetic
23000000.0,Печатники,10.0,2.0,57.1,24.0,29,European-style renovation
26000299.0,Зорге,6.0,2.0,54.2,3.0,16,European-style renovation
18654300.0,Гражданская,10.0,2.0,44.1,2.0,15,European-style renovation
21761000.0,Народное Ополчение,11.0,2.0,92.6,3.0,21,European-style renovation
26829348.0,Октябрьское поле,14.0,2.0,62.2,15.0,24,European-style renovation
30171525.0,Карамышевская,2.0,2.0,68.3,23.0,47,European-style renovation
69293014.0,Парк Победы,5.0,2.0,65.43,2.0,13,Without renovation
12772900.0,Коммунарка,17.0,2.0,51.5,6.0,12,Cosmetic
13466437.0,Коптево,9.0,2.0,47.0,4.0,10,Cosmetic
14788454.0,Кожуховская,9.0,2.0,40.4,17.0,47,Cosmetic
20500000.0,Свиблово,7.0,2.0,60.9,9.0,33,European-style renovation
38326230.0,Мичуринский проспект,16.0,2.0,72.3,14.0,30,European-style renovation
39600000.0,Спортивная,5.0,2.0,76.73,23.0,41,Without renovation
59900000.0,Улица 1905 года,5.0,2.0,55.0,10.0,21,Without renovation
62000000.0,Улица 1905 года,6.0,2.0,58.18,3.0,21,Without renovation
8734352.0,Ольховая,17.0,2.0,40.5,7.0,15,Cosmetic
11070148.0,Бунинская Аллея,5.0,2.0,49.9,11.0,17,Cosmetic
13187768.0,Говорово,13.0,2.0,54.7,9.0,9,Cosmetic
14824568.0,Калитники,10.0,2.0,44.84,6.0,21,Cosmetic
24872380.0,Шелепиха,6.0,2.0,45.89,28.0,51,European-style renovation
25125120.0,Зорге,13.0,2.0,56.29,16.0,21,European-style renovation
25779772.0,Технопарк,6.0,2.0,64.4,5.0,35,European-style renovation
13156022.0,Филатов Луг,11.0,2.0,63.8,15.0,19,Cosmetic
13345709.0,Бунинская Аллея,18.0,2.0,55.8,21.0,30,Cosmetic
25800000.0,Киевская,5.0,2.0,49.0,30.0,41,European-style renovation
54826000.0,Баррикадная,2.0,2.0,56.58,3.0,21,Without renovation
62046000.0,Краснопресненская,1.0,2.0,76.6,4.0,20,Without renovation
230000000.0,Маяковская,2.0,2.0,148.5,3.0,9,Designer
28800000.0,Академическая,1.0,2.0,53.3,10.0,19,European-style renovation
28800000.0,Лужники,5.0,2.0,56.6,28.0,41,European-style renovation
12703654.0,Коммунарка,14.0,2.0,53.6,12.0,18,Cosmetic
23400000.0,Шелепиха,7.0,2.0,59.9,4.0,32,European-style renovation
18500000.0,Минская,7.0,2.0,54.2,6.0,52,European-style renovation
22900000.0,Шелепиха,6.0,2.0,42.12,6.0,53,European-style renovation
23900000.0,Студенческая,29.0,2.0,48.7,26.0,40,European-style renovation
21499000.0,Калужская,13.0,2.0,60.8,7.0,46,European-style renovation
27000000.0,Тульская,13.0,2.0,71.0,16.0,20,European-style renovation
40500000.0,Спортивная,5.0,2.0,76.0,9.0,41,Without renovation
68000000.0,Парк культуры,10.0,2.0,49.0,3.0,6,Without renovation
75300000.0,Краснопресненская,2.0,2.0,90.8,7.0,20,Designer
75300000.0,Краснопресненская,2.0,2.0,90.8,7.0,20,Designer
25499000.0,Калужская,17.0,2.0,64.3,5.0,46,European-style renovation
50040000.0,Фили,7.0,2.0,55.6,12.0,46,Without renovation
65569500.0,Парк культуры,10.0,2.0,48.57,5.0,6,Without renovation
12450000.0,Филатов Луг,9.0,2.0,53.7,9.0,15,Cosmetic
24500000.0,ЗИЛ,21.0,2.0,64.2,7.0,17,European-style renovation
32000000.0,Ленинский проспект,14.0,2.0,50.0,4.0,8,European-style renovation
38500000.0,Терехово,5.0,2.0,77.7,9.0,24,European-style renovation
75300000.0,Краснопресненская,2.0,2.0,90.8,7.0,20,Designer
97000000.0,Улица 1905 года,7.0,2.0,108.0,9.0,21,Designer
25780000.0,Воробьёвы горы,8.0,2.0,46.0,11.0,41,European-style renovation
12200000.0,Румянцево,7.0,2.0,49.6,7.0,16,Cosmetic
20863376.0,Тульская,13.0,2.0,42.44,3.0,20,European-style renovation
21497000.0,Минская,6.0,2.0,54.3,30.0,52,European-style renovation
26548746.0,Народное Ополчение,18.0,2.0,49.7,10.0,29,European-style renovation
29670742.0,Серпуховская,16.0,2.0,58.3,9.0,27,European-style renovation
31000000.0,Ленинский проспект,14.0,2.0,48.73,5.0,8,European-style renovation
32074680.0,Тульская,13.0,2.0,66.52,16.0,20,European-style renovation
33711793.0,Лужники,3.0,2.0,60.3,6.0,41,European-style renovation
36021487.0,Лужники,3.0,2.0,63.3,6.0,41,European-style renovation
36530631.0,Серпуховская,5.0,2.0,57.6,24.0,41,European-style renovation
37628117.0,Тульская,13.0,2.0,73.42,7.0,20,European-style renovation
38593280.0,Народное Ополчение,18.0,2.0,70.4,22.0,29,Without renovation
39618984.0,Лужники,3.0,2.0,69.5,8.0,41,Without renovation
40279000.0,Хорошево,18.0,2.0,47.0,8.0,8,Without renovation
41400000.0,Спортивная,5.0,2.0,78.0,32.0,41,Without renovation
44000000.0,Сокол,13.0,2.0,59.0,12.0,12,Without renovation
50488727.0,Парк Победы,7.0,2.0,49.3,20.0,34,Without renovation
50979269.0,Парк Победы,7.0,2.0,49.3,21.0,34,Without renovation
52100100.0,Хорошево,18.0,2.0,65.7,5.0,8,Without renovation
51705900.0,Хорошево,18.0,2.0,65.7,3.0,8,Without renovation
98201600.0,Арбатская,5.0,2.0,102.4,2.0,6,Designer
101752000.0,Улица 1905 года,6.0,2.0,110.6,5.0,21,Designer
104445900.0,Арбатская,5.0,2.0,101.7,3.0,6,Designer
111012000.0,Улица 1905 года,6.0,2.0,127.6,2.0,21,Designer
112455200.0,Арбатская,5.0,2.0,114.4,3.0,6,Designer
114202000.0,Улица 1905 года,6.0,2.0,127.6,4.0,21,Designer
146715789.0,Арбатская,9.0,2.0,121.2,8.0,8,Designer
148042105.0,Смоленская,6.0,2.0,175.8,3.0,5,Designer
183063158.0,Смоленская,6.0,2.0,204.6,3.0,5,Designer
25554869.0,Красный Балтиец,6.0,2.0,63.1,16.0,25,European-style renovation
72850000.0,Маяковская,1.0,2.0,62.0,6.0,9,Designer
396942000.0,Третьяковская,3.0,2.0,145.41,2.0,4,Designer
28849099.0,Красный Балтиец,4.0,2.0,66.2,9.0,20,European-style renovation
34500000.0,Чкаловская,2.0,2.0,50.3,9.0,21,European-style renovation
47984900.0,Филёвский парк,11.0,2.0,71.3,15.0,17,Without renovation
85909802.0,Киевская,13.0,2.0,65.5,3.0,4,Designer
25000000.0,Шелепиха,6.0,2.0,65.0,6.0,43,European-style renovation
37000000.0,Чкаловская,2.0,2.0,61.0,17.0,21,European-style renovation
406528000.0,Третьяковская,3.0,2.0,127.04,2.0,6,Designer
16558000.0,Нагорная,8.0,2.0,42.5,25.0,34,Cosmetic
16723080.0,Нагорная,8.0,2.0,45.1,15.0,28,Cosmetic
30587700.0,Красный Балтиец,4.0,2.0,68.2,11.0,20,European-style renovation
33930000.0,Чкаловская,2.0,2.0,37.7,20.0,21,European-style renovation
50500000.0,Красные ворота,7.0,2.0,73.88,10.0,19,Without renovation
54000000.0,Беговая,25.0,2.0,54.0,4.0,21,Without renovation
88350000.0,Маяковская,1.0,2.0,57.0,5.0,9,Designer
97580000.0,Маяковская,1.0,2.0,57.4,7.0,9,Designer
25500000.0,Шелепиха,6.0,2.0,55.0,9.0,24,European-style renovation
26780000.0,Воробьёвы горы,8.0,2.0,46.0,17.0,41,European-style renovation
27500000.0,ЗИЛ,25.0,2.0,85.0,10.0,28,European-style renovation
28000000.0,Автозаводская,29.0,2.0,69.0,3.0,15,European-style renovation
28200000.0,Ботанический сад,3.0,2.0,60.0,5.0,48,European-style renovation
30825000.0,Тульская,8.0,2.0,41.1,3.0,13,European-style renovation
38500000.0,Аминьевская,6.0,2.0,70.0,13.0,36,European-style renovation
30000000.0,Шелепиха,17.0,2.0,71.0,12.0,41,European-style renovation
61552050.0,Филёвский парк,11.0,2.0,108.5,11.0,17,Without renovation
116028099.0,Новокузнецкая,15.0,2.0,74.91,4.0,6,Designer
35250000.0,Чкаловская,5.0,2.0,47.0,12.0,21,European-style renovation
64408973.0,Белорусская,5.0,3.0,88.2,33.0,36,Without renovation
51840000.0,Панфиловская,12.0,3.0,81.2,7.0,12,Without renovation
40000000.0,Варшавская,6.0,3.0,95.8,9.0,17,Without renovation
58960000.0,Минская,12.0,3.0,95.4,8.0,14,Without renovation
197460000.0,Парк культуры,12.0,3.0,109.7,4.0,7,Designer
140155549.0,Парк Победы,7.0,3.0,100.9,18.0,34,Designer
60654000.0,Лужники,3.0,3.0,91.9,35.0,41,Without renovation
59155379.0,Павелецкая,15.0,3.0,85.3,5.0,11,Without renovation
326730000.0,Третьяковская,5.0,3.0,160.4,9.0,14,Designer
38972930.0,Серпуховская,16.0,3.0,79.4,9.0,27,Without renovation
68390000.0,Улица 1905 года,11.0,3.0,98.9,2.0,21,Without renovation
176750000.0,Маяковская,1.0,3.0,101.0,9.0,9,Designer
229160000.0,Чистые пруды,4.0,3.0,136.8,3.0,6,Designer
234370000.0,Площадь Революции,2.0,3.0,111.64,3.0,4,Designer
37005026.0,Савеловская,9.0,3.0,80.8,18.0,22,European-style renovation
241110000.0,Новокузнецкая,10.0,3.0,126.9,3.0,7,Designer
202385986.0,Новокузнецкая,15.0,3.0,122.74,4.0,6,Designer
65325902.0,Павелецкая,10.0,3.0,74.2,18.0,32,Without renovation
61135350.0,Филёвский парк,11.0,3.0,108.3,12.0,17,Without renovation
108134000.0,Воробьёвы горы,13.0,3.0,131.8,2.0,18,Designer
177651032.0,Киевская,16.0,3.0,172.3,11.0,18,Designer
34380000.0,Бутырская,10.0,3.0,79.64,2.0,21,European-style renovation
37636906.0,Дмитровская,5.0,3.0,93.85,32.0,54,European-style renovation
40450100.0,Стрешнево,10.0,3.0,98.9,3.0,21,Without renovation
76464705.0,Выставочная,6.0,3.0,111.97,20.0,85,Designer
109001377.0,Выставочная,1.0,3.0,154.3,62.0,85,Designer
223195000.0,Улица 1905 года,6.0,3.0,182.2,15.0,21,Designer
24500000.0,Тушинская,19.0,3.0,75.7,6.0,30,European-style renovation
51058942.0,Фили,5.0,3.0,102.15,44.0,57,Without renovation
30399454.0,Красный Балтиец,6.0,3.0,75.7,13.0,25,European-style renovation
57463509.0,Тульская,8.0,3.0,99.0,7.0,13,Without renovation
66540960.0,Спартак,13.0,3.0,131.4,7.0,9,Without renovation
118575675.0,Выставочная,7.0,3.0,105.7,25.0,67,Designer
116500000.0,Курская,6.0,3.0,140.1,10.0,11,Designer
146084211.0,Арбатская,9.0,3.0,154.2,4.0,8,Designer
31605210.0,Нагорная,19.0,3.0,66.3,11.0,42,European-style renovation
136477275.0,Китай-город,14.0,3.0,122.1,6.0,8,Designer
61427720.0,Киевская,8.0,3.0,79.88,2.0,14,Without renovation
154000000.0,Смоленская,6.0,3.0,133.6,4.0,5,Designer
31381922.0,Хорошево,17.0,3.0,63.5,9.0,43,European-style renovation
96500000.0,Беговая,5.0,3.0,86.07,7.0,21,Designer
98000000.0,Улица 1905 года,5.0,3.0,87.0,7.0,21,Designer
234131835.0,Смоленская,8.0,3.0,184.6,12.0,13,Designer
33919110.0,Марьина Роща,7.0,3.0,85.98,29.0,44,European-style renovation
39625600.0,Калужская,18.0,3.0,85.4,32.0,32,Without renovation
20534220.0,Нагорная,8.0,3.0,60.2,3.0,22,European-style renovation
20959830.0,Полежаевская,20.0,3.0,52.1,6.0,28,European-style renovation
39395600.0,Ботанический сад,16.0,3.0,74.5,17.0,38,Without renovation
46500000.0,Беломорская,18.0,3.0,95.78,20.0,20,Without renovation
51758000.0,Красные ворота,7.0,3.0,73.94,3.0,19,Without renovation
100000000.0,Улица 1905 года,6.0,3.0,90.0,7.0,21,Designer
104000000.0,Улица 1905 года,6.0,3.0,108.0,9.0,21,Designer
124567800.0,Улица 1905 года,6.0,3.0,127.1,6.0,21,Designer
127000000.0,Улица 1905 года,9.0,3.0,127.6,6.0,21,Designer
131000000.0,Улица 1905 года,6.0,3.0,112.5,6.0,21,Designer
134699550.0,Хорошево,19.0,3.0,93.9,4.0,9,Designer
41946660.0,Фили,6.0,3.0,97.2,8.0,41,Without renovation
77465600.0,Ленинский проспект,13.0,3.0,142.4,7.0,17,Designer
38657606.0,Печатники,16.0,3.0,86.4,10.0,25,Without renovation
37941057.0,Павшино,14.0,3.0,113.63,2.0,8,European-style renovation
52646486.0,Белорусская,14.0,3.0,93.16,6.0,33,Without renovation
28919022.0,Мичуринский проспект,10.0,3.0,71.7,20.0,30,European-style renovation
86915220.0,Баррикадная,2.0,3.0,92.12,3.0,21,Designer
21870697.0,Тушинская,5.0,3.0,79.6,11.0,25,European-style renovation
36905610.0,Селигерская,10.0,3.0,86.0,43.0,43,European-style renovation
44513860.0,Воронцовская,6.0,3.0,89.8,31.0,34,Without renovation
37547501.0,Преображенская площадь,6.0,3.0,95.09,2.0,17,European-style renovation
28646229.0,Зорге,13.0,3.0,65.5,2.0,27,European-style renovation
45170359.0,Шелепиха,9.0,3.0,97.0,10.0,32,Without renovation
29070417.0,Электрозаводская,14.0,3.0,74.4,7.0,11,European-style renovation
41111970.0,Стрешнево,3.0,3.0,89.52,27.0,30,Without renovation
28377549.0,Нагатинская,15.0,3.0,72.0,17.0,26,European-style renovation
35351280.0,Беговая,11.0,3.0,88.8,24.0,25,European-style renovation
39580686.0,Академическая,1.0,3.0,80.0,2.0,19,Without renovation
51729509.0,Фили,3.0,3.0,104.8,4.0,9,Without renovation
21828500.0,Давыдково,12.0,3.0,74.5,2.0,21,European-style renovation
29078280.0,Мичуринский проспект,19.0,3.0,78.1,19.0,24,European-style renovation
38880000.0,Аминьевская,14.0,3.0,111.4,14.0,29,Without renovation
15507197.0,Прокшино,6.0,3.0,60.8,12.0,12,Cosmetic
22500000.0,Хорошево,19.0,3.0,58.0,5.0,22,European-style renovation
29492791.0,Нагатинская,4.0,3.0,82.79,3.0,28,European-style renovation
46579795.0,Петровский парк,13.0,3.0,66.9,10.0,41,Without renovation
26757800.0,Октябрьское поле,4.0,3.0,79.4,12.0,27,European-style renovation
37500000.0,Шелепиха,17.0,3.0,83.7,19.0,43,European-style renovation
10800000.0,Коньково,6.0,3.0,54.5,6.0,24,Cosmetic
28254831.0,Зорге,6.0,3.0,64.6,2.0,16,European-style renovation
30329603.0,Зорге,5.0,3.0,73.6,14.0,26,European-style renovation
16648258.0,Бунинская Аллея,8.0,3.0,74.8,2.0,15,Cosmetic
24052400.0,Гражданская,10.0,3.0,62.8,6.0,19,European-style renovation
32892135.0,Карамышевская,2.0,3.0,88.1,39.0,47,European-style renovation
93952604.0,Парк Победы,6.0,3.0,99.65,8.0,10,Designer
13046913.0,Коммунарка,14.0,3.0,62.8,2.0,10,Cosmetic
20643892.0,Кожуховская,9.0,3.0,71.6,7.0,68,European-style renovation
26610400.0,Народное Ополчение,11.0,3.0,107.3,3.0,21,European-style renovation
32203990.0,Октябрьское поле,14.0,3.0,82.3,5.0,24,European-style renovation
39219732.0,Мичуринский проспект,10.0,3.0,84.3,19.0,32,Without renovation
12322500.0,Ольховая,17.0,3.0,75.0,2.0,16,Cosmetic
12834125.0,Бунинская Аллея,5.0,3.0,62.1,11.0,16,Cosmetic
16752815.0,Говорово,13.0,3.0,76.5,12.0,17,Cosmetic
17924134.0,Прокшино,3.0,3.0,85.7,2.0,16,European-style renovation
19553240.0,Калитники,10.0,3.0,66.59,6.0,21,European-style renovation
23937900.0,Полежаевская,18.0,3.0,65.92,3.0,21,European-style renovation
34531280.0,Шелепиха,5.0,3.0,88.09,11.0,41,European-style renovation
51652146.0,Технопарк,14.0,3.0,102.5,17.0,35,Without renovation
16836145.0,Бунинская Аллея,18.0,3.0,72.3,17.0,30,Cosmetic
17368548.0,Филатов Луг,11.0,3.0,87.8,18.0,22,Cosmetic
43900000.0,Минская,14.0,3.0,75.0,10.0,14,Without renovation
38000000.0,Лужники,27.0,3.0,77.5,29.0,41,European-style renovation
41450000.0,Минская,14.0,3.0,68.4,3.0,14,Without renovation
127000000.0,Улица 1905 года,6.0,3.0,127.6,6.0,21,Designer
31000000.0,Серпуховская,21.0,3.0,58.5,14.0,42,European-style renovation
30900000.0,Динамо,6.0,3.0,91.7,18.0,54,European-style renovation
26700000.0,Калужская,12.0,3.0,79.0,13.0,47,European-style renovation
27000000.0,Нагатинская,6.0,3.0,74.1,4.0,20,European-style renovation
44950000.0,Павелецкая,17.0,3.0,92.1,38.0,46,Without renovation
41760000.0,Павелецкая,16.0,3.0,80.3,12.0,32,Without renovation
42150000.0,Павелецкая,16.0,3.0,84.3,9.0,32,Without renovation
132000000.0,Улица 1905 года,9.0,3.0,112.5,6.0,21,Designer
48000000.0,Сретенский бульвар,7.0,3.0,67.0,6.0,8,Without renovation
131000000.0,Улица 1905 года,7.0,3.0,112.0,6.0,21,Designer
111500000.0,Беговая,5.0,3.0,119.49,17.0,21,Designer
30499000.0,Багратионовская,4.0,3.0,68.7,8.0,13,European-style renovation
39900000.0,Нагатинская,6.0,3.0,85.5,19.0,29,Without renovation
99999900.0,Беговая,5.0,3.0,90.53,7.0,21,Designer
133836000.0,Парк культуры,10.0,3.0,111.53,4.0,6,Designer
147072000.0,Парк культуры,10.0,3.0,122.56,5.0,6,Designer
28800000.0,Калужская,14.0,3.0,88.5,35.0,47,European-style renovation
31900000.0,Павелецкая,10.0,3.0,61.2,4.0,25,European-style renovation
44900000.0,Фили,4.0,3.0,71.0,22.0,46,Without renovation
160000000.0,Чистые пруды,5.0,3.0,120.4,2.0,6,Designer
73700000.0,Парк Победы,12.0,3.0,103.0,8.0,10,Designer
36500000.0,Дубровка,8.0,3.0,90.58,10.0,21,European-style renovation
28900000.0,Шелепиха,12.0,3.0,64.1,2.0,33,European-style renovation
52227450.0,Карамышевская,2.0,3.0,99.0,16.0,43,Without renovation
52804444.0,Белорусская,14.0,3.0,95.07,3.0,33,Without renovation
67138235.0,Белорусская,14.0,3.0,104.74,10.0,33,Without renovation
70938390.0,Хорошево,17.0,3.0,86.6,38.0,43,Without renovation
82198800.0,Хорошево,18.0,3.0,103.2,2.0,8,Designer
110887000.0,Хорошево,18.0,3.0,108.5,2.0,8,Designer
112406000.0,Хорошево,18.0,3.0,108.5,6.0,8,Designer
136497000.0,Улица 1905 года,6.0,3.0,157.8,2.0,21,Designer
142573500.0,Улица 1905 года,6.0,3.0,161.1,3.0,21,Designer
154137000.0,Улица 1905 года,6.0,3.0,161.4,5.0,21,Designer
32054847.0,Красный Балтиец,6.0,3.0,76.7,21.0,25,European-style renovation
32500000.0,Серпуховская,18.0,3.0,66.3,19.0,46,European-style renovation
41027287.0,Тульская,13.0,3.0,88.8,2.0,20,Without renovation
83930000.0,Профсоюзная,12.0,3.0,151.0,3.0,18,Designer
103831608.0,Парк Победы,7.0,3.0,83.6,22.0,34,Designer
140819605.0,Новокузнецкая,15.0,3.0,119.45,2.0,6,Designer
187034727.0,Новокузнецкая,15.0,3.0,113.43,4.0,6,Designer
257752000.0,Третьяковская,3.0,3.0,117.16,4.0,7,Designer
269468000.0,Третьяковская,3.0,3.0,117.16,4.0,7,Designer
351480000.0,Третьяковская,3.0,3.0,117.16,6.0,7,Designer
31101659.0,Тульская,14.0,3.0,68.8,13.0,20,European-style renovation
36645828.0,Стрешнево,3.0,3.0,83.0,20.0,30,European-style renovation
65043300.0,Красные ворота,7.0,3.0,92.26,14.0,19,Without renovation
65469600.0,Филёвский парк,11.0,3.0,108.0,15.0,17,Without renovation
100910000.0,Парк Победы,5.0,3.0,100.91,1.0,11,Designer
102207781.0,Парк Победы,7.0,3.0,86.8,10.0,34,Designer
124248421.0,Арбатская,9.0,3.0,128.3,6.0,8,Designer
331737665.0,Спортивная,12.0,3.0,131.3,5.0,6,Designer
26500000.0,Шелепиха,12.0,3.0,58.3,15.0,33,European-style renovation
28226582.0,Стрешнево,3.0,3.0,64.6,18.0,30,European-style renovation
32524747.0,Красный Балтиец,6.0,3.0,79.2,18.0,25,European-style renovation
56500000.0,Спортивная,5.0,3.0,99.0,23.0,41,Without renovation
236987368.0,Смоленская,6.0,3.0,143.4,5.0,5,Designer
147000000.0,Выставочная,16.0,3.0,150.5,10.0,18,Designer
166982982.0,Киевская,13.0,3.0,84.8,3.0,4,Designer
254033684.0,Смоленская,6.0,3.0,154.7,4.0,5,Designer
31000000.0,Шелепиха,17.0,3.0,72.6,21.0,41,European-style renovation
35987000.0,Хорошево,30.0,3.0,79.6,8.0,25,European-style renovation
39526452.0,Тульская,13.0,3.0,89.51,7.0,20,Without renovation
40000000.0,Кутузовская,6.0,3.0,76.0,9.0,41,Without renovation
51900000.0,Юго-Западная,3.0,3.0,136.0,25.0,32,Without renovation
77000000.0,Парк Победы,5.0,3.0,84.4,17.0,32,Designer
105021000.0,Парк Победы,5.0,3.0,116.69,3.0,10,Designer
138066860.0,Киевская,13.0,3.0,77.7,2.0,4,Designer
256939148.0,Киевская,13.0,3.0,110.5,4.0,4,Designer
62000000.0,Кутузовская,6.0,3.0,98.0,7.0,41,Without renovation
67680000.0,Парк Победы,17.0,3.0,84.6,17.0,32,Without renovation
85342000.0,Ленинский проспект,13.0,3.0,142.0,12.0,17,Designer
217287688.0,Спортивная,12.0,3.0,137.5,2.0,6,Designer
410936842.0,Смоленская,6.0,3.0,200.2,5.0,5,Designer
28900000.0,ЗИЛ,24.0,3.0,82.2,9.0,28,European-style renovation
43999387.0,Серпуховская,16.0,3.0,79.5,23.0,27,Without renovation
83000000.0,Ленинский проспект,13.0,3.0,141.51,7.0,17,Designer
228078567.0,Спортивная,12.0,3.0,146.6,3.0,6,Designer
24490000.0,Павелецкая,7.0,3.0,59.0,2.0,27,European-style renovation
28900000.0,Шелепиха,7.0,3.0,64.1,2.0,33,European-style renovation
30500000.0,Технопарк,3.0,3.0,60.0,31.0,40,European-style renovation
31000000.0,Марьина Роща,6.0,3.0,65.82,8.0,55,European-style renovation
37000000.0,Терехово,8.0,3.0,73.6,2.0,19,European-style renovation
39500000.0,Калужская,9.0,3.0,107.8,31.0,34,Without renovation
68810269.0,Белорусская,8.0,4.0,108.1,9.0,37,Without renovation
91320000.0,Минская,13.0,4.0,125.6,12.0,14,Designer
129586246.0,Парк Победы,7.0,4.0,134.1,26.0,34,Designer
267480000.0,Парк культуры,12.0,4.0,148.6,4.0,7,Designer
52877241.0,Серпуховская,16.0,4.0,104.2,23.0,27,Without renovation
94960000.0,Бутырская,10.0,4.0,155.5,25.0,27,Designer
306810000.0,Чистые пруды,4.0,4.0,176.7,3.0,6,Designer
42374125.0,Савеловская,9.0,4.0,93.2,3.0,22,Without renovation
70417039.0,Павелецкая,8.0,4.0,121.0,14.0,32,Without renovation
458200000.0,Новокузнецкая,10.0,4.0,229.1,4.0,7,Designer
134115000.0,Воробьёвы горы,15.0,4.0,156.2,13.0,18,Designer
59236368.0,Дмитровская,5.0,4.0,116.85,53.0,54,Without renovation
324885000.0,Улица 1905 года,7.0,4.0,179.0,20.0,21,Designer
173956500.0,Выставочная,1.0,4.0,232.5,75.0,85,Designer
87053250.0,Спартак,13.0,4.0,142.5,9.0,22,Designer
191073684.0,Арбатская,9.0,4.0,226.9,4.0,8,Designer
37860840.0,Крымская,18.0,4.0,83.8,30.0,42,European-style renovation
78936100.0,Киевская,8.0,4.0,100.3,2.0,14,Designer
458259200.0,Китай-город,14.0,4.0,296.8,3.0,8,Designer
43521501.0,Красный Балтиец,6.0,4.0,107.0,14.0,25,Without renovation
76081500.0,Стрешнево,9.0,4.0,130.5,20.0,21,Designer
186030000.0,Смоленская,6.0,4.0,206.7,3.0,5,Designer
58103220.0,Хорошево,16.0,4.0,110.7,18.0,23,Without renovation
71574300.0,Калужская,18.0,4.0,162.3,4.0,32,Without renovation
172607941.0,Смоленская,8.0,4.0,154.3,8.0,13,Designer
33851500.0,Полежаевская,20.0,4.0,85.7,6.0,28,European-style renovation
73000000.0,Беломорская,3.0,4.0,142.35,14.0,20,Designer
138453000.0,Хорошево,18.0,4.0,133.0,2.0,8,Designer
183304400.0,Красные ворота,7.0,4.0,102.98,19.0,19,Designer
48057113.0,Печатники,16.0,4.0,110.5,19.0,22,Without renovation
71603400.0,Ботанический сад,16.0,4.0,104.5,30.0,48,Without renovation
25593861.0,Тушинская,18.0,4.0,114.9,19.0,24,European-style renovation
37156241.0,Мичуринский проспект,13.0,4.0,86.0,33.0,45,European-style renovation
41941550.0,Воронцовская,8.0,4.0,93.1,30.0,34,Without renovation
37466440.0,Стрешнево,3.0,4.0,93.8,17.0,30,European-style renovation
41364600.0,Беговая,13.0,4.0,106.5,25.0,25,Without renovation
43289259.0,Шелепиха,9.0,4.0,82.9,16.0,33,Without renovation
44371808.0,Электрозаводская,14.0,4.0,96.4,14.0,17,Without renovation
70000000.0,Тульская,5.0,4.0,184.5,8.0,8,Without renovation
14819084.0,Прокшино,15.0,4.0,64.6,3.0,16,Cosmetic
36983095.0,Зорге,6.0,4.0,87.1,2.0,16,European-style renovation
53300528.0,Нагатинская,15.0,4.0,129.0,18.0,26,Without renovation
79572878.0,Фили,3.0,4.0,154.0,15.0,16,Designer
96600000.0,Давыдково,12.0,4.0,193.2,21.0,21,Designer
150000000.0,Улица 1905 года,6.0,4.0,154.0,12.0,21,Designer
252980000.0,Улица 1905 года,6.0,4.0,139.0,19.0,21,Designer
20736849.0,Филатов Луг,5.0,4.0,85.0,2.0,16,European-style renovation
31330000.0,Октябрьское поле,4.0,4.0,96.4,24.0,27,European-style renovation
70835210.0,Петровский парк,13.0,4.0,108.4,18.0,41,Without renovation
230000000.0,Деловой центр,1.0,4.0,296.0,55.0,67,Designer
264978354.0,Парк Победы,6.0,4.0,192.92,10.0,10,Designer
35370450.0,Гражданская,10.0,4.0,94.7,9.0,25,European-style renovation
36763452.0,Коммунарка,3.0,4.0,135.2,16.0,16,European-style renovation
46443600.0,Карамышевская,2.0,4.0,116.4,43.0,47,Without renovation
33641055.0,Народное Ополчение,11.0,4.0,110.1,2.0,21,European-style renovation
45846892.0,Октябрьское поле,18.0,4.0,105.4,4.0,19,Without renovation
23785467.0,Кожуховская,6.0,4.0,77.4,19.0,69,European-style renovation
25476197.0,Коммунарка,14.0,4.0,122.0,18.0,18,European-style renovation
53417232.0,Мичуринский проспект,11.0,4.0,129.6,32.0,49,Without renovation
13806217.0,Ольховая,17.0,4.0,77.9,12.0,15,Cosmetic
41592684.0,Технопарк,10.0,4.0,103.6,14.0,35,Without renovation
17614465.0,Бунинская Аллея,5.0,4.0,104.5,2.0,19,European-style renovation
25572839.0,Говорово,13.0,4.0,109.6,13.0,17,European-style renovation
47933200.0,Шелепиха,8.0,4.0,100.0,30.0,51,Without renovation
21706077.0,Филатов Луг,11.0,4.0,104.1,20.0,22,European-style renovation
17346768.0,Бунинская Аллея,18.0,4.0,80.8,15.0,30,Cosmetic
165000000.0,Улица 1905 года,10.0,4.0,158.0,12.0,21,Designer
27900000.0,Селигерская,10.0,4.0,82.0,6.0,43,European-style renovation
36000000.0,Давыдково,18.0,4.0,129.0,13.0,30,European-style renovation
43957847.0,Красный Балтиец,6.0,4.0,107.0,16.0,25,Without renovation
45250876.0,Красный Балтиец,6.0,4.0,106.9,22.0,25,Without renovation
45025638.0,Красный Балтиец,6.0,4.0,106.9,21.0,25,Without renovation
54557930.0,Серпуховская,16.0,4.0,104.3,25.0,27,Without renovation
60045382.0,Павелецкая,17.0,4.0,99.6,25.0,28,Without renovation
67405020.0,Хорошево,16.0,4.0,110.9,21.0,23,Without renovation
85834034.0,Тульская,13.0,4.0,136.47,20.0,20,Designer
96735960.0,Карамышевская,2.0,4.0,113.7,32.0,43,Designer
97190760.0,Карамышевская,2.0,4.0,113.7,41.0,43,Designer
139916000.0,Хорошево,18.0,4.0,133.0,5.0,8,Designer
159263158.0,Арбатская,9.0,4.0,222.5,5.0,8,Designer
168259500.0,Хорошево,18.0,4.0,134.5,3.0,8,Designer
179500000.0,Арбатская,9.0,4.0,179.5,7.0,8,Designer
186070000.0,Улица 1905 года,6.0,4.0,161.8,5.0,21,Designer
206885000.0,Улица 1905 года,6.0,4.0,179.9,3.0,21,Designer
209231579.0,Арбатская,9.0,4.0,180.7,8.0,8,Designer
236584500.0,Хорошево,18.0,4.0,144.7,8.0,8,Designer
323334000.0,Улица 1905 года,6.0,4.0,234.3,18.0,21,Designer
236665279.0,Спортивная,12.0,4.0,191.5,2.0,6,Designer
274166674.0,Спортивная,12.0,4.0,188.0,3.0,6,Designer
278956762.0,Спортивная,12.0,4.0,164.3,4.0,6,Designer
291738704.0,Киевская,13.0,4.0,110.1,4.0,4,Designer
318000000.0,Кропоткинская,8.0,4.0,168.0,3.0,6,Designer
318000000.0,Кропоткинская,8.0,4.0,166.0,3.0,6,Designer
209391000.0,Парк Победы,5.0,4.0,161.07,8.0,10,Designer
85000000.0,Фили,27.0,4.0,160.0,12.0,12,Designer
165000000.0,Парк Победы,5.0,4.0,151.0,7.0,10,Designer
213374792.0,Парк Победы,7.0,4.0,176.7,18.0,34,Designer
49900000.0,Терехово,23.0,4.0,95.7,5.0,23,Without renovation
33800000.0,Шелепиха,6.0,4.0,105.0,13.0,43,European-style renovation
252000000.0,Сухаревская,6.0,4.0,150.0,3.0,8,Designer
53000000.0,Мичуринский проспект,17.0,4.0,124.6,4.0,21,Without renovation
11932985.0,Ольховая,17.0,4.0,64.8,2.0,16,Cosmetic
13119242.0,Коммунарка,14.0,4.0,65.0,2.0,14,Cosmetic
13221767.0,Бунинская Аллея,5.0,4.0,64.7,6.0,16,Cosmetic
13240292.0,Коммунарка,15.0,4.0,65.5,4.0,24,Cosmetic
13796265.0,Ольховая,17.0,4.0,65.5,9.0,15,Cosmetic
13806878.0,Прокшино,15.0,4.0,62.1,8.0,15,Cosmetic
14111608.0,Ольховая,17.0,4.0,78.6,11.0,16,Cosmetic
14500000.0,Хлебниково,15.0,4.0,80.4,8.0,13,Cosmetic
14769112.0,Бунинская Аллея,9.0,4.0,66.7,3.0,18,Cosmetic
15692106.0,Коммунарка,13.0,4.0,69.6,9.0,18,Cosmetic
15912890.0,Бунинская Аллея,8.0,4.0,79.0,7.0,21,Cosmetic
16254820.0,Аэропорт Внуково,17.0,4.0,86.6,9.0,9,Cosmetic
16897782.0,Бунинская Аллея,8.0,4.0,79.0,7.0,21,Cosmetic
16936231.0,Коммунарка,10.0,4.0,72.9,2.0,16,Cosmetic
16989468.0,Ховрино,16.0,4.0,85.7,11.0,14,Cosmetic
17058350.0,Ховрино,16.0,4.0,109.7,5.0,14,Cosmetic
17212014.0,Бунинская Аллея,18.0,4.0,80.8,6.0,30,Cosmetic
17337320.0,Аэропорт Внуково,17.0,4.0,86.6,6.0,9,Cosmetic
17545160.0,Аэропорт Внуково,17.0,4.0,86.6,7.0,9,European-style renovation
17597242.0,Прокшино,11.0,4.0,61.9,11.0,16,European-style renovation
18091303.0,Бунинская Аллея,18.0,4.0,83.7,14.0,30,European-style renovation
17958539.0,Бунинская Аллея,18.0,4.0,83.6,14.0,30,European-style renovation
18540787.0,Новоподрезково,6.0,4.0,101.3,14.0,15,European-style renovation
19034498.0,Бунинская Аллея,9.0,4.0,87.8,9.0,18,European-style renovation
19039582.0,Давыдково,7.0,4.0,66.7,4.0,9,European-style renovation
19173330.0,Коммунарка,17.0,4.0,93.0,7.0,21,European-style renovation
20099898.0,Рабочий Посёлок,13.0,4.0,64.7,5.0,14,European-style renovation
21535947.0,Прокшино,12.0,4.0,73.6,12.0,18,European-style renovation
21500316.0,Филатов Луг,11.0,4.0,104.6,21.0,22,European-style renovation
21476447.0,Давыдково,5.0,4.0,71.3,8.0,16,European-style renovation
21761420.0,Филатов Луг,11.0,4.0,104.1,22.0,22,European-style renovation
22146076.0,Рассказовка,7.0,4.0,104.0,18.0,20,European-style renovation
22385197.0,Кожуховская,6.0,4.0,77.8,2.0,69,European-style renovation
24356065.0,Говорово,13.0,4.0,107.2,15.0,17,European-style renovation
24229338.0,Кожуховская,9.0,4.0,82.4,32.0,47,European-style renovation
24810532.0,Говорово,13.0,4.0,107.3,17.0,17,European-style renovation
24833649.0,Кожуховская,9.0,4.0,75.1,57.0,68,European-style renovation
25089760.0,Нагорная,8.0,4.0,82.1,2.0,28,European-style renovation
25869284.0,Тушинская,18.0,4.0,108.5,18.0,24,European-style renovation
25962400.0,Соколиная Гора,14.0,4.0,78.2,24.0,26,European-style renovation
26143344.0,Селигерская,10.0,4.0,84.7,21.0,30,European-style renovation
26240761.0,Аминьевская,7.0,4.0,73.72,24.0,34,European-style renovation
26246250.0,Говорово,13.0,4.0,109.6,16.0,17,European-style renovation
26407999.0,Варшавская,14.0,4.0,80.58,4.0,13,European-style renovation
26258664.0,Селигерская,10.0,4.0,84.6,30.0,30,European-style renovation
26509241.0,Селигерская,10.0,4.0,84.7,25.0,30,European-style renovation
26917086.0,Варшавская,14.0,4.0,77.74,11.0,25,European-style renovation
26823067.0,Варшавская,14.0,4.0,80.58,9.0,13,European-style renovation
27178614.0,Тушинская,18.0,4.0,115.0,21.0,24,European-style renovation
27447095.0,Аминьевская,7.0,4.0,73.75,24.0,34,European-style renovation
27607735.0,Аминьевская,7.0,4.0,73.72,20.0,34,European-style renovation
28650000.0,Соколиная Гора,14.0,4.0,95.5,3.0,12,European-style renovation
28712320.0,Нагорная,8.0,4.0,95.2,2.0,22,European-style renovation
29473982.0,Угрешская,11.0,4.0,101.4,2.0,29,European-style renovation
29396950.0,Тушинская,8.0,4.0,110.0,4.0,30,European-style renovation
29778030.0,Нагорная,8.0,4.0,87.3,13.0,34,European-style renovation
29915835.0,Балтийская,11.0,4.0,86.7,26.0,35,European-style renovation
29915127.0,Трикотажная,20.0,4.0,108.6,4.0,20,European-style renovation
30273039.0,Балтийская,11.0,4.0,86.7,29.0,35,European-style renovation
30719235.0,Балтийская,11.0,4.0,88.5,25.0,35,European-style renovation
31089000.0,Октябрьское поле,4.0,4.0,96.4,20.0,27,European-style renovation
31573676.0,Бутырская,11.0,4.0,86.6,2.0,32,European-style renovation
31597181.0,Аминьевская,13.0,4.0,80.62,3.0,21,European-style renovation
31584900.0,Калужская,8.0,4.0,82.9,22.0,34,European-style renovation
31622298.0,Угрешская,11.0,4.0,102.6,16.0,29,European-style renovation
31962635.0,Аминьевская,13.0,4.0,79.26,15.0,21,European-style renovation
31931846.0,Угрешская,11.0,4.0,102.6,22.0,29,European-style renovation
32270000.0,Октябрьское поле,4.0,4.0,100.0,17.0,25,European-style renovation
32018337.0,Бутырская,11.0,4.0,87.1,4.0,32,European-style renovation
33000000.0,Воронцовская,14.0,4.0,101.4,2.0,28,European-style renovation
33541452.0,Коломенская,4.0,4.0,82.8,3.0,19,European-style renovation
33389132.0,Трикотажная,6.0,4.0,108.52,17.0,21,European-style renovation
33630300.0,Гражданская,10.0,4.0,94.6,6.0,25,European-style renovation
33743270.0,Павелецкая,17.0,4.0,86.9,2.0,27,European-style renovation
34500000.0,Марьина Роща,8.0,4.0,89.0,44.0,55,European-style renovation
34892872.0,Аминьевская,13.0,4.0,80.62,5.0,21,European-style renovation
34842500.0,Тушинская,8.0,4.0,110.0,7.0,30,European-style renovation
35319989.0,Трикотажная,8.0,4.0,100.89,29.0,49,European-style renovation
35424600.0,Алексеевская,8.0,4.0,90.6,5.0,26,European-style renovation
35968200.0,Алексеевская,8.0,4.0,90.6,8.0,26,European-style renovation
35722500.0,Тушинская,8.0,4.0,110.0,15.0,30,European-style renovation
36350270.0,Павелецкая,17.0,4.0,86.9,9.0,27,European-style renovation
36333000.0,Новые Черемушки,11.0,4.0,110.1,22.0,29,European-style renovation
36196644.0,Нагатинская,6.0,4.0,88.6,3.0,29,European-style renovation
36663300.0,Новые Черемушки,11.0,4.0,110.1,24.0,29,European-style renovation
36794055.0,Аминьевская,13.0,4.0,108.2,31.0,32,European-style renovation
36482000.0,Калужская,8.0,4.0,92.5,28.0,34,European-style renovation
36696529.0,Стрешнево,3.0,4.0,93.8,13.0,30,European-style renovation
36846700.0,Гражданская,10.0,4.0,94.6,18.0,25,European-style renovation
36899520.0,Воронцовская,6.0,4.0,95.2,17.0,34,European-style renovation
37513430.0,Мичуринский проспект,13.0,4.0,86.5,35.0,45,European-style renovation
140197602.0,Павелецкая,15.0,5.0,178.2,8.0,11,Designer
139370000.0,Улица 1905 года,13.0,5.0,187.7,13.0,21,Designer
190612500.0,Киевская,16.0,5.0,221.0,11.0,18,Designer
158792331.0,Выставочная,6.0,5.0,218.37,77.0,85,Designer
176566170.0,Выставочная,9.0,5.0,162.3,61.0,67,Designer
41457240.0,Нагорная,8.0,5.0,108.3,33.0,34,Without renovation
369090400.0,Парк культуры,10.0,5.0,310.16,6.0,6,Designer
74900000.0,Минская,14.0,5.0,127.1,8.0,14,Designer
117616637.0,Академическая,1.0,5.0,143.1,19.0,19,Designer
200000000.0,Славянский бульвар,23.0,5.0,385.0,3.0,3,Designer
92700000.0,Минская,2.0,5.0,135.0,5.0,14,Designer
175000000.0,Беговая,5.0,5.0,190.75,10.0,21,Designer
72750000.0,Калужская,17.0,5.0,143.2,43.0,46,Designer
258000000.0,Октябрьское поле,5.0,5.0,235.8,1.0,3,Designer
87000000.0,Университет,4.0,5.0,127.0,10.0,14,Designer
263287736.0,Киевская,13.0,5.0,135.2,2.0,4,Designer
277575450.0,Киевская,13.0,5.0,133.9,3.0,4,Designer
379533010.0,Спортивная,12.0,5.0,223.2,4.0,6,Designer
382078546.0,Киевская,13.0,5.0,133.8,4.0,4,Designer
427790837.0,Спортивная,12.0,5.0,239.6,4.0,6,Designer
175000000.0,Улица 1905 года,9.0,5.0,190.0,11.0,21,Designer
75500000.0,Воробьёвы горы,8.0,5.0,130.0,22.0,41,Designer
378495286.0,Парк Победы,7.0,5.0,266.8,31.0,34,Designer
18565735.0,Коммунарка,17.0,5.0,94.7,5.0,14,European-style renovation
18476668.0,Коммунарка,17.0,5.0,94.7,4.0,14,European-style renovation
18934626.0,Коммунарка,17.0,5.0,94.7,6.0,14,European-style renovation
26398530.0,Коммунарка,10.0,5.0,123.3,2.0,17,European-style renovation
28694400.0,Коммунарка,10.0,5.0,122.0,15.0,17,European-style renovation
29578472.0,Прокшино,6.0,5.0,128.7,2.0,15,European-style renovation
30530520.0,Коммунарка,10.0,5.0,139.6,11.0,17,European-style renovation
31947461.0,Прокшино,6.0,5.0,136.7,2.0,15,European-style renovation
32034090.0,Прокшино,6.0,5.0,138.0,2.0,12,European-style renovation
34468676.0,Бунинская Аллея,16.0,5.0,187.8,2.0,23,European-style renovation
39356300.0,Нагорная,8.0,5.0,103.0,27.0,28,Without renovation
41834240.0,Нагорная,8.0,5.0,112.7,21.0,22,Without renovation
41698020.0,Нагорная,8.0,5.0,109.1,27.0,28,Without renovation
45382050.0,Кожуховская,6.0,5.0,113.0,68.0,69,Without renovation
46213200.0,Калужская,8.0,5.0,118.8,29.0,34,Without renovation
47373170.0,Площадь Ильича,12.0,5.0,118.7,26.0,27,Without renovation
48591218.0,Технопарк,10.0,5.0,122.9,5.0,35,Without renovation
48742897.0,Технопарк,10.0,5.0,123.3,5.0,35,Without renovation
49756302.0,Мичуринский проспект,10.0,5.0,119.3,24.0,30,Without renovation
49797539.0,Мичуринский проспект,10.0,5.0,116.1,20.0,30,Without renovation
50621197.0,Электрозаводская,14.0,5.0,112.1,10.0,13,Without renovation
50352862.0,Мичуринский проспект,10.0,5.0,119.7,27.0,30,Without renovation
50914920.0,Площадь Ильича,12.0,5.0,123.7,15.0,27,Without renovation
51632454.0,Электрозаводская,14.0,5.0,107.6,20.0,21,Without renovation
51392502.0,Электрозаводская,14.0,5.0,114.4,7.0,9,Without renovation
52156500.0,Нагорная,19.0,5.0,109.0,37.0,42,Without renovation
53006100.0,Павелецкая,17.0,5.0,117.4,15.0,33,Without renovation
52806520.0,Павелецкая,17.0,5.0,117.4,13.0,33,Without renovation
53675280.0,Павелецкая,17.0,5.0,117.4,23.0,33,Without renovation
55464261.0,Нагатинская,15.0,5.0,119.5,26.0,26,Without renovation
57084300.0,Воронцовская,6.0,5.0,143.5,34.0,34,Without renovation
60406892.0,Октябрьское поле,18.0,5.0,126.2,14.0,19,Without renovation
60636576.0,Октябрьское поле,18.0,5.0,126.2,15.0,19,Without renovation
60062366.0,Октябрьское поле,18.0,5.0,126.2,13.0,19,Without renovation
68758710.0,Нагорная,19.0,5.0,147.9,41.0,42,Without renovation
68385177.0,Мичуринский проспект,11.0,5.0,153.1,26.0,49,Without renovation
70000000.0,Калужская,12.0,5.0,143.0,38.0,47,Without renovation
70980219.0,Зорге,6.0,5.0,144.6,16.0,16,Without renovation
71762857.0,Шелепиха,9.0,5.0,137.8,28.0,32,Designer
71300616.0,Шелепиха,9.0,5.0,137.8,26.0,32,Without renovation
74467650.0,Крымская,18.0,5.0,147.9,41.0,42,Designer
79716299.0,Зорге,6.0,5.0,159.9,16.0,16,Designer
90696367.0,Нагатинская,12.0,5.0,128.4,19.0,29,Designer
92000000.0,Минская,28.0,5.0,139.0,3.0,13,Designer
92888978.0,Тульская,13.0,5.0,162.68,20.0,20,Designer
95293738.0,Белорусская,8.0,5.0,153.1,4.0,37,Designer
96058400.0,Нагатинская,6.0,5.0,143.8,29.0,29,Designer
98399928.0,Белорусская,8.0,5.0,156.4,4.0,37,Designer
107000000.0,Давыдково,12.0,5.0,214.0,21.0,21,Designer
109831498.0,Аэропорт,11.0,5.0,163.0,20.0,41,Designer
111987699.0,Аэропорт,11.0,5.0,166.2,20.0,41,Designer
123026310.0,Аэропорт,11.0,5.0,159.4,20.0,41,Designer
126977697.0,Шелепиха,9.0,5.0,166.5,19.0,32,Designer
136750000.0,Улица 1905 года,13.0,5.0,188.2,11.0,21,Designer
138169710.0,Киевская,8.0,5.0,158.27,7.0,14,Designer
138170000.0,Улица 1905 года,13.0,5.0,188.2,12.0,21,Designer
141035323.0,Павелецкая,15.0,5.0,188.7,5.0,11,Designer
150206875.0,Калужская,18.0,5.0,180.7,46.0,47,Designer
149716715.0,Выставочная,6.0,5.0,218.51,50.0,85,Designer
151464390.0,Киевская,8.0,5.0,158.27,9.0,14,Designer
151007040.0,Выставочная,6.0,5.0,218.48,54.0,85,Designer
150672423.0,Выставочная,6.0,5.0,218.47,53.0,85,Designer
170406885.0,Выставочная,9.0,5.0,162.3,60.0,67,Designer
178000000.0,Спортивная,5.0,5.0,161.7,41.0,41,Designer
199000000.0,Терехово,8.0,5.0,267.1,21.0,21,Designer
199566400.0,Выставочная,9.0,5.0,197.2,59.0,67,Designer
205962240.0,Выставочная,9.0,5.0,153.6,61.0,67,Designer
209160000.0,Фили,3.0,5.0,174.3,24.0,24,Designer
223449600.0,Выставочная,9.0,5.0,153.6,64.0,67,Designer
249990137.0,Киевская,16.0,5.0,236.7,12.0,18,Designer
252960000.0,Фили,3.0,5.0,210.8,24.0,24,Designer
260551090.0,Киевская,16.0,5.0,250.4,11.0,18,Designer
306625000.0,Смоленская,8.0,5.0,223.0,13.0,13,Designer
450000000.0,Театральная,5.0,5.0,264.6,7.0,7,Designer
458400000.0,Новокузнецкая,10.0,5.0,229.2,3.0,7,Designer
18648091.0,Коммунарка,17.0,5.0,94.7,6.0,14,European-style renovation
18753818.0,Коммунарка,17.0,5.0,94.7,4.0,14,European-style renovation
22077873.0,Новоподрезково,7.0,5.0,114.76,1.0,17,European-style renovation
27183000.0,Коммунарка,10.0,5.0,123.0,3.0,17,European-style renovation
27515520.0,Коммунарка,10.0,5.0,122.4,6.0,17,European-style renovation
27368640.0,Коммунарка,10.0,5.0,122.4,5.0,17,European-style renovation
27639800.0,Коммунарка,10.0,5.0,122.3,7.0,17,European-style renovation
28021950.0,Коммунарка,10.0,5.0,122.1,10.0,17,European-style renovation
27908860.0,Коммунарка,10.0,5.0,122.3,9.0,17,European-style renovation
28156260.0,Коммунарка,10.0,5.0,122.1,11.0,17,European-style renovation
28560200.0,Коммунарка,10.0,5.0,122.0,14.0,17,European-style renovation
28793520.0,Коммунарка,10.0,5.0,121.8,17.0,17,European-style renovation
28793520.0,Коммунарка,10.0,5.0,121.8,16.0,17,European-style renovation
28829158.0,Бульвар Адмирала Ушакова,8.0,5.0,125.7,4.0,16,European-style renovation
28682874.0,Бульвар Адмирала Ушакова,8.0,5.0,125.8,3.0,16,European-style renovation
29532890.0,Коммунарка,10.0,5.0,139.9,4.0,17,European-style renovation
29455920.0,Коммунарка,10.0,5.0,140.4,3.0,17,European-style renovation
29826680.0,Коммунарка,10.0,5.0,139.9,6.0,17,European-style renovation
29800563.0,Бульвар Адмирала Ушакова,8.0,5.0,125.4,11.0,16,European-style renovation
30376960.0,Коммунарка,10.0,5.0,139.6,10.0,17,European-style renovation
30245050.0,Коммунарка,10.0,5.0,139.7,9.0,17,European-style renovation
30105350.0,Коммунарка,10.0,5.0,139.7,8.0,17,European-style renovation
30684080.0,Коммунарка,10.0,5.0,139.6,12.0,17,European-style renovation
30969000.0,Коммунарка,10.0,5.0,139.5,14.0,17,European-style renovation
31231060.0,Коммунарка,10.0,5.0,139.3,17.0,17,European-style renovation
31231060.0,Коммунарка,10.0,5.0,139.3,16.0,17,European-style renovation
31122450.0,Коммунарка,10.0,5.0,139.5,15.0,17,European-style renovation
31452763.0,Прокшино,11.0,5.0,137.6,2.0,13,European-style renovation
33543358.0,Филатов Луг,5.0,5.0,136.9,2.0,15,European-style renovation
33842369.0,Прокшино,11.0,5.0,164.2,2.0,16,European-style renovation
34067199.0,Прокшино,11.0,5.0,151.8,2.0,16,European-style renovation
34217493.0,Прокшино,11.0,5.0,152.1,2.0,13,European-style renovation
34632798.0,Прокшино,11.0,5.0,165.0,2.0,16,European-style renovation
34857754.0,Прокшино,6.0,5.0,141.6,2.0,15,European-style renovation
35806755.0,Коммунарка,10.0,5.0,167.8,2.0,17,European-style renovation
36264749.0,Прокшино,11.0,5.0,149.3,2.0,16,European-style renovation
42760640.0,Нагорная,8.0,5.0,108.2,34.0,34,Without renovation
43418560.0,Нагорная,8.0,5.0,112.6,28.0,28,Without renovation
43763400.0,Нагорная,8.0,5.0,118.6,33.0,34,Without renovation
51108272.0,Мичуринский проспект,10.0,5.0,120.1,23.0,30,Without renovation
51708001.0,Мичуринский проспект,10.0,5.0,120.5,26.0,30,Without renovation
52136909.0,Давыдково,19.0,5.0,139.02,30.0,30,Without renovation
53009297.0,Электрозаводская,14.0,5.0,155.7,1.0,17,Without renovation
57044660.0,Павелецкая,17.0,5.0,117.4,26.0,33,Without renovation
57115100.0,Павелецкая,17.0,5.0,117.4,27.0,33,Without renovation
57736800.0,Владыкино,17.0,5.0,131.22,28.0,31,Without renovation
58802510.0,Новодачная,6.0,5.0,227.3,20.0,20,Without renovation
59920000.0,Панфиловская,6.0,5.0,149.8,11.0,11,Without renovation
60060058.0,Раменки,6.0,5.0,132.6,2.0,28,Without renovation
63205590.0,Павелецкая,17.0,5.0,138.7,27.0,27,Without renovation
63217539.0,Электрозаводская,14.0,5.0,191.7,1.0,17,Without renovation
63938160.0,Павелецкая,17.0,5.0,128.7,33.0,33,Without renovation
64445440.0,Павелецкая,17.0,5.0,131.2,26.0,27,Without renovation
64889951.0,Павелецкая,7.0,5.0,104.4,9.0,18,Without renovation
64518105.0,Технопарк,17.0,5.0,159.7,6.0,27,Without renovation
66242889.0,Мичуринский проспект,11.0,5.0,180.9,41.0,42,Without renovation
66767341.0,Раменки,6.0,5.0,132.4,5.0,28,Without renovation
67058413.0,Технопарк,17.0,5.0,157.4,8.0,27,Without renovation
67238814.0,Раменки,6.0,5.0,132.4,8.0,28,Without renovation
68618733.0,Электрозаводская,14.0,5.0,111.7,13.0,13,Without renovation
68429112.0,Павелецкая,3.0,5.0,152.63,2.0,19,Without renovation
68853400.0,Кунцевская,10.0,5.0,147.28,24.0,24,Without renovation
68546354.0,Раменки,9.0,5.0,128.9,11.0,28,Without renovation
69206400.0,Павелецкая,17.0,5.0,144.0,26.0,27,Without renovation
70269186.0,Технопарк,17.0,5.0,157.4,12.0,27,Without renovation
70761650.0,Павелецкая,17.0,5.0,144.5,26.0,27,Without renovation
70629469.0,Раменки,6.0,5.0,126.5,13.0,28,Without renovation
70821893.0,Раменки,6.0,5.0,134.1,7.0,28,Without renovation
71301613.0,Мичуринский проспект,11.0,5.0,143.9,41.0,42,Without renovation
71849754.0,Раменки,5.0,5.0,126.9,13.0,28,Designer
72240720.0,Терехово,43.5,5.0,144.8,6.0,22,Designer
72303661.0,Раменки,9.0,5.0,122.0,15.0,28,Designer
73827544.0,Мичуринский проспект,11.0,5.0,153.3,41.0,42,Designer
73543920.0,Терехово,43.5,5.0,144.8,8.0,22,Designer
74740654.0,Верхние Котлы,17.0,5.0,138.4,3.0,15,Designer
75331770.0,Павелецкая,17.0,5.0,140.1,32.0,33,Designer
75425319.0,Верхние Котлы,17.0,5.0,138.4,4.0,15,Designer
75184923.0,Октябрьское поле,1.0,5.0,113.72,16.0,18,Designer
76109983.0,Верхние Котлы,17.0,5.0,138.4,6.0,15,Designer
75774640.0,Верхние Котлы,17.0,5.0,138.4,5.0,15,Designer
75931152.0,Электрозаводская,14.0,5.0,116.8,21.0,21,Designer
76794510.0,Верхние Котлы,17.0,5.0,138.4,8.0,15,Designer
23666056.0,Белорусская,5.0,6.0,33.5,19.0,36,European-style renovation
17290000.0,Минская,1.0,6.0,27.1,10.0,14,Cosmetic
28913370.0,Коптево,9.0,6.0,116.9,10.0,10,European-style renovation
21768120.0,Лужники,3.0,6.0,33.0,2.0,41,European-style renovation
15484667.0,Серпуховская,17.0,6.0,23.8,2.0,28,Cosmetic
12640000.0,Бутырская,10.0,6.0,23.8,7.0,26,Cosmetic
274912000.0,Октябрьская,1.0,6.0,171.82,8.0,9,Designer
84420000.0,Площадь Революции,2.0,6.0,40.05,1.0,4,Designer
24183900.0,Филёвский парк,11.0,6.0,39.0,9.0,17,European-style renovation
35732813.0,Выставочная,6.0,6.0,43.75,58.0,85,European-style renovation
14833876.0,Дмитровская,8.0,6.0,26.21,2.0,36,Cosmetic
17966961.0,Тульская,8.0,6.0,33.8,11.0,13,European-style renovation
13872663.0,Красный Балтиец,4.0,6.0,23.8,2.0,20,Cosmetic
6500000.0,Калитники,10.0,6.0,21.73,3.0,21,Cosmetic
7479000.0,Медведково,14.0,6.0,25.1,41.0,45,Cosmetic
19125000.0,Хорошево,16.0,6.0,36.0,10.0,23,European-style renovation
23052000.0,Калужская,18.0,6.0,45.2,2.0,32,European-style renovation
11679660.0,Полежаевская,20.0,6.0,25.8,5.0,28,Cosmetic
14555343.0,Печатники,16.0,6.0,25.4,18.0,22,Cosmetic
28324800.0,Красные ворота,7.0,6.0,33.72,6.0,19,European-style renovation
11188704.0,Очаково,15.0,6.0,22.0,10.0,48,Cosmetic
8225616.0,Тушинская,5.0,6.0,23.8,5.0,25,Cosmetic
10548686.0,Селигерская,4.0,6.0,30.34,3.0,39,Cosmetic
15400000.0,Шелепиха,15.0,6.0,33.0,27.0,43,Cosmetic
28245000.0,Октябрьская,1.0,6.0,26.9,2.0,9,European-style renovation
13198144.0,Электрозаводская,14.0,6.0,22.6,4.0,11,Cosmetic
14106071.0,Шелепиха,10.0,6.0,19.1,21.0,32,Cosmetic
12441000.0,Давыдково,12.0,6.0,37.7,3.0,21,Cosmetic
12600000.0,Ботанический сад,13.0,6.0,51.6,4.0,17,Cosmetic
13336534.0,Нагатинская,15.0,6.0,26.0,22.0,26,Cosmetic
13786589.0,Стрешнево,3.0,6.0,27.9,2.0,30,Cosmetic
7548543.0,Прокшино,15.0,6.0,19.3,7.0,15,Cosmetic
10054259.0,Нагатинская,6.0,6.0,18.55,7.0,25,Cosmetic
14897280.0,Академическая,1.0,6.0,17.9,10.0,19,Cosmetic
9905100.0,Октябрьское поле,3.0,6.0,24.1,27.0,27,Cosmetic
10982050.0,Гражданская,10.0,6.0,23.9,8.0,25,Cosmetic
15779006.0,Зорге,6.0,6.0,24.5,3.0,16,Cosmetic
7241920.0,Коммунарка,10.0,6.0,22.4,2.0,13,Cosmetic
6900728.0,Коммунарка,14.0,6.0,21.3,2.0,14,Cosmetic
9319050.0,Коптево,9.0,6.0,35.4,2.0,10,Cosmetic
6295015.0,Говорово,13.0,6.0,19.8,1.0,9,Cosmetic
6326160.0,Ольховая,17.0,6.0,24.0,5.0,16,Cosmetic
7287232.0,Бунинская Аллея,8.0,6.0,26.3,9.0,9,Cosmetic
8103679.0,Калитники,11.0,6.0,22.35,4.0,21,Cosmetic
9265828.0,Кожуховская,9.0,6.0,18.4,2.0,24,Cosmetic
17098860.0,Мичуринский проспект,16.0,6.0,31.8,25.0,26,Cosmetic
6056623.0,Филатов Луг,11.0,6.0,21.1,12.0,19,Cosmetic
7284959.0,Бунинская Аллея,18.0,6.0,22.4,3.0,30,Cosmetic
12248520.0,Зорге,13.0,6.0,28.12,7.0,21,Cosmetic
14452240.0,Красный Балтиец,4.0,6.0,23.8,16.0,20,Cosmetic
14680078.0,Красный Балтиец,4.0,6.0,23.8,20.0,20,Cosmetic
16026504.0,Дмитровская,7.0,6.0,26.4,23.0,43,Cosmetic
16000000.0,Аминьевская,7.0,6.0,28.9,34.0,41,Cosmetic
14054360.0,Тульская,13.0,6.0,26.57,5.0,20,Cosmetic
14367059.0,Тульская,13.0,6.0,24.93,12.0,20,Cosmetic
15548571.0,Тульская,13.0,6.0,27.73,13.0,20,Cosmetic
15433723.0,Тульская,13.0,6.0,26.56,7.0,20,Cosmetic
9370000.0,Нижегородская,10.0,6.0,25.4,13.0,27,Cosmetic
14500000.0,Шелепиха,17.0,6.0,30.0,2.0,41,Cosmetic
21900000.0,Хорошево,26.0,6.0,43.2,23.0,43,European-style renovation
30900000.0,Красные ворота,7.0,6.0,40.0,14.0,19,European-style renovation
5745000.0,Филатов Луг,13.0,6.0,28.9,7.0,9,Cosmetic
14500000.0,Шелепиха,13.0,6.0,29.31,15.0,35,Cosmetic
22999999.0,Трикотажная,5.0,6.0,63.0,4.0,19,European-style renovation
4812800.0,Озёрная,20.0,6.0,20.48,3.0,21,Cosmetic
5357495.0,Филатов Луг,13.0,6.0,19.97,2.0,9,Cosmetic
5477383.0,Рассказовка,18.0,6.0,19.97,9.0,9,Cosmetic
5500000.0,Озёрная,20.0,6.0,21.89,4.0,21,Cosmetic
5612175.0,Щербинка,18.0,6.0,19.9,2.0,11,Cosmetic
5640000.0,Озёрная,20.0,6.0,21.67,4.0,21,Cosmetic
5668964.0,Щербинка,11.0,6.0,19.87,17.0,17,Cosmetic
5678248.0,Филатов Луг,13.0,6.0,22.0,3.0,14,Cosmetic
5665000.0,Озёрная,20.0,6.0,21.88,3.0,21,Cosmetic
5653084.0,Окружная,12.0,6.0,20.1,2.0,14,Cosmetic
5688399.0,Щербинка,11.0,6.0,19.91,17.0,17,Cosmetic
5707716.0,Ольховая,17.0,6.0,21.0,4.0,16,Cosmetic
5799714.0,Щербинка,11.0,6.0,19.91,7.0,17,Cosmetic
5820116.0,Щербинка,18.0,6.0,19.8,8.0,17,Cosmetic
5831979.0,Щербинка,11.0,6.0,19.91,10.0,17,Cosmetic
5974995.0,Филатов Луг,13.0,6.0,23.8,6.0,14,Cosmetic
5940699.0,Говорово,13.0,6.0,21.34,2.0,15,Cosmetic
5987508.0,Окружная,12.0,6.0,20.1,11.0,14,Cosmetic
6141338.0,Ольховая,17.0,6.0,19.1,15.0,15,Cosmetic
6133884.0,Щербинка,9.0,6.0,20.0,10.0,17,Cosmetic
6218170.0,Ольховая,14.0,6.0,21.1,9.0,14,Cosmetic
6236933.0,Ольховая,17.0,6.0,20.4,13.0,15,Cosmetic
6277855.0,Калитники,9.0,6.0,17.83,10.0,21,Cosmetic
6310899.0,Филатов Луг,11.0,6.0,23.6,1.0,19,Cosmetic
6357768.0,Ольховая,17.0,6.0,24.0,6.0,16,Cosmetic
6497400.0,Аэропорт Внуково,17.0,6.0,29.4,14.0,14,Cosmetic
6429252.0,Нахабино,21.0,6.0,19.6,25.0,25,Cosmetic
6478722.0,Пятницкое шоссе,31.0,6.0,19.6,17.0,25,Cosmetic
6490618.0,Щербинка,13.0,6.0,23.8,17.0,17,Cosmetic
6549627.0,Пятницкое шоссе,31.0,6.0,19.7,16.0,25,Cosmetic
6536260.0,Бунинская Аллея,5.0,6.0,20.9,6.0,9,Cosmetic
6588322.0,Пятницкое шоссе,31.0,6.0,19.7,14.0,25,Cosmetic
6642980.0,Говорово,13.0,6.0,20.5,1.0,9,Cosmetic
6627660.0,Говорово,13.0,6.0,24.38,3.0,15,Cosmetic
6696984.0,Пятницкое шоссе,4.0,6.0,20.0,5.0,19,Cosmetic
6757475.0,Филатов Луг,11.0,6.0,22.8,19.0,19,Cosmetic
6792978.0,Калитники,10.0,6.0,20.1,7.0,21,Cosmetic
6838770.0,Ольховая,14.0,6.0,25.7,4.0,14,Cosmetic
6812374.0,Дегунино,6.0,6.0,20.3,9.0,33,Cosmetic
6939900.0,Коммунарка,10.0,6.0,22.6,2.0,16,Cosmetic
6929940.0,Пятницкое шоссе,5.0,6.0,20.0,3.0,19,Cosmetic
6933992.0,Пятницкое шоссе,4.0,6.0,20.0,14.0,19,Cosmetic
6935109.0,Коммунарка,14.0,6.0,21.3,2.0,14,Cosmetic
6900383.0,Филатов Луг,11.0,6.0,22.0,1.0,19,Cosmetic
6923590.0,Ховрино,16.0,6.0,27.8,2.0,14,Cosmetic
6977550.0,Ольховая,14.0,6.0,25.7,9.0,14,Cosmetic
6977550.0,Ольховая,14.0,6.0,25.7,11.0,14,Cosmetic
6952223.0,Печатники,6.0,6.0,20.0,16.0,16,Cosmetic
6981936.0,Перерва,14.0,6.0,20.1,27.0,33,Cosmetic
6974903.0,Бунинская Аллея,9.0,6.0,20.0,9.0,9,Cosmetic
6968814.0,Бунинская Аллея,5.0,6.0,24.2,11.0,16,Cosmetic
6997897.0,Прокшино,6.0,6.0,21.2,7.0,13,Cosmetic
7064820.0,Аэропорт Внуково,17.0,6.0,29.4,13.0,14,Cosmetic
7050120.0,Аэропорт Внуково,17.0,6.0,29.4,8.0,9,Cosmetic
7017780.0,Аэропорт Внуково,17.0,6.0,29.4,6.0,14,Cosmetic
7051207.0,Пятницкое шоссе,4.0,6.0,21.9,5.0,19,Cosmetic
7081202.0,Бунинская Аллея,9.0,6.0,19.9,7.0,9,Cosmetic
7115581.0,Перерва,14.0,6.0,20.1,7.0,17,Cosmetic
7160325.0,Бунинская Аллея,18.0,6.0,22.2,13.0,30,Cosmetic
7201389.0,Бунинская Аллея,5.0,6.0,20.4,16.0,17,Cosmetic
7200000.0,Румянцево,10.0,6.0,24.5,6.0,23,Cosmetic
7215000.0,Медведково,16.0,6.0,19.5,8.0,14,Cosmetic
7212146.0,Кантемировская,18.0,6.0,19.9,2.0,23,Cosmetic
7251565.0,Красный Строитель,5.0,6.0,20.1,2.0,33,Cosmetic
7267587.0,Филатов Луг,11.0,6.0,27.1,18.0,19,Cosmetic
7263296.0,Бульвар Рокоссовского,3.0,6.0,19.9,31.0,33,Cosmetic
7322291.0,Бунинская Аллея,9.0,6.0,21.9,11.0,17,Cosmetic
7333853.0,Красный Строитель,3.0,6.0,20.02,18.0,33,Cosmetic
7317695.0,Бескудниково,19.0,6.0,20.1,23.0,33,Cosmetic
7304216.0,Кантемировская,19.0,6.0,19.9,31.0,33,Cosmetic
7336952.0,Кантемировская,18.0,6.0,19.9,18.0,23,Cosmetic
7420587.0,Бунинская Аллея,5.0,6.0,24.0,14.0,19,Cosmetic
7469211.0,Бунинская Аллея,18.0,6.0,22.4,8.0,30,Cosmetic
7553416.0,Бунинская Аллея,9.0,6.0,23.6,7.0,17,Cosmetic
7586564.0,Бульвар Рокоссовского,2.0,6.0,19.9,15.0,17,Cosmetic
7550000.0,Митино,7.0,6.0,27.4,17.0,25,Cosmetic
7680709.0,Бунинская Аллея,18.0,6.0,23.1,10.0,30,Cosmetic
7746900.0,Дегунино,6.0,6.0,25.5,3.0,33,Cosmetic
7728366.0,Красный Строитель,5.0,6.0,23.74,2.0,33,Cosmetic
7724430.0,Яхромская,7.0,6.0,20.1,18.0,33,Cosmetic
7702320.0,Яхромская,7.0,6.0,20.1,28.0,33,Cosmetic
7727583.0,Бабушкинская,6.0,6.0,19.8,21.0,33,Cosmetic
7692956.0,Бульвар Рокоссовского,3.0,6.0,19.9,28.0,33,Cosmetic
7789596.0,Бунинская Аллея,15.0,6.0,21.9,17.0,30,Cosmetic
7769425.0,Коммунарка,15.0,6.0,21.7,14.0,18,Cosmetic
7767405.0,Коммунарка,17.0,6.0,23.2,17.0,18,Cosmetic
7767901.0,Прокшино,13.0,6.0,23.4,15.0,16,Cosmetic
7831491.0,Бабушкинская,6.0,6.0,19.8,2.0,33,Cosmetic
7795256.0,Бабушкинская,6.0,6.0,19.9,33.0,33,Cosmetic
7762191.0,Бабушкинская,6.0,6.0,19.8,29.0,33,Cosmetic
7772750.0,Бульвар Рокоссовского,3.0,6.0,19.9,17.0,33,Cosmetic
7876191.0,Кантемировская,18.0,6.0,19.8,23.0,23,Cosmetic
7880571.0,Бибирево,8.0,6.0,21.8,2.0,24,Cosmetic
7935904.0,Медведково,19.0,6.0,22.4,25.0,32,Cosmetic
7928194.0,Дегунино,6.0,6.0,25.5,6.0,33,Cosmetic
7957543.0,Коммунарка,13.0,6.0,21.7,15.0,18,Cosmetic
7918104.0,Ховрино,16.0,6.0,24.7,11.0,14,Cosmetic
7973329.0,Волгоградский проспект,7.0,6.0,25.3,2.0,8,Cosmetic
8028161.0,Бульвар Адмирала Ушакова,8.0,6.0,23.8,7.0,17,Cosmetic
8011920.0,Коммунарка,10.0,6.0,22.8,10.0,13,Cosmetic
8031640.0,Саларьево,15.0,6.0,19.9,14.0,14,Cosmetic
8107000.0,Новые Черемушки,11.0,6.0,24.2,4.0,29,Cosmetic
8110926.0,Медведково,17.0,6.0,25.1,37.0,62,Cosmetic
8093519.0,Окружная,12.0,6.0,19.2,1.0,19,Cosmetic
8181840.0,Новохохловская,11.0,6.0,21.9,4.0,17,Cosmetic
8234620.0,Черкизовская,12.0,6.0,19.9,15.0,33,Cosmetic
8248942.0,Говорово,13.0,6.0,24.61,11.0,15,Cosmetic
8219240.0,Отрадное,17.0,6.0,21.7,14.0,24,Cosmetic
8232626.0,Отрадное,17.0,6.0,21.7,16.0,24,Cosmetic
8298300.0,Нагатинская,5.0,6.0,19.9,11.0,33,Cosmetic
8250000.0,Солнцево,7.0,6.0,22.5,17.0,23,Cosmetic
8358871.0,Саларьево,15.0,6.0,21.8,14.0,14,Cosmetic
8349993.0,Говорово,13.0,6.0,28.4,10.0,17,Cosmetic
8310176.0,Новоподрезково,6.0,6.0,28.0,2.0,15,Cosmetic
8381682.0,Говорово,13.0,6.0,25.47,14.0,15,Cosmetic
8475036.0,Красный Строитель,6.0,6.0,20.0,24.0,33,Cosmetic
8489121.0,Владыкино,10.0,6.0,19.8,13.0,33,Cosmetic
8488849.0,Бульвар Рокоссовского,10.0,6.0,19.9,16.0,33,Cosmetic
8427440.0,Аминьевская,7.0,6.0,20.2,23.0,33,Cosmetic
8458060.0,Давыдково,7.0,6.0,22.1,2.0,6,Cosmetic
8400000.0,Верхние Лихоборы,8.0,6.0,22.3,12.0,32,Cosmetic
8527123.0,Яхромская,7.0,6.0,20.0,30.0,33,Cosmetic
8516090.0,Медведково,16.0,6.0,24.3,21.0,32,Cosmetic
8544984.0,Владыкино,10.0,6.0,19.8,32.0,33,Cosmetic
8541585.0,Стахановская,8.0,6.0,27.9,5.0,32,Cosmetic
8500000.0,Бульвар Рокоссовского,9.0,6.0,20.01,20.0,33,Cosmetic
8645898.0,Аминьевская,6.0,6.0,20.2,7.0,33,Cosmetic
8558756.0,Тушинская,5.0,6.0,23.7,16.0,25,Cosmetic
8645300.0,Нагатинская,26.0,6.0,25.5,7.0,33,Cosmetic
8676581.0,Улица Скобелевская,5.0,6.0,24.0,13.0,16,Cosmetic
8740507.0,Владыкино,10.0,6.0,21.6,20.0,33,Cosmetic
8684371.0,Черкизовская,9.0,6.0,19.8,28.0,33,Cosmetic
8723765.0,Коптево,9.0,6.0,27.9,9.0,10,Cosmetic
11000000.0,Некрасовка,17.0,1.0,37.5,3.0,17,Cosmetic
10800000.0,Прокшино,13.0,1.0,33.8,15.0,18,Without renovation
11950000.0,Люблино,12.0,1.0,42.0,11.0,14,European-style renovation
12500000.0,Кунцевская,15.0,1.0,39.8,1.0,16,Cosmetic
38400000.0,Серпуховская,10.0,1.0,54.1,13.0,14,Without renovation
8500000.0,Пятницкое шоссе,35.0,1.0,36.7,4.0,24,Cosmetic
19350000.0,Коптево,13.0,1.0,36.2,13.0,20,Designer
11000000.0,Лесопарковая,10.0,1.0,35.0,13.0,26,Cosmetic
11700000.0,Коммунарка,24.0,1.0,46.9,8.0,14,European-style renovation
13200000.0,Говорово,15.0,1.0,46.1,11.0,12,Without renovation
11500000.0,Сетунь,23.0,1.0,38.9,12.0,12,European-style renovation
8500000.0,Щербинка,36.0,1.0,43.8,9.0,22,Cosmetic
9700000.0,Бибирево,10.0,1.0,35.0,19.0,20,European-style renovation
18000000.0,Рассказовка,26.0,1.0,44.8,1.0,12,Designer
10500000.0,Лухмановская,26.0,1.0,40.2,8.0,24,Cosmetic
15900000.0,Коммунарка,30.0,1.0,50.5,3.0,12,Cosmetic
10950000.0,Прокшино,13.0,1.0,38.4,10.0,18,Cosmetic
17190000.0,Сухаревская,8.0,1.0,37.8,3.0,8,European-style renovation
9250000.0,Сетунь,17.0,1.0,36.6,20.0,23,Cosmetic
25000000.0,Хорошёвская,6.0,1.0,41.6,21.0,24,European-style renovation
18200000.0,Китай-город,6.0,1.0,30.0,1.0,8,European-style renovation
8500000.0,Щербинка,26.0,1.0,40.0,8.0,21,Cosmetic
14700000.0,Прокшино,23.0,1.0,46.7,7.0,12,European-style renovation
9200000.0,Покровское,32.0,1.0,40.6,5.0,18,Cosmetic
13600000.0,Бунинская Аллея,39.0,1.0,36.5,8.0,15,Cosmetic
9980000.0,Щелковская,12.0,1.0,37.7,7.0,17,Without renovation
14000000.0,Улица Горчакова,6.0,1.0,50.6,4.0,9,European-style renovation
19900000.0,Аминьевская,5.0,1.0,45.2,15.0,42,Without renovation
23900000.0,Преображенская площадь,7.0,1.0,47.4,2.0,13,European-style renovation
12400000.0,Некрасовка,6.0,1.0,39.0,25.0,25,European-style renovation
12000000.0,Электрозаводская,12.0,1.0,36.7,3.0,12,Cosmetic
7850000.0,Волжская,15.0,1.0,32.9,2.0,3,Without renovation
13400000.0,Гражданская,10.0,1.0,36.4,8.0,14,Cosmetic
13999000.0,Каширская,20.0,1.0,41.6,3.0,9,Designer
11300000.0,Митино,8.0,1.0,38.0,17.0,17,European-style renovation
12600000.0,Улица Скобелевская,18.0,1.0,42.0,8.0,26,European-style renovation
12500000.0,Новодачная,29.0,1.0,35.5,3.0,17,European-style renovation
16500000.0,Варшавская,9.0,1.0,41.1,21.0,23,European-style renovation
12500000.0,Москва-Товарная,15.0,1.0,34.3,9.0,16,Cosmetic
16500000.0,Стахановская,4.0,1.0,38.5,4.0,23,Designer
22500000.0,Фили,13.0,1.0,45.6,15.0,16,Designer
13650000.0,Лианозово,13.0,1.0,46.0,20.0,32,European-style renovation
10150000.0,Коммунарка,12.0,1.0,30.2,9.0,15,European-style renovation
11200000.0,Коммунарка,25.0,1.0,34.5,16.0,25,Cosmetic
13100000.0,Лесопарковая,10.0,1.0,38.0,11.0,26,Cosmetic
11000000.0,Коммунарка,30.0,1.0,50.0,11.0,12,Without renovation
8645000.0,Братиславская,16.0,1.0,34.7,5.0,9,Cosmetic
15600000.0,Лесопарковая,9.0,1.0,42.4,15.0,23,European-style renovation
14500000.0,Хорошево,15.0,1.0,38.5,12.0,16,Designer
15990000.0,Говорово,11.0,1.0,50.3,2.0,6,European-style renovation
14400000.0,Крылатское,12.0,1.0,38.5,10.0,22,Cosmetic
9800000.0,Домодедовская,18.0,1.0,35.0,3.0,12,Designer
7990000.0,Щербинка,20.0,1.0,37.8,5.0,15,Cosmetic
14500000.0,Говорово,15.0,1.0,54.0,6.0,12,Cosmetic
12650000.0,Коммунарка,27.0,1.0,49.0,6.0,16,European-style renovation
6850000.0,Некрасовка,18.0,1.0,37.0,2.0,18,European-style renovation
13750000.0,Шоссе Энтузиастов,12.0,1.0,39.0,23.0,33,Designer
14200000.0,Молодежная,20.0,1.0,38.3,3.0,18,Cosmetic
11200000.0,Саларьево,27.0,1.0,39.0,14.0,24,Designer
10800000.0,Марьино,14.0,1.0,38.0,12.0,17,Cosmetic
35000000.0,Давыдково,23.0,1.0,50.3,11.0,25,Without renovation
7990000.0,Силикатная,27.0,1.0,35.2,13.0,15,Designer
11900000.0,Минская,24.0,1.0,32.0,1.0,5,Cosmetic
10500000.0,Планерная,11.0,1.0,35.3,5.0,12,European-style renovation
10500000.0,Улица Дмитриевского,22.0,1.0,39.0,4.0,9,Cosmetic
16100000.0,Ботанический сад,20.0,1.0,39.9,7.0,18,European-style renovation
14500000.0,Славянский бульвар,5.0,1.0,38.4,2.0,17,European-style renovation
14990000.0,Говорово,8.0,1.0,46.7,2.0,25,European-style renovation
11150000.0,Чертановская,15.0,1.0,35.0,8.0,16,Cosmetic
16490000.0,ЗИЛ,6.0,1.0,47.4,24.0,26,Designer
7900000.0,Остафьево,17.0,1.0,48.3,7.0,21,Without renovation
11900000.0,Перово,19.0,1.0,35.7,5.0,12,Cosmetic
12188000.0,Строгино,16.0,1.0,39.5,1.0,12,European-style renovation
11800000.0,Бабушкинская,16.0,1.0,35.0,6.0,16,Cosmetic
9300000.0,Сетунь,14.0,1.0,39.0,4.0,12,Cosmetic
13500000.0,Текстильщики,18.0,1.0,35.6,11.0,24,Cosmetic
11000000.0,Некрасовка,18.0,1.0,37.7,7.0,17,Cosmetic
13100000.0,Курьяново,9.0,1.0,33.0,15.0,25,Designer
24000000.0,Народное Ополчение,12.0,1.0,42.0,5.0,5,Designer
22000000.0,Ольховая,20.0,1.0,48.9,5.0,8,Designer
12400000.0,Водный стадион,9.0,1.0,35.0,1.0,9,Cosmetic
18000000.0,Марьина Роща,13.0,1.0,41.0,9.0,14,Designer
15500000.0,Дмитровская,3.0,1.0,29.4,24.0,58,European-style renovation
11990000.0,Тульская,5.0,1.0,34.0,6.0,16,Cosmetic
17550000.0,Профсоюзная,10.0,1.0,42.0,19.0,25,European-style renovation
12600000.0,Отрадное,11.0,1.0,37.7,3.0,17,Designer
21500000.0,ЗИЛ,16.0,1.0,43.0,2.0,14,Designer
11000000.0,Братиславская,17.0,1.0,33.1,3.0,25,European-style renovation
15500000.0,Говорово,8.0,1.0,47.2,18.0,25,Designer
8400000.0,Покровское,35.0,1.0,34.0,8.0,17,Without renovation
10500000.0,Люблино,28.0,1.0,36.0,3.0,10,European-style renovation
9800000.0,Дмитровская,10.0,1.0,34.3,1.0,12,European-style renovation
11500000.0,Новодачная,18.0,1.0,44.3,13.0,17,European-style renovation
10800000.0,Улица Дмитриевского,6.0,1.0,41.9,4.0,12,European-style renovation
14500000.0,Саларьево,13.0,1.0,41.1,7.0,25,European-style renovation
12000000.0,Физтех,9.0,1.0,42.4,9.0,16,Cosmetic
12670000.0,Солнцево,8.0,1.0,45.0,9.0,23,Without renovation
19000000.0,Ботанический сад,11.0,1.0,44.9,19.0,23,Without renovation
14900000.0,Покровское,28.0,1.0,51.0,7.0,15,European-style renovation
17500000.0,Минская,36.0,1.0,56.1,14.0,25,European-style renovation
9000000.0,Коммунарка,26.0,1.0,28.8,2.0,14,Cosmetic
9690000.0,Новопеределкино,7.0,1.0,39.1,12.0,14,Cosmetic
15000000.0,Беговая,4.0,1.0,39.0,6.0,16,Cosmetic
17700000.0,ВДНХ,15.0,1.0,36.0,12.0,12,Cosmetic
15000000.0,Шоссе Энтузиастов,10.0,1.0,39.0,18.0,25,Designer
11500000.0,Севастопольская,11.0,1.0,35.0,11.0,12,Cosmetic
9470000.0,Люблино,30.0,1.0,38.8,5.0,10,Cosmetic
21700000.0,Народное Ополчение,24.0,1.0,46.0,5.0,22,Designer
13790000.0,Красногвардейская,9.0,1.0,43.9,25.0,30,Without renovation
17550000.0,Профсоюзная,10.0,1.0,42.0,11.0,25,Cosmetic
8899000.0,Некрасовка,22.0,1.0,38.0,4.0,17,European-style renovation
17500000.0,Новаторская,15.0,1.0,45.0,8.0,22,European-style renovation
29000000.0,Шелепиха,12.0,1.0,53.9,14.0,36,European-style renovation
14000000.0,Стрешнево,8.0,1.0,40.4,18.0,28,European-style renovation
21500000.0,Речной вокзал,9.0,1.0,49.4,28.0,35,Without renovation
9250000.0,Сетунь,14.0,1.0,38.6,4.0,12,Cosmetic
7000000.0,Автозаводская,6.0,1.0,25.3,4.0,5,Designer
12600000.0,Свиблово,8.0,1.0,42.0,12.0,12,Cosmetic
28000000.0,Хорошёвская,13.0,1.0,43.0,15.0,24,Designer
11300000.0,Перово,4.0,1.0,39.3,12.0,14,Cosmetic
10850000.0,Крымская,9.0,1.0,35.0,1.0,12,Cosmetic
6900000.0,Медведково,17.0,1.0,35.0,1.0,6,Designer
25600000.0,Угрешская,9.0,1.0,47.6,18.0,30,Designer
16800000.0,Свиблово,11.0,1.0,44.5,10.0,25,Cosmetic
11900000.0,Новогиреево,12.0,1.0,40.0,12.0,12,Cosmetic
12400000.0,Перово,17.0,1.0,50.3,4.0,6,Cosmetic
7200000.0,Рассказовка,42.0,1.0,33.0,3.0,4,Without renovation
18500000.0,Бульвар Рокоссовского,9.0,1.0,46.8,22.0,30,European-style renovation
19629526.0,Панфиловская,5.0,1.0,55.6,2.0,11,European-style renovation
13400000.0,Новаторская,13.0,1.0,36.7,8.0,16,Cosmetic
14950000.0,Бауманская,6.0,1.0,34.4,4.0,12,European-style renovation
14500000.0,Люблино,14.0,1.0,50.8,2.0,14,Cosmetic
10900000.0,Пыхтино,28.0,1.0,37.8,10.0,17,Cosmetic
20000000.0,Ботанический сад,13.0,1.0,36.5,2.0,49,European-style renovation
22700000.0,Давыдково,19.0,1.0,51.0,8.0,16,European-style renovation
20014680.0,Панфиловская,5.0,1.0,56.7,2.0,11,European-style renovation
9200000.0,Прокшино,12.0,1.0,33.0,2.0,18,Cosmetic
8900000.0,Новогиреево,24.0,1.0,34.9,11.0,12,Cosmetic
13650000.0,Локомотив,16.0,1.0,40.2,3.0,33,European-style renovation
13690000.0,Академическая,12.0,1.0,38.0,6.0,14,European-style renovation
21900000.0,Шелепиха,13.0,1.0,44.5,30.0,46,European-style renovation
12800000.0,Бабушкинская,23.0,1.0,40.5,12.0,19,Cosmetic
9495000.0,Бабушкинская,28.0,1.0,35.8,9.0,16,Cosmetic
18000000.0,Алексеевская,4.0,1.0,37.5,5.0,15,Designer
15400000.0,Панфиловская,10.0,1.0,36.5,8.0,14,Cosmetic
11500000.0,Фонвизинская,12.0,1.0,34.9,8.0,12,Cosmetic
17600000.0,Аминьевская,6.0,1.0,44.0,2.0,24,European-style renovation
11200000.0,Братиславская,15.0,1.0,39.5,12.0,22,Cosmetic
11200000.0,Щелковская,16.0,1.0,35.7,7.0,14,Cosmetic
13500000.0,Сетунь,14.0,1.0,40.0,2.0,5,Cosmetic
20900000.0,Павелецкая,18.0,1.0,39.0,13.0,46,Without renovation
13800000.0,Красные ворота,8.0,1.0,36.6,1.0,5,Without renovation
10800000.0,Шипиловская,11.0,1.0,39.0,3.0,13,European-style renovation
12500000.0,Лесопарковая,4.0,1.0,38.6,12.0,19,Cosmetic
12200000.0,Стахановская,7.0,1.0,40.0,15.0,19,European-style renovation
11950000.0,Улица Дмитриевского,5.0,1.0,37.9,2.0,23,European-style renovation
11990000.0,Окская,15.0,1.0,30.1,9.0,30,Cosmetic
8350000.0,Пыхтино,17.0,1.0,37.7,10.0,19,European-style renovation
11950000.0,Ховрино,30.0,1.0,39.7,12.0,24,European-style renovation
10000000.0,Перово,9.0,1.0,35.9,7.0,12,Cosmetic
20397973.0,Панфиловская,5.0,1.0,57.1,4.0,11,European-style renovation
14360000.0,Бульвар Рокоссовского,24.0,1.0,42.5,15.0,25,Designer
8990000.0,Лухмановская,23.0,1.0,40.0,22.0,24,Cosmetic
11150000.0,Чертановская,15.0,1.0,34.0,8.0,16,Cosmetic
16400000.0,ЗИЛ,6.0,1.0,47.4,24.0,26,Designer
11600000.0,Нагатинская,19.0,1.0,35.0,9.0,12,Cosmetic
11750000.0,Калитники,10.0,1.0,34.3,4.0,13,European-style renovation
14800000.0,Говорово,8.0,1.0,46.7,2.0,25,Cosmetic
11799000.0,Нижегородская,9.0,1.0,35.8,24.0,33,Without renovation
12250000.0,Саларьево,12.0,1.0,35.5,18.0,25,European-style renovation
15300000.0,Спартак,10.0,1.0,35.0,4.0,16,European-style renovation
14990000.0,Рассказовка,26.0,1.0,48.0,10.0,12,Designer
11290000.0,Митино,8.0,1.0,38.0,17.0,17,European-style renovation
9600000.0,Лианозово,12.0,1.0,36.6,1.0,16,Without renovation
8800000.0,Бульвар Рокоссовского,12.0,1.0,34.8,2.0,12,Without renovation
17800000.0,Фонвизинская,4.0,1.0,40.0,19.0,23,European-style renovation
10900000.0,Печатники,9.0,1.0,38.9,5.0,13,Cosmetic
16200000.0,Проспект Вернадского,12.0,1.0,38.0,14.0,22,European-style renovation
14500000.0,Кузьминки,17.0,1.0,43.0,12.0,23,Designer
10800000.0,Царицыно,11.0,1.0,35.0,2.0,17,Cosmetic
14400000.0,Пятницкое шоссе,34.0,1.0,46.2,4.0,24,Cosmetic
12500000.0,Тропарево,9.0,1.0,33.7,8.0,22,Cosmetic
23000000.0,Смоленская,6.0,1.0,42.0,5.0,5,European-style renovation
11500000.0,Рассказовка,15.0,1.0,37.7,16.0,17,European-style renovation
15700000.0,Говорово,13.0,1.0,51.0,10.0,12,European-style renovation
12800000.0,Тимирязевская,10.0,1.0,35.0,1.0,12,European-style renovation
9550000.0,Медведково,15.0,1.0,39.0,3.0,12,Cosmetic
11400000.0,Улица Скобелевская,10.0,1.0,42.0,6.0,10,Cosmetic
11500000.0,Пыхтино,24.0,1.0,37.8,10.0,17,Cosmetic
11000000.0,Беломорская,19.0,1.0,40.0,8.0,14,Cosmetic
20230244.0,Панфиловская,7.0,1.0,63.5,4.0,7,European-style renovation
10800000.0,Стахановская,18.0,1.0,36.6,3.0,16,Cosmetic
13500000.0,Аминьевская,15.0,1.0,37.0,21.0,25,European-style renovation
10700000.0,Коммунарка,21.0,1.0,40.3,11.0,16,Designer
7950000.0,Алма-Атинская,16.0,1.0,30.7,1.0,17,Designer
13500000.0,Кунцевская,8.0,1.0,42.3,13.0,29,Without renovation
16200000.0,Юго-Западная,17.0,1.0,43.6,14.0,25,European-style renovation
11299000.0,Саларьево,25.0,1.0,39.0,11.0,16,European-style renovation
25900000.0,Улица 1905 года,12.0,1.0,42.1,21.0,44,Designer
18000000.0,ЗИЛ,6.0,1.0,39.8,9.0,26,Designer
20000000.0,Университет,12.0,1.0,37.2,8.0,8,Designer
19900000.0,Павелецкая,5.0,1.0,35.9,5.0,7,Without renovation
13999000.0,Минская,15.0,1.0,38.8,4.0,9,Cosmetic
10000000.0,Белокаменная,25.0,1.0,35.0,3.0,12,Cosmetic
12500000.0,Выхино,8.0,1.0,37.7,2.0,24,European-style renovation
9500000.0,Бунинская Аллея,8.0,1.0,38.0,6.0,12,Cosmetic
8600000.0,Калитники,12.0,1.0,21.5,7.0,7,Designer
14000000.0,Коломенская,21.0,1.0,44.7,7.0,17,Cosmetic
18200000.0,Нижегородская,7.0,1.0,43.3,25.0,25,Designer
13500000.0,Планерная,13.0,1.0,38.0,15.0,24,Cosmetic
11000000.0,Щелковская,10.0,1.0,34.0,5.0,5,Cosmetic
8450000.0,Рязанский проспект,7.0,1.0,33.0,9.0,9,Cosmetic
16500000.0,Москва-Товарная,12.0,1.0,43.2,25.0,25,Cosmetic
24000000.0,Хорошево,12.0,1.0,43.0,5.0,27,Designer
11800000.0,Ясенево,12.0,1.0,39.0,22.0,22,European-style renovation
9150000.0,Некрасовка,11.0,1.0,38.8,20.0,25,Cosmetic
16800000.0,Народное Ополчение,24.0,1.0,40.9,12.0,47,Without renovation
10300000.0,Домодедовская,24.0,1.0,38.4,14.0,17,Cosmetic
14300000.0,Бульвар Рокоссовского,18.0,1.0,40.2,22.0,33,Cosmetic
12000000.0,Улица Дмитриевского,5.0,1.0,50.2,10.0,17,Without renovation
10200000.0,Трикотажная,20.0,1.0,37.4,3.0,14,Cosmetic
13900000.0,Мичуринский проспект,11.0,1.0,38.5,13.0,17,Cosmetic
10000000.0,Марьино,19.0,1.0,38.0,2.0,16,Cosmetic
17000000.0,Марьина Роща,6.0,1.0,37.0,2.0,16,European-style renovation
11390000.0,Некрасовка,14.0,1.0,40.9,15.0,23,Cosmetic
8800000.0,Солнцево,9.0,1.0,35.5,1.0,17,Without renovation
10300000.0,Щелковская,14.0,1.0,36.0,9.0,12,European-style renovation
14100000.0,Беломорская,11.0,1.0,38.5,16.0,22,Cosmetic
18100000.0,Авиамоторная,14.0,1.0,36.0,24.0,27,Designer
11500000.0,Коммунарка,24.0,1.0,47.2,11.0,16,European-style renovation
10500000.0,Кленовый бульвар,4.0,1.0,35.0,1.0,12,Cosmetic
13500000.0,Солнцево,10.0,1.0,39.5,10.0,19,European-style renovation
11990000.0,Профсоюзная,8.0,1.0,34.6,1.0,5,Designer
11000000.0,Рассказовка,23.0,1.0,42.0,1.0,9,Cosmetic
10200000.0,Волоколамская,12.0,1.0,36.8,3.0,16,Cosmetic
35990000.0,Шелепиха,13.0,1.0,47.4,19.0,24,European-style renovation
22300000.0,Тульская,27.0,1.0,50.4,2.0,18,Designer
13500000.0,Митино,11.0,1.0,43.9,9.0,17,Cosmetic
15699000.0,Бульвар Рокоссовского,24.0,1.0,42.0,19.0,25,European-style renovation
13000000.0,Коммунарка,14.0,1.0,42.0,6.0,12,Designer
11900000.0,Солнцево,16.0,1.0,37.9,14.0,17,European-style renovation
14500000.0,Кузьминки,7.0,1.0,52.4,4.0,14,European-style renovation
12250000.0,Марьино,12.0,1.0,40.9,8.0,14,European-style renovation
15500000.0,Кунцевская,6.0,1.0,40.0,8.0,25,Cosmetic
16000000.0,Профсоюзная,16.0,1.0,45.4,7.0,9,European-style renovation
10200000.0,Волжская,13.0,1.0,39.1,3.0,12,Without renovation
18000000.0,Дмитровская,12.0,1.0,40.0,6.0,47,European-style renovation
17500000.0,Шелепиха,5.0,1.0,38.0,8.0,17,Cosmetic
12000000.0,Народное Ополчение,15.0,1.0,40.0,7.0,12,Cosmetic
13500000.0,Южная,15.0,1.0,38.0,2.0,14,Designer
9310000.0,Братиславская,16.0,1.0,36.2,8.0,9,Cosmetic
10900000.0,Беляево,12.0,1.0,35.6,14.0,15,European-style renovation
16800000.0,Технопарк,15.0,1.0,45.1,2.0,14,Without renovation
11600000.0,Бульвар Дмитрия Донского,15.0,1.0,35.4,5.0,17,European-style renovation
13400000.0,Митино,11.0,1.0,38.0,14.0,17,European-style renovation
14990000.0,Савеловская,14.0,1.0,42.0,10.0,12,European-style renovation
16500000.0,Новые Черемушки,14.0,1.0,41.0,6.0,9,Cosmetic
18500000.0,Угрешская,9.0,1.0,41.2,2.0,30,Designer
13850000.0,Бабушкинская,20.0,1.0,44.7,17.0,17,European-style renovation
13900000.0,Люблино,18.0,1.0,41.8,17.0,17,Cosmetic
10500000.0,Борисово,13.0,1.0,39.1,14.0,17,Cosmetic
12990000.0,Медведково,27.0,1.0,40.6,21.0,33,European-style renovation
12500000.0,Говорово,15.0,1.0,53.0,25.0,25,Cosmetic
12100000.0,Новогиреево,18.0,1.0,40.5,5.0,14,European-style renovation
12200000.0,Кантемировская,3.0,1.0,37.5,12.0,15,Cosmetic
10500000.0,Прокшино,28.0,1.0,36.0,5.0,10,European-style renovation
13550000.0,Беляево,16.0,1.0,34.5,6.0,12,Cosmetic
10400000.0,Люблино,29.0,1.0,39.0,8.0,8,Cosmetic
9750000.0,Улица Горчакова,14.0,1.0,39.0,14.0,14,Cosmetic
12990000.0,Рабочий Посёлок,21.0,1.0,36.0,5.0,12,European-style renovation
12000000.0,Зюзино,13.0,1.0,38.0,9.0,17,Cosmetic
14500000.0,Фонвизинская,5.0,1.0,39.0,18.0,22,Cosmetic
10150000.0,Алтуфьево,6.0,1.0,36.2,1.0,16,Cosmetic
8100000.0,Саларьево,19.0,1.0,30.4,7.0,22,Cosmetic
10000000.0,Улица Старокачаловская,16.0,1.0,39.0,8.0,9,Without renovation
17000000.0,Пражская,12.0,1.0,48.4,2.0,19,Cosmetic
12000000.0,Варшавская,6.0,1.0,34.3,1.0,14,Cosmetic
15000000.0,Митино,11.0,1.0,35.2,25.0,25,European-style renovation
9250000.0,Улица Скобелевская,5.0,1.0,38.0,8.0,14,Cosmetic
13450000.0,Селигерская,9.0,1.0,41.5,7.0,23,European-style renovation
11000000.0,Ховрино,36.0,1.0,39.0,4.0,17,Cosmetic
24799990.0,Автозаводская,21.0,1.0,45.3,8.0,32,Without renovation
17200000.0,Аминьевская,5.0,1.0,38.2,18.0,42,Cosmetic
12100000.0,Народное Ополчение,11.0,1.0,38.8,6.0,12,Cosmetic
23650000.0,Динамо,10.0,1.0,41.5,12.0,19,Designer
21900000.0,Автозаводская,21.0,1.0,46.0,9.0,29,Without renovation
19000000.0,Хорошёвская,13.0,1.0,33.7,6.0,24,European-style renovation
10900000.0,Боровское шоссе,5.0,1.0,36.7,11.0,17,European-style renovation
9900000.0,Коммунарка,14.0,1.0,32.4,7.0,15,Cosmetic
9600000.0,Улица Скобелевская,8.0,1.0,38.0,9.0,12,Without renovation
10900000.0,Щелковская,11.0,1.0,35.4,10.0,12,Cosmetic
12000000.0,Рассказовка,22.0,1.0,41.0,2.0,17,Cosmetic
9200000.0,Щербинка,12.0,1.0,42.0,6.0,12,Cosmetic
12500000.0,Чертановская,8.0,1.0,39.0,11.0,17,Cosmetic
11990000.0,Красный Балтиец,17.0,1.0,36.0,5.0,14,European-style renovation
13500000.0,Серпуховская,15.0,1.0,32.0,1.0,9,European-style renovation
15200000.0,Авиамоторная,14.0,1.0,40.0,10.0,27,Without renovation
12500000.0,Ольховая,25.0,1.0,44.8,20.0,25,Designer
18100000.0,Водный стадион,11.0,1.0,34.0,13.0,29,Designer
30000000.0,Площадь Гагарина,7.0,1.0,45.0,12.0,19,Designer
10200000.0,Бунинская Аллея,5.0,1.0,36.4,6.0,17,European-style renovation
10300000.0,Выхино,15.0,1.0,38.6,10.0,16,Cosmetic
11200000.0,Академическая,15.0,1.0,35.5,1.0,12,European-style renovation
10100000.0,Братиславская,13.0,1.0,41.8,2.0,16,European-style renovation
19500000.0,Ботанический сад,7.0,1.0,35.0,14.0,24,European-style renovation
13300000.0,Мичуринский проспект,5.0,1.0,38.0,16.0,17,Cosmetic
9100000.0,Некрасовка,12.0,1.0,37.9,4.0,22,Without renovation
15500000.0,Красносельская,11.0,1.0,35.5,8.0,14,Cosmetic
9800000.0,Беляево,15.0,1.0,33.4,3.0,9,Cosmetic
11700000.0,Тимирязевская,8.0,1.0,32.0,6.0,9,Cosmetic
16400000.0,Профсоюзная,6.0,1.0,39.7,11.0,24,Cosmetic
12600000.0,Пятницкое шоссе,17.0,1.0,42.0,14.0,14,Cosmetic
12300000.0,Новые Черемушки,15.0,1.0,36.6,11.0,14,Cosmetic
8300000.0,Улица Горчакова,9.0,1.0,40.0,3.0,12,Cosmetic
8900000.0,Некрасовка,21.0,1.0,32.0,6.0,19,Cosmetic
8000000.0,Внуково,25.0,1.0,34.2,9.0,9,European-style renovation
11300000.0,Беляево,14.0,1.0,33.0,4.0,9,Cosmetic
12500000.0,Чертановская,16.0,1.0,36.0,24.0,25,Cosmetic
13700000.0,Калитники,17.0,1.0,49.0,3.0,24,European-style renovation
11850000.0,Строгино,8.0,1.0,38.8,2.0,12,Without renovation
9400000.0,Пражская,14.0,1.0,36.0,10.0,14,Cosmetic
12300000.0,Рассказовка,23.0,1.0,38.0,5.0,9,Cosmetic
12000000.0,Речной вокзал,18.0,1.0,38.0,2.0,17,Designer
10500000.0,Коммунарка,26.0,1.0,34.0,8.0,14,Cosmetic
11200000.0,Марьино,13.0,1.0,41.6,6.0,14,Cosmetic
11600000.0,Крылатское,11.0,1.0,38.1,4.0,14,Cosmetic
17990000.0,Шелепиха,15.0,1.0,35.5,16.0,32,Without renovation
9450000.0,Марьино,10.0,1.0,38.7,2.0,14,Without renovation
15700000.0,Новаторская,16.0,1.0,42.2,15.0,21,Cosmetic
12500000.0,Бабушкинская,23.0,1.0,41.4,7.0,19,European-style renovation
12700000.0,Раменки,12.0,1.0,37.0,6.0,16,Cosmetic
16900000.0,Печатники,7.0,1.0,44.0,11.0,17,Designer
13700000.0,Щелковская,9.0,1.0,44.7,2.0,18,Cosmetic
12000000.0,Яхромская,24.0,1.0,38.5,9.0,33,Cosmetic
10500000.0,Водный стадион,12.0,1.0,35.2,11.0,12,Cosmetic
8800800.0,Коммунарка,26.0,1.0,34.0,11.0,14,Without renovation
13900000.0,Селигерская,7.0,1.0,45.0,16.0,23,European-style renovation
14300000.0,Сухаревская,11.0,1.0,29.5,12.0,16,European-style renovation
12250000.0,Физтех,5.0,1.0,37.9,20.0,22,Cosmetic
11500000.0,Владыкино,20.0,1.0,41.8,9.0,12,Designer
10300000.0,Депо,17.0,1.0,39.0,16.0,17,Cosmetic
16500000.0,Угрешская,7.0,1.0,45.0,27.0,30,Without renovation
11490000.0,Люблино,17.0,1.0,40.0,13.0,25,Cosmetic
10500000.0,Братиславская,18.0,1.0,37.9,5.0,17,Cosmetic
17500000.0,Ленинский проспект,7.0,1.0,45.0,5.0,9,Cosmetic
11500000.0,Жулебино,9.0,1.0,36.1,4.0,17,Cosmetic
12799999.0,Люблино,14.0,1.0,38.3,6.0,18,Designer
9200000.0,Покровское,33.0,1.0,44.0,8.0,20,Without renovation
9500000.0,Новогиреево,18.0,1.0,35.1,3.0,12,Cosmetic
11500000.0,Коммунарка,27.0,1.0,39.4,10.0,16,Designer
13000000.0,Нижегородская,14.0,1.0,32.3,12.0,33,European-style renovation
11250000.0,Новогиреево,25.0,1.0,34.9,14.0,16,Designer
15000000.0,Аминьевская,10.0,1.0,41.7,17.0,25,Cosmetic
15000000.0,Коптево,8.0,1.0,33.2,4.0,12,Designer
10900000.0,Печатники,11.0,1.0,34.0,4.0,9,Cosmetic
15490000.0,Аннино,4.0,1.0,41.6,9.0,22,Cosmetic
15150000.0,Аннино,4.0,1.0,41.5,9.0,22,Cosmetic
10000000.0,Люблино,8.0,1.0,36.0,13.0,17,Cosmetic
17990000.0,Чертановская,13.0,1.0,58.0,21.0,26,European-style renovation
9500000.0,Давыдково,19.0,1.0,36.0,2.0,14,Without renovation
10800000.0,Улица Скобелевская,12.0,1.0,41.0,9.0,33,Cosmetic
14000000.0,Рабочий Посёлок,9.0,1.0,38.6,3.0,12,Designer
9990000.0,Лухмановская,26.0,1.0,40.0,12.0,24,European-style renovation
14300000.0,Измайловская,18.0,1.0,40.2,4.0,19,Without renovation
14990000.0,Юго-Западная,15.0,1.0,38.3,21.0,22,Cosmetic
13800000.0,Чертановская,9.0,1.0,41.5,5.0,24,Cosmetic
7900000.0,Щербинка,26.0,1.0,37.2,17.0,21,Cosmetic
20500000.0,Рижская,6.0,1.0,42.0,16.0,16,European-style renovation
13200000.0,Белорусская,14.0,1.0,34.3,12.0,16,Cosmetic
15000000.0,Аннино,6.0,1.0,36.7,2.0,25,Designer
8340000.0,Кузьминки,13.0,1.0,35.0,5.0,16,Designer
10000000.0,Медведково,19.0,1.0,34.8,8.0,12,Cosmetic
13370000.0,Братиславская,23.0,1.0,39.6,11.0,24,Cosmetic
11000000.0,Перово,21.0,1.0,35.0,7.0,12,Cosmetic
12300000.0,Коммунарка,26.0,1.0,49.3,3.0,16,Cosmetic
11000000.0,Коммунарка,25.0,1.0,44.9,10.0,25,European-style renovation
11800000.0,Черкизовская,16.0,1.0,39.0,2.0,12,Cosmetic
12000000.0,Новокосино,12.0,1.0,38.9,12.0,14,European-style renovation
14500000.0,Новые Черемушки,17.0,1.0,39.0,16.0,18,European-style renovation
14800000.0,Марьина Роща (Шереметьевская),15.0,1.0,38.0,14.0,16,European-style renovation
14200000.0,Селигерская,6.0,1.0,37.0,17.0,17,Cosmetic
10800000.0,Алтуфьево,19.0,1.0,41.5,9.0,25,Cosmetic
17200000.0,Тульская,15.0,1.0,46.4,8.0,10,European-style renovation
9400000.0,Новопеределкино,15.0,1.0,42.0,7.0,14,Cosmetic
11350000.0,Свиблово,13.0,1.0,38.0,5.0,14,Cosmetic
12900000.0,Планерная,13.0,1.0,37.8,4.0,22,Cosmetic
10500000.0,Солнцево,19.0,1.0,41.0,13.0,14,Cosmetic
9800000.0,Сетунь,12.0,1.0,40.0,15.0,16,Cosmetic
11300000.0,Солнцево,21.0,1.0,38.0,10.0,17,Cosmetic
12000000.0,Беломорская,12.0,1.0,45.0,6.0,19,Cosmetic
12000000.0,Нагатинский Затон,12.0,1.0,39.0,2.0,12,Cosmetic
16990000.0,Яхромская,10.0,1.0,41.0,21.0,24,Cosmetic
9700000.0,Внуково,37.0,1.0,35.0,15.0,17,Designer
8700000.0,Некрасовка,11.0,1.0,40.2,12.0,24,Cosmetic
9120000.0,Братиславская,16.0,1.0,36.1,5.0,9,Cosmetic
13990000.0,Бабушкинская,20.0,1.0,45.0,14.0,17,Cosmetic
18500000.0,Тушинская,10.0,1.0,40.5,7.0,19,European-style renovation
8700000.0,Покровское,31.0,1.0,35.2,16.0,18,Cosmetic
13690000.0,Окская,15.0,1.0,36.5,2.0,30,Cosmetic
15390000.0,Кунцевская,8.0,1.0,42.5,2.0,29,Cosmetic
12800000.0,Ховрино,33.0,1.0,38.0,5.0,17,Cosmetic
10150000.0,Медведково,38.0,1.0,40.0,12.0,14,Cosmetic
9900000.0,Люблино,15.0,1.0,30.9,2.0,14,Cosmetic
10500000.0,Внуково,37.0,1.0,40.1,14.0,17,Designer
31000000.0,Академическая,17.0,1.0,45.0,8.0,19,Designer
16300000.0,Аэропорт,10.0,1.0,33.0,4.0,5,Cosmetic
16990000.0,Авиамоторная,13.0,1.0,39.5,26.0,26,Without renovation
14350000.0,Верхние Котлы,16.0,1.0,33.5,9.0,24,European-style renovation
14600000.0,Давыдково,16.0,1.0,39.0,19.0,22,Cosmetic
10500000.0,Выхино,9.0,1.0,39.0,16.0,17,Cosmetic
12500000.0,Бескудниково,13.0,1.0,38.9,9.0,12,European-style renovation
15900000.0,Юго-Западная,17.0,1.0,41.9,14.0,25,European-style renovation
26100000.0,Шаболовская,17.0,1.0,54.3,9.0,30,European-style renovation
11400000.0,Царицыно,27.0,1.0,45.7,2.0,11,Without renovation
11550000.0,Хорошево,15.0,1.0,38.5,13.0,16,Cosmetic
27250000.0,Раменки,13.0,1.0,43.0,10.0,28,Without renovation
11300000.0,Солнцево,9.0,1.0,38.0,15.0,17,European-style renovation
13950000.0,Строгино,4.0,1.0,38.0,3.0,12,Cosmetic
14350000.0,Аннино,8.0,1.0,41.2,3.0,21,Cosmetic
14900000.0,Свиблово,7.0,1.0,38.0,13.0,17,European-style renovation
11800000.0,Перово,9.0,1.0,38.8,5.0,12,Cosmetic
12000000.0,Озёрная,5.0,1.0,34.8,15.0,16,Cosmetic
11600000.0,Новопеределкино,8.0,1.0,37.5,22.0,23,Without renovation
19999900.0,Народное Ополчение,14.0,1.0,48.6,19.0,23,Without renovation
18999900.0,Народное Ополчение,14.0,1.0,46.7,18.0,23,Without renovation
15300000.0,Мичуринский проспект,10.0,1.0,35.3,2.0,9,Designer
8200000.0,Щербинка,17.0,1.0,40.6,2.0,17,Without renovation
11300000.0,Митино,11.0,1.0,39.2,9.0,22,Cosmetic
11000000.0,Планерная,25.0,1.0,37.0,5.0,16,Cosmetic
11150000.0,Пятницкое шоссе,5.0,1.0,39.0,9.0,17,European-style renovation
11000000.0,Люблино,22.0,1.0,37.8,5.0,14,Cosmetic
18000000.0,Аминьевская,5.0,1.0,38.0,8.0,42,Without renovation
15300000.0,Яхромская,10.0,1.0,42.0,15.0,24,Designer
11800000.0,Кантемировская,16.0,1.0,37.3,9.0,22,European-style renovation
13700000.0,Кантемировская,4.0,1.0,42.5,6.0,14,Cosmetic
15000000.0,Щукинская,9.0,1.0,38.5,4.0,19,Cosmetic
13500000.0,Кузьминки,7.0,1.0,43.4,4.0,14,Cosmetic
13500000.0,Крылатское,6.0,1.0,37.6,9.0,17,European-style renovation
14000000.0,Бабушкинская,4.0,1.0,38.0,3.0,4,European-style renovation
12700000.0,Крылатское,19.0,1.0,38.0,2.0,17,Cosmetic
9500000.0,Улица Горчакова,12.0,1.0,37.8,9.0,12,Cosmetic
16400000.0,Москва-Товарная,13.0,1.0,39.8,15.0,26,Cosmetic
11900000.0,Пражская,7.0,1.0,37.5,10.0,16,Cosmetic
14000000.0,Стахановская,8.0,1.0,38.7,4.0,24,Designer
9100000.0,Лермонтовский проспект,8.0,1.0,35.8,1.0,14,Cosmetic
10900000.0,Улица Академика Янгеля,21.0,1.0,39.2,9.0,12,Cosmetic
9200000.0,Братиславская,19.0,1.0,38.1,2.0,18,Cosmetic
10800000.0,Покровское,32.0,1.0,34.8,4.0,18,European-style renovation
19500000.0,Коломенская,7.0,1.0,52.0,11.0,13,European-style renovation
10500000.0,Люблино,28.0,1.0,37.7,11.0,17,European-style renovation
10999000.0,Бибирево,22.0,1.0,38.0,9.0,16,Cosmetic
11500000.0,Новокосино,10.0,1.0,37.8,4.0,17,European-style renovation
11900000.0,Южная,8.0,1.0,37.8,7.0,17,Cosmetic
13300000.0,Красногвардейская,12.0,1.0,38.3,17.0,18,Cosmetic
21500000.0,Бутырская,13.0,1.0,44.2,24.0,28,Without renovation
29990000.0,Давыдково,23.0,1.0,45.5,3.0,25,Without renovation
14500000.0,Немчиновка,18.0,1.0,45.0,9.0,10,European-style renovation
12300000.0,Саларьево,12.0,1.0,35.5,18.0,25,Cosmetic
11500000.0,Филатов Луг,6.0,1.0,38.3,1.0,15,European-style renovation
10200000.0,Коммунарка,16.0,1.0,39.4,3.0,17,European-style renovation
10400000.0,Бульвар Адмирала Ушакова,5.0,1.0,36.7,7.0,17,Cosmetic
13999000.0,Окружная,8.0,1.0,37.6,8.0,20,European-style renovation
22000000.0,Раменки,10.0,1.0,40.4,13.0,15,Without renovation
10500000.0,Рассказовка,6.0,1.0,36.9,8.0,23,Without renovation
21750000.0,Беговая,12.0,1.0,45.8,6.0,25,European-style renovation
9850000.0,Яхромская,8.0,1.0,35.8,2.0,12,Cosmetic
28000000.0,Шелепиха,5.0,1.0,45.2,11.0,33,Designer
11800000.0,Савеловская,12.0,1.0,32.4,1.0,12,European-style renovation
10400000.0,Новогиреево,16.0,1.0,35.6,8.0,16,Cosmetic
14100000.0,Селигерская,18.0,1.0,38.4,4.0,23,Designer
9600000.0,Локомотив,17.0,1.0,34.6,6.0,12,Cosmetic
29000000.0,Измайловская,13.0,1.0,54.3,2.0,18,European-style renovation
14870000.0,Калитники,17.0,1.0,49.0,5.0,24,European-style renovation
16900000.0,Хорошево,15.0,1.0,37.5,19.0,23,Without renovation
11500000.0,Бульвар Дмитрия Донского,15.0,1.0,40.0,8.0,24,European-style renovation
12700000.0,ВДНХ,9.0,1.0,35.1,13.0,14,Cosmetic
12495000.0,Кантемировская,6.0,1.0,38.9,8.0,14,Without renovation
10800000.0,Сходненская,6.0,1.0,35.0,11.0,12,Cosmetic
8450000.0,Пражская,19.0,1.0,36.5,1.0,16,Without renovation
10750000.0,Коммунарка,22.0,1.0,42.8,4.0,17,European-style renovation
16200000.0,Юго-Западная,17.0,1.0,45.0,14.0,25,Cosmetic
19900000.0,Аминьевская,5.0,1.0,46.3,22.0,42,Without renovation
22000000.0,Раменки,11.0,1.0,40.4,12.0,15,Without renovation
12000000.0,Теплый Стан,14.0,1.0,32.7,4.0,9,Cosmetic
10100000.0,Царицыно,13.0,1.0,35.5,11.0,12,European-style renovation
27000000.0,Давыдково,23.0,1.0,38.4,3.0,25,Designer
13500000.0,Нижегородская,9.0,1.0,40.3,11.0,33,Cosmetic
10299999.0,Щелковская,10.0,1.0,35.0,5.0,12,Cosmetic
24200000.0,Минская,57.0,1.0,43.0,8.0,14,Without renovation
12500000.0,Новопеределкино,6.0,1.0,39.0,4.0,23,Without renovation
23900000.0,Минская,59.0,1.0,45.5,2.0,14,Without renovation
23500000.0,Минская,58.0,1.0,45.5,5.0,14,Without renovation
30000000.0,Давыдково,23.0,1.0,46.0,4.0,25,European-style renovation
16500000.0,Стахановская,4.0,1.0,38.5,4.0,23,Designer
13500000.0,Калитники,7.0,1.0,35.1,14.0,16,Designer
12400000.0,Ясенево,6.0,1.0,38.5,22.0,22,Cosmetic
10200000.0,Селигерская,23.0,1.0,38.0,5.0,17,European-style renovation
18990000.0,Хорошево,23.0,1.0,39.9,3.0,19,Designer
15600000.0,Курьяново,9.0,1.0,37.0,16.0,33,Cosmetic
9600000.0,Лианозово,12.0,1.0,36.6,1.0,16,Without renovation
15500000.0,Молодежная,15.0,1.0,42.0,8.0,18,European-style renovation
14500000.0,Озёрная,12.0,1.0,40.0,7.0,20,European-style renovation
14500000.0,Говорово,9.0,1.0,41.0,7.0,15,Cosmetic
8000000.0,Покровское,24.0,1.0,39.0,6.0,12,Without renovation
13800000.0,Локомотив,16.0,1.0,40.0,2.0,33,Designer
11000000.0,Кленовый бульвар,4.0,1.0,40.9,5.0,12,Without renovation
9900000.0,Новопеределкино,20.0,1.0,36.0,4.0,17,Cosmetic
10900000.0,Яхромская,25.0,1.0,35.0,11.0,12,Cosmetic
8750000.0,Коммунарка,14.0,1.0,28.3,21.0,25,Cosmetic
14000000.0,Славянский бульвар,7.0,1.0,40.0,15.0,24,Cosmetic
11500000.0,Домодедовская,11.0,1.0,38.1,4.0,9,Cosmetic
11150000.0,Чертановская,15.0,1.0,34.1,8.0,16,Cosmetic
11800000.0,Бабушкинская,10.0,1.0,37.1,10.0,16,European-style renovation
9900000.0,Бабушкинская,15.0,1.0,34.9,6.0,12,Cosmetic
15800000.0,Фили,21.0,1.0,29.5,29.0,29,Without renovation
12600000.0,Улица Скобелевская,13.0,1.0,40.0,3.0,33,Cosmetic
13200000.0,Селигерская,9.0,1.0,40.0,7.0,23,Cosmetic
10800000.0,Физтех,6.0,1.0,38.4,9.0,17,European-style renovation
12100000.0,Кузьминки,18.0,1.0,42.2,7.0,23,European-style renovation
15500000.0,Народное Ополчение,14.0,1.0,38.3,16.0,23,Without renovation
13250000.0,Владыкино,12.0,1.0,40.1,3.0,33,European-style renovation
17900000.0,Фили,17.0,1.0,44.9,13.0,21,Designer
9900000.0,Прокшино,24.0,1.0,34.5,8.0,9,European-style renovation
11000000.0,Бибирево,21.0,1.0,38.7,2.0,12,Cosmetic
24450000.0,Хорошево,22.0,1.0,40.6,6.0,30,Designer
18500000.0,Раменки,14.0,1.0,38.1,4.0,23,Cosmetic
11000000.0,Силикатная,30.0,1.0,39.6,14.0,15,Cosmetic
23500000.0,Минская,60.0,1.0,44.7,8.0,14,Cosmetic
18000000.0,Шелепиха,16.0,1.0,34.5,28.0,33,Without renovation
9700000.0,Яхромская,8.0,1.0,36.0,2.0,12,Cosmetic
16300000.0,ЗИЛ,16.0,1.0,39.1,5.0,7,Without renovation
15900000.0,Лесопарковая,9.0,1.0,42.3,15.0,23,Designer
8950000.0,Физтех,6.0,1.0,38.1,6.0,17,European-style renovation
7790000.0,Бутово,9.0,1.0,42.0,9.0,16,Cosmetic
17700000.0,Технопарк,4.0,1.0,37.0,5.0,20,Without renovation
26450000.0,Хорошево,22.0,1.0,49.4,3.0,30,Designer
59000000.0,Раменки,11.0,1.0,125.9,6.0,15,Without renovation
11300000.0,Прокшино,13.0,1.0,34.5,5.0,18,Without renovation
28000000.0,Улица 1905 года,12.0,1.0,46.0,6.0,44,Designer
12000000.0,Прокшино,29.0,1.0,38.8,8.0,15,Designer
28200000.0,Аминьевская,5.0,1.0,69.4,14.0,42,Without renovation
13350000.0,Улица Скобелевская,12.0,1.0,45.7,25.0,33,European-style renovation
14326650.0,Электрозаводская,17.0,1.0,40.0,6.0,7,Without renovation
20821000.0,Таганская,7.0,1.0,44.3,2.0,6,Cosmetic
14852000.0,Таганская,7.0,1.0,31.6,2.0,6,Without renovation
26460000.0,Таганская,7.0,1.0,58.8,1.0,6,Without renovation
11564280.0,Электрозаводская,17.0,1.0,35.3,6.0,7,Without renovation
11700000.0,Аэропорт,3.0,1.0,26.0,3.0,4,Without renovation
14800000.0,Аминьевская,9.0,1.0,33.6,20.0,34,Cosmetic
10490000.0,Теплый Стан,16.0,1.0,35.0,3.0,16,Cosmetic
18600000.0,Аминьевская,5.0,1.0,40.3,14.0,42,Without renovation
15500000.0,Аэропорт,3.0,1.0,36.2,3.0,4,Without renovation
13000000.0,Братиславская,13.0,1.0,34.6,2.0,16,Cosmetic
22500000.0,Ботанический сад,11.0,1.0,44.9,18.0,23,Designer
10500000.0,Новогиреево,13.0,1.0,37.5,12.0,12,Cosmetic
8800000.0,Некрасовка,16.0,1.0,38.0,13.0,17,European-style renovation
13900000.0,Беломорская,11.0,1.0,36.0,17.0,19,European-style renovation
19890000.0,Павелецкая,18.0,1.0,38.4,5.0,46,Without renovation
15900000.0,Домодедовская,17.0,1.0,43.8,9.0,20,European-style renovation
14600000.0,Селигерская,12.0,1.0,32.7,2.0,23,Designer
14200000.0,Селигерская,7.0,1.0,40.8,21.0,23,Designer
10700000.0,Пенягино,15.0,1.0,38.0,9.0,9,Cosmetic
24000000.0,Трикотажная,21.0,1.0,46.0,4.0,25,Designer
12000000.0,Калитники,13.0,1.0,35.0,13.0,16,Cosmetic
29500000.0,Давыдково,23.0,1.0,46.7,13.0,25,Without renovation
30000000.0,Давыдково,23.0,1.0,46.0,12.0,25,Without renovation
9700000.0,Физтех,12.0,1.0,34.2,11.0,19,European-style renovation
10200000.0,Бунинская Аллея,23.0,1.0,41.0,9.0,16,Designer
18800000.0,Хорошево,22.0,1.0,30.0,4.0,30,Designer
13250000.0,Севастопольская,9.0,1.0,44.6,19.0,24,Cosmetic
26900000.0,Академическая,11.0,1.0,42.1,10.0,22,Designer
23250000.0,Дмитровская,6.0,1.0,41.0,37.0,58,European-style renovation
16950000.0,Технопарк,15.0,1.0,43.1,6.0,14,Without renovation
10800000.0,Бибирево,15.0,1.0,39.0,11.0,12,Without renovation
9000000.0,Пятницкое шоссе,25.0,1.0,36.3,8.0,26,Without renovation
79789500.0,Новокузнецкая,8.0,1.0,104.3,6.0,7,Without renovation
55000000.0,Улица 1905 года,10.0,1.0,64.4,4.0,21,Without renovation
18500000.0,Народное Ополчение,10.0,1.0,41.2,2.0,16,European-style renovation
7499999.0,Ботанический сад,20.0,1.0,32.0,10.0,18,Cosmetic
14999900.0,Варшавская (Коломенское),15.0,1.0,44.3,6.0,8,Without renovation
13500000.0,Бунинская Аллея,39.0,1.0,37.0,14.0,15,Cosmetic
12500000.0,Кузьминки,12.0,1.0,36.1,4.0,16,Cosmetic
11900000.0,Сокольники,7.0,1.0,31.8,3.0,12,Cosmetic
10300000.0,Яхромская,12.0,1.0,38.0,11.0,16,Cosmetic
25750000.0,Минская,57.0,1.0,43.0,4.0,14,Without renovation
18500000.0,Угрешская,9.0,1.0,40.6,10.0,30,Designer
9800000.0,Коммунарка,26.0,1.0,34.7,2.0,14,Without renovation
8300000.0,Текстильщики,12.0,1.0,34.1,1.0,12,Cosmetic
23700000.0,Хорошёвская,6.0,1.0,41.0,23.0,24,European-style renovation
10950000.0,Прокшино,13.0,1.0,33.0,7.0,18,European-style renovation
10990000.0,Братиславская,22.0,1.0,38.0,12.0,17,Cosmetic
12250000.0,Дегунино,16.0,1.0,42.3,7.0,17,Cosmetic
12000000.0,Марьина Роща,13.0,1.0,36.0,12.0,12,Cosmetic
14000000.0,Беляево,9.0,1.0,38.2,6.0,22,Cosmetic
10600000.0,Люблино,29.0,1.0,38.3,18.0,22,Cosmetic
17000000.0,Строгино,5.0,1.0,39.0,2.0,12,European-style renovation
9800000.0,Покровское,23.0,1.0,39.2,7.0,14,Cosmetic
14500000.0,Яхромская,8.0,1.0,40.0,7.0,21,Designer
9690000.0,Лухмановская,13.0,1.0,38.0,4.0,12,Cosmetic
10990000.0,Яхромская,20.0,1.0,37.8,12.0,17,European-style renovation
14300000.0,Нижегородская,13.0,1.0,40.7,15.0,17,Cosmetic
9500000.0,Солнцево,17.0,1.0,37.8,2.0,17,Cosmetic
9500000.0,Локомотив,23.0,1.0,35.1,2.0,12,European-style renovation
20500000.0,ЗИЛ,6.0,1.0,47.0,16.0,26,European-style renovation
14900000.0,Народное Ополчение,14.0,1.0,38.4,19.0,23,Without renovation
12500000.0,Перово,19.0,1.0,35.7,5.0,12,European-style renovation
11500000.0,Покровское,31.0,1.0,40.3,3.0,18,Cosmetic
10750000.0,Ботанический сад,20.0,1.0,31.9,11.0,18,European-style renovation
16500000.0,Народное Ополчение,29.0,1.0,40.0,18.0,27,Cosmetic
24500000.0,Маяковская,8.0,1.0,44.0,2.0,17,Cosmetic
10000000.0,Бескудниково,12.0,1.0,38.8,8.0,16,Cosmetic
13500000.0,Кузьминки,18.0,1.0,42.2,16.0,23,Designer
14200000.0,Зорге,15.0,1.0,36.8,5.0,21,Cosmetic
9500000.0,Внуково,37.0,1.0,33.8,2.0,17,European-style renovation
13900000.0,Озёрная,11.0,1.0,38.3,9.0,22,Cosmetic
14700000.0,Октябрьское поле,10.0,1.0,36.2,10.0,28,Without renovation
11500000.0,Лесопарковая,3.0,1.0,35.0,13.0,19,European-style renovation
10600000.0,Бунинская Аллея,5.0,1.0,35.0,16.0,17,Designer
9600000.0,Аминьевская,20.0,1.0,35.4,7.0,14,Without renovation
11000000.0,Физтех,14.0,1.0,36.5,6.0,19,European-style renovation
8977500.0,Братиславская,16.0,1.0,34.9,6.0,9,Cosmetic
18000000.0,Аминьевская,15.0,1.0,41.4,33.0,43,Without renovation
23000000.0,Хорошево,16.0,1.0,43.0,7.0,26,Designer
10800000.0,Новогиреево,13.0,1.0,38.3,10.0,14,Cosmetic
9900000.0,Борисово,11.0,1.0,33.3,12.0,22,Without renovation
10500000.0,Москворечье,6.0,1.0,38.0,10.0,17,Designer
15000000.0,Зорге,15.0,1.0,35.6,14.0,21,Cosmetic
22200000.0,Дубровка,7.0,1.0,41.7,11.0,16,Designer
18000000.0,Марьина Роща,3.0,1.0,43.0,6.0,16,Designer
12500000.0,Кузьминки,17.0,1.0,42.2,11.0,23,Designer
10500000.0,Перерва,15.0,1.0,40.0,14.0,24,European-style renovation
11000000.0,Выхино,22.0,1.0,35.0,12.0,12,Cosmetic
12100000.0,Лесопарковая,4.0,1.0,38.5,3.0,19,European-style renovation
12500000.0,Чертановская,11.0,1.0,33.0,9.0,9,European-style renovation
16000000.0,Улица Скобелевская,18.0,1.0,51.0,16.0,27,European-style renovation
11750000.0,Пыхтино,20.0,1.0,41.8,13.0,25,Cosmetic
10890000.0,Строгино,15.0,1.0,38.0,2.0,16,Cosmetic
28480000.0,Цветной бульвар,6.0,1.0,46.0,3.0,11,Cosmetic
8699000.0,Покровское,31.0,1.0,40.0,16.0,18,Without renovation
10150000.0,Коммунарка,12.0,1.0,30.8,9.0,15,European-style renovation
10500000.0,Зюзино,16.0,1.0,34.8,7.0,12,Cosmetic
30300000.0,Алексеевская,11.0,1.0,42.0,13.0,21,Designer
12500000.0,Профсоюзная,22.0,1.0,43.7,11.0,23,Without renovation
13500000.0,Перерва,15.0,1.0,41.2,14.0,25,European-style renovation
8600000.0,Домодедовская,18.0,1.0,35.1,2.0,12,Cosmetic
20000000.0,Варшавская,10.0,1.0,49.0,13.0,28,Without renovation
15700000.0,Москва-Товарная,10.0,1.0,32.0,9.0,26,Cosmetic
11500000.0,Митино,3.0,1.0,38.3,2.0,17,Cosmetic
14000000.0,Яхромская,8.0,1.0,32.2,22.0,23,Cosmetic
20600000.0,Аминьевская,11.0,1.0,47.4,2.0,25,Without renovation
10550000.0,Калитники,15.0,1.0,35.0,5.0,12,Cosmetic
14000000.0,Новые Черемушки,7.0,1.0,41.1,8.0,14,Designer
10000000.0,Физтех,11.0,1.0,34.4,16.0,17,Cosmetic
14800000.0,Трикотажная,15.0,1.0,38.6,7.0,28,Cosmetic
13300000.0,Коптево,4.0,1.0,43.1,2.0,20,Without renovation
16000000.0,Москва-Товарная,12.0,1.0,40.0,13.0,22,Cosmetic
22800000.0,Юго-Западная,15.0,1.0,54.0,18.0,24,European-style renovation
11800000.0,Марьино,7.0,1.0,41.6,7.0,14,Cosmetic
11900000.0,Братиславская,11.0,1.0,38.3,13.0,17,Cosmetic
9990000.0,Саларьево,19.0,1.0,35.0,18.0,22,Without renovation
7500000.0,Ботанический сад,19.0,1.0,32.0,2.0,18,Without renovation
11100000.0,Бульвар Рокоссовского,24.0,1.0,32.0,12.0,25,Without renovation
12350000.0,Отрадное,10.0,1.0,37.9,13.0,17,Cosmetic
19900000.0,Павелецкая,18.0,1.0,38.4,5.0,46,Cosmetic
15000000.0,Шоссе Энтузиастов,10.0,1.0,39.0,18.0,25,European-style renovation
11700000.0,Рязанский проспект,8.0,1.0,34.7,12.0,12,Designer
11500000.0,Новопеределкино,20.0,1.0,42.2,10.0,25,Cosmetic
10650000.0,Ольховая,17.0,1.0,44.3,4.0,17,European-style renovation
7760000.0,Ботанический сад,18.0,1.0,31.0,14.0,18,Without renovation
8200000.0,Ботанический сад,18.0,1.0,31.0,14.0,18,Without renovation
33800000.0,Давыдково,23.0,1.0,47.0,20.0,25,Designer
11400000.0,Борисово,20.0,1.0,36.2,16.0,22,European-style renovation
12500000.0,Бабушкинская,8.0,1.0,39.3,4.0,12,Cosmetic
11900000.0,Тушинская,22.0,1.0,45.8,13.0,25,Without renovation
13900000.0,Пионерская,10.0,1.0,38.9,5.0,17,European-style renovation
11000000.0,Кузьминки,12.0,1.0,37.6,5.0,17,Cosmetic
17995000.0,Дмитровская,13.0,1.0,37.1,8.0,47,European-style renovation
23200000.0,Нагорная,6.0,1.0,48.0,10.0,24,Designer
14850000.0,Нагатинская,19.0,1.0,34.4,7.0,27,Without renovation
13200000.0,Беляево,10.0,1.0,36.3,2.0,5,Cosmetic
12400000.0,Профсоюзная,22.0,1.0,51.1,15.0,23,Without renovation
10600000.0,Физтех,17.0,1.0,28.0,5.0,15,European-style renovation
13000000.0,Беговая,12.0,1.0,36.7,4.0,5,European-style renovation
15200000.0,Юго-Западная,17.0,1.0,44.0,24.0,25,Cosmetic
14500000.0,Тропарево,4.0,1.0,35.7,16.0,29,Without renovation
11000000.0,Улица Скобелевская,12.0,1.0,38.4,8.0,33,Cosmetic
15500000.0,Народное Ополчение,14.0,1.0,38.3,16.0,23,Without renovation
31000000.0,Белорусская,9.0,1.0,47.0,2.0,6,European-style renovation
55000000.0,Белорусская,14.0,1.0,55.0,7.0,9,Without renovation
23200000.0,Нагорная,6.0,1.0,48.0,8.0,24,European-style renovation
27000000.0,Давыдково,23.0,1.0,46.0,10.0,25,European-style renovation
25000000.0,Славянский бульвар,23.0,1.0,46.0,11.0,22,European-style renovation
11800000.0,Яхромская,13.0,1.0,37.5,5.0,17,Cosmetic
12990000.0,Октябрьское поле,25.0,1.0,39.0,10.0,12,Cosmetic
14000000.0,Марьина Роща,5.0,1.0,32.0,3.0,16,Cosmetic
13200000.0,Южная,8.0,1.0,38.0,10.0,17,Cosmetic
13200000.0,Бульвар Рокоссовского,14.0,1.0,34.5,13.0,33,Cosmetic
19500000.0,Автозаводская,10.0,1.0,31.3,4.0,10,Designer
16500000.0,Верхние Котлы,16.0,1.0,37.7,14.0,24,Cosmetic
13000000.0,Строгино,13.0,1.0,40.0,4.0,12,Cosmetic
9500000.0,Боровское шоссе,10.0,1.0,38.8,14.0,14,Cosmetic
10500000.0,Новопеределкино,8.0,1.0,38.2,5.0,17,European-style renovation
11300000.0,Верхние Лихоборы,8.0,1.0,42.0,3.0,21,Without renovation
16900000.0,Бутырская,8.0,1.0,43.3,27.0,32,Without renovation
23980000.0,Краснопресненская,11.0,1.0,51.0,5.0,14,Without renovation
16400000.0,Кузьминки,7.0,1.0,59.5,7.0,24,Cosmetic
12400000.0,Бабушкинская,5.0,1.0,41.6,3.0,12,Cosmetic
17800000.0,Митино,11.0,1.0,45.5,24.0,25,European-style renovation
13500000.0,Ясенево,11.0,1.0,46.9,2.0,16,European-style renovation
10800000.0,Зюзино,14.0,1.0,39.0,4.0,12,Cosmetic
10800000.0,Селигерская,15.0,1.0,34.0,5.0,12,Cosmetic
9600000.0,Селигерская,17.0,1.0,32.4,2.0,9,Cosmetic
19500000.0,Бауманская,12.0,1.0,48.0,10.0,15,European-style renovation
34000000.0,Аминьевская,11.0,1.0,47.0,4.0,25,Designer
17450000.0,Бабушкинская,19.0,1.0,50.8,10.0,12,European-style renovation
16000000.0,Тропарево,25.0,1.0,35.4,7.0,7,Designer
10200000.0,Бабушкинская,20.0,1.0,36.0,4.0,16,Without renovation
16000000.0,ЗИЛ,17.0,1.0,36.0,4.0,11,Without renovation
8400000.0,Щербинка,29.0,1.0,40.4,7.0,22,European-style renovation
18000000.0,Речной вокзал,19.0,1.0,55.0,22.0,28,Designer
11000000.0,Зорге,15.0,1.0,26.0,3.0,21,Without renovation
18500000.0,Озёрная,21.0,1.0,45.1,13.0,27,Designer
18900000.0,Юго-Западная,14.0,1.0,52.0,10.0,16,Designer
13150000.0,Академическая,18.0,1.0,33.3,10.0,12,European-style renovation
21400000.0,Таганская,6.0,1.0,40.1,9.0,13,European-style renovation
13500000.0,Коньково,20.0,1.0,36.0,2.0,17,European-style renovation
14990000.0,Печатники,10.0,1.0,48.4,7.0,25,Cosmetic
13000000.0,Калитники,10.0,1.0,35.0,2.0,13,European-style renovation
13000000.0,Бульвар Рокоссовского,6.0,1.0,34.3,6.0,31,Without renovation
11200000.0,Некрасовка,19.0,1.0,40.1,11.0,23,Designer
9500000.0,Щербинка,29.0,1.0,42.0,11.0,22,Cosmetic
12400000.0,Яхромская,9.0,1.0,36.2,6.0,19,Without renovation
9500000.0,Сокольники,21.0,1.0,27.0,2.0,21,Cosmetic
13500000.0,Курьяново,8.0,1.0,40.5,4.0,32,Designer
9400000.0,Шипиловская,14.0,1.0,39.0,1.0,14,European-style renovation
17000000.0,Верхние Лихоборы,4.0,1.0,43.0,6.0,24,European-style renovation
15350000.0,Домодедовская,17.0,1.0,41.2,14.0,20,Designer
17000000.0,Угрешская,8.0,1.0,44.0,22.0,33,Designer
23500000.0,ЗИЛ,15.0,1.0,45.8,2.0,14,Designer
8700000.0,Нахабино,35.0,1.0,35.4,2.0,11,Cosmetic
15000000.0,Планерная,21.0,1.0,33.0,1.0,5,Cosmetic
13300000.0,Крымская,9.0,1.0,39.0,2.0,17,Cosmetic
12400000.0,Яхромская,9.0,1.0,36.2,7.0,19,Without renovation
10800000.0,Борисово,12.0,1.0,38.0,9.0,17,Cosmetic
13990000.0,Достоевская,11.0,1.0,37.4,13.0,17,Cosmetic
11800000.0,Беломорская,12.0,1.0,37.5,2.0,17,Designer
10800000.0,Прокшино,30.0,1.0,39.0,3.0,12,European-style renovation
9300000.0,Беляево,18.0,1.0,34.8,13.0,14,Without renovation
10000000.0,Борисово,20.0,1.0,36.6,20.0,22,Cosmetic
10350000.0,Марьино,13.0,1.0,39.1,1.0,5,Without renovation
12900000.0,Октябрьское поле,25.0,1.0,43.0,8.0,12,European-style renovation
17500000.0,Угрешская,7.0,1.0,41.0,14.0,30,Designer
19000000.0,Автозаводская,20.0,1.0,40.2,2.0,29,European-style renovation
10799000.0,Борисово,12.0,1.0,38.0,9.0,17,Cosmetic
21900000.0,Автозаводская,20.0,1.0,46.0,9.0,29,Without renovation
23000000.0,Павелецкая,18.0,1.0,39.0,7.0,46,European-style renovation
11200000.0,Саларьево,24.0,1.0,38.0,5.0,16,European-style renovation
14200000.0,Улица 1905 года,15.0,1.0,35.0,3.0,12,Cosmetic
14322000.0,Физтех,12.0,1.0,41.2,15.0,17,European-style renovation
15900000.0,Строгино,23.0,1.0,45.0,19.0,23,European-style renovation
19600000.0,Аминьевская,5.0,1.0,49.3,4.0,42,Without renovation
13500000.0,Площадь Ильича,18.0,1.0,39.0,4.0,16,Cosmetic
9950000.0,Щелковская,12.0,1.0,36.0,3.0,12,Cosmetic
10000000.0,Селигерская,13.0,1.0,36.0,2.0,22,Cosmetic
15500000.0,Верхние Котлы,16.0,1.0,36.8,12.0,24,European-style renovation
13000000.0,Сокольники,14.0,1.0,31.8,2.0,12,Cosmetic
11850000.0,Дегунино,16.0,1.0,39.7,17.0,17,Cosmetic
9990000.0,Бульвар Дмитрия Донского,10.0,1.0,34.1,7.0,16,Cosmetic
16000000.0,Славянский бульвар,4.0,1.0,38.0,6.0,22,Cosmetic
9900000.0,Некрасовка,12.0,1.0,39.0,6.0,22,Cosmetic
11800000.0,Домодедовская,17.0,1.0,37.0,7.0,20,Cosmetic
10550000.0,Кленовый бульвар,20.0,1.0,33.4,19.0,23,Cosmetic
9900000.0,Лухмановская,12.0,1.0,38.2,11.0,12,European-style renovation
16500000.0,Перово,26.0,1.0,47.9,10.0,14,European-style renovation
14200000.0,Свиблово,23.0,1.0,42.0,23.0,25,European-style renovation
19900000.0,Павелецкая,18.0,1.0,38.5,5.0,46,Without renovation
9850000.0,Бунинская Аллея,31.0,1.0,35.0,14.0,18,Cosmetic
12000000.0,Кантемировская,15.0,1.0,41.0,15.0,20,Cosmetic
11799000.0,Лесопарковая,5.0,1.0,40.2,26.0,26,Cosmetic
13400000.0,Профсоюзная,9.0,1.0,38.0,3.0,17,Cosmetic
17700000.0,Аминьевская,15.0,1.0,42.5,22.0,41,Without renovation
11200000.0,Солнцево,3.0,1.0,38.0,9.0,16,Cosmetic
13950000.0,Селигерская,7.0,1.0,43.9,16.0,23,Cosmetic
12900000.0,Новаторская,12.0,1.0,37.9,10.0,22,Without renovation
8900000.0,Щелковская,14.0,1.0,35.2,2.0,12,Without renovation
29500000.0,Шелепиха,14.0,1.0,57.0,32.0,41,Designer
9150000.0,Планерная,8.0,1.0,33.0,8.0,9,Cosmetic
12000000.0,Рассказовка,17.0,1.0,37.9,5.0,17,Designer
19700000.0,Улица 1905 года,12.0,1.0,35.4,6.0,9,Designer
18900000.0,Автозаводская,21.0,1.0,38.7,7.0,29,Without renovation
11500000.0,Яхромская,11.0,1.0,38.8,2.0,14,European-style renovation
20500000.0,Динамо,8.0,1.0,36.0,9.0,21,Designer
9820000.0,Бунинская Аллея,7.0,1.0,35.4,3.0,12,Cosmetic
14200000.0,Красногвардейская,9.0,1.0,43.9,25.0,30,Without renovation
10000000.0,Бунинская Аллея,7.0,1.0,35.4,3.0,12,Cosmetic
9200000.0,Царицыно,13.0,1.0,35.1,10.0,12,Cosmetic
9000000.0,Коммунарка,30.0,1.0,41.2,6.0,12,Without renovation
14500000.0,Нижегородская,8.0,1.0,42.0,4.0,25,Designer
30000000.0,Щукинская,8.0,1.0,63.8,10.0,11,European-style renovation
12300000.0,Рабочий Посёлок,10.0,1.0,39.2,12.0,12,European-style renovation
13500000.0,Стрешнево,8.0,1.0,36.8,12.0,28,Cosmetic
13800000.0,Люблино,5.0,1.0,38.0,12.0,17,European-style renovation
19350000.0,Курская,9.0,1.0,38.9,5.0,11,Cosmetic
19350000.0,Курская,9.0,1.0,38.9,6.0,11,Cosmetic
10800000.0,Гражданская,15.0,1.0,35.2,12.0,12,Cosmetic
33000000.0,Аминьевская,10.0,1.0,42.4,11.0,25,European-style renovation
15500000.0,Говорово,15.0,1.0,53.0,7.0,10,Without renovation
11599999.0,Речной вокзал,24.0,1.0,40.0,14.0,17,Cosmetic
11100000.0,Спартак,7.0,1.0,36.3,8.0,22,Without renovation
14100000.0,Крылатское,5.0,1.0,38.3,4.0,17,European-style renovation
36800000.0,Площадь Гагарина,5.0,1.0,46.0,8.0,15,European-style renovation
14500000.0,Славянский бульвар,5.0,1.0,39.0,2.0,17,European-style renovation
12300000.0,Солнцево,7.0,1.0,37.5,10.0,23,Without renovation
11999999.0,Пыхтино,14.0,1.0,37.7,3.0,17,Cosmetic
20500000.0,Москва-Товарная,10.0,1.0,44.7,3.0,14,Without renovation
12600000.0,Лесопарковая,9.0,1.0,38.5,6.0,19,Cosmetic
10070000.0,Беляево,14.0,1.0,34.1,1.0,9,Cosmetic
15600000.0,Давыдково,9.0,1.0,36.8,4.0,12,European-style renovation
13700000.0,Сходненская,13.0,1.0,38.4,9.0,17,European-style renovation
9800000.0,Бутово,10.0,1.0,38.4,2.0,15,Cosmetic
8500000.0,Щербинка,26.0,1.0,31.6,13.0,21,Cosmetic
19400000.0,Арбатская,6.0,1.0,30.0,5.0,5,European-style renovation
23000000.0,ЗИЛ,16.0,1.0,43.0,3.0,14,European-style renovation
9500000.0,Марьино,16.0,1.0,36.4,3.0,16,Cosmetic
17800000.0,Автозаводская,13.0,1.0,42.2,11.0,12,European-style renovation
15600000.0,Беломорская,24.0,1.0,65.7,13.0,27,Without renovation
9100000.0,Коммунарка,14.0,1.0,30.0,5.0,25,Designer
10490000.0,Прокшино,10.0,1.0,40.1,11.0,20,Without renovation
15489000.0,Фили,18.0,1.0,43.4,28.0,28,Without renovation
16750000.0,Пролетарская,3.0,1.0,37.3,2.0,19,European-style renovation
10900000.0,Проспект Вернадского,10.0,1.0,34.2,16.0,24,European-style renovation
10850000.0,Бульвар Дмитрия Донского,15.0,1.0,45.2,5.0,24,Cosmetic
15800000.0,Нагатинская,12.0,1.0,34.0,6.0,26,Without renovation
11700000.0,Владыкино,22.0,1.0,38.9,3.0,12,European-style renovation
13300000.0,Щелковская,9.0,1.0,44.8,3.0,24,Cosmetic
14800000.0,Говорово,13.0,1.0,43.8,6.0,12,European-style renovation
13500000.0,Нагатинский Затон,11.0,1.0,40.0,7.0,12,European-style renovation
9000000.0,Марьино,15.0,1.0,36.0,8.0,17,Cosmetic
22000000.0,Автозаводская,21.0,1.0,43.0,10.0,29,Designer
10700000.0,Проспект Вернадского,10.0,1.0,34.6,6.0,24,European-style renovation
11500000.0,Новопеределкино,6.0,1.0,38.1,12.0,22,Cosmetic
11200000.0,Отрадное,24.0,1.0,39.1,8.0,12,European-style renovation
12500000.0,Коммунарка,20.0,1.0,46.0,7.0,17,European-style renovation
11500000.0,Новопеределкино,6.0,1.0,39.9,12.0,22,Cosmetic
14800000.0,Автозаводская,13.0,1.0,43.7,10.0,12,European-style renovation
12700000.0,Славянский бульвар,6.0,1.0,38.2,2.0,24,Cosmetic
12800000.0,Некрасовка,9.0,1.0,45.2,18.0,25,Designer
15500000.0,Новые Черемушки,17.0,1.0,38.3,10.0,18,European-style renovation
13400000.0,Беломорская,9.0,1.0,36.5,12.0,19,Cosmetic
9700000.0,Сетунь,15.0,1.0,32.6,5.0,12,Cosmetic
20500000.0,Дубровка,22.0,1.0,40.5,13.0,29,Without renovation
12700000.0,Новопеределкино,8.0,1.0,37.0,13.0,23,Without renovation
10250000.0,Каховская,16.0,1.0,35.1,6.0,12,Cosmetic
12100000.0,Улица Академика Янгеля,10.0,1.0,42.0,16.0,24,European-style renovation
22400000.0,Достоевская,6.0,1.0,40.0,6.0,14,European-style renovation
12500000.0,Спартак,7.0,1.0,36.6,3.0,23,Without renovation
12500000.0,Люблино,6.0,1.0,38.9,3.0,14,Cosmetic
15450000.0,Говорово,11.0,1.0,41.0,15.0,15,European-style renovation
16500000.0,Варшавская,10.0,1.0,50.0,14.0,28,Without renovation
8790000.0,Царицыно,21.0,1.0,39.0,8.0,14,Without renovation
22500000.0,Шелепиха,19.0,1.0,46.0,30.0,41,Without renovation
11950000.0,Шаболовская,17.0,1.0,30.0,11.0,13,Without renovation
14000000.0,Рабочий Посёлок,15.0,1.0,36.0,9.0,16,Cosmetic
13500000.0,Говорово,13.0,1.0,45.0,5.0,12,Cosmetic
10200000.0,Ольховая,32.0,1.0,44.0,7.0,12,European-style renovation
16500000.0,Говорово,11.0,1.0,55.0,1.0,14,Cosmetic
13384644.0,Бутырская,21.0,1.0,36.4,5.0,8,Without renovation
9650000.0,Внуково,33.0,1.0,40.1,8.0,14,Cosmetic
11500000.0,Речной вокзал,23.0,1.0,37.0,2.0,17,Cosmetic
11400000.0,Солнцево,7.0,1.0,36.4,10.0,23,Without renovation
12350000.0,Свиблово,13.0,1.0,43.4,8.0,12,Cosmetic
10650000.0,Царицыно,11.0,1.0,37.0,10.0,16,Cosmetic
11000000.0,Люблино,5.0,1.0,38.3,10.0,17,European-style renovation
10500000.0,Коммунарка,26.0,1.0,48.5,10.0,16,Cosmetic
10900000.0,Филатов Луг,14.0,1.0,36.0,5.0,16,European-style renovation
12800000.0,Селигерская,9.0,1.0,37.3,9.0,17,Cosmetic
12400000.0,Ховрино,35.0,1.0,39.5,6.0,17,European-style renovation
14850000.0,Калитники,17.0,1.0,46.1,17.0,24,Cosmetic
26000000.0,Хорошёвская,6.0,1.0,54.9,11.0,24,Without renovation
9589000.0,Улица Старокачаловская,16.0,1.0,39.3,6.0,12,Cosmetic
10200000.0,Кленовый бульвар,17.0,1.0,38.0,12.0,12,Cosmetic
22000000.0,Раменки,11.0,1.0,43.0,13.0,15,Without renovation
10749000.0,Бунинская Аллея,19.0,1.0,47.3,3.0,17,Cosmetic
15800000.0,Чертановская,9.0,1.0,41.0,10.0,15,Cosmetic
16800000.0,Дубровка,7.0,1.0,43.6,3.0,16,Without renovation
16500000.0,Авиамоторная,11.0,1.0,36.0,15.0,23,European-style renovation
9700000.0,Прокшино,15.0,1.0,33.1,5.0,18,Without renovation
17700000.0,Пражская,12.0,1.0,47.2,7.0,24,European-style renovation
18700000.0,Аминьевская,5.0,1.0,36.2,22.0,42,Designer
10450000.0,Бабушкинская,5.0,1.0,38.6,2.0,12,Cosmetic
10500000.0,Лухмановская,12.0,1.0,42.0,7.0,9,Cosmetic
14600000.0,Медведково,24.0,1.0,40.0,20.0,33,European-style renovation
14790000.0,Хорошево,16.0,1.0,33.5,3.0,26,Without renovation
14760000.0,Автозаводская,13.0,1.0,43.5,7.0,12,Cosmetic
11150000.0,Аннино,12.0,1.0,35.0,6.0,26,European-style renovation
25200000.0,ЗИЛ,12.0,1.0,44.7,14.0,40,Without renovation
13500000.0,Братиславская,23.0,1.0,40.1,17.0,24,Cosmetic
12200000.0,Братиславская,22.0,1.0,36.0,16.0,17,Cosmetic
17000000.0,Бульвар Рокоссовского,28.0,1.0,51.6,14.0,22,European-style renovation
22500000.0,Автозаводская,7.0,1.0,55.0,12.0,22,European-style renovation
14900000.0,Беломорская,10.0,1.0,44.4,8.0,19,European-style renovation
14000000.0,Давыдково,15.0,1.0,38.6,21.0,22,Cosmetic
12300000.0,Щелковская,30.0,1.0,38.2,15.0,17,European-style renovation
11800000.0,Бабушкинская,14.0,1.0,38.3,14.0,16,European-style renovation
14950000.0,Бауманская,3.0,1.0,35.2,3.0,12,Without renovation
11810000.0,Ботанический сад,16.0,1.0,40.2,5.0,12,Cosmetic
14715000.0,Автозаводская,13.0,1.0,43.8,5.0,12,Cosmetic
10961000.0,Беляево,16.0,1.0,39.3,4.0,19,Cosmetic
11500000.0,Сетунь,25.0,1.0,35.3,2.0,17,European-style renovation
10000000.0,Бескудниково,11.0,1.0,35.0,7.0,16,Cosmetic
12499000.0,Братиславская,7.0,1.0,35.6,14.0,18,European-style renovation
9200000.0,Некрасовка,15.0,1.0,35.7,10.0,19,Cosmetic
8450000.0,Остафьево,16.0,1.0,44.6,3.0,21,Cosmetic
12500000.0,Планерная,13.0,1.0,38.6,8.0,14,Cosmetic
9700000.0,Некрасовка,6.0,1.0,38.9,17.0,17,European-style renovation
11000000.0,Прокшино,28.0,1.0,35.0,10.0,13,European-style renovation
19399000.0,Авиамоторная,11.0,1.0,42.2,12.0,23,Designer
15000000.0,Улица Скобелевская,16.0,1.0,48.5,27.0,34,European-style renovation
11500000.0,Водный стадион,16.0,1.0,35.0,8.0,16,Cosmetic
16200000.0,Крымская,16.0,1.0,41.0,8.0,14,Designer
10600000.0,Кленовый бульвар,5.0,1.0,33.5,6.0,12,Cosmetic
9200000.0,Коммунарка,26.0,1.0,39.1,8.0,14,Without renovation
16500000.0,Яхромская,10.0,1.0,41.0,11.0,24,Cosmetic
15500000.0,Аминьевская,11.0,1.0,46.8,25.0,25,Cosmetic
14000000.0,Медведково,28.0,1.0,40.1,24.0,25,Designer
19200000.0,Ховрино,3.0,1.0,40.1,6.0,30,European-style renovation
9500000.0,Ольховая,24.0,1.0,31.5,15.0,22,Cosmetic
12500000.0,Физтех,5.0,1.0,39.0,20.0,22,Designer
33000000.0,Ломоносовский проспект,5.0,1.0,59.0,8.0,24,European-style renovation
8700000.0,Некрасовка,29.0,1.0,37.8,2.0,17,Cosmetic
15500000.0,Водный стадион,7.0,1.0,30.0,32.0,34,Without renovation
12500000.0,Марьина Роща (Шереметьевская),13.0,1.0,40.0,1.0,14,Designer
11500000.0,Рабочий Посёлок,10.0,1.0,37.7,8.0,17,Cosmetic
10300000.0,Лухмановская,27.0,1.0,37.6,4.0,17,European-style renovation
14800000.0,Белокаменная,27.0,1.0,40.0,12.0,25,Cosmetic
14150000.0,Митино,10.0,1.0,39.0,3.0,25,Cosmetic
12000000.0,Тимирязевская,13.0,1.0,32.3,9.0,9,Cosmetic
16900000.0,Беляево,8.0,1.0,41.8,18.0,22,European-style renovation
11500000.0,Кленовый бульвар,24.0,1.0,35.0,9.0,12,Cosmetic
12000000.0,Лианозово,10.0,1.0,39.3,4.0,17,Cosmetic
17500000.0,Менделеевская,12.0,1.0,35.8,3.0,12,European-style renovation
13500000.0,Рассказовка,25.0,1.0,45.0,9.0,11,Cosmetic
14000000.0,Владыкино,20.0,1.0,44.2,9.0,12,European-style renovation
22200000.0,ЗИЛ,12.0,1.0,41.0,11.0,40,Without renovation
19500000.0,Аминьевская,5.0,1.0,40.3,10.0,42,Without renovation
18850000.0,Народное Ополчение,24.0,1.0,42.7,14.0,47,European-style renovation
12500000.0,Сходненская,22.0,1.0,39.0,21.0,22,European-style renovation
26200000.0,ЗИЛ,12.0,1.0,45.7,21.0,22,Without renovation
11499000.0,Покровское,32.0,1.0,38.6,13.0,18,European-style renovation
10500000.0,Ботанический сад,21.0,1.0,32.7,18.0,18,Without renovation
32000000.0,Динамо,10.0,1.0,51.0,4.0,12,European-style renovation
16500000.0,Автозаводская,7.0,1.0,38.9,4.0,22,Cosmetic
14200000.0,Аннино,10.0,1.0,46.7,13.0,25,European-style renovation
9650000.0,Сетунь,26.0,1.0,38.2,12.0,22,Cosmetic
15950000.0,Коломенская,21.0,1.0,44.7,5.0,17,Designer
19700000.0,Фили,18.0,1.0,41.3,5.0,28,Cosmetic
25000000.0,Сходненская,19.0,1.0,51.0,3.0,22,European-style renovation
11200000.0,Кузьминки,17.0,1.0,36.0,5.0,23,European-style renovation
11200000.0,Рабочий Посёлок,9.0,1.0,37.8,1.0,17,Cosmetic
10855900.0,Стахановская,9.0,1.0,41.4,8.0,9,Cosmetic
13599999.0,Солнцево,11.0,1.0,39.0,10.0,18,European-style renovation
12500000.0,Измайловская,23.0,1.0,38.1,10.0,15,Cosmetic
8090000.0,Остафьево,16.0,1.0,44.0,5.0,20,Cosmetic
14950000.0,Минская,31.0,1.0,40.7,7.0,22,European-style renovation
12000000.0,Сетунь,13.0,1.0,42.2,11.0,16,Cosmetic
10400000.0,Озёрная,6.0,1.0,34.7,7.0,12,Cosmetic
11500000.0,Рабочий Посёлок,10.0,1.0,39.0,7.0,12,Cosmetic
20200000.0,Аминьевская,10.0,1.0,47.2,2.0,25,Without renovation
12500000.0,Новогиреево,6.0,1.0,35.1,2.0,12,Designer
11350000.0,Люблино,17.0,1.0,35.2,3.0,17,Cosmetic
11500000.0,Рабочий Посёлок,10.0,1.0,39.0,7.0,12,European-style renovation
8700000.0,Улица Горчакова,29.0,1.0,35.2,4.0,15,Without renovation
10500000.0,Ольховая,20.0,1.0,38.3,6.0,14,European-style renovation
12800000.0,Нагорная,14.0,1.0,38.0,5.0,14,Cosmetic
11900000.0,Нижегородская,12.0,1.0,35.0,16.0,22,Without renovation
24500000.0,Шелепиха,13.0,1.0,37.1,2.0,24,Designer
14500000.0,Бауманская,15.0,1.0,34.2,3.0,16,Cosmetic
10900000.0,Пятницкое шоссе,25.0,1.0,37.5,4.0,26,Cosmetic
26700000.0,Улица 1905 года,12.0,1.0,42.1,21.0,44,Designer
10000000.0,Бунинская Аллея,7.0,1.0,36.0,3.0,12,European-style renovation
10000000.0,Чертановская,13.0,1.0,34.1,6.0,9,Cosmetic
12900000.0,Народное Ополчение,15.0,1.0,34.8,3.0,14,Cosmetic
10500000.0,Улица Дмитриевского,26.0,1.0,42.0,23.0,24,Cosmetic
9900000.0,Печатники,9.0,1.0,41.0,1.0,12,Without renovation
12122000.0,Щелковская,8.0,1.0,43.0,31.0,32,Cosmetic
10776000.0,Бабушкинская,20.0,1.0,44.6,8.0,17,Cosmetic
12340000.0,Щукинская,9.0,1.0,41.1,18.0,19,Cosmetic
11800000.0,Коммунарка,25.0,1.0,44.5,18.0,25,European-style renovation
11350000.0,Планерная,9.0,1.0,36.1,8.0,9,European-style renovation
15500000.0,Белорусская,10.0,1.0,40.0,5.0,9,Cosmetic
15000000.0,Ольховая,16.0,1.0,46.5,9.0,9,European-style renovation
10000000.0,Коммунарка,18.0,1.0,39.9,7.0,17,European-style renovation
12500000.0,Саларьево,11.0,1.0,41.3,9.0,25,Cosmetic
11400000.0,Народное Ополчение,8.0,1.0,38.9,6.0,12,Without renovation
13000000.0,Коньково,5.0,1.0,37.8,3.0,17,European-style renovation
11500000.0,Царицыно,25.0,1.0,43.9,10.0,11,Cosmetic
25500000.0,Народное Ополчение,16.0,1.0,54.1,7.0,17,European-style renovation
11500000.0,Рабочий Посёлок,10.0,1.0,40.0,7.0,12,Without renovation
12900000.0,Коммунарка,27.0,1.0,46.7,6.0,17,European-style renovation
11500000.0,Беговая,12.0,1.0,34.3,10.0,16,Cosmetic
10990000.0,Спартак,7.0,1.0,38.1,4.0,23,Without renovation
11500000.0,Отрадное,19.0,1.0,39.0,6.0,12,Cosmetic
15500000.0,Лесопарковая,9.0,1.0,39.4,11.0,23,Without renovation
24000000.0,Автозаводская,21.0,1.0,44.0,9.0,32,Without renovation
10200000.0,Сходненская,23.0,1.0,37.6,10.0,12,Cosmetic
19800000.0,Фили,16.0,1.0,43.0,2.0,21,Designer
9700000.0,Щербинка,9.0,1.0,43.0,5.0,10,Cosmetic
14400000.0,Говорово,11.0,1.0,38.0,11.0,24,Designer
11500000.0,Павшино,17.0,1.0,33.2,8.0,25,European-style renovation
20500000.0,Хорошево,23.0,1.0,34.1,10.0,44,Without renovation
20600000.0,Хорошево,23.0,1.0,38.7,6.0,44,Without renovation
11450000.0,Верхние Лихоборы,11.0,1.0,37.7,3.0,17,European-style renovation
13500000.0,Чертановская,19.0,1.0,38.4,24.0,25,European-style renovation
14100000.0,Митино,11.0,1.0,40.0,2.0,25,European-style renovation
12600000.0,Ясенево,8.0,1.0,38.0,10.0,22,Cosmetic
11700000.0,Жулебино,3.0,1.0,42.0,2.0,19,European-style renovation
11199000.0,Кожуховская,8.0,1.0,38.3,6.0,17,Cosmetic
9800000.0,Некрасовка,11.0,1.0,38.8,15.0,25,European-style renovation
14600000.0,Бульвар Рокоссовского,24.0,1.0,41.7,11.0,25,Cosmetic
12600000.0,Бульвар Рокоссовского,28.0,1.0,38.3,10.0,18,Without renovation
12800000.0,Бульвар Рокоссовского,28.0,1.0,38.4,3.0,18,Cosmetic
13700000.0,Физтех,15.0,1.0,41.4,6.0,14,European-style renovation
22800000.0,ЗИЛ,12.0,1.0,47.0,4.0,20,European-style renovation
13500000.0,Электрозаводская,12.0,1.0,37.0,3.0,14,Cosmetic
14200000.0,Мичуринский проспект,8.0,1.0,39.5,14.0,22,European-style renovation
16500000.0,Раменки,11.0,1.0,39.0,9.0,17,Cosmetic
18500000.0,Беговая,11.0,1.0,40.2,11.0,25,Cosmetic
10500000.0,Зябликово,12.0,1.0,41.8,10.0,12,Cosmetic
12500000.0,Братиславская,21.0,1.0,41.0,5.0,22,Cosmetic
8300000.0,Коммунарка,14.0,1.0,32.5,14.0,25,European-style renovation
8950000.0,Лермонтовский проспект,13.0,1.0,35.1,9.0,24,Cosmetic
9200000.0,Бескудниково,12.0,1.0,34.9,1.0,16,Cosmetic
13800000.0,Солнцево,11.0,1.0,39.0,2.0,18,European-style renovation
11000000.0,Планерная,9.0,1.0,35.0,7.0,16,Without renovation
27200000.0,Давыдково,23.0,1.0,39.1,4.0,25,Designer
10600000.0,Коммунарка,26.0,1.0,38.5,15.0,16,Cosmetic
8900000.0,Саларьево,27.0,1.0,34.8,24.0,24,Without renovation
12890000.0,Домодедовская,10.0,1.0,32.3,5.0,24,European-style renovation
13500000.0,Каширская,12.0,1.0,39.5,12.0,12,Cosmetic
10499999.0,Новогиреево,6.0,1.0,36.0,8.0,12,European-style renovation
8350000.0,Коммунарка,24.0,1.0,34.5,10.0,25,Cosmetic
9300000.0,Новоясеневская,17.0,1.0,33.0,9.0,9,Cosmetic
9200000.0,Текстильщики,9.0,1.0,34.0,1.0,9,Cosmetic
12950000.0,Зюзино,14.0,1.0,36.0,1.0,12,Cosmetic
9500000.0,Алма-Атинская,13.0,1.0,39.1,11.0,14,Cosmetic
14000000.0,Лесопарковая,2.0,1.0,38.0,6.0,25,Cosmetic
8550000.0,Волгоградский проспект,1.0,1.0,30.0,9.0,21,Cosmetic
11800000.0,Кантемировская,8.0,1.0,35.0,5.0,15,Cosmetic
15900000.0,Авиамоторная,17.0,1.0,39.0,8.0,17,Cosmetic
13600000.0,Сетунь,21.0,1.0,40.0,19.0,22,Cosmetic
18000000.0,Ленинский проспект,3.0,1.0,44.0,9.0,10,European-style renovation
43000000.0,Серпуховская,10.0,1.0,60.0,5.0,14,Without renovation
10300000.0,Медведково,15.0,1.0,38.0,11.0,17,Cosmetic
49000000.0,Серпуховская,10.0,1.0,65.0,5.0,14,Without renovation
10400000.0,Озёрная,6.0,1.0,34.0,7.0,12,Cosmetic
11990000.0,Кунцевская,11.0,1.0,35.0,3.0,5,Cosmetic
39500000.0,Профсоюзная,15.0,1.0,70.0,2.0,5,Without renovation
12750000.0,Улица Горчакова,30.0,1.0,38.0,8.0,15,Designer
17200000.0,Рабочий Посёлок,5.0,1.0,59.4,1.0,12,Without renovation
9500000.0,Текстильщики,7.0,1.0,35.8,2.0,4,Cosmetic
10000000.0,Прокшино,10.0,1.0,38.0,13.0,20,Without renovation
42675500.0,Сходненская,17.0,1.0,121.2,1.0,5,Without renovation
47052500.0,Сходненская,17.0,1.0,79.5,5.0,5,Without renovation
19600000.0,Преображенская площадь,9.0,1.0,53.0,3.0,10,European-style renovation
10800000.0,Улица Дмитриевского,6.0,1.0,41.9,4.0,12,Cosmetic
12000000.0,Новогиреево,7.0,1.0,35.2,10.0,14,European-style renovation
13000000.0,Площадь Ильича,18.0,1.0,40.0,2.0,16,Cosmetic
10700000.0,Братиславская,21.0,1.0,38.0,14.0,22,European-style renovation
11000000.0,Братиславская,18.0,1.0,35.0,5.0,17,European-style renovation
13590000.0,Новаторская,8.0,1.0,37.3,5.0,18,Without renovation
10500000.0,Саларьево,19.0,1.0,36.4,9.0,22,Without renovation
12100000.0,Саларьево,22.0,1.0,33.6,2.0,22,European-style renovation
10900000.0,Борисово,13.0,1.0,38.5,16.0,17,European-style renovation
11000000.0,Борисово,8.0,1.0,39.0,8.0,14,Cosmetic
15000000.0,Филёвский парк,8.0,1.0,38.0,4.0,17,Cosmetic
14800000.0,Бауманская,8.0,1.0,38.0,3.0,14,Cosmetic
10990000.0,Братиславская,24.0,1.0,37.0,8.0,12,European-style renovation
13500000.0,Зюзино,16.0,1.0,36.0,12.0,12,Designer
11800000.0,Кузьминки,18.0,1.0,45.0,3.0,14,European-style renovation
13300000.0,Калитники,17.0,1.0,41.0,18.0,24,Cosmetic
10999999.0,Люблино,9.0,1.0,36.7,13.0,13,Cosmetic
9300000.0,Бескудниково,8.0,1.0,36.0,4.0,9,Cosmetic
15600000.0,Таганская,6.0,1.0,40.0,12.0,16,Cosmetic
25500000.0,Давыдково,23.0,1.0,46.5,11.0,25,Without renovation
14800000.0,Шоссе Энтузиастов,11.0,1.0,39.0,18.0,25,European-style renovation
26970000.0,Чкаловская,13.0,1.0,41.0,8.0,21,Designer
13131000.0,Стрешнево,15.0,1.0,40.4,22.0,27,Cosmetic
16700000.0,Ростокино,28.0,1.0,40.7,12.0,22,Cosmetic
9167000.0,Братиславская,16.0,1.0,36.1,8.0,9,Cosmetic
23300000.0,Шелепиха,22.0,1.0,41.5,20.0,36,Designer
26000000.0,Профсоюзная,12.0,1.0,50.6,11.0,27,European-style renovation
27000000.0,Белорусская,6.0,1.0,42.2,10.0,16,Without renovation
13700000.0,ВДНХ,8.0,1.0,36.0,10.0,12,Cosmetic
13399999.0,Электрозаводская,12.0,1.0,35.0,2.0,5,Cosmetic
19900000.0,Павелецкая,18.0,1.0,38.5,5.0,46,Without renovation
10700000.0,Саларьево,27.0,1.0,39.0,14.0,24,European-style renovation
13000000.0,Кунцевская,17.0,1.0,38.1,3.0,17,Cosmetic
49900000.0,Арбатская,10.0,1.0,56.0,4.0,6,European-style renovation
12000000.0,Каховская,5.0,1.0,30.0,2.0,9,Designer
18300000.0,Лефортово,6.0,1.0,45.0,6.0,17,Designer
9400000.0,Перово,19.0,1.0,35.1,2.0,12,European-style renovation
12500000.0,Братиславская,19.0,1.0,38.3,18.0,18,Designer
8890000.0,Юго-Восточная,8.0,1.0,35.0,10.0,12,Without renovation
12000000.0,Озёрная,12.0,1.0,37.0,4.0,16,European-style renovation
9550000.0,Филатов Луг,41.0,1.0,35.0,3.0,22,European-style renovation
9800000.0,Ольховая,24.0,1.0,35.0,10.0,22,European-style renovation
15250000.0,Новаторская,16.0,1.0,40.0,10.0,17,European-style renovation
15700000.0,Проспект Мира,11.0,1.0,35.8,1.0,16,European-style renovation
21500000.0,Раменки,11.0,1.0,40.3,12.0,15,Without renovation
9490000.0,Красногвардейская,13.0,1.0,38.0,1.0,11,European-style renovation
42999000.0,Павелецкая,7.0,1.0,71.0,13.0,14,Without renovation
21000000.0,Павелецкая,18.0,1.0,39.0,13.0,28,Without renovation
16410000.0,Новаторская,16.0,1.0,41.3,10.0,15,European-style renovation
9500000.0,Марьино,19.0,1.0,39.6,5.0,14,Cosmetic
8835000.0,Братиславская,16.0,1.0,35.0,3.0,9,Cosmetic
9950000.0,Рязанский проспект,3.0,1.0,38.8,6.0,17,Cosmetic
11000000.0,Кантемировская,15.0,1.0,38.5,10.0,14,Cosmetic
10900000.0,Новокосино,23.0,1.0,38.0,3.0,12,Designer
15300000.0,Новаторская,18.0,1.0,41.5,18.0,25,Cosmetic
11893660.0,Ботанический сад,16.0,1.0,40.1,10.0,12,Cosmetic
9800000.0,Саларьево,21.0,1.0,37.2,5.0,27,Cosmetic
10700000.0,Улица Скобелевская,18.0,1.0,30.0,9.0,27,Cosmetic
10600000.0,Давыдково,29.0,1.0,35.0,13.0,16,Cosmetic
12150000.0,Юго-Западная,11.0,1.0,38.0,14.0,16,Cosmetic
10500000.0,Щелковская,11.0,1.0,37.6,14.0,14,Cosmetic
12500000.0,Новопеределкино,8.0,1.0,41.6,18.0,23,Without renovation
24000000.0,Фили,9.0,1.0,35.5,6.0,20,Designer
16000000.0,Бескудниково,28.0,1.0,43.0,10.0,14,European-style renovation
19500000.0,Хорошево,23.0,1.0,35.5,7.0,25,Without renovation
15500000.0,Окская,15.0,1.0,39.3,16.0,20,Cosmetic
10900000.0,Тимирязевская,15.0,1.0,35.0,9.0,12,Cosmetic
9500000.0,Коммунарка,26.0,1.0,34.3,2.0,14,European-style renovation
16999999.0,Москва-Товарная,13.0,1.0,42.6,16.0,26,Cosmetic
19999999.0,Смоленская,11.0,1.0,36.0,9.0,24,European-style renovation
9200000.0,Сходненская,14.0,1.0,30.0,1.0,5,Cosmetic
11000000.0,Боровское шоссе,7.0,1.0,38.0,10.0,17,Cosmetic
9800000.0,Улица Дмитриевского,10.0,1.0,37.4,2.0,17,Cosmetic
11700000.0,Селигерская,9.0,1.0,38.0,16.0,17,Cosmetic
13700000.0,Мичуринский проспект,12.0,1.0,45.0,1.0,22,European-style renovation
9750000.0,Новопеределкино,8.0,1.0,39.1,5.0,14,Cosmetic
10990000.0,Ольховая,27.0,1.0,34.0,19.0,24,European-style renovation
21000000.0,Павелецкая,18.0,1.0,39.0,13.0,46,Without renovation
13400000.0,Селигерская,9.0,1.0,39.6,10.0,23,Cosmetic
17750000.0,Сокол,5.0,1.0,52.3,2.0,14,Cosmetic
10700000.0,Пражская,22.0,1.0,40.0,11.0,12,Cosmetic
11700000.0,Нагорная,12.0,1.0,37.5,14.0,16,Cosmetic
34000000.0,Менделеевская,8.0,1.0,51.1,3.0,12,European-style renovation
21000000.0,Стрешнево,15.0,1.0,40.1,23.0,27,Without renovation
21800000.0,Водный стадион,7.0,1.0,36.0,17.0,34,Designer
11300000.0,Рассказовка,23.0,1.0,41.4,3.0,9,Cosmetic
12950000.0,Академическая,14.0,1.0,35.5,2.0,10,Cosmetic
18790000.0,Бульвар Рокоссовского,9.0,1.0,49.1,14.0,30,European-style renovation
8500000.0,Бульвар Адмирала Ушакова,13.0,1.0,38.9,2.0,12,Without renovation
10800000.0,Новокосино,14.0,1.0,43.0,6.0,14,European-style renovation
10900000.0,Калитники,10.0,1.0,35.0,8.0,12,Cosmetic
18490000.0,Варшавская,10.0,1.0,61.8,6.0,23,European-style renovation
24900000.0,Раменки,13.0,1.0,49.0,33.0,51,Without renovation
14990000.0,Минская,15.0,1.0,39.0,2.0,9,European-style renovation
11990000.0,Коммунарка,16.0,1.0,39.5,12.0,17,Without renovation
9750000.0,Пыхтино,17.0,1.0,38.0,8.0,16,European-style renovation
15000000.0,Фили,18.0,1.0,44.6,20.0,28,Without renovation
10500000.0,Теплый Стан,20.0,1.0,37.9,1.0,16,European-style renovation
10500000.0,Курьяново,11.0,1.0,31.5,11.0,31,Without renovation
12700000.0,Окская,15.0,1.0,28.9,15.0,30,European-style renovation
6854250.0,Братиславская,16.0,1.0,34.9,1.0,9,Cosmetic
8800000.0,Солнцево,19.0,1.0,35.6,15.0,17,Cosmetic
15500000.0,Говорово,9.0,1.0,41.0,7.0,15,European-style renovation
9500000.0,Улица Старокачаловская,14.0,1.0,38.9,14.0,14,Cosmetic
9650000.0,Улица Старокачаловская,13.0,1.0,38.5,3.0,14,Cosmetic
8200000.0,Коммунарка,57.0,1.0,29.2,3.0,14,European-style renovation
28500000.0,Аминьевская,15.0,1.0,67.9,23.0,43,Without renovation
26500000.0,Шелепиха,6.0,1.0,45.0,39.0,51,Without renovation
15300000.0,Новаторская,16.0,1.0,41.9,17.0,21,Cosmetic
12500000.0,Строгино,6.0,1.0,39.0,2.0,12,European-style renovation
9800000.0,Люблино,21.0,1.0,39.0,2.0,24,Cosmetic
10150000.0,Печатники,7.0,1.0,34.7,1.0,12,Cosmetic
23500000.0,Хорошево,23.0,1.0,36.0,27.0,27,Designer
18000000.0,Шелепиха,13.0,1.0,30.0,28.0,53,Without renovation
10500000.0,Сходненская,20.0,1.0,38.4,3.0,12,Cosmetic
8700000.0,Коммунарка,25.0,1.0,32.0,11.0,25,European-style renovation
34000000.0,Улица 1905 года,12.0,1.0,49.2,27.0,44,Designer
10800000.0,Беляево,11.0,1.0,36.1,5.0,15,European-style renovation
11282000.0,Академическая,9.0,1.0,36.1,12.0,19,Cosmetic
10370000.0,Рассказовка,33.0,1.0,44.6,24.0,24,Cosmetic
12350000.0,Щелковская,3.0,1.0,44.0,16.0,16,European-style renovation
12000000.0,Сетунь,22.0,1.0,39.0,14.0,14,Designer
9750000.0,Некрасовка,19.0,1.0,38.0,16.0,25,Cosmetic
9400000.0,Новопеределкино,11.0,1.0,39.0,8.0,14,Cosmetic
12000000.0,Зюзино,8.0,1.0,37.5,13.0,16,Cosmetic
9200000.0,Бунинская Аллея,10.0,1.0,35.2,3.0,10,Cosmetic
12700000.0,Бауманская,11.0,1.0,37.0,1.0,12,European-style renovation
21000000.0,Технопарк,14.0,1.0,43.0,4.0,15,Without renovation
12700000.0,Юго-Западная,7.0,1.0,37.4,7.0,16,Cosmetic
13900000.0,Трикотажная,7.0,1.0,42.5,9.0,20,Without renovation
14300000.0,Селигерская,22.0,1.0,42.6,8.0,25,Without renovation
9300000.0,Коптево,14.0,1.0,35.0,9.0,16,Cosmetic
22450000.0,Автозаводская,11.0,1.0,49.0,10.0,14,European-style renovation
10550000.0,Орехово,15.0,1.0,37.9,14.0,17,Cosmetic
9350000.0,Ботанический сад,18.0,1.0,30.6,17.0,18,Without renovation
31500000.0,Шелепиха,17.0,1.0,50.6,13.0,24,Designer
11050000.0,Коммунарка,22.0,1.0,43.4,13.0,17,European-style renovation
15000000.0,Алексеевская,11.0,1.0,38.0,11.0,20,Without renovation
10250000.0,Озёрная,6.0,1.0,34.7,7.0,12,Cosmetic
11800000.0,Коммунарка,16.0,1.0,43.0,8.0,17,Cosmetic
7800000.0,Ольховая,24.0,1.0,35.4,1.0,22,Cosmetic
12500000.0,Молодежная,14.0,1.0,37.7,10.0,17,Cosmetic
45200000.0,Динамо,9.0,1.0,63.5,4.0,19,Designer
12600000.0,Царицыно,29.0,1.0,45.6,7.0,17,Designer
18899000.0,Фонвизинская,4.0,1.0,44.8,10.0,23,Without renovation
11800000.0,Ботанический сад,17.0,1.0,40.1,10.0,16,European-style renovation
20000000.0,Автозаводская,14.0,1.0,40.2,5.0,29,European-style renovation
19700000.0,Ботанический сад,13.0,1.0,37.9,3.0,23,European-style renovation
11000000.0,Бунинская Аллея,5.0,1.0,36.3,13.0,14,Cosmetic
15350000.0,Раменки,9.0,1.0,38.0,15.0,17,European-style renovation
9450000.0,Коммунарка,16.0,1.0,31.5,4.0,25,Cosmetic
21500000.0,Аминьевская,10.0,1.0,47.7,3.0,25,Without renovation
18500000.0,Фили,9.0,1.0,40.1,11.0,20,Without renovation
11100000.0,Беляево,16.0,1.0,39.5,10.0,19,European-style renovation
17700000.0,Стрешнево,15.0,1.0,40.5,23.0,27,Cosmetic
11100000.0,Перерва,15.0,1.0,40.6,20.0,24,Cosmetic
17400000.0,Баррикадная,12.0,1.0,37.2,5.0,13,European-style renovation
19400000.0,Новые Черемушки,15.0,1.0,38.0,3.0,17,Designer
14600000.0,Октябрьское поле,22.0,1.0,38.6,25.0,25,Without renovation
9490000.0,Жулебино,8.0,1.0,40.9,8.0,12,Cosmetic
21000000.0,Павелецкая,18.0,1.0,39.0,13.0,47,Without renovation
10000000.0,Коммунарка,57.0,1.0,29.2,12.0,14,European-style renovation
9500000.0,Сетунь,20.0,1.0,37.9,3.0,16,Without renovation
23000000.0,Дубровка,22.0,1.0,47.1,24.0,29,Cosmetic
15500000.0,Белокаменная,24.0,1.0,48.0,8.0,29,Without renovation
23700000.0,Раменки,11.0,1.0,40.3,15.0,15,Without renovation
10900000.0,Пятницкое шоссе,9.0,1.0,38.5,4.0,17,European-style renovation
10750000.0,Щелковская,22.0,1.0,33.9,4.0,22,Cosmetic
12690000.0,Отрадное,16.0,1.0,39.8,9.0,17,Cosmetic
10900000.0,Коптево,14.0,1.0,34.7,4.0,16,Cosmetic
15600000.0,Варшавская,10.0,1.0,42.8,14.0,23,Without renovation
18790000.0,Фили,26.0,1.0,43.1,8.0,28,Without renovation
9690000.0,Ольховая,28.0,1.0,32.0,7.0,24,Designer
50000000.0,Улица 1905 года,7.0,1.0,53.0,4.0,21,European-style renovation
16000000.0,Беговая,5.0,1.0,39.0,17.0,17,Designer
28000000.0,Павелецкая,18.0,1.0,44.7,18.0,18,Designer
12990000.0,Селигерская,16.0,1.0,40.0,13.0,22,European-style renovation
16800000.0,Нижегородская,10.0,1.0,42.7,2.0,28,European-style renovation
21500000.0,ЗИЛ,15.0,1.0,47.3,10.0,16,European-style renovation
12500000.0,Солнцево,17.0,1.0,37.8,17.0,23,European-style renovation
21900000.0,Бауманская,6.0,1.0,46.0,10.0,10,European-style renovation
10400000.0,Улица Старокачаловская,11.0,1.0,36.0,2.0,16,Cosmetic
17500000.0,Трикотажная,13.0,1.0,48.3,17.0,20,European-style renovation
10980000.0,Теплый Стан,23.0,1.0,38.0,10.0,16,Cosmetic
13200000.0,Измайловская,20.0,1.0,40.5,3.0,17,Without renovation
10900000.0,Бескудниково,16.0,1.0,34.8,5.0,16,Cosmetic
11950000.0,Народное Ополчение,15.0,1.0,40.1,12.0,16,European-style renovation
4850000.0,Авиамоторная,15.0,1.0,31.6,1.0,4,Cosmetic
31500000.0,Академическая,11.0,1.0,48.0,13.0,22,Designer
20300000.0,Москва-Товарная,10.0,1.0,44.0,3.0,14,Without renovation
10199999.0,Стахановская,14.0,1.0,40.9,12.0,14,Cosmetic
10000000.0,Бунинская Аллея,14.0,1.0,38.2,22.0,22,Cosmetic
10900000.0,Борисово,23.0,1.0,38.9,5.0,14,Designer
15500000.0,Рабочий Посёлок,20.0,1.0,39.4,3.0,30,Without renovation
13150000.0,Селигерская,9.0,1.0,41.0,4.0,23,Cosmetic
13500000.0,Селигерская,17.0,1.0,39.0,11.0,22,Without renovation
11200000.0,Варшавская,8.0,1.0,38.9,4.0,12,Cosmetic
16500000.0,Новаторская,16.0,1.0,40.7,11.0,15,Cosmetic
20500000.0,Волжская,11.0,1.0,73.0,9.0,15,Cosmetic
21700000.0,Народное Ополчение,20.0,1.0,36.6,20.0,30,Designer
11350000.0,Домодедовская,18.0,1.0,35.2,10.0,14,Without renovation
10990000.0,Перерва,15.0,1.0,41.2,11.0,24,Cosmetic
11200000.0,Нахимовский проспект,15.0,1.0,35.5,5.0,12,European-style renovation
13350000.0,Академическая,18.0,1.0,35.9,4.0,17,Cosmetic
10700000.0,Проспект Вернадского,10.0,1.0,34.2,12.0,24,European-style renovation
15000000.0,Говорово,11.0,1.0,45.0,5.0,14,Designer
20900000.0,Народное Ополчение,21.0,1.0,38.1,17.0,32,Designer
8000000.0,Коммунарка,57.0,1.0,35.7,4.0,14,European-style renovation
17100000.0,Профсоюзная,10.0,1.0,39.3,24.0,25,Cosmetic
16500000.0,Шелепиха,22.0,1.0,35.7,8.0,36,Without renovation
16995000.0,Алексеевская,12.0,1.0,42.1,6.0,35,Cosmetic
21999999.0,Павелецкая,18.0,1.0,41.4,26.0,28,Without renovation
16990000.0,Спартак,12.0,1.0,40.0,15.0,26,Without renovation
22000000.0,Раменки,11.0,1.0,40.3,12.0,15,Without renovation
17000000.0,Водный стадион,11.0,1.0,35.0,5.0,29,European-style renovation
9300000.0,Теплый Стан,15.0,1.0,34.5,16.0,16,Without renovation
12300000.0,Щелковская,9.0,1.0,42.0,6.0,18,European-style renovation
27900000.0,Раменки,15.0,1.0,50.0,12.0,21,Designer
11490000.0,Рабочий Посёлок,12.0,1.0,36.2,9.0,12,Cosmetic
15700000.0,Электрозаводская,15.0,1.0,35.7,11.0,11,European-style renovation
18500000.0,Шаболовская,17.0,1.0,35.3,5.0,13,European-style renovation
11799999.0,Люблино,17.0,1.0,32.0,11.0,17,European-style renovation
11500000.0,Народное Ополчение,26.0,1.0,38.7,1.0,12,European-style renovation
14350000.0,Бабушкинская,14.0,1.0,40.6,20.0,23,Cosmetic
12800000.0,Домодедовская,17.0,1.0,35.4,4.0,20,Cosmetic
25000000.0,Серпуховская,5.0,1.0,39.0,2.0,8,European-style renovation
12300000.0,Лесопарковая,9.0,1.0,41.0,2.0,23,Without renovation
9000000.0,Текстильщики,13.0,1.0,33.0,5.0,9,Cosmetic
21500000.0,Дубровка,19.0,1.0,45.0,13.0,32,Without renovation
9100000.0,Некрасовка,10.0,1.0,38.0,7.0,17,Cosmetic
13500000.0,Селигерская,7.0,1.0,44.9,20.0,23,European-style renovation
8300000.0,Депо,10.0,1.0,34.7,2.0,12,Cosmetic
8700000.0,Бунинская Аллея,10.0,1.0,35.2,5.0,10,Cosmetic
10200000.0,Селигерская,24.0,1.0,33.8,10.0,21,Cosmetic
12655000.0,Сходненская,2.0,1.0,38.9,2.0,12,Cosmetic
9500000.0,Бабушкинская,5.0,1.0,39.0,5.0,12,Without renovation
12000000.0,Бескудниково,31.0,1.0,40.0,6.0,14,Designer
15990000.0,Беломорская,7.0,1.0,31.1,12.0,31,Designer
22500000.0,Бауманская,6.0,1.0,47.0,10.0,10,European-style renovation
15990000.0,Зюзино,5.0,1.0,41.0,20.0,22,European-style renovation
8990000.0,Ботанический сад,20.0,1.0,33.0,9.0,18,Without renovation
19890000.0,Павелецкая,18.0,1.0,40.0,5.0,46,Cosmetic
24000000.0,Серпуховская,18.0,1.0,36.4,20.0,46,Without renovation
22600000.0,Хорошево,23.0,1.0,37.0,15.0,27,Designer
16900000.0,Авиамоторная,7.0,1.0,49.0,3.0,8,Cosmetic
11200000.0,Покровское,32.0,1.0,38.8,3.0,18,European-style renovation
11400000.0,Крылатское,9.0,1.0,37.5,1.0,17,Cosmetic
21950000.0,Автозаводская,26.0,1.0,52.1,2.0,19,European-style renovation
9600000.0,Некрасовка,15.0,1.0,36.3,14.0,19,Cosmetic
15000000.0,Улица Скобелевская,16.0,1.0,45.0,22.0,34,Cosmetic
13100000.0,Водный стадион,22.0,1.0,40.0,14.0,17,Cosmetic
13985000.0,Юго-Западная,19.0,1.0,35.0,4.0,16,Cosmetic
13700000.0,Профсоюзная,16.0,1.0,42.0,1.0,9,Without renovation
24000000.0,Ботанический сад,13.0,1.0,39.7,9.0,23,Designer
14600000.0,Бабушкинская,14.0,1.0,40.4,21.0,23,Cosmetic
14500000.0,Филатов Луг,14.0,1.0,36.9,10.0,16,European-style renovation
11200000.0,Прокшино,25.0,1.0,37.4,5.0,14,European-style renovation
12100000.0,Ясенево,8.0,1.0,39.1,6.0,22,Cosmetic
17200000.0,Фили,17.0,1.0,42.9,3.0,21,Designer
16200000.0,Технопарк,14.0,1.0,44.0,2.0,20,Without renovation
13200000.0,Рассказовка,9.0,1.0,43.7,12.0,20,European-style renovation
136471230.0,Охотный ряд,7.0,1.0,85.0,2.0,5,Without renovation
13500000.0,Юго-Западная,19.0,1.0,35.0,4.0,16,Cosmetic
30000000.0,Давыдково,23.0,1.0,46.0,15.0,25,Without renovation
22500000.0,Преображенская площадь,7.0,1.0,49.4,5.0,15,Without renovation
16800000.0,Хорошево,12.0,1.0,35.6,18.0,27,Without renovation
8500000.0,Бунинская Аллея,7.0,1.0,35.5,4.0,9,Cosmetic
19000000.0,Верхние Котлы,16.0,1.0,38.1,23.0,24,Designer
17990000.0,Прокшино,24.0,1.0,37.0,6.0,13,Designer
10050000.0,Рязанский проспект,9.0,1.0,34.5,4.0,12,European-style renovation
7700000.0,Выхино,17.0,1.0,33.0,4.0,9,Without renovation
9850000.0,Улица Скобелевская,10.0,1.0,35.8,8.0,12,Cosmetic
13700000.0,Молодежная,14.0,1.0,37.0,14.0,17,Cosmetic
10975000.0,Лухмановская,26.0,1.0,45.0,8.0,24,European-style renovation
12000000.0,Сокольники,21.0,1.0,37.9,4.0,21,European-style renovation
18500000.0,Хорошево,23.0,1.0,36.0,11.0,27,Designer
10250000.0,Озёрная,12.0,1.0,37.0,13.0,16,Cosmetic
10000000.0,Коммунарка,28.0,1.0,43.0,17.0,17,Cosmetic
14200000.0,Солнцево,20.0,1.0,51.2,14.0,17,European-style renovation
21400000.0,Народное Ополчение,19.0,1.0,52.6,8.0,22,European-style renovation
10300000.0,Боровское шоссе,12.0,1.0,38.3,10.0,22,Cosmetic
14371000.0,Угрешская,7.0,1.0,48.8,22.0,30,Without renovation
8200000.0,Коммунарка,57.0,1.0,35.7,6.0,14,Without renovation
17990000.0,Алексеевская,4.0,1.0,37.5,4.0,15,Designer
28890000.0,Белорусская,6.0,1.0,45.7,6.0,16,Without renovation
10700000.0,Преображенская площадь,13.0,1.0,35.1,3.0,12,Cosmetic
14000000.0,Братиславская,13.0,1.0,42.0,8.0,17,Cosmetic
12800000.0,Красный Балтиец,8.0,1.0,41.8,3.0,12,Without renovation
19239003.0,ЗИЛ,21.0,1.0,40.1,10.0,13,Without renovation
9100000.0,Братиславская,22.0,1.0,36.7,1.0,17,Cosmetic
14000000.0,Тропарево,7.0,1.0,35.3,6.0,17,European-style renovation
16500000.0,Селигерская,13.0,1.0,35.0,36.0,45,Designer
23000000.0,Дубровка,22.0,1.0,40.5,24.0,29,Without renovation
15200000.0,Беговая,13.0,1.0,39.3,5.0,6,Designer
11000000.0,Чертановская,8.0,1.0,33.6,2.0,14,European-style renovation
11890000.0,Локомотив,15.0,1.0,40.0,2.0,37,Designer
16500000.0,Москва-Товарная,13.0,1.0,44.7,13.0,26,European-style renovation
29500000.0,Давыдково,23.0,1.0,50.0,11.0,25,Without renovation
10470000.0,Фонвизинская,16.0,1.0,34.7,2.0,4,Cosmetic
26028000.0,Серпуховская,6.0,1.0,48.2,4.0,15,European-style renovation
25200000.0,Динамо,8.0,1.0,40.1,4.0,6,Without renovation
27950000.0,ЦСКА,13.0,1.0,40.1,2.0,41,European-style renovation
10450000.0,Бунинская Аллея,14.0,1.0,38.3,10.0,22,European-style renovation
11600000.0,Текстильщики,21.0,1.0,37.0,11.0,22,European-style renovation
11900000.0,Кленовый бульвар,2.0,1.0,34.8,8.0,12,European-style renovation
19899000.0,Тульская,18.0,1.0,38.4,5.0,9,Without renovation
17990000.0,Шелепиха,13.0,1.0,40.0,25.0,46,European-style renovation
7150000.0,Силикатная,30.0,1.0,34.0,12.0,15,Without renovation
27000000.0,Давыдково,23.0,1.0,38.0,3.0,25,Designer
17499999.0,Автозаводская,20.0,1.0,43.0,3.0,29,Without renovation
20500000.0,Красносельская,7.0,1.0,48.2,7.0,9,Cosmetic
9600000.0,Южная,19.0,1.0,34.6,9.0,16,Without renovation
10700000.0,Домодедовская,11.0,1.0,39.5,17.0,17,Cosmetic
16750000.0,Москва-Товарная,11.0,1.0,43.2,22.0,25,Cosmetic
10200000.0,Лесопарковая,8.0,1.0,35.0,3.0,26,Cosmetic
14400000.0,Беговая,13.0,1.0,34.6,5.0,6,Designer
9300000.0,Лухмановская,28.0,1.0,44.6,12.0,24,Cosmetic
10900000.0,Народное Ополчение,7.0,1.0,36.0,6.0,12,Cosmetic
76960000.0,Ломоносовский проспект,24.0,1.0,59.2,6.0,12,Without renovation
23000000.0,Технопарк,14.0,1.0,41.6,3.0,15,Without renovation
44000000.0,Улица 1905 года,12.0,1.0,70.0,37.0,44,Designer
11500000.0,Митино,10.0,1.0,38.0,13.0,22,Cosmetic
25272000.0,Серпуховская,6.0,1.0,46.8,3.0,15,European-style renovation
13550000.0,Нагатинская,11.0,1.0,38.4,13.0,16,European-style renovation
22500000.0,Хорошево,23.0,1.0,35.3,15.0,27,Designer
14200000.0,Соколиная Гора,16.0,1.0,37.7,11.0,25,European-style renovation
12900000.0,Бабушкинская,10.0,1.0,38.0,14.0,16,Cosmetic
13900000.0,Хорошёвская,11.0,1.0,39.0,18.0,23,Without renovation
11800000.0,Алтуфьево,14.0,1.0,36.8,5.0,16,Cosmetic
15000000.0,Нагорная,6.0,1.0,35.1,8.0,8,Without renovation
16000000.0,ЗИЛ,15.0,1.0,36.0,2.0,16,Without renovation
19750000.0,Аминьевская,5.0,1.0,36.0,25.0,42,European-style renovation
10500000.0,Говорово,21.0,1.0,35.0,6.0,12,European-style renovation
24850000.0,Добрынинская,5.0,1.0,44.4,4.0,7,European-style renovation
11900000.0,Верхние Лихоборы,8.0,1.0,34.0,1.0,14,European-style renovation
10500000.0,Коммунарка,10.0,1.0,37.1,11.0,15,European-style renovation
14500000.0,Щукинская,6.0,1.0,36.3,20.0,25,Cosmetic
27000000.0,Хорошёвская,6.0,1.0,42.0,6.0,24,European-style renovation
19200000.0,Беговая,12.0,1.0,43.6,5.0,25,Cosmetic
10100000.0,Селигерская,30.0,1.0,34.5,4.0,12,European-style renovation
15500000.0,Озёрная,19.0,1.0,42.4,2.0,25,Cosmetic
10499000.0,Курьяново,11.0,1.0,33.0,9.0,31,Without renovation
23000000.0,Рабочий Посёлок,17.0,1.0,50.9,3.0,14,European-style renovation
16400000.0,Калужская,9.0,1.0,38.7,30.0,34,Cosmetic
12500000.0,Озёрная,14.0,1.0,37.6,1.0,16,Cosmetic
9900000.0,Коммунарка,27.0,1.0,42.0,7.0,17,Cosmetic
10350000.0,Пятницкое шоссе,25.0,1.0,36.1,2.0,26,European-style renovation
10300000.0,Бабушкинская,8.0,1.0,38.0,2.0,16,Cosmetic
11450000.0,Рассказовка,23.0,1.0,39.0,9.0,9,Without renovation
10000000.0,Коммунарка,30.0,1.0,37.0,6.0,16,Without renovation
13490000.0,Коптево,4.0,1.0,43.2,2.0,20,Without renovation
11150000.0,Чертановская,15.0,1.0,34.8,8.0,14,Cosmetic
10050000.0,Некрасовка,20.0,1.0,33.0,15.0,17,European-style renovation
12100000.0,Филатов Луг,6.0,1.0,35.6,8.0,15,European-style renovation
9750000.0,Теплый Стан,25.0,1.0,34.5,8.0,9,Cosmetic
15000000.0,Багратионовская,12.0,1.0,33.0,6.0,28,European-style renovation
11950000.0,Рабочий Посёлок,9.0,1.0,37.9,1.0,17,Cosmetic
13350000.0,Трикотажная,15.0,1.0,38.7,9.0,28,Cosmetic
16300000.0,Бульвар Рокоссовского,21.0,1.0,42.0,14.0,24,Designer
12488888.0,Новогиреево,18.0,1.0,41.7,3.0,13,European-style renovation
10500000.0,Каховская,16.0,1.0,34.9,9.0,12,Cosmetic
11500000.0,Некрасовка,17.0,1.0,43.1,14.0,23,European-style renovation
11500000.0,Крымская,12.0,1.0,35.4,12.0,14,Cosmetic
11390000.0,Бибирево,28.0,1.0,39.0,12.0,22,Cosmetic
9950000.0,Марьино,13.0,1.0,39.1,12.0,14,Without renovation
11200000.0,Нагорная,17.0,1.0,35.2,2.0,5,European-style renovation
58500000.0,Улица 1905 года,7.0,1.0,64.7,5.0,24,Designer
17900000.0,Спартак,7.0,1.0,38.0,13.0,23,Designer
14300000.0,Беляево,16.0,1.0,39.0,14.0,19,Cosmetic
9600000.0,Солнцево,10.0,1.0,32.7,13.0,19,Without renovation
10500000.0,Селигерская,31.0,1.0,38.0,13.0,17,Cosmetic
13880000.0,Селигерская,18.0,1.0,39.0,11.0,23,Without renovation
10950000.0,Рассказовка,26.0,1.0,38.0,13.0,17,European-style renovation
14900000.0,Трикотажная,16.0,1.0,39.6,3.0,20,Without renovation
17500000.0,Автозаводская,20.0,1.0,43.0,3.0,29,Without renovation
22000000.0,Павелецкая,18.0,1.0,39.6,9.0,28,Without renovation
9000000.0,Курьяново,19.0,1.0,37.6,1.0,16,Cosmetic
22000000.0,Шелепиха,13.0,1.0,43.3,19.0,53,Without renovation
9500000.0,Спартак,7.0,1.0,36.8,8.0,22,Without renovation
24990000.0,Аминьевская,11.0,1.0,45.0,6.0,25,Without renovation
63000000.0,Арбатская,5.0,1.0,48.0,2.0,8,Without renovation
24500000.0,Раменки,9.0,1.0,48.0,2.0,28,European-style renovation
12200000.0,Прокшино,30.0,1.0,42.3,2.0,15,European-style renovation
13790000.0,Дмитровская,13.0,1.0,35.6,35.0,47,Designer
13250000.0,Ростокино,28.0,1.0,32.5,20.0,22,European-style renovation
16800000.0,Аминьевская,15.0,1.0,37.6,18.0,43,Without renovation
13500000.0,Алма-Атинская,10.0,1.0,42.0,13.0,19,European-style renovation
10900000.0,Кузьминки,3.0,1.0,35.1,4.0,9,Without renovation
10890000.0,Алма-Атинская,15.0,1.0,39.0,21.0,22,European-style renovation
13490000.0,Бульвар Дмитрия Донского,10.0,1.0,47.0,17.0,18,Cosmetic
51000000.0,Смоленская,9.0,1.0,65.0,2.0,13,Designer
13300000.0,Рассказовка,23.0,1.0,42.0,3.0,9,European-style renovation
13970000.0,Рассказовка,23.0,1.0,43.4,2.0,9,European-style renovation
15700000.0,Академическая,16.0,1.0,40.0,12.0,14,European-style renovation
10700000.0,Покровское,31.0,1.0,36.9,15.0,18,European-style renovation
27900000.0,Мичуринский проспект,12.0,1.0,48.0,29.0,50,Without renovation
19000000.0,Бауманская,12.0,1.0,45.0,5.0,15,Cosmetic
11500000.0,Коммунарка,18.0,1.0,45.0,11.0,17,European-style renovation
13700000.0,Давыдково,9.0,1.0,37.0,10.0,12,Cosmetic
21528003.0,ЗИЛ,22.0,1.0,45.2,11.0,15,Without renovation
32000000.0,ЦСКА,6.0,2.0,58.0,12.0,15,Designer
10500000.0,Рязанский проспект,9.0,1.0,35.4,3.0,16,Cosmetic
11800000.0,Коммунарка,27.0,1.0,46.7,15.0,17,European-style renovation
16000000.0,Шелепиха,13.0,1.0,37.4,12.0,46,Cosmetic
13200000.0,Профсоюзная,16.0,1.0,38.1,8.0,17,Cosmetic
12344003.0,Москворечье,18.0,1.0,34.3,19.0,52,Without renovation
12800000.0,Хорошёвская,11.0,1.0,38.0,10.0,23,Without renovation
11150000.0,Чертановская,15.0,1.0,38.3,8.0,16,Designer
12990000.0,Рассказовка,18.0,1.0,43.2,2.0,12,European-style renovation
15900000.0,Марьина Роща,11.0,1.0,41.2,4.0,12,European-style renovation
13100000.0,Царицыно,26.0,1.0,45.0,5.0,11,Cosmetic
9450000.0,Коммунарка,25.0,1.0,40.0,15.0,25,Cosmetic
9650000.0,Улица Горчакова,30.0,1.0,37.0,4.0,15,Without renovation
13782003.0,Москворечье,18.0,1.0,36.4,26.0,52,Without renovation
18500000.0,Беговая,12.0,1.0,40.2,20.0,25,European-style renovation
8750000.0,Селигерская,26.0,1.0,34.6,12.0,12,Without renovation
14900000.0,Жулебино,5.0,1.0,56.2,6.0,14,Cosmetic
11800000.0,Лианозово,14.0,1.0,44.6,11.0,32,Cosmetic
19165003.0,ЗИЛ,22.0,1.0,36.7,15.0,15,Without renovation
14500000.0,Трикотажная,14.0,1.0,46.0,13.0,29,Without renovation
12700000.0,Академическая,16.0,1.0,35.2,9.0,12,European-style renovation
27800000.0,Преображенская площадь,8.0,1.0,50.8,13.0,18,Designer
13552003.0,Москворечье,18.0,1.0,36.3,27.0,32,Without renovation
13600000.0,Улица 1905 года,10.0,1.0,34.0,1.0,12,Cosmetic
37000000.0,Киевская,9.0,1.0,54.4,3.0,12,European-style renovation
9900000.0,Филатов Луг,42.0,1.0,41.0,20.0,22,Cosmetic
15200000.0,Волоколамская,12.0,1.0,53.0,15.0,25,European-style renovation
13100000.0,Озёрная,19.0,1.0,45.0,9.0,15,Cosmetic
10600000.0,Бескудниково,27.0,1.0,38.8,14.0,14,Cosmetic
9600000.0,Некрасовка,14.0,1.0,39.0,2.0,23,Cosmetic
14300000.0,Солнцево,10.0,1.0,39.5,10.0,19,Designer
27900000.0,Преображенская площадь,8.0,1.0,51.0,13.0,18,Designer
49000000.0,Серпуховская,10.0,1.0,67.0,5.0,14,Designer
13400000.0,Фонвизинская,12.0,1.0,41.0,2.0,18,Cosmetic
11500000.0,Саларьево,19.0,1.0,40.0,12.0,22,Without renovation
11700000.0,Щелковская,15.0,1.0,38.2,17.0,17,European-style renovation
9500000.0,Царицыно,36.0,1.0,39.5,5.0,20,Without renovation
9500000.0,Войковская,9.0,1.0,34.4,1.0,12,Without renovation
38400000.0,Серпуховская,10.0,1.0,54.0,13.0,14,Without renovation
14150000.0,Октябрьское поле,22.0,1.0,35.5,20.0,25,Without renovation
12000000.0,Перерва,17.0,1.0,39.0,4.0,25,Cosmetic
20017003.0,ЗИЛ,11.0,1.0,46.0,4.0,43,Without renovation
9500000.0,Ботанический сад,20.0,1.0,31.3,17.0,17,Without renovation
11700000.0,Владыкино,19.0,1.0,41.1,10.0,12,European-style renovation
14700000.0,Новаторская,14.0,1.0,38.0,14.0,17,Cosmetic
19684003.0,ЗИЛ,11.0,1.0,45.9,4.0,43,Without renovation
11200000.0,Люблино,13.0,1.0,46.6,2.0,5,Cosmetic
17950000.0,Ленинский проспект,19.0,1.0,40.0,7.0,8,Cosmetic
12500000.0,Рассказовка,23.0,1.0,37.5,8.0,9,European-style renovation
24756003.0,ЗИЛ,12.0,1.0,46.1,8.0,22,Without renovation
27900000.0,Хорошёвская,11.0,1.0,45.0,6.0,24,European-style renovation
23918003.0,ЗИЛ,21.0,1.0,46.3,3.0,13,Without renovation
65100000.0,Алексеевская,13.0,1.0,155.0,16.0,18,Without renovation
16000000.0,Народное Ополчение,21.0,1.0,37.2,9.0,22,European-style renovation
14000000.0,Нижегородская,10.0,1.0,42.9,7.0,28,Without renovation
13000000.0,Домодедовская,18.0,1.0,39.7,14.0,25,Cosmetic
12800000.0,Кузьминки,5.0,1.0,40.0,11.0,24,Cosmetic
10800000.0,Перерва,17.0,1.0,35.3,21.0,25,European-style renovation
10100000.0,Новопеределкино,16.0,1.0,41.0,10.0,14,European-style renovation
13500000.0,Саларьево,19.0,1.0,36.9,4.0,22,Designer
9100000.0,Некрасовка,14.0,1.0,40.0,17.0,17,Cosmetic
19500000.0,Аминьевская,5.0,1.0,40.3,21.0,42,Designer
18760003.0,ЗИЛ,18.0,1.0,44.3,9.0,16,Without renovation
18430003.0,ЗИЛ,18.0,1.0,43.0,12.0,16,Without renovation
43000000.0,Охотный ряд,2.0,1.0,36.6,4.0,8,Cosmetic
9300000.0,Сетунь,24.0,1.0,38.9,12.0,12,Cosmetic
19693003.0,ЗИЛ,18.0,1.0,41.1,13.0,16,Without renovation
11800000.0,Тушинская,20.0,1.0,42.0,4.0,12,Cosmetic
13522003.0,Москворечье,18.0,1.0,35.4,42.0,52,Without renovation
10500000.0,Братиславская,4.0,1.0,39.2,2.0,14,Cosmetic
18500000.0,Шелепиха,22.0,1.0,34.4,25.0,36,European-style renovation
38000000.0,Комсомольская,8.0,1.0,49.7,9.0,22,Without renovation
12100000.0,Коммунарка,27.0,1.0,50.5,6.0,16,European-style renovation
8800000.0,Пятницкое шоссе,35.0,1.0,38.1,24.0,24,Without renovation
9500000.0,Алма-Атинская,13.0,1.0,39.2,1.0,14,European-style renovation
36700000.0,Чкаловская,9.0,1.0,59.0,3.0,10,Cosmetic
18300000.0,Курская,9.0,1.0,38.9,5.0,11,Without renovation
9350000.0,Бунинская Аллея,37.0,1.0,36.1,3.0,4,European-style renovation
13990000.0,Коньково,10.0,1.0,39.0,2.0,22,Designer
10700000.0,Ботанический сад,20.0,1.0,31.0,3.0,18,Cosmetic
9500000.0,Царицыно,21.0,1.0,38.0,6.0,17,Cosmetic
10800000.0,Селигерская,18.0,1.0,36.0,13.0,23,Without renovation
9900000.0,Бескудниково,12.0,1.0,39.0,10.0,17,European-style renovation
12500000.0,Братиславская,4.0,1.0,37.9,5.0,25,Cosmetic
13800000.0,Водный стадион,11.0,1.0,38.5,3.0,29,Without renovation
12400000.0,Ясенево,6.0,1.0,38.5,22.0,22,European-style renovation
8950000.0,Выхино,12.0,1.0,35.5,4.0,9,Cosmetic
11000000.0,Царицыно,10.0,1.0,39.0,3.0,12,Cosmetic
10500000.0,Стахановская,15.0,1.0,40.0,1.0,5,Cosmetic
13500000.0,Измайловская,27.0,1.0,41.8,6.0,14,European-style renovation
15000000.0,Румянцево,19.0,1.0,40.0,8.0,9,Designer
9500000.0,Бибирево,13.0,1.0,36.1,1.0,16,Cosmetic
20500000.0,Аминьевская,6.0,1.0,44.6,5.0,24,European-style renovation
30290000.0,Алексеевская,11.0,1.0,41.0,13.0,21,European-style renovation
13000000.0,Кожуховская,6.0,1.0,39.0,16.0,17,European-style renovation
22900000.0,Хорошево,23.0,1.0,36.7,13.0,27,Designer
14790000.0,Минская,15.0,1.0,40.6,2.0,9,Cosmetic
30000000.0,Тульская,3.0,1.0,46.4,8.0,12,Designer
10890000.0,Прокшино,12.0,1.0,39.8,10.0,16,Without renovation
12200000.0,Братиславская,15.0,1.0,38.8,13.0,22,European-style renovation
14200000.0,Площадь Ильича,10.0,1.0,34.3,2.0,10,Cosmetic
14000000.0,Водный стадион,11.0,1.0,35.0,7.0,29,Without renovation
8800000.0,Бунинская Аллея,25.0,1.0,35.1,1.0,3,Cosmetic
8250000.0,Бунинская Аллея,27.0,1.0,40.8,9.0,16,Without renovation
14990000.0,Октябрьское поле,18.0,1.0,37.3,20.0,22,Without renovation
7000000.0,Улица Дмитриевского,31.0,1.0,20.0,21.0,25,European-style renovation
32500000.0,Давыдково,23.0,1.0,46.2,9.0,25,Designer
30000000.0,Улица 1905 года,13.0,1.0,56.0,13.0,17,European-style renovation
7200000.0,Силикатная,30.0,1.0,35.4,10.0,15,Without renovation
11700000.0,Братиславская,15.0,1.0,38.7,14.0,22,Cosmetic
17500000.0,Алексеевская,15.0,1.0,43.4,24.0,35,Without renovation
16495000.0,Юго-Западная,19.0,1.0,44.5,1.0,25,European-style renovation
14300000.0,Воронцовская,18.0,1.0,41.6,4.0,12,European-style renovation
15450000.0,Селигерская,18.0,1.0,38.0,14.0,23,Designer
11250000.0,Марьино,7.0,1.0,41.6,6.0,14,Without renovation
15200000.0,Озёрная,15.0,1.0,50.3,5.0,14,European-style renovation
9350000.0,Сетунь,14.0,1.0,36.0,4.0,12,Cosmetic
10000000.0,Бунинская Аллея,24.0,1.0,42.0,15.0,17,European-style renovation
31500000.0,Раменки,13.0,1.0,54.7,6.0,28,Without renovation
16700000.0,Беляево,19.0,1.0,42.7,6.0,20,European-style renovation
12300000.0,Юго-Западная,19.0,1.0,34.5,3.0,16,Cosmetic
17950000.0,Селигерская,10.0,1.0,43.2,13.0,38,Designer
10500000.0,Кленовый бульвар,24.0,1.0,34.0,2.0,14,Without renovation
9900000.0,Бибирево,10.0,1.0,35.0,19.0,20,European-style renovation
13500000.0,Калитники,17.0,1.0,44.0,4.0,24,European-style renovation
12000000.0,Новокосино,13.0,1.0,38.0,12.0,14,Cosmetic
9800000.0,Шипиловская,11.0,1.0,38.0,7.0,12,Without renovation
22490000.0,Динамо,8.0,1.0,46.2,3.0,6,Designer
10500000.0,Текстильщики,16.0,1.0,36.6,12.0,12,Cosmetic
13871003.0,Москворечье,18.0,1.0,37.0,16.0,52,Without renovation
13799000.0,Тимирязевская,12.0,1.0,41.0,6.0,16,Cosmetic
14334003.0,Москворечье,18.0,1.0,37.0,28.0,52,Without renovation
10800000.0,Домодедовская,18.0,1.0,35.0,11.0,12,European-style renovation
13600000.0,Улица Скобелевская,17.0,1.0,38.6,16.0,26,Designer
12000000.0,Улица Скобелевская,16.0,1.0,47.3,7.0,34,Cosmetic
26500000.0,Профсоюзная,13.0,1.0,61.6,5.0,22,Without renovation
11200000.0,Спартак,7.0,1.0,40.0,13.0,22,Without renovation
11300000.0,Молодежная,21.0,1.0,36.5,8.0,9,Cosmetic
10300000.0,Новодачная,20.0,1.0,40.0,12.0,19,Cosmetic
28000000.0,Серпуховская,5.0,1.0,40.0,6.0,8,European-style renovation
7505000.0,Коммунарка,54.0,1.0,31.3,2.0,16,Without renovation
14100000.0,Тропарево,25.0,1.0,39.4,6.0,7,European-style renovation
22999999.0,Маяковская,2.0,1.0,35.0,2.0,8,Designer
11580000.0,Дегунино,11.0,1.0,38.8,5.0,14,European-style renovation
10900000.0,Рязанский проспект,8.0,1.0,35.0,12.0,12,European-style renovation
15800000.0,Нижегородская,7.0,1.0,42.1,7.0,25,Designer
10500000.0,Пражская,19.0,1.0,39.0,9.0,16,Cosmetic
15000000.0,Отрадное,19.0,1.0,44.3,9.0,23,European-style renovation
13500000.0,Нижегородская,10.0,1.0,43.5,21.0,28,Without renovation
13550000.0,Кантемировская,8.0,1.0,51.2,1.0,14,European-style renovation
12450000.0,Рассказовка,26.0,1.0,40.0,17.0,17,European-style renovation
9250000.0,Саларьево,26.0,1.0,35.0,2.0,22,Without renovation
15950000.0,Говорово,6.0,1.0,46.3,5.0,25,European-style renovation
12300000.0,Улица Дмитриевского,5.0,1.0,50.0,9.0,17,Cosmetic
12500000.0,Тропарево,7.0,1.0,34.2,13.0,22,Cosmetic
26500000.0,ЦСКА,14.0,1.0,53.4,3.0,26,Designer
13500000.0,Рассказовка,10.0,1.0,40.3,8.0,20,Designer
16000000.0,Селигерская,13.0,1.0,37.1,34.0,45,Designer
8990000.0,Бутово,9.0,1.0,38.0,15.0,16,European-style renovation
15000000.0,Нахимовский проспект,2.0,2.0,44.3,12.0,12,Designer
15800000.0,Лухмановская,26.0,2.0,61.2,19.0,24,Cosmetic
13500000.0,Бульвар Дмитрия Донского,7.0,2.0,51.0,7.0,17,European-style renovation
55000000.0,Пролетарская,12.0,2.0,102.1,2.0,18,Designer
14800000.0,Медведково,7.0,2.0,47.0,10.0,12,European-style renovation
19100000.0,Давыдково,16.0,2.0,60.9,9.0,17,European-style renovation
14500000.0,Первомайская,14.0,2.0,51.0,4.0,5,European-style renovation
17500000.0,Варшавская,3.0,2.0,58.5,3.0,8,Cosmetic
10200000.0,Остафьево,16.0,2.0,68.2,2.0,21,Without renovation
23500000.0,Минская,60.0,2.0,44.9,5.0,14,Without renovation
29000000.0,Авиамоторная,17.0,2.0,82.0,19.0,24,Without renovation
15490000.0,Щербинка,11.0,2.0,63.0,14.0,15,Cosmetic
11900000.0,Остафьево,14.0,2.0,63.3,3.0,18,Cosmetic
12100000.0,Сходненская,13.0,2.0,45.0,1.0,9,Cosmetic
14000000.0,Новаторская,15.0,2.0,40.2,9.0,9,European-style renovation
16700000.0,Коммунарка,23.0,2.0,79.8,3.0,12,European-style renovation
32900000.0,Беговая,4.0,2.0,92.0,23.0,32,Designer
20500000.0,Сухаревская,11.0,2.0,52.0,12.0,12,European-style renovation
16000000.0,Покровское,27.0,2.0,55.0,9.0,15,European-style renovation
13900000.0,Некрасовка,12.0,2.0,58.3,7.0,25,Cosmetic
16500000.0,Молодежная,14.0,2.0,55.0,7.0,22,Cosmetic
12290000.0,Селигерская,18.0,2.0,55.9,17.0,17,European-style renovation
18800000.0,Аминьевская,6.0,2.0,56.0,24.0,29,Without renovation
14800000.0,Сетунь,27.0,2.0,53.0,12.0,12,Cosmetic
26800000.0,Аминьевская,11.0,2.0,56.4,8.0,37,European-style renovation
47300000.0,Павелецкая,13.0,2.0,71.5,2.0,10,Designer
11300000.0,Измайловская,6.0,2.0,44.2,4.0,5,Cosmetic
13700000.0,Бунинская Аллея,22.0,2.0,56.7,12.0,16,Cosmetic
13900000.0,Дегунино,5.0,2.0,44.3,8.0,9,European-style renovation
12000000.0,Пыхтино,18.0,2.0,51.4,10.0,15,Designer
11500000.0,Силикатная,27.0,2.0,51.2,6.0,15,European-style renovation
21000000.0,Достоевская,6.0,2.0,57.5,1.0,5,Cosmetic
12700000.0,Прокшино,24.0,2.0,48.9,7.0,9,Cosmetic
27000000.0,Технопарк,15.0,2.0,67.0,6.0,14,European-style renovation
16800000.0,Савеловская,6.0,2.0,47.0,4.0,9,Cosmetic
13740000.0,Бауманская,14.0,2.0,31.0,1.0,3,Designer
21900000.0,Ботанический сад,10.0,2.0,54.6,3.0,20,European-style renovation
28500000.0,Фили,17.0,2.0,48.0,12.0,21,Designer
17000000.0,Шаболовская,6.0,2.0,41.0,2.0,5,Designer
16000000.0,Коммунарка,23.0,2.0,79.0,2.0,12,Designer
43760000.0,Чеховская,3.0,2.0,54.7,5.0,6,Designer
15300000.0,Лесопарковая,9.0,2.0,50.4,7.0,23,European-style renovation
16500000.0,Багратионовская,9.0,2.0,50.3,14.0,17,Cosmetic
31000000.0,Университет,15.0,2.0,56.0,7.0,9,Designer
14890000.0,Румянцево,19.0,2.0,40.0,3.0,9,Designer
11800000.0,Народное Ополчение,9.0,2.0,36.6,9.0,9,Cosmetic
23000000.0,Хорошево,12.0,2.0,54.2,20.0,21,Designer
243268750.0,Воробьёвы горы,15.0,2.0,123.0,2.0,6,Designer
144159750.0,Охотный ряд,7.0,2.0,90.0,2.0,5,Without renovation
26000000.0,Речной вокзал,22.0,2.0,80.0,16.0,28,Designer
10300000.0,Кузьминки,19.0,2.0,44.9,1.0,5,Cosmetic
28279000.0,Тушинская,12.0,2.0,61.7,5.0,21,European-style renovation
28499000.0,Беломорская,4.0,2.0,72.1,5.0,35,European-style renovation
15500000.0,Первомайская,14.0,2.0,56.0,5.0,5,European-style renovation
20500000.0,Нахимовский проспект,10.0,2.0,49.3,9.0,14,European-style renovation
12000000.0,Варшавская,6.0,2.0,43.4,1.0,8,Cosmetic
19500000.0,Давыдково,16.0,2.0,63.0,2.0,17,European-style renovation
19900000.0,Давыдково,16.0,2.0,60.9,9.0,17,European-style renovation
23500000.0,Университет,15.0,2.0,54.2,8.0,9,European-style renovation
11000000.0,Новодачная,31.0,2.0,38.0,1.0,2,Cosmetic
13800000.0,Дмитровская,9.0,2.0,44.0,3.0,8,Cosmetic
29999000.0,Бауманская,8.0,2.0,75.2,4.0,5,Designer
36000000.0,Нагатинский Затон,20.0,2.0,65.0,15.0,16,Designer
16150000.0,Строгино,20.0,2.0,54.0,7.0,16,Cosmetic
14700000.0,Депо,18.0,2.0,56.2,3.0,17,European-style renovation
14200000.0,Щукинская,5.0,2.0,46.6,2.0,5,Cosmetic
14700000.0,Верхние Лихоборы,4.0,2.0,53.9,8.0,12,Cosmetic
12800000.0,Новогиреево,6.0,2.0,50.0,7.0,12,Cosmetic
35500000.0,Измайловская,10.0,2.0,76.3,9.0,28,European-style renovation
10900000.0,Новогиреево,21.0,2.0,38.3,2.0,14,Cosmetic
17750000.0,Аннино,6.0,2.0,55.0,4.0,25,European-style renovation
13940000.0,Саларьево,10.0,2.0,43.1,5.0,25,Cosmetic
28000000.0,ЦСКА,12.0,2.0,73.5,8.0,22,European-style renovation
17800000.0,Селигерская,9.0,2.0,62.0,10.0,17,Cosmetic
11999900.0,Сетунь,18.0,2.0,41.0,5.0,16,Cosmetic
13550000.0,Перово,16.0,2.0,51.0,1.0,17,Cosmetic
35500000.0,Динамо,9.0,2.0,66.1,11.0,19,Without renovation
16300000.0,Фонвизинская,14.0,2.0,56.0,5.0,5,European-style renovation
18200000.0,Бабушкинская,23.0,2.0,64.0,8.0,19,European-style renovation
32500000.0,Автозаводская,21.0,2.0,68.7,4.0,32,Without renovation
15500000.0,Пыхтино,21.0,2.0,57.8,4.0,25,Cosmetic
15450000.0,Коптево,15.0,2.0,66.2,2.0,5,Cosmetic
52000000.0,Улица 1905 года,12.0,2.0,69.3,42.0,44,Designer
35000000.0,Улица 1905 года,12.0,2.0,50.0,2.0,44,Designer
37200000.0,Тропарево,13.0,2.0,53.5,21.0,33,Designer
13200000.0,Царицыно,18.0,2.0,44.0,3.0,5,Cosmetic
19800000.0,Новоясеневская,12.0,2.0,58.0,12.0,22,European-style renovation
14500000.0,Силикатная,13.0,2.0,85.0,2.0,10,European-style renovation
10580000.0,Кузьминки,26.0,2.0,45.6,5.0,5,Cosmetic
11950000.0,Крымская,15.0,2.0,41.5,4.0,5,Without renovation
14500000.0,Алтуфьево,9.0,2.0,53.6,5.0,16,Designer
18500000.0,Динамо,14.0,2.0,54.2,3.0,8,Cosmetic
65000000.0,Университет,5.0,2.0,93.2,2.0,19,Designer
10800000.0,Остафьево,16.0,2.0,70.4,3.0,21,Cosmetic
8383500.0,Братиславская,16.0,2.0,47.9,9.0,9,Cosmetic
18900000.0,Беговая,4.0,2.0,40.0,14.0,32,European-style renovation
30999000.0,Университет,15.0,2.0,56.0,7.0,9,Designer
24500000.0,Алексеевская,11.0,2.0,45.4,9.0,21,Designer
14500000.0,Некрасовка,17.0,2.0,62.0,14.0,23,European-style renovation
13500000.0,Зябликово,8.0,2.0,45.0,9.0,9,Designer
16750000.0,Сетунь,22.0,2.0,58.8,19.0,22,European-style renovation
26000000.0,Аминьевская,31.0,2.0,40.0,18.0,27,Designer
24400000.0,Нагорная,4.0,2.0,48.8,18.0,27,European-style renovation
15950000.0,Октябрьское поле,19.0,2.0,48.0,3.0,24,European-style renovation
13500000.0,Шоссе Энтузиастов,19.0,2.0,46.0,9.0,12,Cosmetic
13750000.0,Коньково,5.0,2.0,44.0,3.0,9,Cosmetic
13500000.0,Профсоюзная,11.0,2.0,37.6,2.0,9,Cosmetic
10300000.0,Прокшино,22.0,2.0,39.7,7.0,15,Without renovation
13300000.0,Зябликово,15.0,2.0,51.0,15.0,17,Cosmetic
24700000.0,Беляево,4.0,2.0,66.0,22.0,23,European-style renovation
14700000.0,Прокшино,23.0,2.0,46.7,7.0,12,European-style renovation
13990000.0,Народное Ополчение,12.0,2.0,45.0,3.0,12,Without renovation
14800000.0,Отрадное,12.0,2.0,55.0,11.0,12,Cosmetic
12500000.0,Говорово,10.0,2.0,52.4,1.0,5,Without renovation
16400000.0,Отрадное,11.0,2.0,54.0,8.0,12,Cosmetic
38700000.0,Павелецкая,2.0,2.0,66.0,6.0,15,Cosmetic
17800000.0,Академическая,12.0,2.0,44.6,3.0,8,European-style renovation
13850000.0,Бульвар Рокоссовского,2.0,2.0,44.9,3.0,5,Without renovation
22500000.0,Авиамоторная,14.0,2.0,57.0,18.0,27,Without renovation
22000000.0,Юго-Западная,13.0,2.0,55.0,4.0,17,Designer
40650000.0,Зорге,12.0,2.0,70.4,16.0,22,Designer
13157000.0,Профсоюзная,22.0,2.0,42.2,4.0,5,Cosmetic
15060000.0,Улица Академика Янгеля,10.0,2.0,57.6,8.0,24,Cosmetic
25800000.0,Автозаводская,4.0,2.0,52.4,7.0,16,Designer
19650000.0,Бауманская,14.0,2.0,45.0,1.0,3,Designer
11158100.0,Некрасовка,19.0,2.0,63.8,9.0,25,Cosmetic
12135840.0,Некрасовка,19.0,2.0,66.8,23.0,25,Cosmetic
10941180.0,Некрасовка,19.0,2.0,63.8,4.0,25,Cosmetic
13224680.0,Некрасовка,19.0,2.0,66.8,24.0,25,Cosmetic
22850000.0,Белорусская,3.0,2.0,46.0,4.0,11,European-style renovation
11800000.0,Бульвар Рокоссовского,32.0,2.0,44.6,4.0,9,Without renovation
11499000.0,Солнцево,21.0,2.0,53.0,2.0,14,Cosmetic
16900000.0,Павшино,17.0,2.0,50.0,18.0,25,Cosmetic
11700000.0,Коммунарка,39.0,2.0,54.5,9.0,17,Cosmetic
29900000.0,Китай-город,11.0,2.0,59.5,1.0,4,Cosmetic
19700000.0,Давыдково,16.0,2.0,60.5,9.0,17,European-style renovation
20450000.0,Маяковская,6.0,2.0,53.5,10.0,12,Without renovation
28490000.0,Раменки,13.0,2.0,59.6,25.0,28,Without renovation
12500000.0,Сетунь,23.0,2.0,52.1,6.0,12,Cosmetic
15500000.0,Говорово,6.0,2.0,46.1,24.0,26,Designer
15000000.0,Кузьминки,17.0,2.0,52.4,2.0,12,Designer
10500000.0,Щелковская,21.0,2.0,39.0,7.0,12,Cosmetic
18500000.0,Прокшино,29.0,2.0,69.8,2.0,15,Designer
28200000.0,Нагатинский Затон,20.0,2.0,54.0,3.0,18,Designer
29300000.0,Дмитровская,11.0,2.0,68.0,10.0,20,European-style renovation
12400000.0,Хорошёвская,11.0,2.0,46.1,8.0,23,Without renovation
24000000.0,Спартак,12.0,2.0,71.0,8.0,26,Without renovation
12990000.0,Отрадное,18.0,2.0,45.8,11.0,12,Cosmetic
12600000.0,Бибирево,18.0,2.0,51.0,2.0,12,Cosmetic
25500000.0,Ленинский проспект,19.0,2.0,60.0,6.0,8,Designer
15900000.0,Ольховая,20.0,2.0,65.7,5.0,17,European-style renovation
10990000.0,Люблино,3.0,2.0,41.2,13.0,14,European-style renovation
57000000.0,Китай-город,5.0,2.0,50.4,3.0,3,European-style renovation
42000000.0,Ростокино,14.0,2.0,128.5,18.0,58,European-style renovation
18600000.0,Измайлово,12.0,2.0,64.9,12.0,24,Cosmetic
19800000.0,Давыдково,19.0,2.0,62.8,15.0,16,Designer
13900000.0,Аминьевская,19.0,2.0,45.6,2.0,5,Cosmetic
12000000.0,Текстильщики,7.0,2.0,48.7,3.0,4,Cosmetic
11800000.0,Народное Ополчение,9.0,2.0,36.6,9.0,9,Cosmetic
10500000.0,Шипиловская,9.0,2.0,51.3,5.0,12,Without renovation
15400000.0,Кузьминки,12.0,2.0,58.1,7.0,16,European-style renovation
8500000.0,ЗИЛ,14.0,2.0,39.5,2.0,5,European-style renovation
25900000.0,Кантемировская,15.0,2.0,69.0,10.0,20,European-style renovation
12800000.0,Дегунино,8.0,2.0,44.0,4.0,9,European-style renovation
10800000.0,Бунинская Аллея,30.0,2.0,50.4,1.0,4,Without renovation
17700000.0,Медведково,21.0,2.0,52.0,2.0,14,European-style renovation
17800000.0,Щелковская,17.0,2.0,53.1,6.0,6,European-style renovation
14100000.0,Дегунино,8.0,2.0,45.0,6.0,9,European-style renovation
16000000.0,Сходненская,15.0,2.0,44.0,3.0,5,Designer
16000000.0,Ясенево,11.0,2.0,63.0,12.0,22,Cosmetic
16000000.0,Академическая,5.0,2.0,37.0,8.0,8,Cosmetic
22300000.0,Киевская,12.0,2.0,55.4,6.0,9,European-style renovation
15200000.0,Пролетарская,14.0,2.0,44.3,12.0,14,European-style renovation
15300000.0,Люблино,13.0,2.0,45.0,9.0,9,Designer
13220000.0,Теплый Стан,18.0,2.0,51.4,8.0,12,European-style renovation
18450000.0,Физтех,12.0,2.0,60.0,11.0,17,European-style renovation
18000000.0,Народное Ополчение,11.0,2.0,45.3,6.0,17,European-style renovation
35700000.0,Панфиловская,6.0,2.0,72.0,4.0,18,European-style renovation
20600000.0,Народное Ополчение,24.0,2.0,53.3,11.0,49,Without renovation
13900000.0,ВДНХ,14.0,2.0,41.3,7.0,9,Cosmetic
25000000.0,Лефортово,6.0,2.0,51.1,11.0,17,European-style renovation
27500000.0,Тропарево,4.0,2.0,66.1,7.0,29,European-style renovation
9000000.0,Белокаменная,21.0,2.0,37.5,1.0,9,Cosmetic
12700000.0,Новодачная,26.0,2.0,50.8,9.0,17,Cosmetic
13800000.0,Покровское,32.0,2.0,62.0,13.0,18,Without renovation
11611080.0,Некрасовка,19.0,2.0,63.8,23.0,25,Cosmetic
20000000.0,Раменки,9.0,2.0,53.1,8.0,17,Without renovation
19000000.0,Говорово,8.0,2.0,64.4,2.0,25,European-style renovation
43000000.0,Международная,2.0,2.0,86.4,13.0,88,Designer
14500000.0,Давыдково,6.0,2.0,43.6,4.0,5,Cosmetic
16200000.0,Саларьево,12.0,2.0,52.0,16.0,25,Designer
14100000.0,Каширская,15.0,2.0,47.2,8.0,9,European-style renovation
20900000.0,Аэропорт,12.0,2.0,49.0,2.0,12,European-style renovation
17500000.0,Локомотив,22.0,2.0,59.2,2.0,17,Cosmetic
14950000.0,Саларьево,23.0,2.0,53.7,10.0,24,Cosmetic
9950000.0,Некрасовка,18.0,2.0,52.2,15.0,18,Without renovation
29590000.0,Таганская,7.0,2.0,73.3,2.0,12,European-style renovation
37500000.0,Новокузнецкая,8.0,2.0,42.0,3.0,5,Without renovation
10500000.0,Отрадное,15.0,2.0,44.4,1.0,9,Cosmetic
13400000.0,Прокшино,10.0,2.0,53.0,17.0,20,Without renovation
44334000.0,Серпуховская,6.0,2.0,82.1,3.0,15,Without renovation
15000000.0,Кунцевская,19.0,2.0,59.1,2.0,5,European-style renovation
20980000.0,Нижегородская,8.0,2.0,67.7,3.0,25,Without renovation
35000000.0,Комсомольская,8.0,2.0,37.0,9.0,22,European-style renovation
16700000.0,Коммунарка,23.0,2.0,77.6,3.0,12,Cosmetic
25800000.0,Римская,8.0,2.0,64.0,6.0,16,Designer
25400000.0,Красные ворота,8.0,2.0,50.3,2.0,7,Without renovation
9750000.0,Бульвар Рокоссовского,21.0,2.0,45.0,1.0,9,Without renovation
38000000.0,Новокузнецкая,10.0,2.0,55.0,2.0,5,Designer
12800000.0,Новодачная,17.0,2.0,52.0,17.0,17,Cosmetic
12300000.0,Некрасовка,14.0,2.0,60.0,13.0,17,Cosmetic
13000000.0,Медведково,5.0,2.0,38.0,5.0,14,European-style renovation
17990000.0,Аннино,6.0,2.0,55.0,4.0,25,European-style renovation
14000000.0,Озёрная,9.0,2.0,43.7,5.0,5,Without renovation
25500000.0,Хорошёвская,6.0,2.0,54.9,11.0,24,Without renovation
31750000.0,Марьина Роща,6.0,2.0,69.8,4.0,6,Without renovation
23990000.0,Менделеевская,6.0,2.0,58.8,3.0,4,European-style renovation
11800000.0,Тушинская,20.0,2.0,48.8,2.0,4,Cosmetic
22000000.0,Дубровка,7.0,2.0,68.0,6.0,8,Cosmetic
16300000.0,Полежаевская,6.0,2.0,43.0,4.0,8,Cosmetic
14890000.0,Румянцево,19.0,2.0,39.0,3.0,9,Designer
13100000.0,Народное Ополчение,22.0,2.0,48.0,2.0,16,Cosmetic
12500000.0,Кантемировская,10.0,2.0,38.0,7.0,9,Cosmetic
22300000.0,Говорово,6.0,2.0,68.6,19.0,26,Cosmetic
27000000.0,ЗИЛ,19.0,2.0,49.3,7.0,14,Designer
19000000.0,Смоленская,7.0,2.0,26.9,2.0,4,European-style renovation
14800000.0,Некрасовка,19.0,2.0,61.0,5.0,17,Designer
15300000.0,Дубровка,14.0,2.0,48.0,7.0,8,Cosmetic
24000000.0,Красные ворота,9.0,2.0,61.0,3.0,10,Cosmetic
16200000.0,Профсоюзная,2.0,2.0,44.0,4.0,8,European-style renovation
39000000.0,Павелецкая,2.0,2.0,66.0,6.0,15,Cosmetic
16700000.0,Коньково,15.0,2.0,48.4,2.0,9,European-style renovation
16450000.0,Строгино,12.0,2.0,52.2,8.0,12,Cosmetic
21900000.0,Преображенская площадь,24.0,2.0,61.5,16.0,17,Without renovation
13500000.0,Перово,19.0,2.0,55.2,3.0,12,Cosmetic
15777000.0,Рабочий Посёлок,11.0,2.0,54.0,14.0,14,European-style renovation
10300000.0,Коптево,22.0,2.0,40.9,9.0,9,Cosmetic
16900000.0,Стрешнево,4.0,2.0,56.3,23.0,28,Designer
16700000.0,Стрешнево,4.0,2.0,56.2,15.0,28,Designer
18500000.0,Юго-Западная,13.0,2.0,58.8,2.0,16,European-style renovation
18000000.0,Селигерская,9.0,2.0,64.0,11.0,17,Without renovation
27000000.0,Киевская,5.0,2.0,51.0,1.0,5,European-style renovation
12000000.0,Некрасовка,9.0,2.0,51.3,7.0,17,Cosmetic
31000000.0,Бутырская,3.0,2.0,73.4,6.0,7,Designer
12700000.0,Покровское,31.0,2.0,44.5,13.0,18,Designer
17500000.0,Марьина Роща,1.0,2.0,56.0,1.0,5,European-style renovation
24800000.0,Медведково,12.0,2.0,104.0,5.0,25,Designer
18500000.0,Коптево,6.0,2.0,56.7,1.0,5,Designer
20500000.0,Марксистская,14.0,2.0,45.8,4.0,12,European-style renovation
25182794.0,Фили,18.0,2.0,77.3,8.0,28,Without renovation
19900000.0,Зюзино,14.0,2.0,56.0,16.0,22,Cosmetic
17700000.0,Отрадное,8.0,2.0,60.9,13.0,17,European-style renovation
23500000.0,Народное Ополчение,13.0,2.0,58.0,22.0,24,Designer
11000000.0,Выхино,20.0,2.0,44.6,6.0,9,European-style renovation
16950000.0,Коммунарка,23.0,2.0,77.6,3.0,12,European-style renovation
16300000.0,Лефортово,10.0,2.0,57.4,5.0,5,European-style renovation
21900000.0,Академическая,7.0,2.0,62.7,7.0,9,Cosmetic
11500000.0,Депо,9.0,2.0,43.9,2.0,9,Without renovation
12500000.0,Ольховая,26.0,2.0,53.0,18.0,23,Without renovation
13900000.0,Коломенская,14.0,2.0,44.4,6.0,9,European-style renovation
32500000.0,Технопарк,14.0,2.0,60.1,4.0,15,Without renovation
75000000.0,Международная,6.0,2.0,91.5,19.0,77,Designer
20990000.0,Комсомольская,4.0,2.0,55.1,5.0,9,European-style renovation
13500000.0,Орехово,3.0,2.0,51.0,6.0,17,Cosmetic
27000000.0,Аминьевская,15.0,2.0,72.0,36.0,41,Without renovation
16500000.0,Университет,18.0,2.0,52.0,1.0,14,Cosmetic
9700000.0,Новогиреево,32.0,2.0,45.0,7.0,9,Cosmetic
31500000.0,Фили,18.0,2.0,67.8,26.0,28,Designer
18800000.0,Нахимовский проспект,13.0,2.0,51.0,4.0,17,Cosmetic
16950000.0,Перово,22.0,2.0,53.7,17.0,17,Cosmetic
15000000.0,Москва-Товарная,14.0,2.0,50.3,9.0,16,Cosmetic
13400000.0,Спартак,7.0,2.0,55.7,7.0,22,Without renovation
14300000.0,Коммунарка,14.0,2.0,54.7,3.0,15,European-style renovation
21000000.0,Фрунзенская,9.0,2.0,44.8,4.0,5,European-style renovation
11900000.0,Домодедовская,21.0,2.0,46.0,5.0,9,Cosmetic
23000000.0,Бунинская Аллея,12.0,2.0,64.7,7.0,13,European-style renovation
14300000.0,Нагорная,21.0,2.0,59.2,7.0,8,Cosmetic
18000000.0,Бескудниково,30.0,2.0,60.0,3.0,14,European-style renovation
12200000.0,Сетунь,24.0,2.0,39.5,8.0,12,European-style renovation
15950000.0,Локомотив,16.0,2.0,47.3,23.0,33,European-style renovation
15100000.0,Ботанический сад,11.0,2.0,46.0,7.0,9,Without renovation
37600200.0,Павелецкая,7.0,2.0,89.1,9.0,14,Without renovation
24900000.0,Нижегородская,9.0,2.0,64.2,11.0,25,European-style renovation
17400000.0,Отрадное,14.0,2.0,59.6,9.0,17,Cosmetic
57000000.0,Китай-город,5.0,2.0,51.1,3.0,3,European-style renovation
21500000.0,Серпуховская,12.0,2.0,52.0,10.0,10,Cosmetic
16890000.0,Кунцевская,8.0,2.0,65.6,10.0,29,Without renovation
20200000.0,Шаболовская,7.0,2.0,49.5,3.0,5,Cosmetic
16000000.0,Кузьминки,14.0,2.0,53.4,13.0,18,Cosmetic
15100000.0,Тушинская,23.0,2.0,68.0,5.0,5,Cosmetic
16100000.0,Давыдково,4.0,2.0,44.9,5.0,6,Cosmetic
26900000.0,Кутузовская,5.0,2.0,71.0,4.0,9,European-style renovation
13800000.0,Прокшино,13.0,2.0,53.5,9.0,18,Without renovation
16490000.0,Минская,36.0,2.0,53.0,18.0,23,European-style renovation
37000000.0,Новаторская,5.0,2.0,79.0,27.0,33,Without renovation
19800000.0,Молодежная,12.0,2.0,61.0,11.0,25,European-style renovation
50000000.0,Арбатская,9.0,2.0,58.0,13.0,26,Designer
11600000.0,Прокшино,25.0,2.0,46.7,1.0,9,European-style renovation
15499000.0,Беломорская,19.0,2.0,55.0,2.0,16,Cosmetic
11300000.0,Шипиловская,6.0,2.0,44.4,9.0,9,Cosmetic
42818000.0,Чеховская,3.0,2.0,54.2,5.0,6,Designer
14300000.0,Тульская,21.0,2.0,45.0,9.0,9,European-style renovation
19990000.0,Дубровка,3.0,2.0,62.3,4.0,8,Cosmetic
11000000.0,Новогиреево,13.0,2.0,50.0,13.0,14,Cosmetic
12900000.0,Коммунарка,26.0,2.0,46.4,5.0,16,Cosmetic
11500000.0,Братиславская,17.0,2.0,42.1,16.0,25,Cosmetic
12217180.0,Некрасовка,19.0,2.0,63.8,18.0,25,Cosmetic
34700000.0,Зюзино,12.0,2.0,97.3,20.0,23,Without renovation
18300000.0,Марьина Роща,5.0,2.0,47.3,12.0,16,Without renovation
11500000.0,Локомотив,18.0,2.0,40.6,3.0,39,Without renovation
26000000.0,Волоколамская,11.0,2.0,80.0,6.0,25,Designer
25000000.0,Марьина Роща,6.0,2.0,58.8,7.0,17,European-style renovation
21600000.0,Тульская,15.0,2.0,63.0,6.0,10,Cosmetic
40000000.0,Смоленская,7.0,2.0,57.0,10.0,10,European-style renovation
15200000.0,Москворечье,16.0,2.0,58.0,14.0,17,Cosmetic
13990000.0,Бунинская Аллея,4.0,2.0,54.1,14.0,17,Cosmetic
24385688.0,Панфиловская,5.0,2.0,68.8,5.0,11,European-style renovation
25205251.0,Панфиловская,5.0,2.0,70.3,7.0,11,European-style renovation
24704482.0,Панфиловская,5.0,2.0,68.4,8.0,11,European-style renovation
23732826.0,Панфиловская,5.0,2.0,65.8,7.0,11,European-style renovation
23083671.0,Панфиловская,5.0,2.0,71.1,5.0,11,European-style renovation
24764624.0,Панфиловская,5.0,2.0,71.9,2.0,11,European-style renovation
23865788.0,Панфиловская,5.0,2.0,66.0,8.0,11,European-style renovation
25197533.0,Панфиловская,5.0,2.0,70.8,6.0,11,European-style renovation
25465676.0,Панфиловская,5.0,2.0,72.2,4.0,11,European-style renovation
24562806.0,Панфиловская,5.0,2.0,71.2,2.0,11,European-style renovation
22261810.0,Панфиловская,5.0,2.0,60.8,9.0,11,European-style renovation
23915074.0,Панфиловская,5.0,2.0,66.6,7.0,11,European-style renovation
21943912.0,Панфиловская,5.0,2.0,60.0,8.0,11,European-style renovation
24432306.0,Панфиловская,5.0,2.0,67.1,8.0,11,European-style renovation
52848598.0,Панфиловская,5.0,2.0,180.7,4.0,11,Without renovation
24315325.0,Панфиловская,5.0,2.0,71.3,2.0,11,European-style renovation
19499000.0,Лефортово,7.0,2.0,52.3,9.0,14,Cosmetic
22800000.0,Тропарево,13.0,2.0,66.0,11.0,18,European-style renovation
27900000.0,Шелепиха,13.0,2.0,59.0,23.0,53,European-style renovation
18100000.0,Ясенево,10.0,2.0,54.0,3.0,16,Designer
33500000.0,Щукинская,10.0,2.0,52.9,24.0,33,European-style renovation
20100000.0,Молодежная,13.0,2.0,52.8,8.0,11,Cosmetic
16700000.0,Кузьминки,20.0,2.0,55.0,16.0,17,Cosmetic
18700000.0,Перерва,15.0,2.0,71.8,16.0,25,Designer
19300000.0,Калитники,17.0,2.0,73.2,16.0,24,European-style renovation
11450000.0,Бульвар Рокоссовского,33.0,2.0,41.0,5.0,5,Cosmetic
13500000.0,Народное Ополчение,11.0,2.0,44.0,8.0,9,Cosmetic
26000000.0,Селигерская,16.0,2.0,58.8,22.0,44,Without renovation
45000000.0,Панфиловская,15.0,2.0,112.2,3.0,30,European-style renovation
14500000.0,Курьяново,8.0,2.0,53.4,9.0,32,Cosmetic
28990000.0,Севастопольская,2.0,2.0,97.2,2.0,24,European-style renovation
25995815.0,Панфиловская,5.0,2.0,73.2,6.0,11,European-style renovation
23772016.0,Панфиловская,5.0,2.0,73.3,5.0,11,European-style renovation
25966156.0,Панфиловская,5.0,2.0,74.2,4.0,11,European-style renovation
23373011.0,Панфиловская,5.0,2.0,73.7,2.0,11,European-style renovation
26144944.0,Панфиловская,5.0,2.0,74.8,3.0,11,European-style renovation
25401641.0,Панфиловская,5.0,2.0,71.3,6.0,11,European-style renovation
25907218.0,Панфиловская,5.0,2.0,73.9,3.0,11,European-style renovation
25315448.0,Панфиловская,5.0,2.0,72.9,2.0,11,European-style renovation
23479840.0,Панфиловская,5.0,2.0,66.3,5.0,11,European-style renovation
23366966.0,Панфиловская,5.0,2.0,64.1,7.0,11,European-style renovation
22453720.0,Панфиловская,5.0,2.0,61.6,6.0,11,European-style renovation
21319625.0,Панфиловская,5.0,2.0,59.6,4.0,11,European-style renovation
24667630.0,Панфиловская,5.0,2.0,67.8,7.0,11,European-style renovation
24572358.0,Панфиловская,5.0,2.0,67.5,5.0,11,European-style renovation
21996122.0,Панфиловская,5.0,2.0,62.9,3.0,11,European-style renovation
21000000.0,Отрадное,12.0,2.0,57.9,15.0,22,European-style renovation
13500000.0,Алтуфьево,20.0,2.0,52.2,9.0,12,Cosmetic
12200000.0,Печатники,17.0,2.0,47.0,10.0,12,Cosmetic
19500000.0,Новаторская,15.0,2.0,54.5,8.0,22,Cosmetic
13500000.0,Нагорная,6.0,2.0,51.2,2.0,14,Cosmetic
14300000.0,Новокосино,18.0,2.0,54.0,8.0,17,Cosmetic
14800000.0,Сходненская,29.0,2.0,44.3,6.0,9,Designer
18000000.0,Автозаводская,7.0,2.0,53.0,2.0,10,Cosmetic
20000000.0,Москва-Товарная,13.0,2.0,60.3,8.0,26,European-style renovation
14800000.0,Тушинская,18.0,2.0,57.5,1.0,5,Cosmetic
14700000.0,Коммунарка,12.0,2.0,53.9,3.0,15,Designer
15200000.0,Лихоборы,8.0,2.0,54.0,3.0,9,Cosmetic
15400000.0,Динамо,13.0,2.0,43.4,4.0,5,Without renovation
36200000.0,Сходненская,5.0,2.0,95.0,4.0,12,European-style renovation
18000000.0,Медведково,16.0,2.0,60.5,16.0,18,Without renovation
30865646.0,Панфиловская,7.0,2.0,94.1,4.0,7,European-style renovation
30002469.0,Панфиловская,7.0,2.0,89.8,6.0,7,European-style renovation
28719756.0,Панфиловская,6.0,2.0,48.2,10.0,18,European-style renovation
26705708.0,Панфиловская,6.0,2.0,46.8,6.0,18,European-style renovation
26455100.0,Панфиловская,6.0,2.0,47.6,7.0,18,European-style renovation
43560000.0,Панфиловская,6.0,2.0,108.9,3.0,18,Without renovation
34075378.0,Панфиловская,6.0,2.0,48.9,3.0,18,European-style renovation
10900000.0,Южная,8.0,2.0,42.1,1.0,9,Cosmetic
29700000.0,Тропарево,8.0,2.0,73.3,3.0,29,European-style renovation
16300000.0,Площадь Ильича,9.0,2.0,47.0,1.0,12,Without renovation
15100000.0,Рабочий Посёлок,11.0,2.0,38.1,11.0,12,Designer
13600000.0,Войковская,7.0,2.0,43.1,5.0,5,Without renovation
12500000.0,Филатов Луг,10.0,2.0,38.9,15.0,22,European-style renovation
17000000.0,Домодедовская,18.0,2.0,55.0,4.0,25,European-style renovation
13200000.0,Юго-Восточная,6.0,2.0,45.0,3.0,14,Cosmetic
17400000.0,Новогиреево,12.0,2.0,50.0,5.0,17,Designer
12800000.0,Новогиреево,4.0,2.0,42.7,9.0,9,European-style renovation
38000000.0,Павелецкая,19.0,2.0,56.1,27.0,47,Without renovation
16200000.0,Ясенево,11.0,2.0,57.4,12.0,22,Cosmetic
10900000.0,Щербинка,26.0,2.0,56.6,16.0,21,European-style renovation
20499999.0,Люблино,7.0,2.0,42.0,12.0,23,European-style renovation
21990000.0,Беговая,13.0,2.0,53.9,9.0,17,European-style renovation
29000000.0,Бауманская,6.0,2.0,58.0,2.0,10,Cosmetic
26200000.0,Дмитровская,11.0,2.0,60.2,2.0,20,Designer
13000000.0,Отрадное,18.0,2.0,39.4,12.0,25,European-style renovation
9500000.0,Яхромская,25.0,2.0,44.4,1.0,9,Without renovation
15950000.0,Рижская,11.0,2.0,56.5,1.0,6,Without renovation
45725947.0,Панфиловская,9.0,2.0,103.6,10.0,11,Without renovation
44157872.0,Панфиловская,9.0,2.0,105.1,9.0,11,Without renovation
14100000.0,Улица Академика Янгеля,6.0,2.0,54.0,10.0,12,Cosmetic
11200000.0,Народное Ополчение,21.0,2.0,37.0,3.0,9,Cosmetic
17000000.0,ВДНХ,18.0,2.0,53.7,3.0,8,Cosmetic
20900000.0,Автозаводская,5.0,2.0,47.6,3.0,8,European-style renovation
12300000.0,Новогиреево,3.0,2.0,46.0,5.0,12,Cosmetic
13800000.0,Ясенево,26.0,2.0,54.0,13.0,16,European-style renovation
16950000.0,Академическая,13.0,2.0,51.3,12.0,17,Cosmetic
14600000.0,Текстильщики,22.0,2.0,52.2,19.0,21,Cosmetic
11500000.0,Шипиловская,6.0,2.0,44.9,4.0,9,European-style renovation
11200000.0,Зюзино,4.0,2.0,38.0,1.0,9,European-style renovation
15280000.0,Коптево,16.0,2.0,51.0,2.0,16,Cosmetic
15500000.0,Люблино,11.0,2.0,53.5,17.0,17,European-style renovation
14860000.0,Ольховая,18.0,2.0,50.0,4.0,8,Without renovation
22500000.0,Волоколамская,13.0,2.0,76.0,9.0,25,European-style renovation
30000000.0,Дмитровская,3.0,2.0,66.0,28.0,58,Without renovation
24000000.0,ЦСКА,10.0,2.0,68.0,7.0,19,Cosmetic
18500000.0,Водный стадион,20.0,2.0,60.3,16.0,25,European-style renovation
18500000.0,Рассказовка,24.0,2.0,70.1,3.0,9,European-style renovation
12800000.0,Текстильщики,10.0,2.0,53.8,8.0,9,European-style renovation
17000000.0,Соколиная Гора,15.0,2.0,66.5,6.0,8,Cosmetic
14500000.0,Люблино,16.0,2.0,53.5,11.0,16,Cosmetic
13500000.0,Тестовская,12.0,2.0,34.0,5.0,9,Cosmetic
24999999.0,Шелепиха,7.0,2.0,44.0,2.0,11,Designer
28131414.0,Панфиловская,6.0,2.0,48.3,9.0,18,European-style renovation
27381373.0,Панфиловская,6.0,2.0,43.4,14.0,18,European-style renovation
27493212.0,Панфиловская,6.0,2.0,48.6,7.0,18,European-style renovation
27580618.0,Панфиловская,6.0,2.0,48.3,5.0,18,European-style renovation
25459246.0,Панфиловская,5.0,2.0,72.1,5.0,11,European-style renovation
25663515.0,Панфиловская,5.0,2.0,71.9,6.0,11,European-style renovation
25688291.0,Панфиловская,5.0,2.0,72.6,5.0,11,European-style renovation
25291698.0,Панфиловская,5.0,2.0,72.3,3.0,11,European-style renovation
21987003.0,Панфиловская,5.0,2.0,60.5,8.0,11,European-style renovation
23494918.0,Панфиловская,5.0,2.0,67.0,4.0,11,European-style renovation
22160231.0,Панфиловская,5.0,2.0,61.3,5.0,11,European-style renovation
24616738.0,Панфиловская,5.0,2.0,67.0,6.0,11,European-style renovation
24422118.0,Панфиловская,5.0,2.0,69.3,6.0,11,European-style renovation
24319239.0,Панфиловская,5.0,2.0,70.0,8.0,11,European-style renovation
21786618.0,Панфиловская,5.0,2.0,62.8,2.0,11,European-style renovation
37900000.0,Университет,9.0,2.0,77.0,14.0,16,European-style renovation
14000000.0,Нагорная,18.0,2.0,41.4,2.0,5,Cosmetic
21000000.0,Алексеевская,6.0,2.0,60.7,9.0,10,Without renovation
24200000.0,Коломенская,8.0,2.0,64.0,2.0,17,European-style renovation
14890000.0,Румянцево,19.0,2.0,39.0,3.0,9,Designer
12000000.0,Ольховая,22.0,2.0,37.7,10.0,21,Designer
34000000.0,Первомайская,22.0,2.0,75.0,16.0,18,Designer
12000000.0,Пражская,17.0,2.0,48.0,10.0,14,Cosmetic
17400000.0,Братиславская,16.0,2.0,57.1,13.0,22,Cosmetic
42495000.0,Курская,7.0,2.0,81.5,6.0,6,Designer
23000000.0,Парк культуры,9.0,2.0,42.0,5.0,5,European-style renovation
16000000.0,Октябрьское поле,10.0,2.0,51.0,4.0,5,Without renovation
28500000.0,Юго-Западная,17.0,2.0,74.9,15.0,17,European-style renovation
18200000.0,Коммунарка,24.0,2.0,72.9,2.0,12,European-style renovation
15600000.0,Новокосино,15.0,2.0,58.0,2.0,22,European-style renovation
11500000.0,Селигерская,20.0,2.0,47.0,12.0,12,Cosmetic
13100000.0,Бабушкинская,21.0,2.0,43.2,4.0,5,Cosmetic
15800000.0,Перово,10.0,2.0,52.5,9.0,12,European-style renovation
14900000.0,Текстильщики,18.0,2.0,53.9,12.0,24,Cosmetic
11600000.0,Щербинка,5.0,2.0,55.0,8.0,12,Cosmetic
18250000.0,Лианозово,41.0,2.0,58.5,31.0,33,European-style renovation
14400000.0,Сетунь,8.0,2.0,60.1,4.0,5,Without renovation
14100000.0,Алтуфьево,8.0,2.0,58.5,13.0,22,Without renovation
41500000.0,Аминьевская,5.0,2.0,71.0,12.0,42,Designer
24249000.0,Шоссе Энтузиастов,13.0,2.0,63.9,5.0,33,Cosmetic
21500000.0,Проспект Вернадского,15.0,2.0,60.0,6.0,8,Cosmetic
25950000.0,Чкаловская,4.0,2.0,61.5,5.0,8,Cosmetic
12300000.0,Зябликово,12.0,2.0,46.4,3.0,12,European-style renovation
39000000.0,Народное Ополчение,19.0,2.0,60.3,15.0,28,Designer
8150000.0,Щербинка,9.0,2.0,42.4,1.0,4,Cosmetic
20000000.0,Новаторская,9.0,2.0,56.4,2.0,22,Cosmetic
13000000.0,Новопеределкино,13.0,2.0,52.0,14.0,14,Without renovation
11500000.0,Бибирево,16.0,2.0,44.1,5.0,9,European-style renovation
9500000.0,Лианозово,28.0,2.0,44.3,1.0,9,Without renovation
54800000.0,Цветной бульвар,5.0,2.0,118.8,3.0,9,Without renovation
13500000.0,Нижегородская,10.0,2.0,43.4,21.0,28,Without renovation
27500000.0,ЗИЛ,14.0,2.0,68.0,14.0,14,Without renovation
20000000.0,Молодежная,3.0,2.0,46.6,16.0,30,European-style renovation
11900000.0,Домодедовская,16.0,2.0,48.8,6.0,12,Cosmetic
12250000.0,Медведково,17.0,2.0,57.7,13.0,16,Cosmetic
18900000.0,Савеловская,9.0,2.0,50.0,5.0,7,Without renovation
12500000.0,Зюзино,18.0,2.0,45.5,7.0,9,Cosmetic
12000000.0,Пражская,17.0,2.0,48.0,10.0,14,Cosmetic
9990000.0,Бульвар Рокоссовского,22.0,2.0,46.0,6.0,9,Cosmetic
26330000.0,Фрунзенская,8.0,2.0,60.2,4.0,5,Cosmetic
10500000.0,Ясенево,18.0,2.0,43.3,3.0,9,Cosmetic
11200000.0,Рязанский проспект,21.0,2.0,44.9,6.0,9,Cosmetic
17420000.0,Ольховая,18.0,2.0,61.9,6.0,8,Without renovation
15750000.0,Коммунарка,23.0,2.0,76.8,12.0,12,Cosmetic
19600000.0,Проспект Вернадского,12.0,2.0,51.0,6.0,22,European-style renovation
18000000.0,ВДНХ,19.0,2.0,56.0,4.0,5,Without renovation
16500000.0,Медведково,5.0,2.0,51.8,16.0,17,European-style renovation
16900000.0,Кунцевская,10.0,2.0,47.6,3.0,9,Designer
10490000.0,Выхино,22.0,2.0,45.6,4.0,9,Cosmetic
18000000.0,Пятницкое шоссе,13.0,2.0,69.1,7.0,10,European-style renovation
47700000.0,Профсоюзная,13.0,2.0,113.4,6.0,20,Without renovation
14300000.0,Битцевский Парк,19.0,2.0,53.5,13.0,16,Cosmetic
20806886.0,Панфиловская,7.0,2.0,64.8,5.0,7,European-style renovation
31505343.0,Панфиловская,7.0,2.0,95.3,5.0,7,European-style renovation
10200000.0,Щелковская,30.0,2.0,46.0,11.0,12,Cosmetic
28805136.0,Панфиловская,7.0,2.0,85.3,7.0,7,European-style renovation
24804372.0,Панфиловская,5.0,2.0,73.3,5.0,11,European-style renovation
25260905.0,Панфиловская,5.0,2.0,71.2,7.0,11,European-style renovation
25453395.0,Панфиловская,5.0,2.0,72.9,5.0,11,European-style renovation
28500000.0,Селигерская,21.0,2.0,71.8,4.0,24,European-style renovation
11500000.0,Перово,7.0,2.0,47.0,2.0,6,Cosmetic
10000000.0,Измайловская,7.0,2.0,46.0,5.0,5,Cosmetic
19200000.0,Белорусская,14.0,2.0,54.2,4.0,16,European-style renovation
11200000.0,Щелковская,23.0,2.0,41.9,1.0,5,Cosmetic
13200000.0,Улица Горчакова,11.0,2.0,53.2,12.0,16,European-style renovation
16000000.0,Калитники,12.0,2.0,56.4,5.0,14,Cosmetic
13600000.0,Калужская,21.0,2.0,41.0,14.0,16,Cosmetic
26800000.0,Озёрная,21.0,2.0,63.7,19.0,27,European-style renovation
19500000.0,Академическая,11.0,2.0,59.0,5.0,10,European-style renovation
25450000.0,Зюзино,11.0,2.0,56.0,16.0,17,Designer
15300000.0,Проспект Вернадского,10.0,2.0,44.0,4.0,5,Without renovation
10000000.0,Щелковская,19.0,2.0,38.2,13.0,14,Cosmetic
10800000.0,Новогиреево,12.0,2.0,42.0,12.0,12,Cosmetic
13400000.0,Теплый Стан,14.0,2.0,47.3,6.0,12,Without renovation
12500000.0,Текстильщики,18.0,2.0,37.4,17.0,24,European-style renovation
11000000.0,Шипиловская,13.0,2.0,46.0,4.0,12,Cosmetic
21000000.0,Аминьевская,11.0,2.0,52.0,28.0,30,Without renovation
26601191.0,Панфиловская,6.0,2.0,47.2,5.0,18,European-style renovation
36232855.0,Панфиловская,6.0,2.0,67.1,11.0,18,European-style renovation
26480893.0,Панфиловская,6.0,2.0,47.7,4.0,18,European-style renovation
15750000.0,Новодачная,20.0,2.0,57.0,8.0,19,European-style renovation
14000000.0,Зябликово,10.0,2.0,54.7,1.0,16,Cosmetic
14900000.0,Калитники,3.0,2.0,36.8,9.0,9,Cosmetic
28500000.0,Юго-Западная,17.0,2.0,74.0,15.0,17,European-style renovation
12450000.0,Рабочий Посёлок,24.0,2.0,52.6,13.0,14,Cosmetic
12750000.0,Улица Горчакова,9.0,2.0,49.9,4.0,9,Cosmetic
20500000.0,Южная,14.0,2.0,59.0,2.0,18,European-style renovation
25500000.0,Тестовская,8.0,2.0,64.2,11.0,25,Designer
12400000.0,Отрадное,15.0,2.0,46.3,7.0,9,Cosmetic
11000000.0,Прокшино,18.0,2.0,47.6,3.0,16,Without renovation
11480000.0,Тимирязевская,5.0,2.0,45.2,5.0,5,Without renovation
69000000.0,Международная,5.0,2.0,67.5,46.0,68,Designer
32000000.0,Москва-Товарная,10.0,2.0,72.2,2.0,14,European-style renovation
14000000.0,Братиславская,26.0,2.0,52.0,4.0,12,European-style renovation
11600000.0,Коммунарка,12.0,2.0,54.0,5.0,15,Without renovation
12200000.0,Пролетарская,13.0,2.0,37.8,2.0,9,Cosmetic
9000000.0,Бескудниково,13.0,2.0,44.7,1.0,9,European-style renovation
15500000.0,Профсоюзная,15.0,2.0,48.0,1.0,8,Cosmetic
50000000.0,Арбатская,9.0,2.0,58.0,13.0,26,Designer
14500000.0,Давыдково,6.0,2.0,43.6,4.0,5,European-style renovation
23300000.0,Студенческая,7.0,2.0,45.2,3.0,5,Designer
8800000.0,Силикатная,27.0,2.0,45.8,5.0,15,Without renovation
35500000.0,Студенческая,10.0,2.0,72.1,8.0,10,Designer
40000000.0,Гражданская,8.0,2.0,98.0,8.0,34,Designer
29500000.0,Технопарк,10.0,2.0,50.0,20.0,20,Designer
13800000.0,Рассказовка,11.0,2.0,45.0,16.0,20,Cosmetic
28500000.0,Профсоюзная,9.0,2.0,73.2,10.0,24,Cosmetic
12200000.0,Алексеевская,14.0,2.0,42.4,3.0,5,Cosmetic
12500000.0,Коммунарка,38.0,2.0,43.3,6.0,17,Designer
9750000.0,Улица Горчакова,30.0,2.0,42.1,4.0,15,Without renovation
13500000.0,ВДНХ,11.0,2.0,40.0,4.0,12,Cosmetic
49980000.0,Мичуринский проспект,12.0,2.0,75.6,26.0,50,Designer
21500000.0,Новые Черемушки,11.0,2.0,52.0,10.0,17,Designer
14000000.0,Пятницкое шоссе,11.0,2.0,53.2,16.0,17,Cosmetic
20986800.0,Трикотажная,16.0,2.0,62.2,17.0,20,Cosmetic
10650000.0,Прокшино,15.0,2.0,40.1,10.0,17,Without renovation
15000000.0,ВДНХ,18.0,2.0,50.5,1.0,8,Without renovation
14000000.0,Пятницкое шоссе,3.0,2.0,58.3,10.0,17,Cosmetic
15990000.0,Ясенево,8.0,2.0,58.1,2.0,22,Cosmetic
13300000.0,Улица Дмитриевского,30.0,2.0,53.2,7.0,24,Cosmetic
8600000.0,Щербинка,9.0,2.0,43.0,5.0,5,Cosmetic
13500000.0,Юго-Западная,12.0,2.0,46.8,5.0,12,Cosmetic
66000000.0,Шелепиха,17.0,2.0,94.2,3.0,24,Designer
13500000.0,ВДНХ,9.0,2.0,36.0,3.0,8,European-style renovation
13200000.0,Домодедовская,11.0,2.0,53.0,8.0,16,Without renovation
13750000.0,Марьино,7.0,2.0,51.1,11.0,14,Cosmetic
54800000.0,Электрозаводская,12.0,2.0,85.4,2.0,17,Designer
17500000.0,Южная,23.0,2.0,56.0,19.0,23,Cosmetic
15800000.0,Медведково,12.0,2.0,56.6,3.0,16,European-style renovation
59000000.0,Красные ворота,6.0,2.0,67.0,9.0,26,Designer
13800000.0,Новаторская,14.0,2.0,45.0,6.0,9,Without renovation
13000000.0,Царицыно,36.0,2.0,63.0,9.0,20,Without renovation
14200000.0,Ростокино,6.0,2.0,43.0,4.0,14,European-style renovation
31800000.0,Тульская,25.0,2.0,55.3,3.0,16,Designer
27500000.0,Алексеевская,12.0,2.0,64.0,33.0,35,Without renovation
12800000.0,Алма-Атинская,56.0,2.0,54.0,12.0,12,Cosmetic
15300000.0,Волоколамская,9.0,2.0,53.6,15.0,17,Cosmetic
14000000.0,Измайловская,7.0,2.0,36.1,2.0,9,European-style renovation
13224680.0,Некрасовка,19.0,2.0,66.8,12.0,25,Cosmetic
13224680.0,Некрасовка,19.0,2.0,66.8,15.0,25,Cosmetic
13224680.0,Некрасовка,19.0,2.0,66.8,17.0,25,Cosmetic
13224680.0,Некрасовка,19.0,2.0,66.8,21.0,25,Cosmetic
13224680.0,Некрасовка,19.0,2.0,66.8,22.0,25,Cosmetic
19974000.0,Сокол,13.0,2.0,56.2,9.0,10,European-style renovation
43500000.0,Давыдково,23.0,2.0,70.2,19.0,25,Without renovation
16000000.0,Лухмановская,24.0,2.0,61.4,24.0,24,Cosmetic
10200000.0,Перово,26.0,2.0,46.9,8.0,12,Cosmetic
11000000.0,Выхино,22.0,2.0,38.5,14.0,14,Cosmetic
13000000.0,Зябликово,5.0,2.0,50.0,2.0,12,European-style renovation
12800000.0,Алтуфьево,19.0,2.0,47.0,9.0,12,European-style renovation
16000000.0,Народное Ополчение,22.0,2.0,53.8,14.0,16,Cosmetic
11700000.0,Улица Академика Янгеля,13.0,2.0,46.2,11.0,12,Cosmetic
16300000.0,Нижегородская,9.0,2.0,55.4,17.0,33,Without renovation
20000000.0,Фонвизинская,5.0,2.0,55.0,16.0,22,European-style renovation
24990000.0,Спартак,12.0,2.0,45.3,10.0,26,European-style renovation
37000000.0,Третьяковская,3.0,2.0,70.0,3.0,5,Cosmetic
26000000.0,Бутырская,13.0,2.0,60.0,4.0,28,European-style renovation
18500000.0,Водный стадион,21.0,2.0,59.9,5.0,17,European-style renovation
35000000.0,Тропарево,17.0,2.0,69.8,4.0,22,Without renovation
10200000.0,Молодежная,19.0,2.0,42.7,1.0,5,Cosmetic
21500000.0,Аминьевская,6.0,2.0,55.5,15.0,29,European-style renovation
15200000.0,Ломоносовский проспект,7.0,2.0,36.0,7.0,9,European-style renovation
12500000.0,Народное Ополчение,7.0,2.0,40.1,8.0,9,Cosmetic
29000000.0,Серпуховская,18.0,2.0,56.4,30.0,46,European-style renovation
11000000.0,Красный Балтиец,14.0,2.0,33.0,3.0,6,Without renovation
12100000.0,Речной вокзал,6.0,2.0,38.0,4.0,9,Without renovation
13800000.0,Перово,13.0,2.0,61.0,5.0,5,Cosmetic
16300000.0,Беломорская,18.0,2.0,67.2,2.0,18,European-style renovation
16000000.0,Ольховая,15.0,2.0,69.0,1.0,12,Designer
19000000.0,Новаторская,8.0,2.0,60.0,8.0,18,European-style renovation
18000000.0,Зябликово,19.0,2.0,51.2,2.0,25,European-style renovation
73700000.0,Международная,5.0,2.0,73.0,38.0,68,Designer
12200000.0,Зюзино,10.0,2.0,38.0,9.0,12,Cosmetic
19900000.0,Юго-Западная,16.0,2.0,55.0,13.0,17,European-style renovation
18500000.0,Давыдково,15.0,2.0,58.2,11.0,22,Cosmetic
28000000.0,Аминьевская,11.0,2.0,58.0,34.0,37,Designer
11600000.0,Царицыно,17.0,2.0,45.0,10.0,12,Cosmetic
12000000.0,Пятницкое шоссе,13.0,2.0,50.7,8.0,14,Without renovation
15500000.0,Новокосино,12.0,2.0,54.2,12.0,17,European-style renovation
14000000.0,Дмитровская,12.0,2.0,45.7,2.0,8,Cosmetic
12900000.0,Покровское,32.0,2.0,56.0,12.0,18,Cosmetic
29900000.0,Смоленская,9.0,2.0,52.0,3.0,13,European-style renovation
13700000.0,Водный стадион,13.0,2.0,40.0,1.0,5,Without renovation
17300000.0,Новаторская,17.0,2.0,52.2,2.0,16,Cosmetic
22990000.0,Солнцево,14.0,2.0,102.6,16.0,23,European-style renovation
20500000.0,Нагатинский Затон,5.0,2.0,55.0,4.0,22,European-style renovation
16500000.0,Рассказовка,14.0,2.0,60.0,9.0,17,European-style renovation
18900000.0,Стахановская,2.0,2.0,63.0,5.0,19,European-style renovation
18300000.0,Стахановская,2.0,2.0,63.0,18.0,19,European-style renovation
27600000.0,Народное Ополчение,13.0,2.0,55.2,25.0,32,European-style renovation
12300000.0,Новаторская,13.0,2.0,37.4,1.0,9,Cosmetic
15850000.0,Стахановская,2.0,2.0,50.0,9.0,19,Cosmetic
19000000.0,Стрешнево,16.0,2.0,43.4,11.0,22,Designer
21200000.0,Фили,13.0,2.0,45.9,9.0,16,European-style renovation
31700000.0,Озёрная,14.0,2.0,82.7,6.0,18,European-style renovation
43000000.0,Зорге,15.0,2.0,85.0,10.0,13,Designer
289000000.0,Фрунзенская,6.0,2.0,119.0,4.0,14,Designer
12200000.0,Озёрная,6.0,2.0,38.5,9.0,12,Cosmetic
12000000.0,Коптево,18.0,2.0,43.0,2.0,5,Without renovation
15200000.0,Новокосино,10.0,2.0,51.7,9.0,17,Cosmetic
16200000.0,Рижская,18.0,2.0,41.5,2.0,5,Cosmetic
23900000.0,Студенческая,4.0,2.0,55.4,7.0,9,Cosmetic
12500000.0,Планерная,10.0,2.0,44.7,5.0,5,European-style renovation
14200000.0,Коньково,11.0,2.0,51.0,3.0,16,Cosmetic
15700000.0,Кантемировская,21.0,2.0,54.0,3.0,5,European-style renovation
16500000.0,Курьяново,8.0,2.0,52.0,23.0,32,European-style renovation
16000000.0,Щелковская,3.0,2.0,55.0,10.0,16,Cosmetic
14000000.0,Преображенская площадь,12.0,2.0,43.0,1.0,5,Designer
14000000.0,Стахановская,7.0,2.0,58.3,2.0,7,Cosmetic
15900000.0,Новаторская,15.0,2.0,50.5,1.0,12,European-style renovation
39500000.0,Тропарево,17.0,2.0,84.0,5.0,22,Without renovation
11900000.0,Теплый Стан,9.0,2.0,43.3,6.0,9,Cosmetic
14400000.0,Беляево,19.0,2.0,47.3,13.0,14,Designer
15000000.0,Сокольники,7.0,2.0,44.5,1.0,12,Cosmetic
24900000.0,Новаторская,15.0,2.0,57.2,8.0,22,European-style renovation
16200000.0,Ясенево,12.0,2.0,58.2,7.0,22,Cosmetic
20900000.0,Москва-Товарная,12.0,2.0,51.0,14.0,17,European-style renovation
13300000.0,Сетунь,5.0,2.0,46.0,2.0,5,European-style renovation
16000000.0,Тропарево,17.0,2.0,54.0,4.0,16,Cosmetic
12000000.0,Ховрино,13.0,2.0,39.0,9.0,12,Cosmetic
12500000.0,Бунинская Аллея,9.0,2.0,54.0,4.0,16,Cosmetic
18300000.0,Щелковская,8.0,2.0,65.0,17.0,32,European-style renovation
16000000.0,Новопеределкино,20.0,2.0,68.4,22.0,25,European-style renovation
23250000.0,Варшавская,11.0,2.0,63.0,8.0,23,European-style renovation
9900000.0,Кузьминки,10.0,2.0,44.0,3.0,9,Cosmetic
17350000.0,Автозаводская,4.0,2.0,60.0,7.0,9,Cosmetic
20000000.0,Аминьевская,13.0,2.0,48.1,4.0,25,Without renovation
12000000.0,Студенческая,56.0,2.0,44.4,8.0,12,Cosmetic
16500000.0,Некрасовка,8.0,2.0,64.1,8.0,17,Designer
14500000.0,ВДНХ,13.0,2.0,53.5,1.0,14,Cosmetic
11300000.0,Бульвар Рокоссовского,10.0,2.0,39.1,2.0,5,Cosmetic
17500000.0,Павшино,17.0,2.0,60.5,5.0,25,European-style renovation
13900000.0,Люблино,16.0,2.0,51.0,17.0,17,European-style renovation
11000000.0,Кузьминки,6.0,2.0,44.6,5.0,5,Cosmetic
12300000.0,Беляево,11.0,2.0,45.0,6.0,9,Without renovation
16600000.0,Бабушкинская,3.0,2.0,54.0,4.0,16,European-style renovation
39000000.0,Чеховская,6.0,2.0,55.0,4.0,13,Without renovation
12750000.0,Домодедовская,12.0,2.0,49.7,7.0,16,Cosmetic
15200000.0,Крымская,13.0,2.0,54.5,4.0,5,Without renovation
10700000.0,Депо,8.0,2.0,43.6,1.0,9,Without renovation
17000000.0,Крымская,16.0,2.0,55.4,12.0,14,Cosmetic
18490000.0,Окская,15.0,2.0,50.5,19.0,30,European-style renovation
17500000.0,Ботанический сад,20.0,2.0,59.0,18.0,18,Without renovation
20500000.0,Угрешская,7.0,2.0,60.5,13.0,30,Without renovation
41000000.0,Смоленская,9.0,2.0,53.6,7.0,7,Without renovation
12950000.0,Покровское,32.0,2.0,56.0,17.0,18,Without renovation
21500000.0,Волоколамская,11.0,2.0,81.0,18.0,25,Designer
13400000.0,Бунинская Аллея,23.0,2.0,56.7,2.0,16,Cosmetic
12500000.0,Дубровка,17.0,2.0,43.0,1.0,5,Without renovation
15900000.0,Бауманская,9.0,2.0,42.0,5.0,9,Cosmetic
15800000.0,Щелковская,3.0,2.0,56.0,15.0,16,European-style renovation
12000000.0,Щербинка,9.0,2.0,64.3,3.0,15,Cosmetic
15800000.0,Щелковская,3.0,2.0,56.0,16.0,16,European-style renovation
15500000.0,Кузьминки,18.0,2.0,58.0,3.0,14,European-style renovation
21700000.0,Верхние Котлы,16.0,2.0,56.4,5.0,24,European-style renovation
59990000.0,Серпуховская,10.0,2.0,73.0,4.0,14,Without renovation
49000000.0,Фили,6.0,2.0,99.0,28.0,42,Without renovation
15500000.0,Пятницкое шоссе,27.0,2.0,53.0,24.0,26,European-style renovation
11500000.0,Красный Строитель,15.0,2.0,43.5,6.0,9,European-style renovation
12890000.0,Окская,3.0,2.0,44.5,1.0,12,European-style renovation
14990000.0,Окская,12.0,2.0,44.7,2.0,5,Cosmetic
20400000.0,Динамо,6.0,2.0,63.2,2.0,7,Without renovation
10000000.0,Москворечье,16.0,2.0,45.0,1.0,9,Cosmetic
18400000.0,Багратионовская,10.0,2.0,50.2,8.0,16,European-style renovation
21900000.0,Партизанская,26.0,2.0,73.9,3.0,23,Cosmetic
12500000.0,Бульвар Рокоссовского,18.0,2.0,44.4,2.0,9,Cosmetic
12000000.0,Кунцевская,6.0,2.0,44.8,1.0,9,Without renovation
25490000.0,Улица 1905 года,12.0,2.0,65.0,5.0,5,Cosmetic
12500000.0,Некрасовка,16.0,2.0,58.3,20.0,22,Cosmetic
15600000.0,Отрадное,15.0,2.0,51.6,8.0,12,European-style renovation
23000000.0,Студенческая,4.0,2.0,54.3,5.0,9,Cosmetic
20000000.0,Лесопарковая,9.0,2.0,53.0,1.0,23,Cosmetic
13900000.0,Домодедовская,18.0,2.0,40.0,4.0,25,European-style renovation
16000000.0,Люблино,25.0,2.0,59.8,3.0,17,Cosmetic
19600000.0,Аминьевская,16.0,2.0,63.0,16.0,17,Cosmetic
12000000.0,ВДНХ,21.0,2.0,51.0,1.0,9,Without renovation
24900000.0,Павелецкая,6.0,2.0,45.3,5.0,9,European-style renovation
27999000.0,Беломорская,20.0,2.0,52.0,3.0,11,Designer
12300000.0,Медведково,17.0,2.0,58.0,14.0,16,Cosmetic
21000000.0,Профсоюзная,9.0,2.0,53.0,11.0,12,European-style renovation
13980000.0,Солнцево,11.0,2.0,51.0,17.0,17,Cosmetic
19900000.0,Волгоградский проспект,5.0,2.0,61.0,4.0,24,European-style renovation
15999000.0,Локомотив,16.0,2.0,51.7,5.0,33,European-style renovation
19900000.0,Октябрьское поле,13.0,2.0,57.1,8.0,8,European-style renovation
14000000.0,Люблино,31.0,2.0,58.3,7.0,12,Cosmetic
21500000.0,Панфиловская,8.0,2.0,60.0,4.0,7,Without renovation
12000000.0,Коммунарка,12.0,2.0,54.3,7.0,15,Without renovation
19000000.0,Багратионовская,8.0,2.0,54.5,2.0,5,European-style renovation
17100000.0,Селигерская,6.0,2.0,52.0,10.0,17,Cosmetic
11800000.0,Нижегородская,14.0,2.0,36.0,4.0,33,Cosmetic
14300000.0,Проспект Вернадского,11.0,2.0,38.0,9.0,9,Cosmetic
13000000.0,Юго-Западная,14.0,2.0,49.5,1.0,12,Cosmetic
17000000.0,Новаторская,18.0,2.0,45.6,6.0,9,Cosmetic
18250000.0,Коммунарка,20.0,2.0,64.0,15.0,17,European-style renovation
24800000.0,Аэропорт,14.0,2.0,55.0,12.0,12,European-style renovation
13500000.0,Авиамоторная,10.0,2.0,45.0,4.0,8,European-style renovation
14200000.0,Хорошево,8.0,2.0,42.3,3.0,5,Cosmetic
34499000.0,Улица 1905 года,12.0,2.0,49.5,32.0,44,Designer
15600000.0,Свиблово,5.0,2.0,50.8,9.0,17,Cosmetic
15950000.0,Народное Ополчение,9.0,2.0,52.1,3.0,12,Cosmetic
19500000.0,Угрешская,9.0,2.0,60.0,20.0,30,Without renovation
18400000.0,Дубровка,4.0,2.0,58.1,10.0,14,Without renovation
14798577.0,Бульвар Рокоссовского,8.0,2.0,39.5,22.0,29,Without renovation
42343350.0,Красные ворота,10.0,2.0,56.8,13.0,19,Without renovation
33793033.0,Павелецкая,15.0,2.0,50.2,15.0,24,Without renovation
22300740.0,Свиблово,8.0,2.0,46.0,10.0,16,Without renovation
13000000.0,Отрадное,18.0,2.0,46.0,1.0,9,European-style renovation
9500000.0,Юго-Восточная,20.0,2.0,44.2,9.0,9,Cosmetic
16790000.0,Аминьевская,17.0,2.0,62.2,15.0,16,Cosmetic
13300000.0,Коптево,17.0,2.0,45.5,5.0,14,Cosmetic
11600000.0,Шипиловская,20.0,2.0,47.7,12.0,12,Without renovation
17000000.0,Молодежная,12.0,2.0,53.3,3.0,14,Cosmetic
20600000.0,Фили,18.0,2.0,69.0,15.0,28,Cosmetic
12500000.0,Народное Ополчение,21.0,2.0,43.8,3.0,5,Cosmetic
22200000.0,Новаторская,10.0,2.0,57.0,16.0,22,European-style renovation
40000000.0,Шаболовская,14.0,2.0,64.0,18.0,22,Designer
16050000.0,Рязанский проспект,11.0,2.0,55.8,23.0,23,Cosmetic
20400000.0,Домодедовская,17.0,2.0,63.1,6.0,20,Cosmetic
7650000.0,Петровский парк,16.0,2.0,26.8,2.0,2,Designer
13000000.0,Лухмановская,27.0,2.0,53.0,9.0,17,Cosmetic
15600000.0,Пыхтино,21.0,2.0,60.0,20.0,25,Cosmetic
7900000.0,Окружная,2.0,2.0,36.9,3.0,5,Cosmetic
14900000.0,Зюзино,11.0,2.0,44.7,4.0,5,Cosmetic
12700000.0,Алексеевская,14.0,2.0,42.0,3.0,5,Cosmetic
14250000.0,Улица Скобелевская,9.0,2.0,50.5,4.0,10,European-style renovation
18290000.0,Саларьево,26.0,2.0,61.0,19.0,22,European-style renovation
13500000.0,Солнцево,14.0,2.0,58.0,1.0,17,Cosmetic
26900000.0,Чеховская,3.0,2.0,42.1,2.0,6,European-style renovation
25000000.0,Академическая,12.0,2.0,55.0,6.0,12,Cosmetic
45000000.0,Новокузнецкая,11.0,2.0,91.0,2.0,6,Without renovation
12500000.0,Алма-Атинская,18.0,2.0,52.1,1.0,14,European-style renovation
12900000.0,Печатники,10.0,2.0,47.0,6.0,9,Cosmetic
11600000.0,Бибирево,15.0,2.0,53.0,1.0,12,Cosmetic
13800000.0,Медведково,19.0,2.0,50.0,4.0,17,Cosmetic
12800000.0,Владыкино,19.0,2.0,52.2,1.0,12,Cosmetic
12000000.0,Щукинская,25.0,2.0,45.0,1.0,5,Cosmetic
27500000.0,Ясенево,8.0,2.0,69.0,17.0,23,Designer
12000000.0,Аминьевская,16.0,2.0,46.6,9.0,9,Cosmetic
13800000.0,Отрадное,6.0,2.0,44.5,9.0,9,Cosmetic
11500000.0,Рязанский проспект,11.0,2.0,44.0,7.0,9,Cosmetic
20900000.0,Октябрьское поле,13.0,2.0,54.6,3.0,6,Designer
10500000.0,Боровское шоссе,25.0,2.0,44.5,8.0,9,Cosmetic
16000000.0,Москворечье,14.0,2.0,54.0,14.0,14,Cosmetic
22480000.0,Солнцево,4.0,2.0,80.0,18.0,23,European-style renovation
16700000.0,Яхромская,12.0,2.0,57.0,14.0,22,Cosmetic
14000000.0,Пятницкое шоссе,7.0,2.0,58.3,2.0,17,Cosmetic
17300000.0,Медведково,16.0,2.0,53.6,9.0,18,Cosmetic
15000000.0,Чертановская,8.0,2.0,50.4,1.0,16,Designer
15500000.0,Нагатинская,20.0,2.0,45.1,8.0,9,European-style renovation
16900000.0,Говорово,15.0,2.0,56.2,2.0,12,Cosmetic
16000000.0,Отрадное,22.0,2.0,54.1,13.0,16,Cosmetic
10900000.0,Перово,20.0,2.0,44.0,5.0,5,Without renovation
20900000.0,Домодедовская,17.0,2.0,56.0,5.0,20,Designer
40000000.0,Достоевская,12.0,2.0,77.7,6.0,10,European-style renovation
17000000.0,Селигерская,10.0,2.0,52.0,7.0,13,Cosmetic
19900000.0,Аминьевская,10.0,2.0,36.2,11.0,37,Designer
10800000.0,Измайловская,16.0,2.0,43.6,2.0,5,Cosmetic
15200000.0,Академическая,15.0,2.0,49.5,12.0,14,Without renovation
13400000.0,Бунинская Аллея,17.0,2.0,53.0,9.0,14,Cosmetic
11800000.0,Лианозово,27.0,2.0,43.8,7.0,9,Designer
12650000.0,Улица Старокачаловская,12.0,2.0,57.0,14.0,14,Cosmetic
13800000.0,Люблино,22.0,2.0,58.4,1.0,14,Cosmetic
11500000.0,Варшавская,13.0,2.0,37.1,5.0,9,Cosmetic
11900000.0,Коптево,18.0,2.0,44.1,6.0,9,European-style renovation
14250000.0,Коммунарка,26.0,2.0,65.8,16.0,17,European-style renovation
27500000.0,Парк Победы,5.0,2.0,64.0,9.0,12,Cosmetic
22200000.0,Рижская,7.0,2.0,52.5,6.0,12,Designer
11490000.0,Коммунарка,26.0,2.0,47.7,3.0,17,European-style renovation
14500000.0,Сокольники,11.0,2.0,43.0,1.0,5,Cosmetic
13500000.0,Войковская,3.0,2.0,44.0,7.0,9,Without renovation
8500000.0,Внуково,18.0,2.0,42.9,3.0,5,Without renovation
16600000.0,Каховская,8.0,2.0,58.0,2.0,17,Cosmetic
17290000.0,Калитники,12.0,2.0,59.0,7.0,14,Cosmetic
11490000.0,Царицыно,8.0,2.0,44.9,1.0,9,Without renovation
15000000.0,Шипиловская,5.0,2.0,53.5,5.0,16,Designer
29000000.0,Проспект Вернадского,10.0,2.0,71.0,1.0,12,European-style renovation
22000000.0,Рабочий Посёлок,20.0,2.0,60.4,4.0,28,Without renovation
12400000.0,Некрасовка,29.0,2.0,54.4,6.0,17,Cosmetic
16000000.0,Рассказовка,15.0,2.0,59.0,3.0,17,Cosmetic
16500000.0,Красный Балтиец,5.0,2.0,60.6,1.0,14,European-style renovation
16490000.0,Дегунино,13.0,2.0,56.7,10.0,14,Cosmetic
16530000.0,Новые Черемушки,16.0,2.0,38.2,1.0,9,European-style renovation
18800000.0,Молодежная,11.0,2.0,59.1,3.0,12,Cosmetic
12700000.0,Лухмановская,7.0,2.0,51.7,10.0,14,European-style renovation
10970000.0,Новогиреево,11.0,2.0,42.1,1.0,9,Cosmetic
12490000.0,Беломорская,6.0,2.0,37.0,5.0,9,Cosmetic
30990000.0,Павелецкая,16.0,2.0,58.6,3.0,12,European-style renovation
11600000.0,Перово,10.0,2.0,45.0,9.0,9,Cosmetic
10000000.0,Первомайская,27.0,2.0,45.0,1.0,9,Cosmetic
15900000.0,Кожуховская,9.0,2.0,48.4,3.0,5,European-style renovation
13950000.0,Павшино,17.0,2.0,40.0,5.0,25,European-style renovation
17100000.0,Беляево,13.0,2.0,45.0,3.0,9,Cosmetic
16500000.0,Коммунарка,22.0,2.0,66.0,5.0,17,European-style renovation
11500000.0,Марьино,18.0,2.0,44.5,7.0,9,Cosmetic
10300000.0,Отрадное,16.0,2.0,44.0,1.0,9,Cosmetic
13500000.0,Сетунь,15.0,2.0,49.0,1.0,12,European-style renovation
13000000.0,Ольховая,22.0,2.0,44.0,6.0,21,Designer
21500000.0,Чертановская,14.0,2.0,60.0,8.0,22,European-style renovation
15300000.0,Речной вокзал,20.0,2.0,47.0,7.0,17,European-style renovation
11500000.0,Новогиреево,10.0,2.0,42.8,2.0,5,European-style renovation
13000000.0,Войковская,7.0,2.0,42.5,4.0,5,Cosmetic
12500000.0,Дмитровская,13.0,2.0,37.7,2.0,12,Cosmetic
11600000.0,Отрадное,12.0,2.0,45.9,8.0,12,Without renovation
13200000.0,Планерная,8.0,2.0,45.8,2.0,5,Cosmetic
13800000.0,Аминьевская,20.0,2.0,57.8,3.0,5,Cosmetic
8900000.0,Улица Горчакова,30.0,2.0,38.0,4.0,15,Cosmetic
14350000.0,Гражданская,10.0,2.0,48.6,10.0,14,Cosmetic
12000000.0,Выхино,14.0,2.0,49.7,11.0,16,Without renovation
11500000.0,Некрасовка,14.0,2.0,54.0,11.0,17,Cosmetic
28900000.0,Красный Балтиец,16.0,2.0,89.0,9.0,16,European-style renovation
13000000.0,Шипиловская,10.0,2.0,44.7,5.0,9,European-style renovation
12500000.0,Бескудниково,14.0,2.0,54.0,5.0,12,Without renovation
12200000.0,Кантемировская,16.0,2.0,44.8,4.0,5,Cosmetic
13480000.0,Волжская,13.0,2.0,46.0,5.0,9,Designer
28000000.0,Кутузовская,5.0,2.0,67.0,4.0,9,European-style renovation
13300000.0,Бибирево,13.0,2.0,53.8,9.0,12,Cosmetic
13100000.0,Алтуфьево,11.0,2.0,51.0,10.0,12,Cosmetic
21990000.0,Университет,18.0,2.0,55.2,2.0,8,European-style renovation
9500000.0,Текстильщики,10.0,2.0,35.0,8.0,9,Cosmetic
12500000.0,Измайловская,4.0,2.0,40.0,8.0,8,Without renovation
10500000.0,Юго-Восточная,10.0,2.0,42.4,4.0,5,Cosmetic
14900000.0,Ленинский проспект,1.0,2.0,41.0,11.0,16,Cosmetic
13900000.0,Севастопольская,8.0,2.0,44.0,5.0,5,Cosmetic
12600000.0,Локомотив,18.0,2.0,40.0,2.0,39,European-style renovation
21500000.0,Войковская,5.0,2.0,63.0,5.0,8,European-style renovation
16300000.0,Селигерская,5.0,2.0,66.0,7.0,17,Cosmetic
14700000.0,Водный стадион,7.0,2.0,49.0,3.0,26,Cosmetic
29900000.0,Давыдково,16.0,2.0,68.0,6.0,16,European-style renovation
12300000.0,Новогиреево,8.0,2.0,45.0,11.0,12,Cosmetic
71000000.0,Таганская,13.0,2.0,64.0,8.0,33,Designer
25500000.0,Ховрино,3.0,2.0,72.1,13.0,30,Without renovation
12500000.0,Боровское шоссе,27.0,2.0,52.2,2.0,12,Cosmetic
15500000.0,Щелковская,23.0,2.0,56.6,9.0,14,European-style renovation
13500000.0,Бунинская Аллея,37.0,2.0,53.0,1.0,4,European-style renovation
25500000.0,Красносельская,11.0,2.0,64.4,3.0,5,European-style renovation
12000000.0,Царицыно,10.0,2.0,37.7,1.0,14,European-style renovation
12700000.0,Крымская,5.0,2.0,37.1,9.0,9,Cosmetic
13750000.0,Коммунарка,19.0,2.0,55.4,8.0,14,Cosmetic
12900000.0,Озёрная,14.0,2.0,46.2,2.0,5,Cosmetic
24300000.0,Улица Скобелевская,18.0,2.0,72.0,18.0,27,Designer
11200000.0,Яхромская,15.0,2.0,44.0,5.0,9,Cosmetic
11700000.0,Царицыно,18.0,2.0,46.0,2.0,9,Cosmetic
15000000.0,Зюзино,3.0,2.0,44.9,1.0,5,Without renovation
20500000.0,Войковская,17.0,2.0,64.7,5.0,5,Cosmetic
42000000.0,Тверская,6.0,2.0,52.6,4.0,7,Without renovation
12800000.0,Пятницкое шоссе,13.0,2.0,51.0,11.0,14,Cosmetic
19500000.0,Новопеределкино,8.0,2.0,69.1,14.0,23,Without renovation
18990000.0,Белорусская,15.0,2.0,60.0,1.0,8,European-style renovation
18000000.0,Медведково,21.0,2.0,52.0,2.0,14,European-style renovation
26000000.0,Бауманская,12.0,2.0,61.6,12.0,15,European-style renovation
14700000.0,Бибирево,10.0,2.0,45.3,3.0,9,Cosmetic
16999999.0,Румянцево,18.0,2.0,40.0,6.0,9,Cosmetic
9800000.0,Кузьминки,14.0,2.0,38.7,9.0,12,Without renovation
14700000.0,Хорошево,9.0,2.0,43.0,4.0,5,Cosmetic
34000000.0,Смоленская,8.0,2.0,54.4,8.0,11,European-style renovation
30500000.0,Баррикадная,13.0,2.0,58.5,8.0,10,Cosmetic
14800000.0,Некрасовка,13.0,2.0,59.0,11.0,22,European-style renovation
14900000.0,Давыдково,23.0,2.0,52.7,5.0,9,Cosmetic
22000000.0,Улица 1905 года,13.0,2.0,64.7,2.0,6,European-style renovation
16900000.0,Спартак,7.0,2.0,52.3,21.0,22,Designer
18100000.0,Дмитровская,9.0,2.0,51.2,9.0,9,European-style renovation
29300000.0,Тульская,17.0,2.0,66.5,14.0,20,Cosmetic
16300000.0,Первомайская,19.0,2.0,56.4,3.0,15,Cosmetic
19500000.0,Речной вокзал,22.0,2.0,58.0,2.0,28,European-style renovation
35000000.0,Раменки,9.0,2.0,68.7,8.0,28,European-style renovation
15000000.0,Яхромская,24.0,2.0,52.0,9.0,14,Cosmetic
22998000.0,Академическая,18.0,2.0,58.0,3.0,8,European-style renovation
11600000.0,Соколиная Гора,8.0,2.0,45.0,4.0,5,Cosmetic
31499000.0,Университет,17.0,2.0,76.0,2.0,14,Cosmetic
15000000.0,Теплый Стан,9.0,2.0,52.2,9.0,17,European-style renovation
15500000.0,Минская,27.0,2.0,44.6,4.0,12,European-style renovation
11900000.0,Медведково,17.0,2.0,60.0,9.0,16,Cosmetic
18000000.0,Водный стадион,14.0,2.0,49.6,9.0,21,Designer
18000000.0,Медведково,28.0,2.0,62.0,5.0,25,European-style renovation
23500000.0,Киевская,12.0,2.0,52.5,7.0,9,European-style renovation
28000000.0,Аминьевская,5.0,2.0,47.6,16.0,42,European-style renovation
14000000.0,Бабушкинская,7.0,2.0,43.0,1.0,4,Cosmetic
14700000.0,Кунцевская,11.0,2.0,50.0,5.0,5,Cosmetic
11200000.0,Ясенево,16.0,2.0,44.3,1.0,9,Cosmetic
15990000.0,Теплый Стан,14.0,2.0,54.0,9.0,12,Without renovation
14990000.0,Речной вокзал,3.0,2.0,45.0,2.0,9,European-style renovation
16500000.0,Сокольники,10.0,2.0,48.8,10.0,12,Cosmetic
14000000.0,Пионерская,9.0,2.0,45.0,3.0,5,Cosmetic
18000000.0,Менделеевская,7.0,2.0,45.1,1.0,5,Cosmetic
12200000.0,Бульвар Адмирала Ушакова,8.0,2.0,51.0,14.0,17,Without renovation
13500000.0,Беляево,12.0,2.0,44.6,1.0,9,Cosmetic
23000000.0,Зорге,12.0,2.0,74.2,2.0,7,European-style renovation
10550000.0,Юго-Восточная,18.0,2.0,43.0,6.0,9,Cosmetic
15390000.0,Митино,15.0,2.0,53.4,2.0,16,Cosmetic
17000000.0,Юго-Восточная,7.0,2.0,59.1,7.0,22,Designer
18190000.0,Коньково,6.0,2.0,53.0,8.0,17,European-style renovation
13999999.0,Бибирево,11.0,2.0,52.6,2.0,12,Designer
11500000.0,Молодежная,18.0,2.0,46.0,1.0,9,Cosmetic
30900000.0,Беломорская,4.0,2.0,80.0,21.0,24,Designer
17500000.0,Речной вокзал,20.0,2.0,53.4,6.0,9,European-style renovation
15500000.0,Беляево,9.0,2.0,49.7,14.0,16,Cosmetic
11990000.0,Строгино,17.0,2.0,43.8,1.0,9,Cosmetic
26000000.0,Университет,18.0,2.0,55.3,5.0,17,European-style renovation
14600000.0,Митино,10.0,2.0,53.6,5.0,14,Cosmetic
24800000.0,Раменки,12.0,2.0,51.0,2.0,15,Designer
16000000.0,Алексеевская,4.0,2.0,40.0,11.0,12,European-style renovation
12800000.0,Ясенево,26.0,2.0,54.0,2.0,16,Cosmetic
25000000.0,Новые Черемушки,18.0,2.0,57.1,5.0,17,European-style renovation
17500000.0,Рабочий Посёлок,20.0,2.0,44.0,19.0,30,European-style renovation
12000000.0,Коломенская,7.0,2.0,37.4,6.0,9,Cosmetic
19200000.0,Водный стадион,12.0,2.0,58.4,4.0,21,European-style renovation
17950000.0,Москва-Товарная,8.0,2.0,50.0,8.0,12,European-style renovation
21000000.0,Павелецкая,6.0,2.0,44.1,7.0,12,Cosmetic
14200000.0,Пенягино,20.0,2.0,51.5,11.0,12,Cosmetic
13900000.0,Бабушкинская,25.0,2.0,52.7,11.0,12,Cosmetic
20500000.0,Водный стадион,12.0,2.0,58.7,15.0,21,European-style renovation
12600000.0,Люблино,19.0,2.0,53.6,2.0,17,Cosmetic
21000000.0,Фрунзенская,6.0,2.0,44.0,6.0,8,Cosmetic
10120000.0,Кузьминки,13.0,2.0,50.5,6.0,16,Designer
15000000.0,Солнцево,19.0,2.0,54.0,3.0,14,European-style renovation
16750000.0,Кунцевская,16.0,2.0,52.6,6.0,22,Cosmetic
11000000.0,Юго-Восточная,8.0,2.0,39.0,9.0,12,Cosmetic
24800000.0,Серпуховская,8.0,2.0,54.0,4.0,6,European-style renovation
19900000.0,Планерная,18.0,2.0,55.1,2.0,18,Cosmetic
22500000.0,Варшавская (Коломенское),14.0,2.0,63.0,6.0,12,Without renovation
14500000.0,Каширская,4.0,2.0,44.0,5.0,5,European-style renovation
14000000.0,Щелковская,6.0,2.0,48.3,10.0,10,European-style renovation
18600000.0,Тимирязевская,5.0,2.0,54.3,3.0,15,European-style renovation
25300000.0,Павелецкая,5.0,2.0,57.0,5.0,8,European-style renovation
11800000.0,Теплый Стан,12.0,2.0,44.5,1.0,9,Cosmetic
16000000.0,Алексеевская,5.0,2.0,43.9,13.0,17,Cosmetic
16100000.0,Кожуховская,6.0,2.0,46.0,4.0,12,Cosmetic
19500000.0,Семеновская,8.0,2.0,61.0,15.0,25,European-style renovation
17300000.0,Юго-Западная,15.0,2.0,50.8,2.0,16,Cosmetic
16500000.0,Бунинская Аллея,23.0,2.0,61.8,15.0,16,European-style renovation
29600000.0,Мичуринский проспект,12.0,2.0,48.0,5.0,50,Designer
12890000.0,Беломорская,24.0,2.0,51.0,11.0,27,Without renovation
13280000.0,Сходненская,7.0,2.0,44.2,5.0,9,Cosmetic
11300000.0,Зюзино,6.0,2.0,44.4,1.0,12,Cosmetic
15300000.0,Щелковская,17.0,2.0,52.0,2.0,17,European-style renovation
14000000.0,Волжская,11.0,2.0,47.6,7.0,12,European-style renovation
13500000.0,Беляево,11.0,2.0,44.9,1.0,9,European-style renovation
10000000.0,Выхино,14.0,2.0,48.0,4.0,9,Cosmetic
32000000.0,Электрозаводская,10.0,2.0,82.0,6.0,22,Designer
12700000.0,Трикотажная,21.0,2.0,45.0,11.0,14,Cosmetic
30500000.0,Беговая,4.0,2.0,63.0,25.0,32,European-style renovation
25000000.0,Киевская,14.0,2.0,46.0,4.0,6,Cosmetic
14790000.0,Красногвардейская,15.0,2.0,54.0,9.0,14,Designer
10990000.0,Щелковская,26.0,2.0,45.3,2.0,12,Cosmetic
18000000.0,Кожуховская,8.0,2.0,61.2,4.0,5,Cosmetic
10700000.0,Свиблово,8.0,2.0,37.8,3.0,14,Cosmetic
15000000.0,Новопеределкино,14.0,2.0,56.0,7.0,22,Cosmetic
19500000.0,Марьина Роща (Шереметьевская),13.0,2.0,52.0,8.0,14,European-style renovation
24990000.0,Молодежная,4.0,2.0,69.0,15.0,25,European-style renovation
20900000.0,Щукинская,6.0,2.0,57.6,18.0,25,European-style renovation
16500000.0,Текстильщики,22.0,2.0,61.0,6.0,23,Designer
15800000.0,Марьина Роща (Шереметьевская),12.0,2.0,43.0,8.0,9,Cosmetic
17850000.0,Марьина Роща (Шереметьевская),11.0,2.0,52.0,11.0,14,European-style renovation
14490000.0,Бескудниково,7.0,2.0,56.0,4.0,19,Cosmetic
13990000.0,Бескудниково,7.0,2.0,53.0,12.0,19,Cosmetic
13200000.0,Калитники,15.0,2.0,38.3,12.0,12,European-style renovation
19500000.0,Ховрино,19.0,2.0,64.0,13.0,14,Without renovation
35000000.0,Зюзино,13.0,2.0,77.8,18.0,24,European-style renovation
109900000.0,Белорусская,14.0,2.0,87.6,4.0,9,Designer
18000000.0,Багратионовская,12.0,2.0,58.0,1.0,12,European-style renovation
10700000.0,Щелковская,20.0,2.0,35.1,9.0,9,Cosmetic
15000000.0,Селигерская,13.0,2.0,38.7,12.0,23,Cosmetic
41000000.0,Улица 1905 года,4.0,2.0,69.3,6.0,22,Designer
10890000.0,Братиславская,16.0,2.0,47.9,4.0,9,Cosmetic
13500000.0,Отрадное,11.0,2.0,44.0,3.0,9,Cosmetic
18350000.0,Войковская,16.0,2.0,54.1,14.0,14,European-style renovation
21500000.0,Народное Ополчение,24.0,2.0,55.3,16.0,47,Without renovation
13380000.0,Бульвар Рокоссовского,13.0,2.0,38.0,4.0,9,Cosmetic
23350000.0,Шаболовская,5.0,2.0,57.2,4.0,5,Cosmetic
13800000.0,Давыдково,12.0,2.0,60.0,8.0,16,Cosmetic
16000000.0,Коптево,26.0,2.0,53.0,11.0,14,Cosmetic
14800000.0,Пятницкое шоссе,6.0,2.0,54.0,6.0,17,Cosmetic
11700000.0,Перово,19.0,2.0,38.0,3.0,12,European-style renovation
37950000.0,Новаторская,7.0,2.0,85.0,5.0,20,European-style renovation
39950000.0,Новаторская,7.0,2.0,88.0,7.0,20,Designer
22500000.0,Новаторская,9.0,2.0,57.1,3.0,22,European-style renovation
12000000.0,Фонвизинская,9.0,2.0,38.4,6.0,12,Cosmetic
9950000.0,Южная,13.0,2.0,44.0,1.0,9,Cosmetic
20000000.0,Новые Черемушки,16.0,2.0,59.0,17.0,22,Cosmetic
13500000.0,Новокосино,12.0,2.0,54.5,6.0,17,Cosmetic
18990000.0,Пионерская,12.0,2.0,55.1,2.0,19,Cosmetic
15500000.0,Саларьево,21.0,2.0,55.4,18.0,27,Cosmetic
14500000.0,Кленовый бульвар,16.0,2.0,41.8,3.0,5,Cosmetic
22600000.0,Озёрная,21.0,2.0,63.7,5.0,27,Without renovation
15900000.0,Лианозово,17.0,2.0,60.0,2.0,22,Cosmetic
14000000.0,Войковская,8.0,2.0,43.3,1.0,5,Cosmetic
44000000.0,Чертановская,18.0,2.0,94.2,2.0,39,Designer
28000000.0,Тульская,15.0,2.0,61.6,2.0,10,European-style renovation
17200000.0,Яхромская,12.0,2.0,56.4,21.0,22,Cosmetic
19800000.0,Верхние Котлы,15.0,2.0,50.5,12.0,26,European-style renovation
17700000.0,Верхние Котлы,13.0,2.0,60.0,8.0,8,European-style renovation
18900000.0,Свиблово,16.0,2.0,58.3,5.0,11,European-style renovation
13000000.0,Академическая,16.0,2.0,39.7,2.0,14,Cosmetic
14500000.0,Селигерская,22.0,2.0,54.5,9.0,18,Without renovation
12500000.0,Кузьминки,6.0,2.0,41.7,4.0,5,European-style renovation
18700000.0,Верхние Лихоборы,4.0,2.0,61.0,5.0,24,Without renovation
11300000.0,Лихоборы,11.0,2.0,40.0,6.0,12,Cosmetic
11000000.0,Окская,4.0,2.0,38.5,12.0,12,Cosmetic
16950000.0,Профсоюзная,22.0,2.0,50.8,11.0,23,Designer
14200000.0,Алтуфьево,10.0,2.0,52.9,2.0,16,Cosmetic
15100000.0,Марьино,8.0,2.0,54.1,8.0,10,Cosmetic
15900000.0,Коммунарка,15.0,2.0,69.3,4.0,15,Designer
13000000.0,Бибирево,12.0,2.0,49.1,9.0,12,Cosmetic
12850000.0,Водный стадион,12.0,2.0,38.0,7.0,9,European-style renovation
20000000.0,Угрешская,7.0,2.0,67.3,26.0,30,Cosmetic
12500000.0,Лермонтовский проспект,13.0,2.0,54.5,3.0,17,Cosmetic
18000000.0,Медведково,9.0,2.0,54.0,4.0,15,European-style renovation
12700000.0,Ясенево,24.0,2.0,52.9,2.0,16,European-style renovation
19500000.0,Верхние Лихоборы,6.0,2.0,54.0,23.0,25,European-style renovation
14999000.0,Перерва,15.0,2.0,54.7,7.0,24,European-style renovation
14500000.0,Пролетарская,7.0,2.0,42.1,2.0,9,European-style renovation
28500000.0,Беломорская,4.0,2.0,72.1,5.0,35,European-style renovation
16100000.0,Лесопарковая,4.0,2.0,56.7,17.0,19,Cosmetic
17950000.0,Домодедовская,17.0,2.0,60.0,10.0,20,European-style renovation
13900000.0,Ясенево,26.0,2.0,53.3,11.0,16,European-style renovation
18250000.0,Ростокино,6.0,2.0,61.5,6.0,17,European-style renovation
15800000.0,Динамо,14.0,2.0,43.7,6.0,9,Cosmetic
33500000.0,Новаторская,18.0,2.0,64.2,42.0,48,Designer
14100000.0,Ботанический сад,10.0,2.0,44.0,8.0,12,Designer
13000000.0,Орехово,3.0,2.0,50.9,13.0,17,European-style renovation
12800000.0,Марьино,17.0,2.0,50.2,16.0,16,Cosmetic
54000000.0,Выставочная,10.0,2.0,65.0,7.0,20,Designer
56900000.0,Панфиловская,6.0,2.0,95.1,9.0,18,Designer
14390000.0,Борисово,23.0,2.0,52.0,2.0,14,Cosmetic
33000000.0,Раменки,15.0,2.0,76.0,2.0,12,European-style renovation
19700000.0,Калужская,19.0,2.0,60.0,14.0,18,European-style renovation
16800000.0,Павелецкая,10.0,2.0,38.0,4.0,9,Cosmetic
15000000.0,Люблино,14.0,2.0,56.0,8.0,17,Cosmetic
12000000.0,Селигерская,18.0,2.0,46.0,5.0,12,Without renovation
13499999.0,Филёвский парк,7.0,2.0,41.0,3.0,5,Cosmetic
18000000.0,Беляево,4.0,2.0,45.0,6.0,9,European-style renovation
23000000.0,Дмитровская,10.0,2.0,60.6,1.0,8,European-style renovation
30890000.0,Баррикадная,7.0,2.0,57.8,7.0,8,Designer
12350000.0,Кантемировская,16.0,2.0,45.0,10.0,12,Cosmetic
14400000.0,Зюзино,16.0,2.0,38.1,5.0,12,Cosmetic
18000000.0,Ховрино,7.0,2.0,45.2,8.0,12,European-style renovation
17800000.0,Минская,30.0,2.0,39.0,12.0,14,European-style renovation
25168000.0,ЗИЛ,12.0,2.0,68.8,12.0,40,European-style renovation
25413000.0,ЗИЛ,12.0,2.0,65.6,15.0,40,European-style renovation
26005000.0,ЗИЛ,12.0,2.0,68.7,8.0,40,European-style renovation
25168000.0,ЗИЛ,12.0,2.0,65.4,12.0,40,European-style renovation
26489000.0,ЗИЛ,12.0,2.0,65.5,17.0,40,European-style renovation
26337000.0,ЗИЛ,12.0,2.0,65.4,14.0,40,European-style renovation
28211000.0,ЗИЛ,12.0,2.0,69.1,7.0,40,European-style renovation
28255000.0,ЗИЛ,12.0,2.0,69.0,9.0,40,European-style renovation
27636000.0,ЗИЛ,12.0,2.0,60.6,25.0,40,European-style renovation
27698000.0,ЗИЛ,12.0,2.0,60.8,24.0,40,European-style renovation
27709000.0,ЗИЛ,12.0,2.0,60.7,26.0,40,European-style renovation
27720000.0,ЗИЛ,12.0,2.0,60.6,27.0,40,European-style renovation
27776000.0,ЗИЛ,12.0,2.0,60.6,28.0,40,European-style renovation
12800000.0,Авиамоторная,10.0,2.0,43.2,8.0,8,Cosmetic
27000000.0,Кленовый бульвар,26.0,2.0,69.0,17.0,20,Designer
27776000.0,ЗИЛ,12.0,2.0,60.6,29.0,40,European-style renovation
27878000.0,ЗИЛ,12.0,2.0,60.7,30.0,40,European-style renovation
23058000.0,ЗИЛ,22.0,2.0,44.0,15.0,15,European-style renovation
23444000.0,ЗИЛ,22.0,2.0,44.0,15.0,15,European-style renovation
27862000.0,ЗИЛ,22.0,2.0,62.8,4.0,15,European-style renovation
27983000.0,ЗИЛ,22.0,2.0,62.8,5.0,15,European-style renovation
13000000.0,Аминьевская,12.0,2.0,45.1,9.0,12,European-style renovation
28110000.0,ЗИЛ,22.0,2.0,62.8,6.0,15,European-style renovation
28812000.0,ЗИЛ,22.0,2.0,62.6,6.0,15,European-style renovation
28851000.0,ЗИЛ,22.0,2.0,62.8,7.0,15,European-style renovation
28978000.0,ЗИЛ,22.0,2.0,62.8,8.0,15,European-style renovation
17000000.0,Перерва,15.0,2.0,60.0,4.0,24,European-style renovation
11500000.0,Преображенская площадь,16.0,2.0,47.3,1.0,12,Cosmetic
24750000.0,ЗИЛ,18.0,2.0,54.1,6.0,16,European-style renovation
24587000.0,ЗИЛ,18.0,2.0,54.1,4.0,16,European-style renovation
18500000.0,Молодежная,13.0,2.0,54.0,15.0,18,European-style renovation
24666000.0,ЗИЛ,18.0,2.0,54.1,5.0,16,European-style renovation
24835000.0,ЗИЛ,18.0,2.0,54.1,7.0,16,European-style renovation
24919000.0,ЗИЛ,18.0,2.0,54.1,8.0,16,European-style renovation
24472000.0,ЗИЛ,18.0,2.0,53.6,12.0,16,European-style renovation
25392000.0,ЗИЛ,18.0,2.0,53.6,16.0,16,European-style renovation
30150000.0,ЗИЛ,18.0,2.0,69.3,8.0,16,European-style renovation
28447000.0,ЗИЛ,18.0,2.0,63.2,16.0,16,European-style renovation
30129000.0,ЗИЛ,18.0,2.0,62.6,3.0,16,European-style renovation
30185000.0,ЗИЛ,18.0,2.0,62.3,4.0,16,European-style renovation
30719000.0,ЗИЛ,18.0,2.0,62.4,7.0,16,European-style renovation
31514000.0,ЗИЛ,18.0,2.0,62.4,8.0,16,European-style renovation
37081000.0,ЗИЛ,18.0,2.0,69.1,9.0,16,European-style renovation
37942000.0,ЗИЛ,18.0,2.0,61.3,9.0,16,European-style renovation
41212000.0,ЗИЛ,18.0,2.0,67.3,9.0,16,Without renovation
15500000.0,Бибирево,22.0,2.0,52.2,15.0,16,Cosmetic
14500000.0,Пыхтино,18.0,2.0,52.0,16.0,17,European-style renovation
16900000.0,Калитники,17.0,2.0,60.8,8.0,24,Cosmetic
12000000.0,Яхромская,12.0,2.0,38.0,3.0,9,European-style renovation
13100000.0,Бульвар Дмитрия Донского,11.0,2.0,54.0,14.0,14,Cosmetic
10000000.0,Покровское,31.0,2.0,45.9,2.0,12,Cosmetic
19300000.0,Севастопольская,12.0,2.0,63.3,12.0,17,European-style renovation
55000000.0,Лужники,17.0,2.0,72.5,6.0,9,Designer
13400000.0,Измайлово,6.0,2.0,48.4,1.0,4,Cosmetic
16100000.0,Яхромская,12.0,2.0,56.0,18.0,22,Cosmetic
16300000.0,Яхромская,12.0,2.0,58.0,21.0,22,Cosmetic
11800000.0,Бибирево,14.0,2.0,48.0,4.0,12,Cosmetic
16900000.0,Нахимовский проспект,4.0,2.0,51.2,11.0,12,Cosmetic
13520000.0,Силикатная,32.0,2.0,53.0,12.0,12,Cosmetic
25000000.0,Ховрино,3.0,2.0,71.3,9.0,30,European-style renovation
19000000.0,Минская,15.0,2.0,56.6,7.0,9,European-style renovation
25000000.0,Бауманская,9.0,2.0,62.0,2.0,7,European-style renovation
14200000.0,Новокосино,18.0,2.0,60.0,1.0,14,Designer
15300000.0,Новые Черемушки,10.0,2.0,44.3,7.0,9,Cosmetic
16700000.0,Пролетарская,16.0,2.0,52.4,9.0,14,Cosmetic
17700000.0,Молодежная,12.0,2.0,57.8,12.0,16,Cosmetic
16400000.0,Славянский бульвар,10.0,2.0,44.0,8.0,9,European-style renovation
15000000.0,Варшавская,4.0,2.0,66.4,5.0,5,Cosmetic
18650000.0,Новые Черемушки,11.0,2.0,56.8,14.0,17,Cosmetic
16300000.0,Коломенская,3.0,2.0,45.3,3.0,9,Cosmetic
19500000.0,Балтийская,20.0,2.0,54.0,9.0,17,European-style renovation
13500000.0,Улица Старокачаловская,8.0,2.0,54.0,8.0,17,Cosmetic
16200000.0,Улица Старокачаловская,15.0,2.0,50.6,4.0,14,Designer
19000000.0,Селигерская,13.0,2.0,56.7,4.0,24,European-style renovation
20000000.0,Октябрьское поле,2.0,2.0,58.4,3.0,5,Cosmetic
32100000.0,Проспект Вернадского,17.0,2.0,85.0,8.0,8,European-style renovation
30000000.0,Баррикадная,7.0,2.0,55.0,11.0,14,European-style renovation
16000000.0,Лесопарковая,9.0,2.0,41.0,3.0,23,Designer
13500000.0,Пятницкое шоссе,6.0,2.0,50.5,2.0,14,Cosmetic
23900000.0,Шелепиха,13.0,2.0,55.3,19.0,46,European-style renovation
55000000.0,Аэропорт,10.0,2.0,62.8,3.0,3,Designer
13000000.0,Юго-Западная,16.0,2.0,50.0,1.0,9,Without renovation
22000000.0,Коптево,13.0,2.0,65.0,11.0,20,Without renovation
14300000.0,Кунцевская,10.0,2.0,43.0,5.0,5,Cosmetic
14950000.0,Нахимовский проспект,16.0,2.0,45.6,2.0,5,Cosmetic
36000000.0,Тульская,27.0,2.0,94.2,7.0,8,Designer
14300000.0,Москва-Товарная,18.0,2.0,44.8,11.0,12,European-style renovation
24000000.0,Белорусская,6.0,2.0,55.9,6.0,8,Without renovation
23550000.0,Ломоносовский проспект,20.0,2.0,78.5,3.0,22,European-style renovation
23010000.0,Ломоносовский проспект,20.0,2.0,76.7,3.0,22,European-style renovation
10500000.0,Улица Дмитриевского,19.0,2.0,41.3,2.0,4,Cosmetic
15000000.0,Ботанический сад,16.0,2.0,51.0,10.0,17,Without renovation
35000000.0,Хорошево,23.0,2.0,57.0,15.0,25,Cosmetic
11000000.0,Тушинская,11.0,2.0,44.0,6.0,14,Cosmetic
17990000.0,Верхние Лихоборы,12.0,2.0,52.0,20.0,22,European-style renovation
25500000.0,Марьина Роща,10.0,2.0,66.0,9.0,55,Without renovation
48500000.0,Третьяковская,3.0,2.0,57.0,2.0,5,European-style renovation
11990000.0,Рижская,20.0,2.0,38.0,5.0,21,Cosmetic
17590000.0,Щелковская,8.0,2.0,66.0,13.0,32,European-style renovation
25000000.0,Аминьевская,11.0,2.0,59.7,35.0,37,Without renovation
12000000.0,Медведково,8.0,2.0,45.0,3.0,14,Without renovation
20900000.0,ЗИЛ,16.0,2.0,40.1,6.0,14,European-style renovation
14400000.0,Новокосино,22.0,2.0,51.2,3.0,14,European-style renovation
22000000.0,Ольховая,18.0,2.0,102.0,4.0,8,Without renovation
35000000.0,Щукинская,10.0,2.0,61.7,4.0,33,Designer
15000000.0,Нагорная,15.0,2.0,44.9,2.0,5,Cosmetic
9990000.0,Кузьминки,9.0,2.0,38.6,1.0,9,Cosmetic
17500000.0,ВДНХ,10.0,2.0,53.0,1.0,8,European-style renovation
89133670.0,Лужники,11.0,2.0,75.0,5.0,6,Designer
12300000.0,Ольховая,26.0,2.0,53.5,12.0,24,Without renovation
18500000.0,Шоссе Энтузиастов,16.0,2.0,60.0,8.0,9,Cosmetic
21500000.0,Локомотив,15.0,2.0,56.4,18.0,37,Designer
16990000.0,Рабочий Посёлок,10.0,2.0,56.2,13.0,16,European-style renovation
15500000.0,Октябрьское поле,15.0,2.0,55.1,4.0,5,Without renovation
12500000.0,Кантемировская,13.0,2.0,51.9,11.0,14,Without renovation
14500000.0,Нахимовский проспект,16.0,2.0,45.6,2.0,5,Cosmetic
20950000.0,Солнцево,8.0,2.0,54.5,2.0,19,Designer
14000000.0,Некрасовка,17.0,2.0,62.0,14.0,23,European-style renovation
12000000.0,Рижская,20.0,2.0,41.0,4.0,21,Cosmetic
14300000.0,Крымская,17.0,2.0,42.6,5.0,5,Cosmetic
19900000.0,Аминьевская,11.0,2.0,52.4,10.0,30,Without renovation
29000000.0,Аминьевская,11.0,2.0,64.0,19.0,37,Without renovation
13900000.0,Аннино,6.0,2.0,53.4,16.0,16,European-style renovation
21000000.0,Тульская,11.0,2.0,58.6,4.0,5,Without renovation
130000000.0,Парк культуры,12.0,2.0,95.0,4.0,7,Designer
14500000.0,Марьино,9.0,2.0,55.6,5.0,22,Cosmetic
16990000.0,Черкизовская,14.0,2.0,59.2,22.0,27,Designer
33000000.0,Хорошево,16.0,2.0,63.0,9.0,26,Designer
14000000.0,Кожуховская,11.0,2.0,41.0,4.0,5,European-style renovation
28500000.0,Алексеевская,11.0,2.0,63.7,3.0,20,European-style renovation
13200000.0,Прокшино,30.0,2.0,50.0,8.0,12,European-style renovation
14600000.0,Щелковская,6.0,2.0,56.8,5.0,18,Cosmetic
21300000.0,Бульвар Рокоссовского,6.0,2.0,53.0,12.0,31,Designer
19900000.0,Хорошево,12.0,2.0,54.0,2.0,6,Designer
16980000.0,Кузьминки,14.0,2.0,54.0,13.0,18,Cosmetic
14199000.0,Площадь Ильича,8.0,2.0,42.9,1.0,10,Designer
22800000.0,Селигерская,10.0,2.0,53.0,4.0,38,Designer
14999000.0,Водный стадион,11.0,2.0,45.0,5.0,5,Cosmetic
16999000.0,Новаторская,13.0,2.0,46.8,4.0,25,Without renovation
13500000.0,Некрасовка,17.0,2.0,51.2,16.0,17,European-style renovation
20000000.0,Аминьевская,10.0,2.0,57.4,11.0,25,Cosmetic
18900000.0,Университет,17.0,2.0,51.9,11.0,14,Cosmetic
23690000.0,ВДНХ,19.0,2.0,71.7,4.0,8,Designer
47500000.0,Мичуринский проспект,12.0,2.0,78.1,47.0,50,Designer
18990000.0,Панфиловская,9.0,2.0,60.0,7.0,8,European-style renovation
18000000.0,Улица Скобелевская,16.0,2.0,63.0,10.0,34,European-style renovation
17800000.0,Ломоносовский проспект,6.0,2.0,48.2,5.0,8,European-style renovation
14999000.0,Медведково,19.0,2.0,52.0,2.0,17,Cosmetic
27900000.0,Шелепиха,14.0,2.0,58.0,24.0,41,Without renovation
13900000.0,Покровское,33.0,2.0,62.0,13.0,20,Without renovation
12500000.0,Физтех,15.0,2.0,51.0,2.0,17,Without renovation
14690000.0,Новокосино,19.0,2.0,54.1,14.0,17,Cosmetic
20000000.0,Текстильщики,17.0,2.0,63.0,13.0,23,Cosmetic
27000000.0,Раменки,7.0,2.0,57.2,13.0,20,European-style renovation
10500000.0,Некрасовка,14.0,2.0,53.4,12.0,17,European-style renovation
12750000.0,Варшавская,6.0,2.0,36.1,10.0,14,Cosmetic
25690000.0,Чкаловская,13.0,2.0,67.9,5.0,8,European-style renovation
15590000.0,Верхние Котлы,4.0,2.0,44.7,5.0,8,European-style renovation
22000000.0,Автозаводская,12.0,2.0,57.0,3.0,5,European-style renovation
14990000.0,Хорошёвская,11.0,2.0,53.0,19.0,23,Without renovation
19990000.0,Площадь Ильича,5.0,2.0,63.9,3.0,26,European-style renovation
16000000.0,Отрадное,6.0,2.0,51.3,15.0,17,Cosmetic
15300000.0,Новаторская,9.0,2.0,46.3,1.0,8,European-style renovation
15500000.0,Кожуховская,12.0,2.0,42.0,6.0,9,Cosmetic
12600000.0,Бульвар Рокоссовского,16.0,2.0,53.5,1.0,5,Cosmetic
30000000.0,Волгоградский проспект,9.0,2.0,76.5,13.0,23,European-style renovation
17400000.0,Пролетарская,10.0,2.0,42.0,3.0,5,European-style renovation
27900000.0,Тульская,27.0,2.0,61.9,16.0,18,Without renovation
15000000.0,Ясенево,10.0,2.0,54.0,1.0,16,European-style renovation
12390000.0,Народное Ополчение,14.0,2.0,43.7,6.0,9,European-style renovation
28000000.0,Ботанический сад,8.0,2.0,58.5,3.0,24,European-style renovation
29999999.0,Коптево,15.0,2.0,88.0,5.0,5,Designer
16800000.0,Прокшино,22.0,2.0,60.0,2.0,6,Designer
19499999.0,Охотный ряд,5.0,2.0,66.0,3.0,8,European-style renovation
28000000.0,Народное Ополчение,24.0,2.0,53.2,28.0,47,Without renovation
59700000.0,Международная,6.0,2.0,68.3,30.0,77,Designer
65000000.0,Международная,6.0,2.0,76.7,38.0,77,Designer
21500000.0,Крымская,14.0,2.0,58.4,7.0,16,Cosmetic
15970000.0,Улица Скобелевская,12.0,2.0,57.3,28.0,33,European-style renovation
18490000.0,Медведково,9.0,2.0,58.5,12.0,15,European-style renovation
12350000.0,Свиблово,6.0,2.0,45.9,3.0,5,Cosmetic
62000000.0,Улица 1905 года,7.0,2.0,59.0,8.0,24,European-style renovation
97307500.0,Тверская,7.0,2.0,65.0,3.0,9,Designer
21000000.0,Новаторская,9.0,2.0,57.0,3.0,22,European-style renovation
25000000.0,Фили,17.0,2.0,71.0,5.0,21,European-style renovation
15500000.0,Марьина Роща,8.0,2.0,55.7,5.0,5,Without renovation
10500000.0,Выхино,24.0,2.0,43.0,5.0,9,European-style renovation
32990000.0,Тульская,28.0,2.0,59.0,8.0,16,Designer
10800000.0,Сходненская,23.0,2.0,38.6,11.0,12,Cosmetic
13000000.0,Люблино,15.0,2.0,58.8,1.0,17,Cosmetic
28000000.0,Курская,9.0,2.0,40.9,8.0,11,Cosmetic
12800000.0,Некрасовка,10.0,2.0,63.7,4.0,25,Cosmetic
12499999.0,Дегунино,15.0,2.0,44.1,6.0,9,Cosmetic
75500000.0,Фрунзенская,9.0,2.0,77.0,6.0,13,Without renovation
19800000.0,Бульвар Рокоссовского,6.0,2.0,58.0,4.0,5,European-style renovation
25000000.0,Аминьевская,5.0,2.0,45.0,15.0,42,Designer
15500000.0,Лухмановская,17.0,2.0,60.0,2.0,10,Cosmetic
13885000.0,Покровское,32.0,2.0,58.8,11.0,18,Without renovation
19500000.0,Фонвизинская,9.0,2.0,61.5,5.0,5,Cosmetic
33000000.0,Мичуринский проспект,12.0,2.0,70.0,17.0,50,Without renovation
14300000.0,Прокшино,27.0,2.0,56.1,11.0,12,Cosmetic
16700000.0,Речной вокзал,22.0,2.0,67.0,27.0,28,Without renovation
40000000.0,Раменки,9.0,2.0,81.7,2.0,28,Without renovation
74116000.0,Арбатская,6.0,2.0,78.9,4.0,4,Without renovation
11800000.0,Лихоборы,11.0,2.0,45.1,10.0,12,Cosmetic
19900000.0,Алексеевская,11.0,2.0,56.0,2.0,20,Without renovation
22222222.0,Ольховая,20.0,2.0,101.3,4.0,8,Without renovation
14600000.0,Некрасовка,12.0,2.0,54.8,10.0,19,European-style renovation
19450000.0,Панфиловская,9.0,2.0,60.0,7.0,8,Without renovation
20500000.0,Селигерская,16.0,2.0,50.3,20.0,44,Designer
12500000.0,Бульвар Рокоссовского,28.0,2.0,52.0,12.0,12,Cosmetic
17100000.0,Верхние Котлы,17.0,2.0,66.3,4.0,7,Without renovation
11500000.0,Домодедовская,17.0,2.0,45.0,2.0,9,Without renovation
22500000.0,Спортивная,31.0,2.0,58.0,9.0,14,European-style renovation
9000000.0,Царицыно,21.0,2.0,39.1,1.0,9,Without renovation
15500000.0,Мнёвники,14.0,2.0,46.4,1.0,9,European-style renovation
12900000.0,Бибирево,6.0,2.0,52.1,2.0,12,Cosmetic
16700000.0,Москва-Товарная,13.0,2.0,55.0,4.0,4,European-style renovation
17200000.0,Бульвар Рокоссовского,20.0,2.0,58.0,23.0,25,Cosmetic
10699000.0,Яхромская,23.0,2.0,42.8,2.0,9,Cosmetic
13500000.0,Дмитровская,6.0,2.0,51.0,1.0,9,Cosmetic
18750000.0,Ленинский проспект,8.0,2.0,48.5,9.0,9,Without renovation
14000000.0,Покровское,25.0,2.0,59.0,4.0,14,European-style renovation
15799990.0,Рассказовка,30.0,2.0,54.0,14.0,17,European-style renovation
14000000.0,Коломенская,7.0,2.0,37.5,3.0,9,Cosmetic
26990000.0,Давыдково,23.0,2.0,46.4,16.0,25,Without renovation
9200000.0,Коммунарка,57.0,2.0,43.0,2.0,14,European-style renovation
11199000.0,Сетунь,10.0,2.0,46.5,8.0,9,Cosmetic
37710000.0,Аминьевская,5.0,2.0,65.1,31.0,42,Designer
16600000.0,Домодедовская,10.0,2.0,57.0,16.0,17,Cosmetic
10300000.0,Щербинка,28.0,2.0,57.0,12.0,17,Cosmetic
10400000.0,Щербинка,28.0,2.0,57.0,12.0,17,Cosmetic
25000000.0,Университет,10.0,2.0,58.2,1.0,8,European-style renovation
11500000.0,Пражская,16.0,2.0,44.4,3.0,9,Cosmetic
14200000.0,Рассказовка,26.0,2.0,60.0,3.0,17,Cosmetic
12800000.0,Сетунь,20.0,2.0,55.6,2.0,16,Cosmetic
13900000.0,Красный Строитель,6.0,2.0,51.4,13.0,17,Without renovation
18700000.0,Белорусская,11.0,2.0,44.6,12.0,12,European-style renovation
13800000.0,Красный Балтиец,16.0,2.0,44.8,7.0,9,Cosmetic
12800000.0,Перово,3.0,2.0,44.7,2.0,5,Cosmetic
36000000.0,ЦСКА,10.0,2.0,80.0,7.0,18,Designer
31000000.0,Нагорная,4.0,2.0,64.2,24.0,27,Designer
30900000.0,Нагорная,4.0,2.0,64.2,23.0,27,Designer
14000000.0,Сходненская,11.0,2.0,47.9,3.0,12,Cosmetic
11250000.0,Рязанский проспект,12.0,2.0,44.4,8.0,9,Cosmetic
15500000.0,Братиславская,10.0,2.0,57.0,21.0,23,Designer
11000000.0,Выхино,19.0,2.0,43.4,9.0,9,Designer
20500000.0,Сухаревская,11.0,2.0,51.0,4.0,16,European-style renovation
13500000.0,Новокосино,18.0,2.0,53.9,8.0,17,Cosmetic
12970000.0,Лефортово,15.0,2.0,38.7,5.0,12,Without renovation
11700000.0,Медведково,7.0,2.0,46.0,11.0,12,Without renovation
29960000.0,Октябрьское поле,18.0,2.0,62.0,6.0,19,Without renovation
15997000.0,Савеловская,11.0,2.0,51.5,2.0,14,Without renovation
50000000.0,Смоленская,11.0,2.0,53.0,10.0,24,Designer
15900000.0,Рязанский проспект,4.0,2.0,50.0,6.0,17,European-style renovation
26900000.0,Беговая,9.0,2.0,68.8,6.0,25,European-style renovation
41000000.0,Славянский бульвар,20.0,2.0,82.0,6.0,31,Designer
18900000.0,Юго-Западная,14.0,2.0,51.0,10.0,16,European-style renovation
12000000.0,Царицыно,18.0,2.0,50.0,5.0,9,Cosmetic
14000000.0,Новоясеневская,8.0,2.0,43.9,6.0,9,Cosmetic
14300000.0,Первомайская,5.0,2.0,44.0,4.0,5,European-style renovation
22300000.0,Бульвар Рокоссовского,9.0,2.0,65.0,20.0,30,Designer
11200000.0,Кузьминки,16.0,2.0,39.0,3.0,9,Cosmetic
11600000.0,Люблино,5.0,2.0,51.0,14.0,17,Cosmetic
39000000.0,Мичуринский проспект,12.0,2.0,70.0,25.0,50,Without renovation
26000000.0,Кунцевская,11.0,2.0,55.0,12.0,24,Designer
17500000.0,Рабочий Посёлок,11.0,2.0,55.1,10.0,14,European-style renovation
17500000.0,Калужская,16.0,2.0,49.0,2.0,12,Designer
35000000.0,Авиамоторная,18.0,2.0,69.0,8.0,23,Designer
22800000.0,Ленинский проспект,8.0,2.0,49.0,9.0,9,European-style renovation
14500000.0,Текстильщики,6.0,2.0,45.0,2.0,5,Cosmetic
16000000.0,Проспект Вернадского,9.0,2.0,50.0,2.0,10,European-style renovation
22654000.0,Таганская,7.0,2.0,48.2,2.0,6,Without renovation
31302000.0,Таганская,7.0,2.0,66.6,2.0,6,Without renovation
22744800.0,Электрозаводская,17.0,2.0,65.0,6.0,7,Without renovation
16584750.0,Электрозаводская,17.0,2.0,56.7,6.0,7,Without renovation
10799000.0,Прокшино,18.0,2.0,47.8,3.0,16,Without renovation
24116400.0,Электрозаводская,17.0,2.0,87.0,6.0,7,Without renovation
16190000.0,Новые Черемушки,7.0,2.0,42.0,3.0,5,Cosmetic
31000000.0,Таганская,6.0,2.0,55.0,3.0,5,European-style renovation
19300000.0,Саларьево,26.0,2.0,64.0,21.0,22,Designer
14472000.0,Электрозаводская,17.0,2.0,54.0,6.0,7,Without renovation
11800000.0,Перово,13.0,2.0,51.8,2.0,12,Without renovation
13590000.0,Щелковская,14.0,2.0,45.0,1.0,5,Cosmetic
12599000.0,Улица Старокачаловская,14.0,2.0,52.4,10.0,14,Without renovation
13900000.0,Алексеевская,7.0,2.0,41.0,3.0,8,Cosmetic
14250000.0,Бульвар Адмирала Ушакова,4.0,2.0,54.0,11.0,14,European-style renovation
15000000.0,Зябликово,12.0,2.0,60.0,5.0,12,Cosmetic
13300000.0,Новогиреево,7.0,2.0,50.7,2.0,12,Cosmetic
19500000.0,Южная,5.0,2.0,58.3,12.0,17,Cosmetic
11700000.0,Бибирево,16.0,2.0,41.5,5.0,9,European-style renovation
11000000.0,Бульвар Рокоссовского,32.0,2.0,44.0,3.0,5,Cosmetic
12800000.0,Фонвизинская,16.0,2.0,37.3,7.0,9,Without renovation
13500000.0,Царицыно,36.0,2.0,66.0,13.0,20,Without renovation
32000000.0,Крестьянская застава,8.0,2.0,64.6,4.0,10,European-style renovation
18999000.0,Новаторская,22.0,2.0,56.4,2.0,11,European-style renovation
19700000.0,Багратионовская,5.0,2.0,72.0,1.0,6,Cosmetic
46000000.0,Бауманская,19.0,2.0,106.4,13.0,23,European-style renovation
14900000.0,Калитники,10.0,2.0,50.0,4.0,13,Without renovation
15600000.0,Окская,14.0,2.0,64.0,4.0,9,Without renovation
29800000.0,Гражданская,11.0,2.0,70.0,15.0,34,Designer
9200000.0,Покровское,26.0,2.0,42.0,11.0,12,Without renovation
33900000.0,Раменки,11.0,2.0,68.4,9.0,15,Without renovation
32000000.0,Курская,9.0,2.0,41.1,8.0,11,Cosmetic
15500000.0,Студенческая,58.0,2.0,38.0,12.0,12,European-style renovation
24790000.0,Минская,60.0,2.0,43.9,5.0,14,Without renovation
17300000.0,Щукинская,9.0,2.0,60.0,10.0,17,Cosmetic
10900000.0,Севастопольская,17.0,2.0,38.0,7.0,9,Cosmetic
11300000.0,Коммунарка,39.0,2.0,40.0,4.0,17,European-style renovation
17500000.0,Ховрино,32.0,2.0,51.2,30.0,33,European-style renovation
19500000.0,Алексеевская,4.0,2.0,42.0,2.0,9,European-style renovation
15500000.0,Братиславская,11.0,2.0,51.0,5.0,17,Cosmetic
13250000.0,Некрасовка,8.0,2.0,51.1,12.0,17,European-style renovation
22500000.0,Соколиная Гора,13.0,2.0,57.0,12.0,20,Designer
13500000.0,Люблино,10.0,2.0,49.1,1.0,12,Cosmetic
14450000.0,ВДНХ,15.0,2.0,42.4,4.0,5,Without renovation
15500000.0,Сетунь,27.0,2.0,58.0,5.0,20,European-style renovation
15500000.0,Рассказовка,30.0,2.0,53.7,14.0,17,European-style renovation
18900000.0,Площадь Гагарина,13.0,2.0,58.0,8.0,8,European-style renovation
11300000.0,Бибирево,16.0,2.0,46.7,5.0,9,Cosmetic
13490000.0,Трикотажная,21.0,2.0,70.0,1.0,16,Without renovation
14150000.0,Некрасовка,8.0,2.0,51.7,6.0,17,Designer
14300000.0,Зюзино,2.0,2.0,46.0,2.0,5,Without renovation
30000000.0,Технопарк,3.0,2.0,86.0,21.0,25,European-style renovation
22350000.0,Фили,6.0,2.0,42.8,6.0,42,Designer
17500000.0,Севастопольская,11.0,2.0,50.0,9.0,12,European-style renovation
14500000.0,Каховская,7.0,2.0,67.1,1.0,5,Cosmetic
27500000.0,ЗИЛ,16.0,2.0,64.5,6.0,7,Without renovation
20500000.0,Водный стадион,6.0,2.0,39.0,6.0,28,European-style renovation
29700000.0,Раменки,9.0,2.0,62.3,4.0,28,Without renovation
35000000.0,Давыдково,23.0,2.0,50.2,11.0,25,Without renovation
26500000.0,Народное Ополчение,27.0,2.0,65.0,21.0,24,European-style renovation
20000000.0,Ленинский проспект,4.0,2.0,45.0,2.0,13,European-style renovation
25000000.0,Фили,18.0,2.0,67.0,22.0,28,Without renovation
25000000.0,Фили,18.0,2.0,64.1,12.0,28,Without renovation
15800000.0,Алтуфьево,17.0,2.0,52.0,2.0,12,European-style renovation
12500000.0,Улица Академика Янгеля,8.0,2.0,47.2,8.0,12,Without renovation
9800000.0,Первомайская,11.0,2.0,45.0,1.0,5,Without renovation
18500000.0,Верхние Котлы,16.0,2.0,38.4,17.0,24,Cosmetic
20000000.0,Киевская,9.0,2.0,50.0,7.0,9,Without renovation
26800000.0,Щелковская,14.0,2.0,91.6,7.0,10,European-style renovation
18000000.0,Новогиреево,12.0,2.0,57.8,4.0,23,Cosmetic
13900000.0,Нижегородская,10.0,2.0,47.6,3.0,12,Cosmetic
15300000.0,Перово,10.0,2.0,53.0,9.0,12,Cosmetic
45500000.0,Профсоюзная,13.0,2.0,112.3,2.0,20,Without renovation
11700000.0,Домодедовская,17.0,2.0,45.0,3.0,9,Cosmetic
31000000.0,Хорошево,15.0,2.0,73.0,11.0,43,Without renovation
23700000.0,Павелецкая,18.0,2.0,39.6,9.0,28,Without renovation
10780000.0,Черкизовская,11.0,2.0,42.1,2.0,5,Without renovation
12500000.0,Бунинская Аллея,5.0,2.0,54.8,14.0,14,Cosmetic
18999000.0,Варшавская (Коломенское),15.0,2.0,65.7,6.0,8,Without renovation
26000000.0,Спартак,10.0,2.0,72.2,21.0,23,Without renovation
10790000.0,Фонвизинская,15.0,2.0,38.0,2.0,9,Cosmetic
27970000.0,Достоевская,6.0,2.0,46.5,13.0,15,European-style renovation
10500000.0,Бабушкинская,28.0,2.0,42.5,9.0,9,Cosmetic
9900000.0,Текстильщики,17.0,2.0,38.5,1.0,9,Cosmetic
10800000.0,Рязанский проспект,15.0,2.0,38.3,5.0,9,Cosmetic
12800000.0,Бескудниково,12.0,2.0,54.0,9.0,14,Without renovation
18500000.0,Бульвар Рокоссовского,9.0,2.0,46.8,22.0,30,European-style renovation
16000000.0,Стрешнево,16.0,2.0,50.0,20.0,22,Without renovation
31000000.0,Дмитровская,6.0,2.0,67.0,5.0,58,European-style renovation
40000000.0,Дмитровская,6.0,2.0,57.0,19.0,58,Without renovation
33500000.0,Дмитровская,6.0,2.0,57.0,36.0,58,Designer
17000000.0,Семеновская,6.0,2.0,43.0,13.0,16,Cosmetic
10400000.0,Пражская,15.0,2.0,44.2,2.0,9,Cosmetic
14600000.0,Сходненская,18.0,2.0,40.9,11.0,12,European-style renovation
47000000.0,Маяковская,6.0,2.0,73.0,7.0,10,European-style renovation
13790000.0,Бульвар Рокоссовского,24.0,2.0,40.0,2.0,25,Designer
13000000.0,Селигерская,30.0,2.0,43.0,5.0,5,Cosmetic
26100000.0,Хорошево,22.0,2.0,48.9,9.0,30,Designer
57000000.0,Серпуховская,10.0,2.0,82.0,4.0,14,Without renovation
16200000.0,Текстильщики,22.0,2.0,50.8,12.0,23,European-style renovation
73700000.0,Международная,5.0,2.0,75.0,38.0,68,Designer
14500000.0,Давыдково,12.0,2.0,60.0,8.0,16,Cosmetic
11500000.0,Медведково,10.0,2.0,46.7,13.0,14,Without renovation
10600000.0,Юго-Восточная,15.0,2.0,45.0,2.0,9,Cosmetic
10900000.0,Бабушкинская,17.0,2.0,46.6,1.0,14,Cosmetic
25350000.0,Спартак,10.0,2.0,72.2,17.0,23,Without renovation
25800000.0,Спартак,10.0,2.0,72.2,20.0,23,Without renovation
15000000.0,Рабочий Посёлок,9.0,2.0,50.4,2.0,17,Cosmetic
20550000.0,Верхние Котлы,17.0,2.0,83.0,7.0,7,Without renovation
21550000.0,Верхние Котлы,17.0,2.0,88.0,6.0,7,Without renovation
13200000.0,Перово,21.0,2.0,39.1,6.0,12,Cosmetic
15800000.0,Некрасовка,6.0,2.0,60.1,17.0,17,European-style renovation
11500000.0,Беломорская,24.0,2.0,48.4,13.0,33,Without renovation
12900000.0,Нижегородская,14.0,2.0,36.1,12.0,33,Cosmetic
13250000.0,Преображенская площадь,13.0,2.0,48.9,3.0,12,Without renovation
21500000.0,Митино,11.0,2.0,62.0,13.0,25,European-style renovation
56000000.0,Улица 1905 года,10.0,2.0,64.4,4.0,21,Without renovation
35000000.0,Чеховская,2.0,2.0,56.0,5.0,7,European-style renovation
15200000.0,Улица Старокачаловская,6.0,2.0,54.0,10.0,17,Cosmetic
21699999.0,Народное Ополчение,4.0,2.0,53.5,6.0,25,European-style renovation
30900000.0,Павелецкая,18.0,2.0,66.3,19.0,46,Without renovation
25000000.0,Спартак,10.0,2.0,72.2,15.0,23,Without renovation
25500000.0,Спартак,10.0,2.0,72.2,18.0,23,Without renovation
12300000.0,Коломенская,6.0,2.0,37.7,1.0,9,Cosmetic
15500000.0,Водный стадион,7.0,2.0,49.8,3.0,26,Without renovation
15000000.0,Марьина Роща,7.0,2.0,43.8,10.0,14,European-style renovation
23950000.0,Новаторская,6.0,2.0,60.0,12.0,24,Cosmetic
14500000.0,Водный стадион,5.0,2.0,38.6,16.0,21,Without renovation
10999999.0,Щелковская,10.0,2.0,42.6,5.0,5,Without renovation
9900000.0,Волгоградский проспект,8.0,2.0,45.0,2.0,21,Without renovation
12250000.0,Царицыно,8.0,2.0,46.3,7.0,12,European-style renovation
24850000.0,Университет,17.0,2.0,56.0,6.0,9,European-style renovation
22000000.0,Спортивная,31.0,2.0,61.0,11.0,14,European-style renovation
15000000.0,Коммунарка,14.0,2.0,51.5,20.0,25,Designer
12200000.0,Домодедовская,6.0,2.0,44.5,3.0,9,Cosmetic
26900000.0,Маяковская,7.0,2.0,56.0,7.0,8,Cosmetic
31880000.0,Фрунзенская,12.0,2.0,51.0,3.0,10,Cosmetic
15500000.0,Новопеределкино,25.0,2.0,53.7,17.0,17,European-style renovation
11300000.0,Орехово,8.0,2.0,53.0,1.0,12,Cosmetic
22000000.0,Юго-Западная,13.0,2.0,53.3,11.0,17,European-style renovation
14300000.0,Прокшино,15.0,2.0,56.1,2.0,17,Without renovation
22500000.0,Алтуфьево,11.0,2.0,59.7,11.0,22,European-style renovation
13800000.0,Лианозово,14.0,2.0,44.5,30.0,32,European-style renovation
23700000.0,Бауманская,8.0,2.0,69.2,11.0,12,Cosmetic
13500000.0,Прокшино,10.0,2.0,53.2,8.0,20,Without renovation
19800000.0,Динамо,6.0,2.0,63.3,4.0,7,Without renovation
22000000.0,Славянский бульвар,16.0,2.0,60.0,22.0,22,European-style renovation
17000000.0,Коптево,19.0,2.0,55.0,13.0,17,Cosmetic
25500000.0,Селигерская,13.0,2.0,53.0,19.0,45,Designer
12500000.0,Ольховая,24.0,2.0,42.8,20.0,22,Cosmetic
23500000.0,Шелепиха,22.0,2.0,37.6,16.0,36,Without renovation
107700000.0,Китай-город,5.0,2.0,107.7,1.0,3,Designer
52100000.0,Китай-город,5.0,2.0,52.1,3.0,3,Designer
35000000.0,Хорошево,23.0,2.0,60.1,15.0,25,Without renovation
14500000.0,Коптево,19.0,2.0,45.9,8.0,9,Cosmetic
12500000.0,Кузьминки,8.0,2.0,45.6,3.0,5,Cosmetic
23500000.0,Верхние Котлы,16.0,2.0,56.0,16.0,24,European-style renovation
21500000.0,Москва-Товарная,13.0,2.0,71.7,14.0,26,European-style renovation
10900000.0,Яхромская,20.0,2.0,46.5,4.0,12,Cosmetic
16200000.0,Давыдково,20.0,2.0,43.6,26.0,30,Without renovation
25000000.0,ЦСКА,11.0,2.0,46.8,6.0,15,Designer
14500000.0,Калитники,7.0,2.0,51.0,4.0,16,Cosmetic
19300000.0,Новогиреево,11.0,2.0,54.0,10.0,16,Designer
56000000.0,Тестовская,15.0,2.0,90.0,7.0,24,Without renovation
18600000.0,Фонвизинская,8.0,2.0,45.0,8.0,12,Designer
15000000.0,Улица Горчакова,27.0,2.0,63.2,2.0,14,European-style renovation
21100000.0,Мичуринский проспект,18.0,2.0,59.7,22.0,25,Cosmetic
13000000.0,Некрасовка,15.0,2.0,60.0,5.0,22,Cosmetic
21600000.0,Дубровка,22.0,2.0,47.0,12.0,29,Without renovation
15600000.0,Солнцево,19.0,2.0,64.5,6.0,17,Cosmetic
10890000.0,Нагорная,21.0,2.0,39.8,5.0,8,Cosmetic
37000000.0,Мичуринский проспект,12.0,2.0,77.0,9.0,50,Without renovation
12500000.0,Бульвар Рокоссовского,18.0,2.0,42.9,6.0,9,Cosmetic
16350000.0,Народное Ополчение,14.0,2.0,49.0,5.0,23,Without renovation
12700000.0,Селигерская,17.0,2.0,36.3,22.0,22,European-style renovation
6549999.0,Щербинка,34.0,2.0,43.0,1.0,4,Without renovation
13400000.0,Новогиреево,7.0,2.0,46.0,10.0,14,Cosmetic
18200000.0,Перово,16.0,2.0,60.2,11.0,17,Cosmetic
15700000.0,Яхромская,8.0,2.0,41.0,8.0,25,Designer
13500000.0,Бунинская Аллея,39.0,2.0,58.1,14.0,15,Without renovation
21500000.0,Беговая,4.0,2.0,68.0,31.0,32,Cosmetic
22500000.0,Локомотив,17.0,2.0,57.0,27.0,39,Designer
9850000.0,Выхино,14.0,2.0,45.0,1.0,9,Cosmetic
13200000.0,Черкизовская,6.0,2.0,47.0,9.0,12,Cosmetic
40000000.0,Красные ворота,9.0,2.0,60.0,2.0,2,Without renovation
14200000.0,Коммунарка,30.0,2.0,61.7,12.0,12,Cosmetic
18000000.0,Новопеределкино,6.0,2.0,60.0,4.0,23,Cosmetic
36000000.0,Улица 1905 года,14.0,2.0,87.4,2.0,7,European-style renovation
21500000.0,Автозаводская,4.0,2.0,56.5,7.0,7,Cosmetic
14290000.0,Октябрьское поле,7.0,2.0,44.7,9.0,9,Cosmetic
13590000.0,Трикотажная,21.0,2.0,70.0,1.0,16,Without renovation
11200000.0,Яхромская,13.0,2.0,47.6,12.0,12,Cosmetic
11900000.0,Шипиловская,6.0,2.0,45.2,8.0,12,Cosmetic
15800000.0,Митино,8.0,2.0,58.3,15.0,17,Cosmetic
38000000.0,Шелепиха,12.0,2.0,56.0,5.0,41,Designer
17800000.0,Нагатинская,17.0,2.0,41.0,11.0,19,European-style renovation
15800000.0,Измайловская,19.0,2.0,47.0,10.0,12,Designer
17000000.0,Нагатинский Затон,20.0,2.0,34.3,15.0,18,Designer
16900000.0,Павшино,17.0,2.0,58.8,14.0,25,Cosmetic
12800000.0,Коммунарка,39.0,2.0,56.0,3.0,17,Cosmetic
20700000.0,Домодедовская,17.0,2.0,58.0,14.0,20,European-style renovation
13500000.0,Новопеределкино,7.0,2.0,54.0,14.0,17,Cosmetic
13900000.0,Люблино,8.0,2.0,51.2,10.0,16,European-style renovation
25950000.0,Савеловская,12.0,2.0,47.5,4.0,9,Designer
21900000.0,Фили,16.0,2.0,46.3,4.0,21,European-style renovation
10200000.0,Покровское,33.0,2.0,46.0,4.0,12,European-style renovation
14300000.0,Сходненская,18.0,2.0,52.1,3.0,12,Cosmetic
22500000.0,Говорово,11.0,2.0,75.0,12.0,14,Designer
10499000.0,Кузьминки,21.0,2.0,40.1,9.0,9,Cosmetic
19999900.0,Говорово,9.0,2.0,68.8,1.0,8,Designer
13550000.0,Некрасовка,7.0,2.0,61.6,17.0,17,European-style renovation
15999999.0,Алма-Атинская,7.0,2.0,54.7,9.0,17,European-style renovation
24500000.0,Выставочная,7.0,2.0,56.0,5.0,9,European-style renovation
29500000.0,Серпуховская,18.0,2.0,58.0,8.0,46,Without renovation
16000000.0,Давыдково,20.0,2.0,37.4,20.0,30,Cosmetic
70000000.0,ЦСКА,13.0,2.0,82.0,16.0,41,Designer
18900000.0,Мичуринский проспект,10.0,2.0,53.0,5.0,16,European-style renovation
27000000.0,Аминьевская,10.0,2.0,64.1,20.0,37,Without renovation
10799000.0,Новогиреево,4.0,2.0,38.1,12.0,12,Cosmetic
31500000.0,Тульская,28.0,2.0,59.0,8.0,16,Designer
9300000.0,Щелковская,16.0,2.0,44.3,3.0,5,Without renovation
16990000.0,Курьяново,8.0,2.0,46.3,12.0,32,European-style renovation
12800000.0,Бутырская,10.0,2.0,43.0,5.0,5,Cosmetic
16300000.0,Покровское,32.0,2.0,55.0,16.0,18,Designer
17000000.0,Лесопарковая,8.0,2.0,57.0,4.0,26,Cosmetic
28000000.0,Тропарево,25.0,2.0,74.5,11.0,16,European-style renovation
15500000.0,Боровское шоссе,3.0,2.0,54.0,13.0,17,European-style renovation
14550000.0,Электрозаводская,6.0,2.0,48.0,1.0,5,Cosmetic
23500000.0,Беговая,4.0,2.0,67.5,29.0,32,Designer
22990000.0,Улица 1905 года,6.0,2.0,60.0,8.0,8,European-style renovation
13700000.0,Физтех,8.0,2.0,51.2,10.0,14,Cosmetic
10880000.0,Беломорская,24.0,2.0,47.0,6.0,27,Without renovation
18500000.0,Братиславская,15.0,2.0,59.4,5.0,18,European-style renovation
16400000.0,Беломорская,21.0,2.0,53.4,6.0,17,European-style renovation
13700000.0,Волгоградский проспект,9.0,2.0,37.3,22.0,30,Cosmetic
19969740.0,Электрозаводская,17.0,2.0,59.0,7.0,7,Without renovation
10500000.0,Курьяново,11.0,2.0,30.0,12.0,31,European-style renovation
10300000.0,Солнцево,18.0,2.0,45.0,7.0,9,Cosmetic
46000000.0,Смоленская,8.0,2.0,62.0,5.0,7,European-style renovation
11500000.0,Депо,11.0,2.0,46.7,3.0,9,Cosmetic
12500000.0,Отрадное,27.0,2.0,47.8,8.0,12,Cosmetic
20999000.0,Римская,12.0,2.0,46.2,2.0,16,Designer
13800000.0,Бибирево,8.0,2.0,53.9,7.0,12,Without renovation
40000000.0,Динамо,12.0,2.0,71.1,23.0,36,Without renovation
14200000.0,Ботанический сад,16.0,2.0,51.0,17.0,17,Without renovation
62500000.0,Улица 1905 года,10.0,2.0,58.5,3.0,22,Designer
17900000.0,Окская,15.0,2.0,69.8,18.0,30,Cosmetic
14500000.0,Пролетарская,8.0,2.0,41.4,3.0,5,Without renovation
20350000.0,Электрозаводская,17.0,2.0,55.0,6.0,7,Without renovation
16700000.0,Говорово,9.0,2.0,48.0,1.0,17,Designer
39990000.0,Давыдково,18.0,2.0,50.0,7.0,23,European-style renovation
11500000.0,Зюзино,11.0,2.0,38.0,8.0,9,Cosmetic
23800000.0,Хорошево,23.0,2.0,46.2,18.0,25,Cosmetic
13500000.0,Крымская,14.0,2.0,45.0,5.0,9,Without renovation
13695000.0,Покровское,33.0,2.0,64.0,13.0,20,Without renovation
17500000.0,Пролетарская,7.0,2.0,65.8,1.0,5,European-style renovation
9150000.0,Перово,21.0,2.0,37.0,1.0,12,Cosmetic
15900000.0,Селигерская,10.0,2.0,52.0,13.0,13,European-style renovation
23500000.0,Беговая,4.0,2.0,67.9,29.0,32,European-style renovation
13600000.0,Первомайская,11.0,2.0,53.0,3.0,5,Cosmetic
13900000.0,Перово,19.0,2.0,54.0,6.0,14,Cosmetic
23500000.0,Площадь Ильича,18.0,2.0,70.0,5.0,8,Cosmetic
14500000.0,Борисово,7.0,2.0,53.8,2.0,17,European-style renovation
17100000.0,Отрадное,23.0,2.0,57.4,22.0,22,Designer
16500000.0,Марьино,8.0,2.0,54.0,12.0,14,Designer
15500000.0,Ростокино,28.0,2.0,42.9,22.0,22,Cosmetic
21600000.0,Алексеевская,9.0,2.0,53.4,4.0,7,Designer
15000000.0,Славянский бульвар,8.0,2.0,49.0,11.0,12,Cosmetic
21000000.0,Зюзино,12.0,2.0,58.4,6.0,14,European-style renovation
13000000.0,Народное Ополчение,29.0,2.0,39.0,6.0,12,Cosmetic
15800000.0,Строгино,3.0,2.0,52.0,1.0,12,Cosmetic
23200000.0,Каховская,7.0,2.0,50.0,3.0,30,European-style renovation
15500000.0,Речной вокзал,10.0,2.0,40.0,9.0,17,Cosmetic
10300000.0,Электрозаводская,12.0,2.0,35.0,1.0,8,Cosmetic
14300000.0,Ясенево,7.0,2.0,65.0,1.0,16,Without renovation
15250000.0,Покровское,31.0,2.0,54.6,18.0,18,European-style renovation
14700000.0,Шипиловская,7.0,2.0,50.3,1.0,16,Without renovation
15990000.0,ВДНХ,16.0,2.0,47.3,14.0,14,Cosmetic
17400000.0,Щелковская,8.0,2.0,58.5,30.0,32,Cosmetic
29000000.0,Шелепиха,22.0,2.0,57.8,6.0,36,Without renovation
78000000.0,Площадь Гагарина,7.0,2.0,85.2,9.0,19,Designer
19000000.0,Водный стадион,20.0,2.0,60.5,15.0,25,Cosmetic
12800000.0,Коммунарка,39.0,2.0,52.2,11.0,17,European-style renovation
12600000.0,Аннино,8.0,2.0,50.5,4.0,16,Without renovation
33500000.0,Улица 1905 года,13.0,2.0,67.2,6.0,6,Cosmetic
16500000.0,Стрешнево,8.0,2.0,38.0,1.0,5,European-style renovation
90000000.0,Арбатская,5.0,2.0,95.0,2.0,7,European-style renovation
25000000.0,Лесопарковая,9.0,2.0,62.0,20.0,23,Designer
24300000.0,Москва-Товарная,6.0,2.0,64.0,10.0,17,Cosmetic
18500000.0,Ростокино,27.0,2.0,49.8,6.0,12,Designer
17500000.0,Мичуринский проспект,8.0,2.0,54.0,6.0,16,Cosmetic
11900000.0,Некрасовка,13.0,2.0,57.1,21.0,22,European-style renovation
18200000.0,Рассказовка,27.0,2.0,55.6,14.0,24,European-style renovation
12400000.0,Народное Ополчение,12.0,2.0,36.6,3.0,9,Cosmetic
15600000.0,Кантемировская,13.0,2.0,52.0,9.0,14,European-style renovation
20950000.0,Солнцево,8.0,2.0,58.0,2.0,19,European-style renovation
20500000.0,Профсоюзная,22.0,2.0,65.2,15.0,23,Without renovation
20000000.0,Кузьминки,5.0,2.0,72.0,6.0,12,European-style renovation
13000000.0,Люблино,7.0,2.0,45.0,5.0,12,Cosmetic
16200000.0,Гражданская,7.0,2.0,37.5,2.0,14,Without renovation
13190000.0,Ботанический сад,18.0,2.0,58.0,11.0,18,Without renovation
60000000.0,Смоленская,9.0,2.0,80.2,3.0,13,Designer
70000000.0,Смоленская,9.0,2.0,93.0,4.0,13,Designer
15000000.0,Марьино,8.0,2.0,51.1,10.0,17,Cosmetic
14199000.0,Марк,26.0,2.0,58.1,18.0,22,Cosmetic
11500000.0,Пражская,8.0,2.0,36.9,10.0,14,Cosmetic
50990000.0,Зюзино,16.0,2.0,127.7,18.0,21,Cosmetic
20850000.0,Тушинская,22.0,2.0,81.5,4.0,25,Without renovation
13700000.0,Покровское,32.0,2.0,54.4,10.0,18,Without renovation
24200000.0,Юго-Западная,13.0,2.0,55.0,4.0,17,European-style renovation
19100000.0,Яхромская,9.0,2.0,51.8,12.0,19,European-style renovation
17000000.0,Авиамоторная,7.0,2.0,68.9,1.0,6,Cosmetic
19950000.0,Крестьянская застава,6.0,2.0,54.0,7.0,17,Cosmetic
12500000.0,Крымская,5.0,2.0,35.7,1.0,9,European-style renovation
19990000.0,Покровское,25.0,2.0,82.7,11.0,17,European-style renovation
13400000.0,Покровское,35.0,2.0,65.0,11.0,17,Without renovation
18500000.0,Проспект Мира,7.0,2.0,44.5,5.0,9,Cosmetic
97307500.0,Тверская,7.0,2.0,65.0,3.0,9,Designer
17600000.0,Стрешнево,16.0,2.0,53.0,6.0,9,European-style renovation
9990000.0,Прокшино,21.0,2.0,42.0,2.0,8,Cosmetic
35000000.0,Цветной бульвар,6.0,2.0,67.0,5.0,9,Cosmetic
12000000.0,Силикатная,32.0,2.0,56.0,2.0,12,Designer
25000000.0,Тульская,14.0,2.0,60.0,5.0,5,Cosmetic
49000000.0,Выставочная,10.0,2.0,51.1,30.0,65,Without renovation
19200000.0,Текстильщики,14.0,2.0,71.8,3.0,5,Designer
19000000.0,Минская,15.0,2.0,57.0,7.0,9,European-style renovation
41000000.0,Смоленская,9.0,2.0,53.6,7.0,7,Without renovation
11500000.0,Озёрная,8.0,2.0,38.9,8.0,14,Without renovation
10500000.0,Щербинка,27.0,2.0,61.0,17.0,17,Cosmetic
13500000.0,Коптево,8.0,2.0,55.8,1.0,22,Cosmetic
28000000.0,Савеловская,11.0,2.0,48.0,7.0,20,European-style renovation
125570000.0,Фрунзенская,10.0,2.0,86.6,4.0,12,Designer
16000000.0,Ясенево,11.0,2.0,57.0,12.0,22,Without renovation
20000000.0,Фили,15.0,2.0,51.0,2.0,16,European-style renovation
18200000.0,Улица Скобелевская,16.0,2.0,63.0,23.0,34,European-style renovation
12000000.0,Пыхтино,17.0,2.0,57.3,3.0,19,European-style renovation
18500000.0,Нижегородская,9.0,2.0,50.3,6.0,8,European-style renovation
14000000.0,Павелецкая,14.0,2.0,42.6,3.0,4,Cosmetic
12299000.0,Выхино,8.0,2.0,51.8,6.0,12,Cosmetic
13100000.0,Народное Ополчение,22.0,2.0,46.7,2.0,16,European-style renovation
14700000.0,Бауманская,12.0,2.0,38.6,8.0,12,Cosmetic
13400000.0,Марьино,11.0,2.0,58.1,1.0,17,Cosmetic
31500000.0,Академическая,12.0,2.0,89.0,5.0,25,European-style renovation
28000000.0,Хорошево,16.0,2.0,67.6,12.0,26,Without renovation
20000000.0,Пыхтино,18.0,2.0,57.4,23.0,25,Designer
41200000.0,Аминьевская,5.0,2.0,68.5,6.0,42,Designer
10000000.0,Бескудниково,10.0,2.0,44.4,9.0,9,Without renovation
26000000.0,Коломенская,20.0,2.0,70.4,4.0,20,Designer
23000000.0,Тульская,24.0,2.0,70.7,3.0,9,European-style renovation
25700000.0,Университет,15.0,2.0,58.0,5.0,10,European-style renovation
14200000.0,Нагорная,18.0,2.0,45.0,2.0,5,European-style renovation
41900000.0,Парк Победы,8.0,2.0,123.0,2.0,8,European-style renovation
10000000.0,Косино,15.0,2.0,47.0,9.0,9,Cosmetic
9550000.0,Люблино,9.0,2.0,37.7,12.0,12,Cosmetic
13550000.0,Измайловская,4.0,2.0,44.5,4.0,9,Cosmetic
12500000.0,Новогиреево,9.0,2.0,38.0,11.0,12,Cosmetic
30500000.0,Лихоборы,17.0,2.0,86.0,3.0,18,Designer
36000000.0,Улица 1905 года,14.0,2.0,60.0,2.0,7,European-style renovation
28500000.0,Народное Ополчение,15.0,2.0,42.7,11.0,21,Designer
36000000.0,Сухаревская,11.0,2.0,59.0,7.0,19,Designer
15200000.0,Красный Балтиец,17.0,2.0,42.0,8.0,14,Cosmetic
21900000.0,Народное Ополчение,24.0,2.0,54.0,12.0,49,Without renovation
10000000.0,Бабушкинская,18.0,2.0,36.7,9.0,9,Cosmetic
8200000.0,Ольховая,24.0,2.0,44.0,5.0,5,Cosmetic
13650000.0,Митино,13.0,2.0,50.0,2.0,17,Cosmetic
18600000.0,Народное Ополчение,7.0,2.0,52.5,8.0,12,Cosmetic
32800000.0,Студенческая,12.0,2.0,72.0,9.0,12,Designer
14100000.0,Бунинская Аллея,31.0,2.0,69.0,12.0,18,European-style renovation
20850000.0,Профсоюзная,4.0,2.0,55.0,16.0,17,European-style renovation
13250000.0,Некрасовка,9.0,2.0,54.4,10.0,17,Cosmetic
24200000.0,Водный стадион,11.0,2.0,54.6,4.0,29,Designer
18900000.0,Свиблово,11.0,2.0,49.9,9.0,25,Cosmetic
9800000.0,Первомайская,11.0,2.0,46.0,1.0,5,Cosmetic
24500000.0,Угрешская,9.0,2.0,68.8,21.0,30,European-style renovation
10499000.0,Люблино,20.0,2.0,50.0,1.0,17,Cosmetic
12000000.0,Ботанический сад,19.0,2.0,54.1,10.0,18,Without renovation
12700000.0,Окская,13.0,2.0,41.5,3.0,5,Without renovation
11800000.0,Покровское,25.0,2.0,42.9,1.0,5,Cosmetic
16500000.0,Кунцевская,19.0,2.0,71.0,2.0,5,Without renovation
14500000.0,Бабушкинская,7.0,2.0,43.0,1.0,4,Cosmetic
11500000.0,Пионерская,8.0,2.0,39.0,1.0,5,European-style renovation
16246570.0,Некрасовка,19.0,3.0,86.7,20.0,25,Cosmetic
35100000.0,Строгино,17.0,3.0,118.0,4.0,20,Designer
24300000.0,Автозаводская,3.0,3.0,74.0,9.0,9,Without renovation
29900000.0,Дубровка,8.0,3.0,86.0,7.0,7,European-style renovation
16500000.0,Свиблово,17.0,3.0,63.0,2.0,12,Cosmetic
19000000.0,Новодачная,18.0,3.0,78.0,15.0,15,Cosmetic
21500000.0,Римская,14.0,3.0,63.6,6.0,10,European-style renovation
33000000.0,Площадь Ильича,10.0,3.0,81.8,3.0,14,Without renovation
16400000.0,Народное Ополчение,26.0,3.0,59.7,3.0,9,Cosmetic
16200000.0,Филатов Луг,41.0,3.0,70.0,9.0,22,European-style renovation
52500000.0,Фрунзенская,6.0,3.0,60.0,3.0,5,Designer
66600000.0,Серпуховская,10.0,3.0,107.0,13.0,14,Without renovation
16450000.0,Фонвизинская,7.0,3.0,65.0,2.0,12,Cosmetic
15600000.0,Улица Горчакова,37.0,3.0,60.0,6.0,15,Cosmetic
22500000.0,ВДНХ,16.0,3.0,70.0,8.0,14,Designer
47000000.0,Динамо,8.0,3.0,82.4,7.0,15,Designer
370000000.0,Смоленская,6.0,3.0,170.0,5.0,9,Designer
24600000.0,Угрешская,9.0,3.0,80.0,19.0,30,Without renovation
17200000.0,Отрадное,9.0,3.0,68.0,7.0,12,European-style renovation
26600000.0,Водный стадион,11.0,3.0,59.0,9.0,23,Without renovation
23000000.0,Коньково,3.0,3.0,75.0,8.0,17,Cosmetic
12000000.0,Щербинка,18.0,3.0,62.7,3.0,5,Cosmetic
16500000.0,Зюзино,10.0,3.0,64.7,8.0,12,Cosmetic
31600000.0,Фили,9.0,3.0,60.0,8.0,20,Designer
28500000.0,Технопарк,9.0,3.0,71.0,3.0,17,Without renovation
16799000.0,Ховрино,21.0,3.0,74.0,2.0,17,Cosmetic
17990000.0,Щукинская,19.0,3.0,77.0,1.0,8,Without renovation
16200000.0,Пражская,13.0,3.0,57.0,6.0,9,European-style renovation
27000000.0,Технопарк,10.0,3.0,63.0,6.0,13,Designer
35000000.0,Технопарк,10.0,3.0,85.0,7.0,13,Without renovation
51000000.0,Аминьевская,6.0,3.0,88.0,3.0,24,Designer
17990000.0,Бабушкинская,27.0,3.0,60.4,11.0,12,European-style renovation
23800000.0,Угрешская,9.0,3.0,79.9,22.0,30,European-style renovation
13650000.0,Люблино,9.0,3.0,57.9,5.0,9,European-style renovation
185954632.0,Деловой центр,3.0,3.0,225.0,24.0,72,Designer
30900000.0,Дубровка,8.0,3.0,86.0,7.0,7,Designer
24000000.0,Соколиная Гора,9.0,3.0,71.4,2.0,5,Designer
24200000.0,Улица Скобелевская,12.0,3.0,90.7,11.0,33,European-style renovation
12000000.0,Текстильщики,16.0,3.0,52.6,8.0,9,Cosmetic
22000000.0,Трикотажная,9.0,3.0,63.0,13.0,20,Without renovation
125000000.0,Таганская,12.0,3.0,96.0,5.0,11,Designer
26500000.0,Молодежная,14.0,3.0,88.2,3.0,17,Designer
16900000.0,Беляево,18.0,3.0,60.2,5.0,9,Cosmetic
283556160.0,Охотный ряд,7.0,3.0,139.0,4.0,5,Without renovation
205875000.0,Полянка,6.0,3.0,152.5,3.0,6,Designer
119500000.0,Улица 1905 года,15.0,3.0,100.0,15.0,21,Designer
100000000.0,Международная,6.0,3.0,93.0,24.0,77,Designer
74000000.0,Раменки,16.0,3.0,114.0,6.0,21,Designer
52999000.0,Шелепиха,13.0,3.0,100.0,9.0,37,Without renovation
32000000.0,Кунцевская,8.0,3.0,85.0,29.0,29,Without renovation
29989000.0,Технопарк,15.0,3.0,60.2,14.0,14,European-style renovation
79900000.0,Охотный ряд,2.0,3.0,87.5,7.0,8,Designer
16300000.0,Бескудниково,7.0,3.0,71.0,11.0,19,Cosmetic
16750000.0,Нагорная,23.0,3.0,80.0,3.0,8,Cosmetic
32900000.0,Панфиловская,15.0,3.0,75.8,8.0,9,Without renovation
25500000.0,Академическая,16.0,3.0,63.6,10.0,14,Cosmetic
18700000.0,Пражская,19.0,3.0,61.0,7.0,12,Cosmetic
17500000.0,Отрадное,22.0,3.0,77.2,1.0,14,European-style renovation
17850000.0,Филатов Луг,6.0,3.0,72.0,10.0,15,European-style renovation
22200000.0,Текстильщики,22.0,3.0,74.4,9.0,23,Designer
12300000.0,Выхино,21.0,3.0,60.0,4.0,9,Cosmetic
41500000.0,Зорге,14.0,3.0,110.0,4.0,7,Designer
16000000.0,Преображенская площадь,12.0,3.0,57.9,8.0,9,Cosmetic
23500000.0,ВДНХ,17.0,3.0,86.6,1.0,8,European-style renovation
11200000.0,Выхино,18.0,3.0,59.1,4.0,9,Cosmetic
16200000.0,Новаторская,22.0,3.0,55.0,14.0,16,Cosmetic
14950000.0,Люблино,15.0,3.0,60.0,4.0,9,European-style renovation
54500000.0,Динамо,10.0,3.0,97.0,15.0,19,Without renovation
49990000.0,Нагатинский Затон,21.0,3.0,87.0,6.0,18,Designer
15800000.0,Улица Горчакова,6.0,3.0,72.9,5.0,16,Cosmetic
31900000.0,Фили,18.0,3.0,86.4,25.0,28,Cosmetic
26499000.0,Варшавская (Коломенское),15.0,3.0,88.3,6.0,8,Without renovation
12400000.0,Щелковская,18.0,3.0,49.1,6.0,9,European-style renovation
23500000.0,Шаболовская,8.0,3.0,72.6,3.0,5,Cosmetic
99000000.0,Белорусская,12.0,3.0,126.6,6.0,24,Designer
37500000.0,Шелепиха,6.0,3.0,77.5,28.0,51,Without renovation
139000000.0,Маяковская,4.0,3.0,149.3,8.0,9,Designer
85000000.0,Смоленская,8.0,3.0,110.0,4.0,4,Designer
76000000.0,Серпуховская,10.0,3.0,119.9,12.0,14,Without renovation
19800000.0,Трикотажная,21.0,3.0,104.0,2.0,16,Without renovation
39000000.0,Зюзино,13.0,3.0,117.2,20.0,24,Designer
26200000.0,Трикотажная,15.0,3.0,82.0,15.0,19,Without renovation
14500000.0,Курьяново,12.0,3.0,64.3,3.0,12,Cosmetic
17800000.0,Яхромская,29.0,3.0,76.3,14.0,16,Cosmetic
32000000.0,Зюзино,4.0,3.0,101.0,12.0,22,European-style renovation
11600000.0,Выхино,14.0,3.0,58.3,9.0,9,Without renovation
15600000.0,Борисово,6.0,3.0,73.0,1.0,17,Designer
17400000.0,Улица Горчакова,30.0,3.0,55.0,14.0,15,Designer
15300000.0,Прокшино,22.0,3.0,65.0,5.0,15,Without renovation
34350000.0,Белокаменная,24.0,3.0,90.8,2.0,30,Cosmetic
18450000.0,Коптево,14.0,3.0,75.0,5.0,12,Cosmetic
25990000.0,Сетунь,13.0,3.0,64.0,2.0,7,Designer
15025960.0,Некрасовка,19.0,3.0,83.2,22.0,25,Cosmetic
15025960.0,Некрасовка,19.0,3.0,83.2,25.0,25,Cosmetic
14700000.0,Каширская,20.0,3.0,58.9,9.0,9,Without renovation
27200000.0,Аминьевская,11.0,3.0,74.3,13.0,37,Without renovation
32000000.0,Фили,6.0,3.0,56.2,4.0,20,Designer
75900000.0,Площадь Гагарина,8.0,3.0,118.0,3.0,22,European-style renovation
16200000.0,Теплый Стан,19.0,3.0,65.0,13.0,16,Designer
25000000.0,Славянский бульвар,13.0,3.0,69.3,8.0,26,Cosmetic
21699000.0,Домодедовская,12.0,3.0,57.0,11.0,25,European-style renovation
16000000.0,Андроновка,5.0,3.0,80.0,4.0,5,Cosmetic
27500000.0,Сокол,9.0,3.0,78.4,3.0,9,European-style renovation
17000000.0,Бабушкинская,10.0,3.0,62.0,12.0,14,Cosmetic
20650000.0,Окружная,12.0,3.0,70.0,17.0,22,Cosmetic
13700000.0,Домодедовская,6.0,3.0,57.0,5.0,9,Cosmetic
17000000.0,Давыдково,27.0,3.0,62.5,6.0,9,Cosmetic
94000000.0,Арбатская,10.0,3.0,141.0,4.0,6,European-style renovation
14000000.0,Сетунь,15.0,3.0,64.0,1.0,12,European-style renovation
39900000.0,ЦСКА,8.0,3.0,81.5,9.0,12,Designer
24499000.0,Беговая,4.0,3.0,74.1,25.0,32,European-style renovation
15500000.0,Окружная,6.0,3.0,72.0,6.0,8,Cosmetic
16500000.0,Некрасовка,13.0,3.0,76.0,12.0,24,European-style renovation
21300000.0,Славянский бульвар,14.0,3.0,66.7,9.0,26,Cosmetic
39200000.0,Рабочий Посёлок,14.0,3.0,126.3,11.0,13,Designer
13990000.0,Некрасовка,14.0,3.0,73.5,2.0,17,European-style renovation
13900000.0,Улица Академика Янгеля,9.0,3.0,62.7,1.0,12,Cosmetic
15500000.0,Отрадное,26.0,3.0,66.0,16.0,16,European-style renovation
32700000.0,Физтех,3.0,3.0,133.0,4.0,5,Designer
25000000.0,Гражданская,9.0,3.0,70.3,22.0,25,Without renovation
27000000.0,Динамо,8.0,3.0,78.8,2.0,7,Without renovation
31600000.0,Москва-Товарная,6.0,3.0,78.1,7.0,17,European-style renovation
34000000.0,Савеловская,15.0,3.0,87.0,3.0,9,European-style renovation
17000000.0,Фонвизинская,13.0,3.0,79.3,4.0,14,Cosmetic
20900000.0,Технопарк,9.0,3.0,74.7,8.0,15,Without renovation
65000000.0,Баррикадная,8.0,3.0,210.0,7.0,7,Without renovation
45000000.0,Новослободская,4.0,3.0,107.7,3.0,5,Designer
19990000.0,Люблино,27.0,3.0,79.0,12.0,12,European-style renovation
15500000.0,Текстильщики,8.0,3.0,65.0,4.0,16,European-style renovation
12750000.0,Депо,4.0,3.0,57.4,4.0,9,European-style renovation
28500000.0,Волоколамская,12.0,3.0,109.7,3.0,20,European-style renovation
18000000.0,Рассказовка,27.0,3.0,82.0,8.0,24,Without renovation
44000000.0,Раменки,7.0,3.0,106.0,9.0,20,Designer
25500000.0,Молодежная,17.0,3.0,78.6,8.0,14,Designer
16246570.0,Некрасовка,19.0,3.0,86.7,24.0,25,Cosmetic
22000000.0,Павшино,17.0,3.0,91.0,13.0,25,Cosmetic
19000000.0,Новаторская,12.0,3.0,63.6,3.0,14,European-style renovation
27500000.0,Молодежная,13.0,3.0,78.3,13.0,17,Without renovation
52700000.0,Аминьевская,13.0,3.0,113.5,21.0,25,Without renovation
24000000.0,Фили,4.0,3.0,70.0,4.0,5,Cosmetic
21200000.0,Текстильщики,22.0,3.0,75.0,4.0,23,Designer
15300000.0,Ясенево,21.0,3.0,51.8,2.0,9,Designer
22500000.0,Медведково,5.0,3.0,67.0,6.0,16,Designer
19999990.0,Аннино,6.0,3.0,71.0,16.0,25,Designer
27000000.0,Нижегородская,8.0,3.0,80.0,23.0,25,European-style renovation
105000000.0,Китай-город,13.0,3.0,140.0,5.0,7,Designer
19000000.0,Трикотажная,21.0,3.0,104.0,2.0,16,Without renovation
26500000.0,Автозаводская,8.0,3.0,80.0,4.0,5,Designer
17300000.0,Беляево,18.0,3.0,62.3,5.0,9,Designer
48000000.0,Новаторская,10.0,3.0,103.0,12.0,32,European-style renovation
60100000.0,Ломоносовский проспект,5.0,3.0,103.6,16.0,24,Designer
26500000.0,Фонвизинская,15.0,3.0,70.9,2.0,13,European-style renovation
50000000.0,Аминьевская,13.0,3.0,113.5,21.0,25,Without renovation
16000000.0,Улица Академика Янгеля,10.0,3.0,64.5,16.0,16,Cosmetic
59900000.0,Зюзино,12.0,3.0,128.0,18.0,23,Designer
21000000.0,Дмитровская,2.0,3.0,73.0,4.0,8,Cosmetic
25900000.0,Бульвар Рокоссовского,21.0,3.0,91.0,5.0,24,European-style renovation
32000000.0,Балтийская,12.0,3.0,84.0,7.0,25,Without renovation
17490000.0,Марьино,13.0,3.0,76.0,17.0,17,Cosmetic
35500000.0,Сухаревская,4.0,3.0,78.7,4.0,8,European-style renovation
17000000.0,Коммунарка,15.0,3.0,87.5,1.0,12,European-style renovation
20650000.0,Строгино,3.0,3.0,62.6,7.0,12,Designer
20200000.0,Покровское,35.0,3.0,110.0,2.0,17,Without renovation
24990000.0,Саларьево,22.0,3.0,86.5,5.0,22,European-style renovation
15900000.0,Новогиреево,19.0,3.0,68.3,9.0,12,Cosmetic
55000000.0,Багратионовская,12.0,3.0,94.0,7.0,28,Designer
20850000.0,Савеловская,5.0,3.0,72.0,5.0,8,Cosmetic
18500000.0,Новогиреево,19.0,3.0,64.0,2.0,12,Designer
19000000.0,Щелковская,14.0,3.0,74.0,10.0,17,Cosmetic
12400000.0,Бибирево,20.0,3.0,55.6,5.0,9,Cosmetic
29700000.0,Новаторская,16.0,3.0,77.9,2.0,22,European-style renovation
32000000.0,Спортивная,33.0,3.0,79.7,6.0,8,European-style renovation
48750000.0,Академическая,17.0,3.0,106.4,12.0,26,Without renovation
18400000.0,Стрешнево,8.0,3.0,63.2,10.0,28,European-style renovation
22500000.0,Каховская,13.0,3.0,75.1,17.0,17,Designer
30500000.0,Коломенская,13.0,3.0,98.0,14.0,25,Designer
21000000.0,Семеновская,5.0,3.0,61.0,5.0,16,Without renovation
34000000.0,Савеловская,15.0,3.0,87.2,3.0,9,European-style renovation
13800000.0,Домодедовская,12.0,3.0,62.7,1.0,12,Cosmetic
32000000.0,Белорусская,4.0,3.0,64.0,5.0,9,Cosmetic
14650000.0,Люблино,8.0,3.0,59.6,2.0,9,European-style renovation
55750000.0,Мичуринский проспект,12.0,3.0,83.6,7.0,50,European-style renovation
13700000.0,Тропарево,23.0,3.0,67.6,7.0,9,Without renovation
33000000.0,Щелковская,20.0,3.0,87.0,6.0,14,Designer
42700000.0,Филёвский парк,9.0,3.0,100.0,15.0,22,Designer
13700000.0,Бабушкинская,26.0,3.0,59.0,5.0,9,Cosmetic
35000000.0,Ленинский проспект,15.0,3.0,83.3,7.0,9,Designer
39000000.0,Динамо,10.0,3.0,79.1,8.0,12,Without renovation
60000000.0,Тестовская,15.0,3.0,130.0,20.0,24,Designer
14700000.0,Внуково,39.0,3.0,76.0,16.0,17,Cosmetic
35000000.0,Тропарево,7.0,3.0,73.0,3.0,17,European-style renovation
46000000.0,Динамо,9.0,3.0,75.0,15.0,16,Designer
29500000.0,Народное Ополчение,13.0,3.0,100.0,17.0,24,Cosmetic
39500000.0,Рижская,5.0,3.0,108.0,3.0,9,European-style renovation
16900000.0,Яхромская,14.0,3.0,69.8,1.0,12,Cosmetic
145961250.0,Новокузнецкая,3.0,3.0,121.0,7.0,22,European-style renovation
16300000.0,Кунцевская,6.0,3.0,58.2,6.0,9,Cosmetic
18500000.0,Дубровка,9.0,3.0,71.1,3.0,7,Cosmetic
12800000.0,Первомайская,29.0,3.0,56.0,4.0,9,Cosmetic
34000000.0,Ольховая,15.0,3.0,106.6,4.0,8,Designer
34990000.0,Ленинский проспект,15.0,3.0,83.3,7.0,9,Cosmetic
22400000.0,Рижская,8.0,3.0,71.0,5.0,9,European-style renovation
25000000.0,Проспект Мира,4.0,3.0,67.3,5.0,6,Cosmetic
16800000.0,Красногвардейская,9.0,3.0,74.0,2.0,16,Cosmetic
22900000.0,Аэропорт,11.0,3.0,63.1,5.0,5,European-style renovation
16499999.0,Красногвардейская,6.0,3.0,63.0,6.0,12,European-style renovation
117000000.0,Улица 1905 года,11.0,3.0,180.0,7.0,10,Designer
60000000.0,Сретенский бульвар,5.0,3.0,90.0,4.0,5,European-style renovation
12500000.0,Остафьево,15.0,3.0,81.3,6.0,21,Cosmetic
115000000.0,Фрунзенская,15.0,3.0,119.2,2.0,11,Designer
19600000.0,Зюзино,17.0,3.0,62.6,9.0,9,Cosmetic
32000000.0,Крылатское,21.0,3.0,84.0,18.0,18,European-style renovation
38000000.0,Новаторская,10.0,3.0,101.0,7.0,32,Without renovation
19497000.0,Щелковская,25.0,3.0,66.0,9.0,16,European-style renovation
37600000.0,Университет,5.0,3.0,90.2,8.0,9,Designer
12000000.0,Новогиреево,29.0,3.0,59.1,4.0,9,Cosmetic
97850000.0,Минская,29.0,3.0,149.0,10.0,53,Without renovation
28000000.0,Ленинский проспект,3.0,3.0,66.2,10.0,10,Without renovation
25500000.0,Стахановская,8.0,3.0,85.9,13.0,24,European-style renovation
15000000.0,Бульвар Дмитрия Донского,7.0,3.0,72.0,7.0,14,Without renovation
43500000.0,Алексеевская,11.0,3.0,99.1,6.0,19,Without renovation
33900000.0,Бульвар Рокоссовского,9.0,3.0,90.9,16.0,30,European-style renovation
18500000.0,Пролетарская,8.0,3.0,54.6,3.0,5,European-style renovation
15700000.0,Зюзино,4.0,3.0,60.4,8.0,10,Cosmetic
18900000.0,Проспект Вернадского,19.0,3.0,77.0,1.0,8,Cosmetic
35100000.0,Зорге,11.0,3.0,97.0,5.0,11,Cosmetic
12500000.0,Щелковская,27.0,3.0,59.8,7.0,9,Cosmetic
14000000.0,Щелковская,16.0,3.0,65.3,2.0,9,Without renovation
15890000.0,Кленовый бульвар,10.0,3.0,59.0,5.0,5,Cosmetic
87550000.0,Минская,29.0,3.0,138.0,10.0,53,Without renovation
17990000.0,Юго-Западная,13.0,3.0,59.4,8.0,9,Cosmetic
13000000.0,Бабушкинская,30.0,3.0,51.2,1.0,9,Cosmetic
20300000.0,Солнцево,17.0,3.0,76.0,6.0,23,European-style renovation
20300000.0,Селигерская,9.0,3.0,75.0,10.0,14,Cosmetic
18500000.0,Филатов Луг,38.0,3.0,95.5,22.0,25,Without renovation
17900000.0,Текстильщики,13.0,3.0,79.0,11.0,14,European-style renovation
125000000.0,Белорусская,5.0,3.0,173.7,8.0,10,Without renovation
16100000.0,Улица Горчакова,27.0,3.0,95.0,10.0,15,Without renovation
19000000.0,Братиславская,21.0,3.0,74.5,17.0,17,Cosmetic
37700000.0,Юго-Западная,12.0,3.0,104.0,6.0,25,Designer
20400000.0,Царицыно,28.0,3.0,97.0,6.0,11,Without renovation
54961043.0,Панфиловская,6.0,3.0,109.8,10.0,18,Without renovation
37481570.0,Панфиловская,6.0,3.0,74.0,10.0,18,European-style renovation
40532755.0,Панфиловская,6.0,3.0,83.1,7.0,18,Without renovation
53673733.0,Панфиловская,6.0,3.0,109.2,5.0,18,Without renovation
38257827.0,Панфиловская,6.0,3.0,82.9,3.0,18,European-style renovation
36714836.0,Панфиловская,6.0,3.0,75.4,8.0,18,European-style renovation
42484506.0,Панфиловская,6.0,3.0,76.9,3.0,18,Without renovation
33900000.0,Хорошево,23.0,3.0,72.2,4.0,25,Without renovation
16000000.0,Речной вокзал,25.0,3.0,55.0,4.0,5,Cosmetic
18150000.0,Беляево,7.0,3.0,59.7,7.0,9,European-style renovation
27600000.0,Щукинская,19.0,3.0,80.0,8.0,8,European-style renovation
20300000.0,Бульвар Рокоссовского,15.0,3.0,74.0,3.0,5,European-style renovation
17500000.0,Некрасовка,9.0,3.0,76.0,5.0,19,Cosmetic
27500000.0,Павелецкая,8.0,3.0,64.5,10.0,16,European-style renovation
74990000.0,Сухаревская,6.0,3.0,114.0,2.0,8,European-style renovation
16500000.0,Фонвизинская,7.0,3.0,65.0,2.0,12,Cosmetic
22390000.0,Рижская,8.0,3.0,71.0,5.0,9,Designer
16350000.0,Пенягино,22.0,3.0,75.0,7.0,17,Cosmetic
10700000.0,Лианозово,28.0,3.0,50.0,2.0,9,Cosmetic
16200000.0,Бунинская Аллея,10.0,3.0,75.0,7.0,10,Cosmetic
16200000.0,Бескудниково,8.0,3.0,60.5,2.0,9,European-style renovation
18600000.0,Кантемировская,15.0,3.0,74.0,3.0,17,European-style renovation
25000000.0,Киевская,10.0,3.0,61.0,1.0,6,European-style renovation
22800000.0,Верхние Лихоборы,4.0,3.0,76.7,20.0,22,Designer
16000000.0,Царицыно,21.0,3.0,64.7,11.0,16,Cosmetic
15200000.0,Зябликово,10.0,3.0,65.4,9.0,12,Cosmetic
15000000.0,Преображенская площадь,18.0,3.0,72.0,1.0,5,Without renovation
41770018.0,Панфиловская,9.0,3.0,107.0,11.0,11,Without renovation
18990000.0,Римская,11.0,3.0,61.0,1.0,12,European-style renovation
11990000.0,Алтуфьево,21.0,3.0,48.8,4.0,9,Cosmetic
13150000.0,Щелковская,12.0,3.0,61.3,4.0,9,Cosmetic
14800000.0,Балтийская,19.0,3.0,56.1,9.0,9,Without renovation
21000000.0,Улица 1905 года,12.0,3.0,78.0,3.0,5,European-style renovation
22000000.0,Озёрная,18.0,3.0,75.2,8.0,16,Cosmetic
23700000.0,Водный стадион,12.0,3.0,63.4,8.0,36,European-style renovation
33999000.0,Беломорская,17.0,3.0,98.6,11.0,22,Designer
24200000.0,Крылатское,18.0,3.0,74.8,6.0,17,European-style renovation
15500000.0,Каховская,3.0,3.0,53.3,11.0,16,Without renovation
220000000.0,Охотный ряд,9.0,3.0,150.0,6.0,8,Designer
27500000.0,Профсоюзная,18.0,3.0,78.9,4.0,5,Cosmetic
30000000.0,Павелецкая,18.0,3.0,64.1,2.0,46,Without renovation
16999000.0,Текстильщики,11.0,3.0,64.4,4.0,9,Designer
44197955.0,Панфиловская,6.0,3.0,79.4,11.0,18,Without renovation
37075358.0,Панфиловская,6.0,3.0,68.8,13.0,18,European-style renovation
45503164.0,Панфиловская,6.0,3.0,81.9,15.0,18,Without renovation
41008246.0,Панфиловская,6.0,3.0,82.7,12.0,18,Without renovation
89200000.0,Арбатская,7.0,3.0,103.0,5.0,9,European-style renovation
51000000.0,Давыдково,26.0,3.0,112.3,16.0,23,Designer
13000000.0,Щелковская,22.0,3.0,50.0,9.0,9,Cosmetic
37000000.0,Фили,16.0,3.0,86.4,10.0,21,European-style renovation
32000000.0,Пятницкое шоссе,4.0,3.0,73.0,5.0,17,Designer
17500000.0,Марьино,13.0,3.0,76.5,17.0,17,Designer
22000000.0,Крылатское,16.0,3.0,78.2,8.0,17,Cosmetic
31500000.0,Фили,6.0,3.0,61.8,6.0,42,Designer
23500000.0,Стрешнево,11.0,3.0,104.0,2.0,8,European-style renovation
91000000.0,Краснопресненская,6.0,3.0,171.0,11.0,12,Designer
19230000.0,Трикотажная,24.0,3.0,65.7,11.0,25,Without renovation
24500000.0,Беговая,12.0,3.0,80.0,3.0,10,Without renovation
23200000.0,Нижегородская,14.0,3.0,77.2,11.0,33,European-style renovation
18500000.0,Белокаменная,20.0,3.0,58.0,5.0,5,European-style renovation
19300000.0,Преображенская площадь,23.0,3.0,80.0,3.0,5,Cosmetic
28500000.0,Пенягино,17.0,3.0,114.3,17.0,24,European-style renovation
23000000.0,Кантемировская,16.0,3.0,80.0,2.0,22,Cosmetic
22000000.0,Варшавская,5.0,3.0,74.0,1.0,5,Designer
15000000.0,Ясенево,21.0,3.0,51.8,2.0,9,European-style renovation
16500000.0,Коммунарка,39.0,3.0,70.2,7.0,17,Designer
14800000.0,Коммунарка,14.0,3.0,57.0,5.0,25,Designer
19500000.0,Планерная,8.0,3.0,58.7,8.0,9,European-style renovation
39000000.0,Октябрьская,3.0,3.0,81.7,11.0,14,Without renovation
34000000.0,Савеловская,15.0,3.0,87.2,3.0,9,Cosmetic
14000000.0,Некрасовка,13.0,3.0,72.2,7.0,17,Cosmetic
16000000.0,Боровское шоссе,13.0,3.0,77.3,19.0,22,Without renovation
15930000.0,Теплый Стан,12.0,3.0,60.5,7.0,9,Cosmetic
22000000.0,Солнцево,6.0,3.0,77.0,7.0,22,Cosmetic
26900000.0,Новаторская,15.0,3.0,66.7,5.0,14,European-style renovation
18000000.0,Коммунарка,28.0,3.0,78.0,17.0,17,Designer
16500000.0,Красногвардейская,6.0,3.0,63.0,6.0,12,European-style renovation
16000000.0,Бибирево,19.0,3.0,62.1,11.0,12,Cosmetic
34000000.0,Фили,17.0,3.0,70.0,11.0,21,Designer
15750000.0,Ясенево,18.0,3.0,59.0,6.0,9,Cosmetic
18990000.0,Зюзино,9.0,3.0,68.4,4.0,12,Cosmetic
21500000.0,Академическая,13.0,3.0,78.0,4.0,5,Cosmetic
36000000.0,Профсоюзная,13.0,3.0,121.7,1.0,20,Without renovation
19990000.0,Бульвар Рокоссовского,26.0,3.0,72.9,9.0,14,Cosmetic
56750000.0,Кропоткинская,6.0,3.0,67.2,1.0,10,European-style renovation
14900000.0,Улица Академика Янгеля,13.0,3.0,58.0,8.0,9,Cosmetic
15300000.0,Рязанский проспект,6.0,3.0,60.0,9.0,9,European-style renovation
16999998.0,Щербинка,32.0,3.0,100.5,10.0,14,European-style renovation
21500000.0,Перерва,17.0,3.0,90.1,15.0,24,Cosmetic
24400000.0,Ольховая,18.0,3.0,99.0,3.0,8,Without renovation
18950000.0,Зюзино,11.0,3.0,75.0,16.0,17,Cosmetic
17500000.0,Локомотив,15.0,3.0,62.3,5.0,9,European-style renovation
14500000.0,Щелковская,18.0,3.0,57.1,4.0,12,European-style renovation
26900000.0,Шелепиха,13.0,3.0,82.5,9.0,46,European-style renovation
23300000.0,Тульская,14.0,3.0,76.5,2.0,5,European-style renovation
27250000.0,ВДНХ,9.0,3.0,84.2,4.0,8,European-style renovation
21900000.0,Беляево,10.0,3.0,74.0,15.0,17,Cosmetic
24750000.0,Студенческая,2.0,3.0,68.1,4.0,5,Cosmetic
13800000.0,Домодедовская,16.0,3.0,56.0,4.0,9,Cosmetic
42000000.0,Аминьевская,5.0,3.0,111.0,26.0,42,Without renovation
17800000.0,Октябрьское поле,15.0,3.0,71.1,1.0,5,European-style renovation
14200000.0,Новогиреево,20.0,3.0,59.2,4.0,5,Cosmetic
15900000.0,Отрадное,11.0,3.0,58.5,9.0,9,Cosmetic
14000000.0,Бескудниково,15.0,3.0,63.0,11.0,12,Without renovation
16150000.0,Бибирево,9.0,3.0,57.3,7.0,9,European-style renovation
33000000.0,Улица 1905 года,5.0,3.0,80.4,3.0,16,Cosmetic
13500000.0,Преображенская площадь,15.0,3.0,57.0,1.0,5,Cosmetic
51500000.0,Ясенево,8.0,3.0,139.1,7.0,23,Without renovation
14500000.0,Яхромская,16.0,3.0,58.6,5.0,9,Cosmetic
15990000.0,Бескудниково,8.0,3.0,77.0,10.0,14,Without renovation
30150000.0,Сокольники,12.0,3.0,70.9,2.0,5,Designer
42079055.0,Панфиловская,6.0,3.0,82.5,5.0,18,Without renovation
37792003.0,Панфиловская,6.0,3.0,83.3,6.0,18,European-style renovation
50763732.0,Панфиловская,6.0,3.0,91.2,13.0,18,Without renovation
37508105.0,Панфиловская,6.0,3.0,73.7,11.0,18,European-style renovation
41000785.0,Панфиловская,6.0,3.0,82.7,9.0,18,Without renovation
55657845.0,Панфиловская,6.0,3.0,110.9,8.0,18,Without renovation
57364713.0,Панфиловская,6.0,3.0,110.3,6.0,18,Without renovation
41114255.0,Панфиловская,6.0,3.0,94.0,1.0,18,Without renovation
48349607.0,Панфиловская,6.0,3.0,97.7,10.0,18,Without renovation
44845368.0,Панфиловская,6.0,3.0,79.3,15.0,18,Without renovation
44618353.0,Панфиловская,6.0,3.0,79.6,16.0,18,Without renovation
63679667.0,Панфиловская,6.0,3.0,108.5,14.0,18,Without renovation
40794404.0,Панфиловская,6.0,3.0,79.0,13.0,18,Without renovation
63623071.0,Панфиловская,6.0,3.0,110.0,13.0,18,Without renovation
44842060.0,Панфиловская,6.0,3.0,81.2,14.0,18,Without renovation
43939810.0,Панфиловская,6.0,3.0,79.2,12.0,18,Without renovation
63719106.0,Панфиловская,6.0,3.0,110.3,12.0,18,Without renovation
19200000.0,Новаторская,20.0,3.0,58.0,14.0,18,European-style renovation
23950000.0,Фили,5.0,3.0,82.0,2.0,5,European-style renovation
18200000.0,Пражская,19.0,3.0,61.0,7.0,12,European-style renovation
24950000.0,Озёрная,12.0,3.0,75.0,20.0,23,European-style renovation
28000000.0,Дубровка,22.0,3.0,67.0,11.0,29,Without renovation
29000000.0,Зорге,10.0,3.0,73.0,3.0,8,Cosmetic
16550000.0,Юго-Восточная,9.0,3.0,58.6,1.0,5,European-style renovation
15900000.0,Крымская,12.0,3.0,51.0,1.0,5,European-style renovation
27499000.0,Народное Ополчение,10.0,3.0,77.0,15.0,16,European-style renovation
44000000.0,Раменки,11.0,3.0,119.0,14.0,35,Without renovation
46900000.0,Крестьянская застава,10.0,3.0,92.0,4.0,9,European-style renovation
24800000.0,Немчиновка,18.0,3.0,88.7,8.0,10,Without renovation
51800000.0,Комсомольская,8.0,3.0,85.8,14.0,22,Without renovation
170000000.0,Деловой центр,3.0,3.0,232.0,48.0,72,Designer
22500000.0,Автозаводская,12.0,3.0,62.6,8.0,9,Designer
22800000.0,Тульская,15.0,3.0,84.8,6.0,11,Cosmetic
47500000.0,Профсоюзная,11.0,3.0,82.2,9.0,31,Designer
19500000.0,Лианозово,8.0,3.0,73.3,10.0,16,European-style renovation
41999999.0,Щукинская,15.0,3.0,102.7,10.0,21,Without renovation
80000000.0,Белорусская,9.0,3.0,130.0,4.0,6,Designer
30300000.0,Технопарк,15.0,3.0,55.0,5.0,14,European-style renovation
27000000.0,Кленовый бульвар,20.0,3.0,85.6,6.0,23,European-style renovation
16000000.0,Сетунь,26.0,3.0,62.0,7.0,9,European-style renovation
28500000.0,Тимирязевская,7.0,3.0,60.0,10.0,23,Designer
32000000.0,Бульвар Рокоссовского,9.0,3.0,109.1,9.0,14,European-style renovation
39999999.0,Технопарк,12.0,3.0,93.0,14.0,21,Without renovation
15000000.0,Теплый Стан,26.0,3.0,65.9,8.0,9,Without renovation
36900000.0,Аминьевская,5.0,3.0,97.7,19.0,42,Without renovation
17300000.0,Соколиная Гора,13.0,3.0,65.5,11.0,12,Cosmetic
17700000.0,Багратионовская,2.0,3.0,55.3,4.0,8,Cosmetic
17700000.0,Солнцево,9.0,3.0,75.3,5.0,16,European-style renovation
29000000.0,Белорусская,16.0,3.0,77.2,3.0,6,European-style renovation
26000000.0,Комсомольская,5.0,3.0,61.0,3.0,8,European-style renovation
19000000.0,Новопеределкино,5.0,3.0,74.3,17.0,17,Cosmetic
16000000.0,Беломорская,11.0,3.0,63.1,6.0,12,Cosmetic
13000000.0,Водный стадион,6.0,3.0,57.0,1.0,5,Cosmetic
55000000.0,Сокольники,3.0,3.0,146.5,4.0,39,Designer
14500000.0,Новогиреево,20.0,3.0,58.2,5.0,5,Cosmetic
11300000.0,Юго-Восточная,8.0,3.0,51.0,5.0,9,Cosmetic
50000000.0,Смоленская,6.0,3.0,77.0,4.0,10,Without renovation
29499000.0,Фили,13.0,3.0,67.0,12.0,16,Designer
10900000.0,Покровское,32.0,3.0,60.6,6.0,12,Cosmetic
16990000.0,Савеловская,11.0,3.0,52.7,4.0,8,Cosmetic
19800000.0,Верхние Котлы,13.0,3.0,82.2,8.0,8,Cosmetic
21400000.0,Сетунь,6.0,3.0,75.5,2.0,5,European-style renovation
29500000.0,Крымская,6.0,3.0,79.4,13.0,14,European-style renovation
24500000.0,Славянский бульвар,13.0,3.0,67.1,10.0,26,European-style renovation
14000000.0,Кожуховская,5.0,3.0,45.0,5.0,6,European-style renovation
20900000.0,Крымская,14.0,3.0,59.0,9.0,9,European-style renovation
16246570.0,Некрасовка,19.0,3.0,86.7,10.0,25,Cosmetic
16246570.0,Некрасовка,19.0,3.0,86.7,14.0,25,Cosmetic
16246570.0,Некрасовка,19.0,3.0,86.7,6.0,25,Cosmetic
21000000.0,Юго-Западная,11.0,3.0,67.0,9.0,16,Cosmetic
37450000.0,Фили,18.0,3.0,108.9,14.0,28,Without renovation
12500000.0,Планерная,15.0,3.0,58.6,1.0,9,Without renovation
17850000.0,Филатов Луг,6.0,3.0,71.6,15.0,15,European-style renovation
15200000.0,Люблино,12.0,3.0,64.0,12.0,12,Cosmetic
64000000.0,ЦСКА,13.0,3.0,135.0,15.0,24,Designer
37000000.0,Ростокино,12.0,3.0,97.2,26.0,38,European-style renovation
30500000.0,ВДНХ,8.0,3.0,98.0,7.0,8,Without renovation
15300000.0,Южная,9.0,3.0,60.0,2.0,9,Cosmetic
17900000.0,Текстильщики,13.0,3.0,72.2,9.0,14,Cosmetic
32000000.0,Печатники,6.0,3.0,93.3,9.0,17,European-style renovation
14300000.0,Коломенская,17.0,3.0,56.6,9.0,9,Cosmetic
14000000.0,Красный Строитель,12.0,3.0,59.7,6.0,12,Cosmetic
26000000.0,Мичуринский проспект,10.0,3.0,74.8,1.0,17,Cosmetic
44500000.0,Петровский парк,12.0,3.0,104.0,12.0,17,European-style renovation
24800000.0,Стахановская,10.0,3.0,71.8,4.0,19,European-style renovation
48000000.0,Шелепиха,5.0,3.0,89.3,21.0,33,European-style renovation
16000000.0,Крымская,11.0,3.0,55.4,4.0,11,Cosmetic
28000000.0,Сокольники,3.0,3.0,76.3,15.0,17,Cosmetic
24000000.0,Алтуфьево,16.0,3.0,75.5,4.0,20,European-style renovation
15500000.0,Новогиреево,13.0,3.0,65.2,11.0,14,Cosmetic
19850000.0,Крымская,14.0,3.0,72.5,2.0,5,Cosmetic
20000000.0,Раменки,9.0,3.0,60.0,2.0,9,Designer
13500000.0,Коптево,17.0,3.0,55.2,4.0,5,Cosmetic
15200000.0,Семеновская,13.0,3.0,60.0,2.0,5,Cosmetic
29500000.0,Киевская,12.0,3.0,74.9,3.0,9,European-style renovation
13700000.0,Шипиловская,15.0,3.0,59.0,2.0,9,Cosmetic
25300000.0,Свиблово,6.0,3.0,75.0,17.0,17,European-style renovation
21500000.0,Бабушкинская,15.0,3.0,73.9,15.0,17,Cosmetic
25500000.0,Чертановская,6.0,3.0,72.8,4.0,25,European-style renovation
15700000.0,Речной вокзал,21.0,3.0,55.2,5.0,9,European-style renovation
16600000.0,Давыдково,8.0,3.0,55.0,3.0,9,Cosmetic
26750000.0,Стахановская,6.0,3.0,83.0,5.0,15,European-style renovation
25800000.0,Беговая,4.0,3.0,75.0,6.0,32,European-style renovation
21700000.0,Братиславская,24.0,3.0,80.6,9.0,9,European-style renovation
20100000.0,Стахановская,4.0,3.0,73.0,12.0,23,European-style renovation
13500000.0,Речной вокзал,24.0,3.0,57.5,8.0,9,Cosmetic
25000000.0,Солнцево,17.0,3.0,105.0,14.0,23,European-style renovation
27999000.0,Лефортово,14.0,3.0,74.9,13.0,17,European-style renovation
22500000.0,Кантемировская,13.0,3.0,72.4,11.0,18,European-style renovation
79000000.0,Киевская,9.0,3.0,88.3,5.0,12,Designer
169000000.0,Полянка,6.0,3.0,103.2,1.0,7,Designer
260000000.0,Трубная,5.0,3.0,124.0,7.0,10,Designer
175500000.0,Киевская,13.0,3.0,130.0,3.0,9,Designer
26800000.0,Строгино,2.0,3.0,71.0,5.0,22,European-style renovation
17900000.0,Марьино,15.0,3.0,74.5,17.0,17,Cosmetic
27500000.0,Комсомольская,13.0,3.0,79.0,4.0,16,Without renovation
18000000.0,Бульвар Адмирала Ушакова,7.0,3.0,74.2,6.0,10,European-style renovation
25000000.0,Печатники,8.0,3.0,71.9,5.0,16,European-style renovation
21500000.0,Братиславская,5.0,3.0,73.0,5.0,17,Cosmetic
20000000.0,Филатов Луг,4.0,3.0,68.0,6.0,15,European-style renovation
58900000.0,ЦСКА,11.0,3.0,122.0,9.0,24,Cosmetic
26950000.0,Академическая,12.0,3.0,72.9,14.0,14,European-style renovation
19700000.0,Щелковская,3.0,3.0,69.0,16.0,16,Cosmetic
29000000.0,Волоколамская,13.0,3.0,106.0,15.0,25,Cosmetic
36000000.0,ВДНХ,4.0,3.0,77.0,8.0,8,Designer
40000000.0,Кунцевская,16.0,3.0,134.0,18.0,22,Without renovation
11500000.0,Выхино,17.0,3.0,63.6,1.0,9,Cosmetic
20000000.0,Народное Ополчение,5.0,3.0,71.0,14.0,14,Cosmetic
15150000.0,Стахановская,13.0,3.0,70.0,5.0,5,Cosmetic
16990000.0,Борисово,12.0,3.0,63.0,12.0,12,European-style renovation
27500000.0,Строгино,5.0,3.0,75.0,15.0,22,European-style renovation
21500000.0,Балтийская,5.0,3.0,65.0,10.0,12,Cosmetic
22700000.0,Бабушкинская,20.0,3.0,87.0,13.0,17,Cosmetic
22700000.0,Бабушкинская,20.0,3.0,87.0,14.0,17,Cosmetic
40000000.0,Шаболовская,8.0,3.0,78.0,3.0,20,European-style renovation
31000000.0,Ломоносовский проспект,20.0,3.0,73.2,3.0,12,Cosmetic
15500000.0,Народное Ополчение,6.0,3.0,58.1,7.0,9,Cosmetic
26500000.0,ВДНХ,15.0,3.0,85.9,7.0,8,Cosmetic
13500000.0,Красногвардейская,17.0,3.0,73.4,1.0,17,Without renovation
23500000.0,Чертановская,13.0,3.0,74.1,3.0,17,European-style renovation
20500000.0,Авиамоторная,4.0,3.0,82.0,5.0,5,Cosmetic
15800000.0,Крымская,11.0,3.0,56.6,8.0,11,Cosmetic
14800000.0,Бабушкинская,13.0,3.0,64.0,4.0,12,Cosmetic
22000000.0,Текстильщики,21.0,3.0,75.0,12.0,17,Cosmetic
24000000.0,Селигерская,24.0,3.0,85.0,4.0,14,Designer
18500000.0,Братиславская,16.0,3.0,77.0,7.0,16,European-style renovation
22000000.0,Измайлово,4.0,3.0,78.1,2.0,5,Cosmetic
29000000.0,Раменки,10.0,3.0,76.1,16.0,17,Cosmetic
21000000.0,Депо,16.0,3.0,68.8,19.0,22,Cosmetic
27000000.0,Беляево,4.0,3.0,78.9,7.0,22,European-style renovation
18300000.0,Улица Дмитриевского,12.0,3.0,75.0,7.0,12,Cosmetic
12500000.0,Ростокино,29.0,3.0,58.5,6.0,9,Cosmetic
19000000.0,Щелковская,3.0,3.0,70.0,9.0,16,European-style renovation
19000000.0,Щелковская,3.0,3.0,70.0,12.0,16,European-style renovation
34200000.0,Аминьевская,10.0,3.0,96.0,4.0,25,Without renovation
16500000.0,Рассказовка,10.0,3.0,65.0,12.0,22,Cosmetic
31600000.0,Рабочий Посёлок,20.0,3.0,96.5,26.0,28,Without renovation
13100000.0,Красный Балтиец,14.0,3.0,56.3,4.0,5,Without renovation
16000000.0,Улица Академика Янгеля,22.0,3.0,66.0,5.0,16,Cosmetic
20000000.0,Отрадное,18.0,3.0,72.0,14.0,17,European-style renovation
49499000.0,Дубровка,10.0,3.0,110.0,26.0,30,Designer
19500000.0,Беляево,12.0,3.0,63.0,5.0,9,European-style renovation
15990000.0,Аминьевская,20.0,3.0,77.2,4.0,5,Without renovation
30000000.0,Улица Академика Янгеля,7.0,3.0,98.0,16.0,17,European-style renovation
24000000.0,Динамо,13.0,3.0,74.6,10.0,13,European-style renovation
34600000.0,Автозаводская,11.0,3.0,73.3,6.0,13,Without renovation
25000000.0,Свиблово,19.0,3.0,96.1,4.0,5,European-style renovation
47000000.0,Аминьевская,11.0,3.0,103.0,22.0,25,Designer
21000000.0,Тропарево,12.0,3.0,75.7,11.0,16,Without renovation
23000000.0,Планерная,9.0,3.0,84.3,7.0,17,Cosmetic
11980000.0,Юго-Восточная,11.0,3.0,57.5,3.0,10,Cosmetic
27000000.0,Жулебино,8.0,3.0,104.0,9.0,15,European-style renovation
35000000.0,Достоевская,6.0,3.0,74.0,7.0,15,Designer
24500000.0,Автозаводская,8.0,3.0,75.0,4.0,5,Cosmetic
47000000.0,Раменки,7.0,3.0,82.8,9.0,20,Designer
17000000.0,Давыдково,9.0,3.0,58.0,5.0,9,Without renovation
16800000.0,Щербинка,27.0,3.0,100.0,11.0,17,Designer
115000000.0,Международная,2.0,3.0,170.0,38.0,88,Designer
22000000.0,Сетунь,19.0,3.0,86.2,13.0,17,Designer
34990000.0,Красносельская,4.0,3.0,75.5,2.0,12,Designer
21500000.0,Царицыно,29.0,3.0,90.0,14.0,17,Without renovation
13500000.0,Домодедовская,8.0,3.0,53.0,5.0,9,Cosmetic
27000000.0,Выставочная,7.0,3.0,86.6,2.0,5,Cosmetic
24000000.0,Бабушкинская,27.0,3.0,85.8,20.0,25,European-style renovation
17850000.0,Текстильщики,13.0,3.0,79.0,7.0,14,European-style renovation
22990000.0,Коммунарка,21.0,3.0,80.0,3.0,15,European-style renovation
19500000.0,Жулебино,11.0,3.0,85.0,3.0,14,Designer
18900000.0,Петровский парк,12.0,3.0,63.0,5.0,5,European-style renovation
15650000.0,Пятницкое шоссе,9.0,3.0,79.0,1.0,17,Cosmetic
22250000.0,Новопеределкино,8.0,3.0,65.0,16.0,23,European-style renovation
18600000.0,Щелковская,11.0,3.0,82.3,7.0,8,European-style renovation
31000000.0,Зюзино,13.0,3.0,72.2,12.0,17,Designer
35000000.0,Белорусская,16.0,3.0,70.0,5.0,6,Designer
16000000.0,Нахимовский проспект,18.0,3.0,66.5,2.0,12,Cosmetic
30000000.0,Трикотажная,21.0,3.0,80.8,7.0,25,Without renovation
26316000.0,Бульвар Рокоссовского,8.0,3.0,73.1,24.0,29,Without renovation
45500000.0,Шелепиха,13.0,3.0,115.0,1.0,37,Without renovation
29000000.0,Тестовская,15.0,3.0,70.6,3.0,5,European-style renovation
14300000.0,Улица Академика Янгеля,17.0,3.0,58.6,8.0,9,Cosmetic
19500000.0,Братиславская,22.0,3.0,80.5,17.0,17,Cosmetic
20500000.0,Зюзино,18.0,3.0,65.0,8.0,9,Designer
19000000.0,Пролетарская,6.0,3.0,64.6,5.0,6,Cosmetic
16800000.0,Депо,10.0,3.0,70.5,1.0,12,Cosmetic
24799000.0,Народное Ополчение,18.0,3.0,74.0,9.0,16,Cosmetic
15900000.0,Отрадное,21.0,3.0,58.4,6.0,9,Designer
51500000.0,Октябрьское поле,8.0,3.0,110.2,7.0,27,European-style renovation
14900000.0,Пражская,21.0,3.0,48.4,6.0,9,Cosmetic
18000000.0,Новопеределкино,25.0,3.0,75.0,15.0,15,European-style renovation
16500000.0,Гражданская,9.0,3.0,61.8,9.0,9,Without renovation
19000000.0,Битцевский Парк,15.0,3.0,75.1,13.0,16,European-style renovation
32600000.0,Нагатинский Затон,21.0,3.0,74.0,10.0,18,European-style renovation
21900000.0,Аннино,6.0,3.0,60.5,25.0,25,Designer
15700000.0,Варшавская,15.0,3.0,56.1,9.0,9,Cosmetic
33000000.0,Давыдково,20.0,3.0,97.5,2.0,30,Without renovation
16000000.0,Шипиловская,9.0,3.0,72.6,16.0,17,Cosmetic
17000000.0,Коньково,4.0,3.0,62.0,2.0,9,Cosmetic
12700000.0,Щербинка,10.0,3.0,62.2,8.0,9,Cosmetic
21500000.0,Семеновская,13.0,3.0,67.4,3.0,10,Cosmetic
15950000.0,Улица Академика Янгеля,15.0,3.0,60.0,5.0,9,European-style renovation
27000000.0,Беговая,12.0,3.0,82.8,5.0,10,Without renovation
27000000.0,Преображенская площадь,15.0,3.0,73.5,7.0,16,European-style renovation
20500000.0,Багратионовская,10.0,3.0,64.0,15.0,16,Without renovation
262000000.0,Новокузнецкая,4.0,3.0,132.0,8.0,10,Designer
15900000.0,Яхромская,27.0,3.0,74.1,12.0,16,Cosmetic
22000000.0,Молодежная,18.0,3.0,75.7,9.0,14,European-style renovation
38900000.0,Строгино,23.0,3.0,100.0,10.0,23,Designer
22000000.0,Текстильщики,22.0,3.0,75.0,8.0,23,European-style renovation
14100000.0,Орехово,7.0,3.0,56.6,9.0,9,Cosmetic
28500000.0,Новые Черемушки,15.0,3.0,82.0,6.0,9,Cosmetic
31857000.0,Говорово,7.0,3.0,86.1,12.0,25,European-style renovation
13150000.0,Тропарево,28.0,3.0,51.2,6.0,9,Without renovation
14500000.0,Преображенская площадь,13.0,3.0,62.5,1.0,12,Without renovation
26900000.0,Беломорская,13.0,3.0,97.0,2.0,16,Cosmetic
12000000.0,Юго-Восточная,20.0,3.0,57.0,9.0,9,Cosmetic
87000000.0,Студенческая,11.0,3.0,96.2,5.0,15,Designer
16500000.0,Чертановская,6.0,3.0,62.6,1.0,12,Cosmetic
18200000.0,Новокосино,19.0,3.0,77.0,2.0,17,Cosmetic
26500000.0,Беломорская,13.0,3.0,98.0,12.0,16,Cosmetic
25500000.0,Фонвизинская,10.0,3.0,78.0,3.0,22,European-style renovation
11550000.0,Щербинка,11.0,3.0,56.5,8.0,9,Cosmetic
23000000.0,Беляево,16.0,3.0,68.9,8.0,19,European-style renovation
59000000.0,Народное Ополчение,16.0,3.0,124.0,25.0,31,European-style renovation
42900000.0,Фили,13.0,3.0,109.1,2.0,16,European-style renovation
18000000.0,Волоколамская,8.0,3.0,74.1,9.0,17,Cosmetic
11500000.0,Люблино,10.0,3.0,52.1,2.0,9,Without renovation
26500000.0,Университет,17.0,3.0,76.8,2.0,9,European-style renovation
26900000.0,Красносельская,4.0,3.0,73.4,14.0,14,European-style renovation
38700000.0,Юго-Западная,17.0,3.0,110.0,3.0,17,Designer
16000000.0,Домодедовская,4.0,3.0,58.2,6.0,9,European-style renovation
29990000.0,Шелепиха,13.0,3.0,81.0,2.0,53,Without renovation
15720000.0,Бунинская Аллея,11.0,3.0,79.3,1.0,12,Cosmetic
22500000.0,Коломенская,9.0,3.0,70.0,5.0,6,Cosmetic
46000000.0,Новые Черемушки,12.0,3.0,158.0,5.0,13,Cosmetic
15700000.0,Коломенская,18.0,3.0,59.1,5.0,9,European-style renovation
19500000.0,Крымская,14.0,3.0,72.1,6.0,19,Cosmetic
16500000.0,Алма-Атинская,14.0,3.0,75.0,3.0,17,Cosmetic
17600000.0,Новокосино,24.0,3.0,80.3,2.0,7,European-style renovation
35000000.0,Белорусская,10.0,3.0,65.0,6.0,8,European-style renovation
24500000.0,Улица 1905 года,12.0,3.0,82.2,4.0,5,Cosmetic
32000000.0,Парк культуры,8.0,3.0,64.5,3.0,6,European-style renovation
12300000.0,Рязанский проспект,12.0,3.0,58.0,7.0,9,Cosmetic
29000000.0,Улица Скобелевская,16.0,3.0,92.4,20.0,34,European-style renovation
16900000.0,Беломорская,22.0,3.0,65.0,11.0,12,European-style renovation
29900000.0,Аминьевская,5.0,3.0,84.0,28.0,42,European-style renovation
17200000.0,Нагорная,11.0,3.0,68.0,5.0,5,Cosmetic
27500000.0,Октябрьская,7.0,3.0,57.3,10.0,10,European-style renovation
16200000.0,Динамо,13.0,3.0,53.7,3.0,5,Without renovation
44000000.0,Тульская,25.0,3.0,82.3,8.0,16,Designer
62000000.0,Китай-город,5.0,3.0,79.8,3.0,6,European-style renovation
28500000.0,Нагорная,3.0,3.0,77.0,22.0,25,Cosmetic
18500000.0,Кантемировская,14.0,3.0,78.0,12.0,17,Cosmetic
122000000.0,Красные ворота,10.0,3.0,120.0,2.0,5,European-style renovation
23990000.0,Солнцево,8.0,3.0,70.0,6.0,23,European-style renovation
25180000.0,Селигерская,18.0,3.0,71.0,11.0,23,Designer
65000000.0,Смоленская,7.0,3.0,118.0,5.0,19,Cosmetic
22000000.0,Юго-Западная,11.0,3.0,64.3,4.0,9,Without renovation
17900000.0,Улица Скобелевская,6.0,3.0,74.9,11.0,16,European-style renovation
11900000.0,Выхино,13.0,3.0,61.0,6.0,9,Cosmetic
21800000.0,Озёрная,6.0,3.0,77.0,4.0,19,European-style renovation
17710000.0,Новохохловская,11.0,3.0,62.3,25.0,33,European-style renovation
50500000.0,Бауманская,11.0,3.0,108.0,4.0,6,Without renovation
31800000.0,Ботанический сад,13.0,3.0,76.3,5.0,49,Designer
17450000.0,Алтуфьево,12.0,3.0,77.0,4.0,16,Cosmetic
65000000.0,Смоленская,9.0,3.0,101.4,4.0,4,Cosmetic
20750000.0,Преображенская площадь,13.0,3.0,62.0,4.0,12,Cosmetic
19900000.0,Тропарево,10.0,3.0,75.3,12.0,16,Cosmetic
15750000.0,Бунинская Аллея,23.0,3.0,71.8,9.0,16,Cosmetic
13500000.0,Сходненская,12.0,3.0,56.3,1.0,9,Cosmetic
33100000.0,Крылатское,38.0,3.0,94.1,20.0,24,Designer
33999999.0,Ботанический сад,23.0,3.0,87.0,2.0,20,European-style renovation
27300000.0,Академическая,16.0,3.0,82.5,17.0,22,Cosmetic
23500000.0,Бабушкинская,14.0,3.0,72.0,15.0,23,European-style renovation
17500000.0,Физтех,8.0,3.0,82.6,1.0,14,Cosmetic
26000000.0,Аминьевская,9.0,3.0,80.1,14.0,34,Cosmetic
15000000.0,Отрадное,8.0,3.0,60.0,7.0,9,Cosmetic
18000000.0,Алма-Атинская,13.0,3.0,77.1,15.0,22,European-style renovation
21500000.0,Коньково,10.0,3.0,73.0,3.0,17,European-style renovation
21700000.0,Академическая,13.0,3.0,72.7,1.0,14,Cosmetic
14600000.0,Давыдково,4.0,3.0,59.7,5.0,9,Cosmetic
23500000.0,Селигерская,9.0,3.0,75.0,3.0,23,European-style renovation
25500000.0,Крылатское,9.0,3.0,74.3,3.0,17,Cosmetic
99000000.0,Мичуринский проспект,12.0,3.0,130.1,7.0,12,Designer
12900000.0,Щелковская,24.0,3.0,56.1,3.0,5,Cosmetic
29800000.0,Народное Ополчение,14.0,3.0,75.3,7.0,17,European-style renovation
15500000.0,Прокшино,10.0,3.0,66.4,14.0,20,Without renovation
13500000.0,Красный Строитель,13.0,3.0,59.6,8.0,12,European-style renovation
48000000.0,ЦСКА,14.0,3.0,111.0,23.0,26,Designer
12500000.0,Щелковская,25.0,3.0,51.0,6.0,9,Cosmetic
20500000.0,Строгино,7.0,3.0,62.1,8.0,12,Cosmetic
17600000.0,Битцевский Парк,15.0,3.0,75.0,10.0,16,European-style renovation
20500000.0,Ольховая,17.0,3.0,93.0,10.0,17,European-style renovation
14500000.0,Бибирево,14.0,3.0,50.9,9.0,9,Cosmetic
27990000.0,Шелепиха,13.0,3.0,79.1,10.0,53,Without renovation
16990000.0,Тимирязевская,8.0,3.0,62.9,2.0,9,Cosmetic
37500000.0,Новые Черемушки,5.0,3.0,107.0,11.0,14,Cosmetic
22000000.0,Боровское шоссе,8.0,3.0,73.6,12.0,17,Cosmetic
14900000.0,Бибирево,11.0,3.0,65.7,12.0,12,Cosmetic
21000000.0,Перово,18.0,3.0,71.4,8.0,14,Without renovation
55000000.0,Трубная,7.0,3.0,104.0,3.0,3,European-style renovation
25000000.0,Красногвардейская,10.0,3.0,80.0,2.0,30,Without renovation
22900000.0,Хорошёвская,11.0,3.0,76.0,12.0,17,European-style renovation
19900000.0,Царицыно,26.0,3.0,100.1,2.0,11,Without renovation
12000000.0,Боровское шоссе,25.0,3.0,58.6,9.0,9,Cosmetic
85000000.0,Маяковская,9.0,3.0,143.0,5.0,9,Designer
21500000.0,Смоленская,12.0,3.0,54.4,5.0,5,Cosmetic
15000000.0,Южная,6.0,3.0,65.0,5.0,12,Cosmetic
27000000.0,Багратионовская,12.0,3.0,74.7,9.0,12,European-style renovation
12500000.0,Давыдково,19.0,3.0,49.5,8.0,9,Without renovation
14500000.0,Щелковская,17.0,3.0,51.0,1.0,9,Cosmetic
12150000.0,Щелковская,23.0,3.0,51.1,2.0,9,Cosmetic
23500000.0,Давыдково,16.0,3.0,82.0,14.0,17,Cosmetic
19675000.0,Сетунь,20.0,3.0,77.0,15.0,17,Cosmetic
15800000.0,Ростокино,9.0,3.0,64.2,1.0,12,Without renovation
18000000.0,Беляево,22.0,3.0,64.5,10.0,16,European-style renovation
21800000.0,Бабушкинская,23.0,3.0,75.9,3.0,17,European-style renovation
17400000.0,Фонвизинская,12.0,3.0,64.4,16.0,16,Cosmetic
16500000.0,Кантемировская,10.0,3.0,56.1,6.0,9,Designer
16300000.0,Беломорская,11.0,3.0,71.8,1.0,19,Cosmetic
16200000.0,Варшавская,15.0,3.0,57.5,2.0,9,Cosmetic
20500000.0,Алтуфьево,12.0,3.0,73.2,2.0,16,European-style renovation
12300000.0,Некрасовка,31.0,3.0,78.6,9.0,14,Cosmetic
43000000.0,Щукинская,20.0,3.0,98.3,8.0,23,Without renovation
17990000.0,Яхромская,19.0,3.0,77.0,7.0,9,Cosmetic
20500000.0,Бульвар Адмирала Ушакова,7.0,3.0,78.0,10.0,14,European-style renovation
21000000.0,Сетунь,8.0,3.0,72.0,3.0,4,Cosmetic
15500000.0,Первомайская,7.0,3.0,62.6,5.0,5,Cosmetic
22500000.0,Рассказовка,12.0,3.0,83.7,22.0,22,European-style renovation
16246570.0,Некрасовка,19.0,3.0,86.7,13.0,25,Cosmetic
18990000.0,Первомайская,9.0,3.0,75.8,5.0,17,Cosmetic
15500000.0,Солнцево,6.0,3.0,71.9,2.0,16,Cosmetic
19200000.0,Бульвар Рокоссовского,4.0,3.0,80.0,3.0,5,European-style renovation
20900000.0,Дубровка,14.0,3.0,70.0,2.0,8,Cosmetic
20500000.0,Марьина Роща,5.0,3.0,72.3,5.0,5,Cosmetic
24800000.0,Савеловская,10.0,3.0,90.8,9.0,9,Without renovation
15000000.0,Университет,17.0,3.0,66.3,1.0,16,European-style renovation
30990000.0,Киевская,14.0,3.0,75.0,1.0,12,European-style renovation
16200000.0,Новопеределкино,16.0,3.0,75.6,17.0,17,Cosmetic
17500000.0,Аминьевская,19.0,3.0,63.7,14.0,14,European-style renovation
28000000.0,ВДНХ,15.0,3.0,90.0,6.0,8,European-style renovation
19400000.0,Коломенская,16.0,3.0,64.0,8.0,14,Cosmetic
16900000.0,Пятницкое шоссе,8.0,3.0,75.2,10.0,17,Without renovation
39000000.0,Маяковская,7.0,3.0,82.5,7.0,8,European-style renovation
16000000.0,Люблино,10.0,3.0,63.9,2.0,14,Cosmetic
12150000.0,Ясенево,18.0,3.0,59.1,5.0,9,Cosmetic
17500000.0,Щукинская,23.0,3.0,63.5,5.0,12,Without renovation
15300000.0,Щелковская,17.0,3.0,74.0,1.0,17,European-style renovation
29000000.0,Смоленская,10.0,3.0,55.0,3.0,5,Designer
23300000.0,Крылатское,12.0,3.0,75.5,3.0,22,Cosmetic
29000000.0,Новаторская,14.0,3.0,85.0,2.0,22,European-style renovation
26300000.0,Шаболовская,9.0,3.0,73.0,3.0,5,European-style renovation
15500000.0,Беляево,16.0,3.0,58.0,4.0,9,Cosmetic
47700000.0,Профсоюзная,13.0,3.0,122.0,6.0,20,Without renovation
20500000.0,Раменки,9.0,3.0,60.6,1.0,9,European-style renovation
35000000.0,Щелковская,15.0,3.0,107.6,11.0,12,Designer
40000000.0,Бауманская,6.0,3.0,74.5,8.0,10,Cosmetic
30000000.0,Красносельская,4.0,3.0,70.3,9.0,12,Cosmetic
19900000.0,Бунинская Аллея,9.0,3.0,71.0,15.0,24,European-style renovation
38900000.0,Народное Ополчение,20.0,3.0,73.2,16.0,30,Designer
14000000.0,Калитники,11.0,3.0,69.5,1.0,12,Cosmetic
13500000.0,Домодедовская,13.0,3.0,59.0,5.0,9,Cosmetic
14000000.0,Кузьминки,16.0,3.0,64.0,1.0,12,Cosmetic
16500000.0,Новогиреево,18.0,3.0,65.8,8.0,16,Cosmetic
25000000.0,Селигерская,9.0,3.0,70.8,22.0,23,Cosmetic
47900000.0,Раменки,9.0,3.0,101.2,4.0,28,Without renovation
21500000.0,Академическая,16.0,3.0,66.8,12.0,14,Without renovation
14950000.0,Выхино,9.0,3.0,59.6,4.0,9,Designer
15500000.0,Студенческая,57.0,3.0,56.5,6.0,10,Cosmetic
60000000.0,Маяковская,6.0,3.0,170.0,7.0,12,Without renovation
19000000.0,Братиславская,18.0,3.0,74.5,6.0,17,European-style renovation
107000000.0,Минская,18.0,3.0,181.0,5.0,17,Designer
16500000.0,Планерная,24.0,3.0,63.0,9.0,12,Cosmetic
15300000.0,Ботанический сад,8.0,3.0,58.7,9.0,9,European-style renovation
25000000.0,Беговая,11.0,3.0,86.0,2.0,6,Cosmetic
21000000.0,Братиславская,6.0,3.0,81.5,8.0,17,European-style renovation
34990000.0,Новые Черемушки,12.0,3.0,112.0,5.0,13,Cosmetic
18000000.0,Пыхтино,16.0,3.0,76.0,11.0,17,European-style renovation
18000000.0,Пятницкое шоссе,12.0,3.0,74.8,12.0,16,European-style renovation
42705000.0,ЗИЛ,21.0,3.0,82.6,4.0,15,Without renovation
44503000.0,ЗИЛ,21.0,3.0,90.3,5.0,16,Without renovation
44895000.0,ЗИЛ,21.0,3.0,90.3,7.0,15,Without renovation
45479000.0,ЗИЛ,21.0,3.0,90.3,10.0,15,Without renovation
45778000.0,ЗИЛ,21.0,3.0,90.1,12.0,15,Without renovation
49225000.0,ЗИЛ,21.0,3.0,106.6,4.0,15,Without renovation
49440000.0,ЗИЛ,21.0,3.0,106.6,5.0,15,Without renovation
50021000.0,ЗИЛ,21.0,3.0,107.2,7.0,15,Without renovation
50298000.0,ЗИЛ,21.0,3.0,107.2,9.0,15,Without renovation
50669000.0,ЗИЛ,21.0,3.0,107.2,10.0,15,Without renovation
50789000.0,ЗИЛ,21.0,3.0,106.0,12.0,15,Without renovation
50843000.0,ЗИЛ,21.0,3.0,109.9,4.0,15,Without renovation
50855000.0,ЗИЛ,21.0,3.0,107.2,11.0,15,Without renovation
51003000.0,ЗИЛ,21.0,3.0,106.3,13.0,15,Without renovation
51064000.0,ЗИЛ,21.0,3.0,109.9,5.0,15,Without renovation
51131000.0,ЗИЛ,21.0,3.0,112.2,5.0,15,Without renovation
22000000.0,Савеловская,10.0,3.0,66.0,6.0,9,Without renovation
44754000.0,ЗИЛ,12.0,3.0,86.5,19.0,22,Without renovation
43718000.0,ЗИЛ,12.0,3.0,97.6,11.0,22,Without renovation
44253000.0,ЗИЛ,12.0,3.0,98.0,14.0,22,Without renovation
44340000.0,ЗИЛ,12.0,3.0,97.8,15.0,22,Without renovation
25000000.0,Солнцево,11.0,3.0,74.3,8.0,18,Designer
44917000.0,ЗИЛ,12.0,3.0,97.5,20.0,22,Without renovation
46809000.0,ЗИЛ,12.0,3.0,89.8,18.0,22,Without renovation
43940000.0,ЗИЛ,12.0,3.0,97.8,12.0,22,Without renovation
44211000.0,ЗИЛ,12.0,3.0,97.8,13.0,22,Without renovation
44655000.0,ЗИЛ,12.0,3.0,97.7,17.0,22,Without renovation
44657000.0,ЗИЛ,12.0,3.0,97.9,16.0,22,Without renovation
47563000.0,ЗИЛ,12.0,3.0,93.7,15.0,22,Without renovation
47383000.0,ЗИЛ,12.0,3.0,94.0,13.0,55,Without renovation
48079000.0,ЗИЛ,12.0,3.0,93.6,20.0,22,Without renovation
47854000.0,ЗИЛ,12.0,3.0,93.8,17.0,22,Without renovation
48121000.0,ЗИЛ,12.0,3.0,97.8,21.0,22,Without renovation
49162000.0,ЗИЛ,12.0,3.0,97.6,12.0,22,Without renovation
49660000.0,ЗИЛ,12.0,3.0,98.0,14.0,22,Without renovation
49705000.0,ЗИЛ,12.0,3.0,97.7,15.0,22,Without renovation
49903000.0,ЗИЛ,12.0,3.0,97.7,17.0,22,Without renovation
35000000.0,Говорово,9.0,3.0,130.0,1.0,25,European-style renovation
50645000.0,ЗИЛ,12.0,3.0,93.6,21.0,22,Without renovation
49907000.0,ЗИЛ,12.0,3.0,98.0,16.0,22,Without renovation
55752000.0,ЗИЛ,12.0,3.0,98.1,21.0,22,Without renovation
37542000.0,ЗИЛ,18.0,3.0,89.4,5.0,16,European-style renovation
37695000.0,ЗИЛ,18.0,3.0,89.4,6.0,16,European-style renovation
49747000.0,ЗИЛ,18.0,3.0,101.7,13.0,16,Without renovation
13200000.0,Отрадное,12.0,3.0,53.0,6.0,9,Cosmetic
19600000.0,Лухмановская,10.0,3.0,76.2,6.0,12,European-style renovation
17500000.0,Бульвар Адмирала Ушакова,4.0,3.0,74.3,8.0,14,Cosmetic
37426000.0,ЗИЛ,15.0,3.0,82.9,7.0,16,European-style renovation
39012000.0,ЗИЛ,15.0,3.0,87.8,7.0,16,Without renovation
31533000.0,ЗИЛ,22.0,3.0,75.6,6.0,15,European-style renovation
31662000.0,ЗИЛ,22.0,3.0,75.6,7.0,15,European-style renovation
31791000.0,ЗИЛ,22.0,3.0,75.6,8.0,15,European-style renovation
31920000.0,ЗИЛ,22.0,3.0,75.6,9.0,15,European-style renovation
31955000.0,ЗИЛ,22.0,3.0,83.5,2.0,15,European-style renovation
33310000.0,ЗИЛ,22.0,3.0,75.3,12.0,15,European-style renovation
33438000.0,ЗИЛ,22.0,3.0,75.3,13.0,15,European-style renovation
29990000.0,Минская,56.0,3.0,67.0,5.0,14,Without renovation
33566000.0,ЗИЛ,22.0,3.0,75.3,14.0,15,European-style renovation
34909000.0,ЗИЛ,22.0,3.0,86.3,3.0,15,European-style renovation
37290000.0,ЗИЛ,22.0,3.0,86.1,12.0,15,European-style renovation
44240000.0,Фили,6.0,3.0,63.2,40.0,42,Designer
37352000.0,ЗИЛ,22.0,3.0,86.1,13.0,15,European-style renovation
37610000.0,ЗИЛ,22.0,3.0,86.1,14.0,15,European-style renovation
39225000.0,ЗИЛ,22.0,3.0,82.3,3.0,15,Without renovation
41433000.0,ЗИЛ,22.0,3.0,86.1,15.0,15,Without renovation
35406000.0,ЗИЛ,22.0,3.0,86.3,4.0,15,European-style renovation
36556000.0,ЗИЛ,18.0,3.0,86.2,3.0,16,European-style renovation
36706000.0,ЗИЛ,18.0,3.0,86.0,4.0,16,European-style renovation
36876000.0,ЗИЛ,18.0,3.0,86.1,5.0,16,European-style renovation
37194000.0,ЗИЛ,18.0,3.0,86.0,6.0,16,European-style renovation
38356000.0,ЗИЛ,18.0,3.0,86.2,8.0,16,European-style renovation
47019000.0,ЗИЛ,12.0,3.0,85.1,25.0,40,Without renovation
47119000.0,ЗИЛ,12.0,3.0,85.0,26.0,40,Without renovation
47130000.0,ЗИЛ,12.0,3.0,85.3,24.0,40,Without renovation
47345000.0,ЗИЛ,12.0,3.0,85.2,28.0,40,Without renovation
48958000.0,ЗИЛ,12.0,3.0,93.2,27.0,40,Without renovation
48975000.0,ЗИЛ,12.0,3.0,93.4,26.0,40,Without renovation
12500000.0,Планерная,14.0,3.0,51.3,4.0,9,Cosmetic
49025000.0,ЗИЛ,12.0,3.0,94.0,24.0,40,Without renovation
49036000.0,ЗИЛ,12.0,3.0,93.1,29.0,40,Without renovation
49098000.0,ЗИЛ,12.0,3.0,93.3,28.0,40,Without renovation
49124000.0,ЗИЛ,12.0,3.0,93.1,30.0,40,Without renovation
49326000.0,ЗИЛ,12.0,3.0,93.4,31.0,40,Without renovation
49413000.0,ЗИЛ,12.0,3.0,93.4,32.0,40,Without renovation
49448000.0,ЗИЛ,12.0,3.0,93.3,33.0,40,Without renovation
49570000.0,ЗИЛ,12.0,3.0,93.2,36.0,40,Without renovation
49580000.0,ЗИЛ,12.0,3.0,93.3,35.0,40,Without renovation
49789000.0,ЗИЛ,12.0,3.0,93.2,37.0,40,Without renovation
49852000.0,ЗИЛ,12.0,3.0,93.4,38.0,40,Without renovation
29400000.0,Ботанический сад,21.0,3.0,74.0,8.0,19,European-style renovation
22500000.0,Измайлово,9.0,3.0,80.0,6.0,10,Cosmetic
77700000.0,Серпуховская,10.0,3.0,120.7,8.0,14,Without renovation
14250000.0,Беломорская,15.0,3.0,60.0,9.0,9,Cosmetic
20000000.0,Локомотив,16.0,3.0,61.0,31.0,33,Cosmetic
27000000.0,Тропарево,11.0,3.0,86.0,12.0,17,Cosmetic
15999000.0,Новопеределкино,17.0,3.0,74.0,5.0,17,Cosmetic
13500000.0,Кунцевская,10.0,3.0,56.7,1.0,5,Cosmetic
17900000.0,Угрешская,9.0,3.0,55.1,2.0,30,Without renovation
19500000.0,Дмитровская,13.0,3.0,62.7,9.0,12,Cosmetic
30200000.0,Коломенская,19.0,3.0,88.2,29.0,33,European-style renovation
20000000.0,Коптево,11.0,3.0,76.0,2.0,14,Cosmetic
17200000.0,Домодедовская,9.0,3.0,61.4,6.0,12,Cosmetic
17200000.0,Коптево,21.0,3.0,67.4,9.0,16,Cosmetic
29200000.0,Красносельская,3.0,3.0,78.0,3.0,8,European-style renovation
17990000.0,Нижегородская,15.0,3.0,83.7,5.0,9,European-style renovation
32000000.0,Нагатинский Затон,15.0,3.0,65.0,10.0,15,European-style renovation
22000000.0,Пролетарская,11.0,3.0,62.1,11.0,12,Cosmetic
30000000.0,Марксистская,11.0,3.0,65.3,4.0,12,European-style renovation
24500000.0,Дубровка,12.0,3.0,74.9,3.0,6,Cosmetic
14990000.0,Рязанский проспект,8.0,3.0,63.0,3.0,12,Without renovation
55000000.0,Раменки,9.0,3.0,107.0,8.0,28,Without renovation
14000000.0,Яхромская,19.0,3.0,64.0,3.0,16,Without renovation
16365000.0,Трикотажная,23.0,3.0,58.0,5.0,9,Cosmetic
24500000.0,Народное Ополчение,12.0,3.0,75.0,4.0,17,European-style renovation
23000000.0,Окская,15.0,3.0,75.0,9.0,30,European-style renovation
22300000.0,Минская,29.0,3.0,65.0,6.0,12,Cosmetic
49490000.0,Белорусская,7.0,3.0,86.7,8.0,15,Without renovation
42000000.0,Шаболовская,8.0,3.0,90.7,8.0,20,Designer
134000000.0,Деловой центр,1.0,3.0,180.0,74.0,97,Without renovation
25500000.0,Беговая,12.0,3.0,80.0,3.0,10,Without renovation
63000000.0,Юго-Западная,13.0,3.0,118.0,6.0,24,Designer
96960000.0,Смоленская,10.0,3.0,121.2,8.0,16,Without renovation
18300000.0,Лухмановская,10.0,3.0,81.2,2.0,12,Cosmetic
90000000.0,Смоленская,6.0,3.0,98.5,3.0,4,Designer
26849000.0,Угрешская,8.0,3.0,89.0,9.0,30,Without renovation
32000000.0,Достоевская,6.0,3.0,74.0,15.0,15,European-style renovation
20800000.0,Щелковская,15.0,3.0,84.0,10.0,17,European-style renovation
69990000.0,Цветной бульвар,7.0,3.0,160.0,3.0,9,Designer
15999999.0,Озёрная,21.0,3.0,66.4,2.0,5,Cosmetic
34500000.0,Шелепиха,6.0,3.0,67.0,26.0,51,European-style renovation
13999000.0,Юго-Восточная,15.0,3.0,58.1,7.0,9,European-style renovation
45000000.0,Аэропорт,14.0,3.0,82.0,15.0,37,Without renovation
35000000.0,Фили,15.0,3.0,72.0,17.0,25,Designer
18850000.0,Братиславская,18.0,3.0,77.6,16.0,16,Cosmetic
26500000.0,Люблино,18.0,3.0,70.0,9.0,17,European-style renovation
36499000.0,Аминьевская,5.0,3.0,94.4,32.0,42,Without renovation
34000000.0,Фили,6.0,3.0,74.5,35.0,42,Without renovation
85000000.0,Лужники,11.0,3.0,112.0,3.0,6,Without renovation
63900000.0,Минская,33.0,3.0,92.0,10.0,17,Designer
24500000.0,Славянский бульвар,10.0,3.0,73.4,6.0,24,Cosmetic
150000000.0,Кропоткинская,10.0,3.0,130.0,2.0,5,Without renovation
82000000.0,Краснопресненская,6.0,3.0,125.0,7.0,12,Designer
23900000.0,Верхние Лихоборы,7.0,3.0,82.9,2.0,17,European-style renovation
34500000.0,Автозаводская,21.0,3.0,73.0,6.0,32,Without renovation
34500000.0,Автозаводская,21.0,3.0,73.0,10.0,32,Without renovation
13600000.0,Отрадное,12.0,3.0,55.5,6.0,9,European-style renovation
30500000.0,Тверская,7.0,3.0,52.3,1.0,6,Without renovation
13999000.0,Щелковская,15.0,3.0,60.0,3.0,9,Cosmetic
18800000.0,Волжская,11.0,3.0,80.0,4.0,5,European-style renovation
30500000.0,Профсоюзная,7.0,3.0,77.0,7.0,9,European-style renovation
24000000.0,Ломоносовский проспект,15.0,3.0,69.2,7.0,8,European-style renovation
23900000.0,Верхние Лихоборы,6.0,3.0,75.0,8.0,17,Designer
21500000.0,Красный Балтиец,17.0,3.0,80.1,2.0,5,Cosmetic
13990000.0,Покровское,29.0,3.0,65.6,8.0,12,Cosmetic
16799000.0,Москворечье,16.0,3.0,75.5,4.0,17,Cosmetic
65000000.0,Киевская,6.0,3.0,77.7,14.0,14,European-style renovation
14500000.0,Курьяново,12.0,3.0,64.3,3.0,12,Cosmetic
15000000.0,Народное Ополчение,6.0,3.0,57.3,1.0,5,Cosmetic
45000000.0,Белорусская,10.0,3.0,95.8,2.0,8,European-style renovation
56900000.0,Первомайская,8.0,3.0,184.0,9.0,19,European-style renovation
14300000.0,Новогиреево,12.0,3.0,58.3,3.0,9,Cosmetic
32000000.0,Аминьевская,14.0,3.0,72.0,18.0,42,Without renovation
87000000.0,Белорусская,11.0,3.0,123.5,4.0,18,European-style renovation
115000000.0,Театральная,6.0,3.0,120.3,2.0,7,European-style renovation
210000000.0,Смоленская,6.0,3.0,185.0,13.0,16,European-style renovation
149581089.0,Студенческая,9.0,3.0,109.8,7.0,8,Designer
31999999.0,Университет,12.0,3.0,79.7,7.0,9,Cosmetic
60000000.0,Кунцевская,8.0,3.0,130.0,11.0,26,Designer
24800000.0,Аминьевская,15.0,3.0,63.8,25.0,41,Without renovation
56000000.0,Цветной бульвар,7.0,3.0,116.4,9.0,9,European-style renovation
14990000.0,Щербинка,29.0,3.0,77.5,5.0,22,European-style renovation
23268015.0,Площадь Ильича,8.0,3.0,69.4,2.0,16,Without renovation
28000000.0,Октябрьское поле,10.0,3.0,69.5,7.0,18,European-style renovation
44990000.0,Маяковская,6.0,3.0,68.7,3.0,5,Without renovation
38000000.0,Сокольники,21.0,3.0,99.4,14.0,21,European-style renovation
20900000.0,Алексеевская,5.0,3.0,65.1,5.0,16,Cosmetic
35500000.0,Давыдково,16.0,3.0,90.0,1.0,5,European-style renovation
150000000.0,Профсоюзная,17.0,3.0,160.0,7.0,13,Designer
25500000.0,Октябрьское поле,25.0,3.0,74.8,15.0,16,Cosmetic
28700000.0,Солнцево,8.0,3.0,85.0,11.0,17,European-style renovation
20000000.0,Савеловская,17.0,3.0,65.6,1.0,5,European-style renovation
54900000.0,Пушкинская,7.0,3.0,95.9,8.0,14,Cosmetic
18500000.0,Рязанский проспект,11.0,3.0,70.8,3.0,23,European-style renovation
20000000.0,Красногвардейская,12.0,3.0,78.0,2.0,18,European-style renovation
35800000.0,Тульская,29.0,3.0,79.4,15.0,16,Without renovation
21490000.0,Измайловская,18.0,3.0,74.0,3.0,5,European-style renovation
10490000.0,Улица Дмитриевского,17.0,3.0,51.2,7.0,9,Cosmetic
46000000.0,Дмитровская,11.0,3.0,82.3,19.0,20,Designer
36900000.0,Давыдково,20.0,3.0,110.3,16.0,30,Without renovation
22250000.0,Депо,14.0,3.0,74.7,11.0,17,European-style renovation
30500000.0,Тушинская,12.0,3.0,97.3,16.0,21,Without renovation
145000000.0,Спортивная,11.0,3.0,97.0,7.0,14,Designer
75000000.0,Улица 1905 года,7.0,3.0,157.0,4.0,5,Without renovation
364903125.0,Парк культуры,8.0,3.0,200.0,4.0,7,European-style renovation
79500000.0,Трубная,6.0,3.0,98.0,4.0,4,Designer
74990000.0,Краснопресненская,10.0,3.0,117.0,8.0,8,Designer
34980000.0,Комсомольская,7.0,3.0,92.0,4.0,6,Cosmetic
28000000.0,Бульвар Дмитрия Донского,13.0,3.0,106.2,13.0,22,European-style renovation
50000000.0,Раменки,9.0,3.0,109.5,15.0,23,European-style renovation
88000000.0,Смоленская,8.0,3.0,110.0,4.0,4,Designer
54000000.0,Сухаревская,5.0,3.0,116.0,3.0,8,European-style renovation
40490000.0,Аэропорт,10.0,3.0,109.8,3.0,3,Designer
45000000.0,Беговая,4.0,3.0,87.0,11.0,32,Designer
45000000.0,Шаболовская,14.0,3.0,108.9,17.0,22,Without renovation
24350000.0,Народное Ополчение,14.0,3.0,76.3,10.0,23,Without renovation
60000000.0,Международная,6.0,3.0,71.8,24.0,77,Designer
46000000.0,Крестьянская застава,5.0,3.0,93.0,7.0,14,Cosmetic
39500000.0,Белорусская,4.0,3.0,68.0,4.0,12,Without renovation
22499999.0,Улица Скобелевская,18.0,3.0,67.4,16.0,26,European-style renovation
32990000.0,Парк культуры,7.0,3.0,57.4,6.0,7,European-style renovation
40950000.0,Университет,15.0,3.0,76.0,2.0,10,Without renovation
42700000.0,Молодежная,7.0,3.0,110.2,38.0,40,Designer
19490000.0,Щербинка,11.0,3.0,86.1,14.0,16,Designer
41500000.0,Аминьевская,5.0,3.0,71.0,14.0,42,Designer
12790000.0,Депо,6.0,3.0,56.2,4.0,9,Cosmetic
25000000.0,Ленинский проспект,3.0,3.0,66.2,10.0,10,Cosmetic
36999000.0,Балтийская,12.0,3.0,70.0,8.0,25,Designer
13000000.0,Юго-Восточная,21.0,3.0,64.1,5.0,16,Without renovation
32500000.0,Давыдково,20.0,3.0,103.0,17.0,30,Without renovation
14699000.0,Теплый Стан,19.0,3.0,65.1,10.0,16,European-style renovation
17200000.0,Бескудниково,12.0,3.0,72.8,1.0,17,European-style renovation
14500000.0,Выхино,11.0,3.0,60.0,10.0,12,Cosmetic
22000000.0,Савеловская,7.0,3.0,60.5,2.0,6,Cosmetic
27000000.0,Дмитровская,12.0,3.0,68.0,30.0,47,European-style renovation
14900000.0,Ясенево,23.0,3.0,50.0,2.0,9,Designer
24000000.0,Беломорская,11.0,3.0,88.0,4.0,19,European-style renovation
457345250.0,Фрунзенская,9.0,3.0,173.6,2.0,11,Designer
22500000.0,Ховрино,3.0,3.0,61.5,19.0,30,Without renovation
16000000.0,Белокаменная,26.0,3.0,59.0,1.0,5,Cosmetic
18100000.0,Свиблово,6.0,3.0,64.0,3.0,5,European-style renovation
17700000.0,Трикотажная,24.0,3.0,66.0,16.0,25,Without renovation
24500000.0,Бульвар Рокоссовского,9.0,3.0,77.8,5.0,22,Without renovation
25200000.0,Новогиреево,4.0,3.0,79.6,4.0,14,European-style renovation
53000000.0,Молодежная,3.0,3.0,105.3,5.0,30,Designer
20350000.0,Говорово,6.0,3.0,62.0,13.0,17,European-style renovation
45000000.0,Беговая,4.0,3.0,86.7,11.0,32,Designer
15000000.0,Бульвар Рокоссовского,23.0,3.0,57.3,4.0,9,Cosmetic
18200000.0,Шипиловская,5.0,3.0,74.0,2.0,17,European-style renovation
22000000.0,Университет,7.0,3.0,70.5,1.0,9,Cosmetic
23000000.0,Народное Ополчение,13.0,3.0,77.7,20.0,24,European-style renovation
85000000.0,Минская,25.0,3.0,152.0,5.0,9,European-style renovation
20250000.0,Кузьминки,9.0,3.0,74.4,4.0,9,Cosmetic
37900000.0,Минская,57.0,3.0,69.0,3.0,14,Without renovation
16500000.0,Пражская,19.0,3.0,72.0,9.0,16,Without renovation
73000000.0,Охотный ряд,2.0,3.0,71.0,7.0,8,European-style renovation
33300000.0,Чертановская,9.0,3.0,117.0,8.0,22,European-style renovation
17500000.0,Зюзино,7.0,3.0,57.0,3.0,9,Designer
14500000.0,Окская,12.0,3.0,63.5,1.0,12,European-style renovation
21000000.0,Кузьминки,18.0,3.0,72.9,5.0,23,European-style renovation
16500000.0,Беломорская,19.0,3.0,60.0,5.0,9,European-style renovation
20000000.0,Отрадное,13.0,3.0,77.0,13.0,17,Cosmetic
54450000.0,Преображенская площадь,7.0,3.0,90.0,11.0,13,Without renovation
21500000.0,Крылатское,21.0,3.0,71.6,8.0,17,Without renovation
97850000.0,Новослободская,8.0,3.0,110.4,3.0,13,Designer
98000000.0,Университет,7.0,3.0,129.0,2.0,21,Designer
85000000.0,Минская,12.0,3.0,110.0,13.0,39,Designer
25000000.0,Бульвар Рокоссовского,20.0,3.0,89.5,8.0,23,Designer
20500000.0,Достоевская,9.0,3.0,58.5,2.0,9,Without renovation
26000000.0,Парк культуры,8.0,3.0,56.4,2.0,8,Cosmetic
23990000.0,Царицыно,28.0,3.0,95.0,14.0,15,Without renovation
52000000.0,Киевская,14.0,3.0,100.0,5.0,10,Without renovation
38000000.0,Верхние Котлы,9.0,3.0,74.7,10.0,16,European-style renovation
22000000.0,Октябрьская,7.0,3.0,61.0,6.0,10,Without renovation
65000000.0,Парк Победы,10.0,3.0,83.7,14.0,32,Cosmetic
26560000.0,Рабочий Посёлок,19.0,3.0,64.0,27.0,28,Cosmetic
18650000.0,Новые Черемушки,16.0,3.0,60.0,3.0,9,Cosmetic
14500000.0,Ольховая,27.0,3.0,55.0,20.0,24,Designer
114000000.0,Улица 1905 года,10.0,3.0,126.1,4.0,22,Designer
103000000.0,Улица 1905 года,10.0,3.0,110.7,6.0,22,Designer
13999000.0,Рязанский проспект,11.0,3.0,64.1,9.0,9,Cosmetic
15900000.0,Улица Горчакова,6.0,3.0,74.0,5.0,16,Cosmetic
13900000.0,Улица Академика Янгеля,13.0,3.0,57.7,8.0,9,Without renovation
14450000.0,Бибирево,14.0,3.0,60.3,2.0,9,Cosmetic
13700000.0,Некрасовка,15.0,3.0,72.9,3.0,19,Cosmetic
32000000.0,Маяковская,12.0,3.0,65.1,9.0,9,Cosmetic
77250000.0,Шелепиха,12.0,3.0,103.0,7.0,36,Designer
21000000.0,Хорошёвская,10.0,3.0,81.7,5.0,5,Cosmetic
39000000.0,Динамо,9.0,3.0,75.7,7.0,19,Designer
16700000.0,Текстильщики,8.0,3.0,66.2,9.0,12,European-style renovation
26000000.0,Медведково,10.0,3.0,80.0,16.0,25,European-style renovation
42950000.0,Фили,26.0,3.0,90.0,4.0,28,Without renovation
24500000.0,Новопеределкино,8.0,3.0,90.2,6.0,23,Cosmetic
19700000.0,Сокольники,16.0,3.0,69.0,4.0,6,European-style renovation
17300000.0,Преображенская площадь,4.0,3.0,60.0,8.0,9,Cosmetic
14500000.0,Улица Горчакова,30.0,3.0,69.0,7.0,15,Without renovation
11000000.0,Новокосино,36.0,3.0,60.0,9.0,9,Cosmetic
23300000.0,Славянский бульвар,12.0,3.0,71.7,4.0,19,Cosmetic
40500000.0,Мичуринский проспект,19.0,3.0,75.0,17.0,23,European-style renovation
15300000.0,Рязанский проспект,10.0,3.0,51.0,3.0,9,European-style renovation
39000000.0,Технопарк,14.0,3.0,70.8,2.0,15,Without renovation
22500000.0,Саларьево,26.0,3.0,74.0,22.0,22,Designer
28600000.0,Бульвар Рокоссовского,15.0,3.0,76.0,12.0,18,European-style renovation
17999000.0,Крымская,7.0,3.0,64.5,7.0,12,Cosmetic
27840000.0,Электрозаводская,17.0,3.0,93.0,6.0,7,Without renovation
20000000.0,Электрозаводская,17.0,3.0,62.5,6.0,7,Without renovation
24000000.0,Пионерская,10.0,3.0,70.0,7.0,12,European-style renovation
54000000.0,Аминьевская,10.0,3.0,103.0,5.0,25,Without renovation
50000000.0,Юго-Западная,7.0,3.0,150.0,29.0,33,Without renovation
24000000.0,Павшино,17.0,3.0,88.0,3.0,25,European-style renovation
17490000.0,Коньково,8.0,3.0,62.6,8.0,12,Cosmetic
22500000.0,Марьина Роща,8.0,3.0,57.0,3.0,8,Designer
15300000.0,Медведково,9.0,3.0,55.5,8.0,9,Cosmetic
16000000.0,Люблино,5.0,3.0,61.2,4.0,9,European-style renovation
32000000.0,Проспект Вернадского,8.0,3.0,75.5,13.0,17,European-style renovation
43000000.0,Измайлово,11.0,3.0,107.3,18.0,29,European-style renovation
21000000.0,Сокол,12.0,3.0,66.8,1.0,7,European-style renovation
22800000.0,Варшавская,10.0,3.0,69.0,4.0,23,European-style renovation
19400000.0,Тестовская,12.0,3.0,58.0,8.0,9,Cosmetic
19200000.0,Сетунь,20.0,3.0,74.2,1.0,17,Designer
17950000.0,Коптево,22.0,3.0,73.7,17.0,17,Cosmetic
31000000.0,Ломоносовский проспект,6.0,3.0,68.0,4.0,8,European-style renovation
38999000.0,Университет,9.0,3.0,82.8,5.0,10,European-style renovation
16500000.0,Тропарево,29.0,3.0,60.5,2.0,12,European-style renovation
14800000.0,Бибирево,19.0,3.0,61.6,12.0,12,European-style renovation
21500000.0,Шаболовская,9.0,3.0,58.2,3.0,5,European-style renovation
26500000.0,Марьина Роща,14.0,3.0,68.0,5.0,16,European-style renovation
13500000.0,Братиславская,15.0,3.0,60.5,4.0,5,Without renovation
28000000.0,Фили,13.0,3.0,65.0,9.0,16,European-style renovation
16500000.0,Сетунь,27.0,3.0,61.6,10.0,12,European-style renovation
55000000.0,Тверская,8.0,3.0,76.0,2.0,5,Cosmetic
37000000.0,Угрешская,8.0,3.0,86.0,8.0,30,Designer
27000000.0,Перово,8.0,3.0,90.0,3.0,6,European-style renovation
69000000.0,Третьяковская,2.0,3.0,120.0,3.0,5,Cosmetic
99000000.0,Фрунзенская,7.0,3.0,89.0,6.0,12,Designer
32000000.0,Панфиловская,11.0,3.0,82.0,3.0,8,European-style renovation
27000000.0,Мичуринский проспект,13.0,3.0,66.1,5.0,20,Without renovation
13000000.0,Шипиловская,11.0,3.0,48.9,6.0,9,Cosmetic
28100000.0,Стахановская,6.0,3.0,83.0,12.0,15,European-style renovation
16000000.0,Беляево,15.0,3.0,85.6,3.0,25,Without renovation
110000000.0,Шаболовская,13.0,3.0,110.0,15.0,18,Designer
18000000.0,Гражданская,12.0,3.0,64.1,1.0,14,Without renovation
14800000.0,Филатов Луг,15.0,3.0,56.1,3.0,14,Cosmetic
13100000.0,Бабушкинская,12.0,3.0,50.0,8.0,9,European-style renovation
19970000.0,Гражданская,17.0,3.0,79.9,5.0,5,Cosmetic
102000000.0,Минская,1.0,3.0,136.9,8.0,12,Without renovation
19950000.0,Народное Ополчение,11.0,3.0,75.1,4.0,16,Cosmetic
15500000.0,Дегунино,14.0,3.0,64.8,9.0,12,Cosmetic
38500000.0,Терехово,10.0,3.0,95.1,6.0,13,Without renovation
170000000.0,Арбатская,7.0,3.0,117.7,4.0,8,Designer
71955000.0,Шаболовская,13.0,3.0,159.9,22.0,22,Designer
57420000.0,Шаболовская,13.0,3.0,127.6,22.0,22,Without renovation
62460000.0,Шаболовская,13.0,3.0,138.8,18.0,22,Without renovation
400000000.0,Кропоткинская,6.0,3.0,146.8,2.0,7,Designer
69000000.0,Профсоюзная,13.0,3.0,177.5,6.0,20,Without renovation
41800000.0,Динамо,9.0,3.0,72.0,11.0,19,Designer
53500000.0,Улица 1905 года,14.0,3.0,73.4,5.0,7,Designer
17300000.0,Водный стадион,5.0,3.0,56.0,4.0,5,Cosmetic
29000000.0,Фонвизинская,9.0,3.0,86.0,4.0,17,Cosmetic
22000000.0,Бескудниково,9.0,3.0,74.6,5.0,15,Designer
13900000.0,Новогиреево,21.0,3.0,57.0,4.0,9,Without renovation
25550000.0,Фонвизинская,12.0,3.0,78.8,3.0,17,Cosmetic
21000000.0,Тропарево,7.0,3.0,69.7,1.0,17,Designer
16700000.0,Яхромская,21.0,3.0,74.0,1.0,14,Cosmetic
51500000.0,Раменки,9.0,3.0,100.4,7.0,28,Without renovation
47500000.0,Проспект Мира,12.0,3.0,125.4,1.0,10,Cosmetic
138000000.0,Улица 1905 года,16.0,3.0,114.2,3.0,10,Designer
51000000.0,Молодежная,7.0,3.0,90.0,17.0,28,Designer
17400000.0,Отрадное,22.0,3.0,76.5,11.0,22,Cosmetic
17300000.0,Стрешнево,16.0,3.0,65.0,5.0,22,Without renovation
32000000.0,Дмитровская,6.0,3.0,57.0,22.0,58,Designer
24500000.0,Фонвизинская,8.0,3.0,76.8,12.0,17,Cosmetic
52500000.0,Раменки,9.0,3.0,100.3,10.0,28,Without renovation
24000000.0,Электрозаводская,15.0,3.0,79.7,3.0,12,European-style renovation
11900000.0,Выхино,23.0,3.0,60.0,9.0,9,Without renovation
14800000.0,Курьяново,12.0,3.0,64.3,3.0,12,Cosmetic
80000000.0,Ломоносовский проспект,19.0,3.0,141.0,8.0,17,Designer
32499999.0,Ольховая,20.0,3.0,127.2,5.0,8,Designer
13700000.0,Теплый Стан,26.0,3.0,56.5,8.0,9,Cosmetic
28000000.0,Шелепиха,13.0,3.0,71.0,13.0,53,Without renovation
200000000.0,Университет,5.0,3.0,186.0,2.0,19,Designer
20600000.0,Саларьево,27.0,3.0,78.0,12.0,24,Without renovation
96255000.0,Достоевская,7.0,3.0,139.5,19.0,24,Designer
38000000.0,Молодежная,16.0,3.0,110.0,19.0,23,Designer
40000000.0,Минская,57.0,3.0,67.1,10.0,14,Without renovation
13300000.0,Пражская,13.0,3.0,67.7,1.0,9,Cosmetic
92787583.0,Новокузнецкая,8.0,3.0,146.6,2.0,7,Cosmetic
131479810.0,Новокузнецкая,8.0,3.0,146.3,4.0,7,Designer
15500000.0,Преображенская площадь,23.0,3.0,59.3,7.0,9,Cosmetic
16500000.0,Домодедовская,4.0,3.0,58.5,6.0,9,Cosmetic
16000000.0,Ясенево,18.0,3.0,62.7,8.0,9,European-style renovation
21000000.0,Лефортово,14.0,3.0,78.2,1.0,6,Cosmetic
30500000.0,Яхромская,8.0,3.0,88.2,23.0,25,Without renovation
29000000.0,Молодежная,17.0,3.0,77.9,3.0,14,Cosmetic
15490000.0,Щелковская,9.0,3.0,61.0,6.0,9,Designer
106999999.0,Чкаловская,15.0,3.0,117.0,3.0,9,Without renovation
40000000.0,Панфиловская,6.0,3.0,90.0,13.0,18,Without renovation
30000000.0,Профсоюзная,10.0,3.0,71.1,6.0,25,European-style renovation
18840000.0,Митино,6.0,3.0,75.0,12.0,14,European-style renovation
33000000.0,Варшавская,11.0,3.0,100.0,10.0,23,Designer
19200000.0,Трикотажная,25.0,3.0,77.0,16.0,22,European-style renovation
17150000.0,Пятницкое шоссе,8.0,3.0,79.0,2.0,17,Without renovation
38500000.0,Ленинский проспект,15.0,3.0,73.4,7.0,9,Designer
23000000.0,Севастопольская,11.0,3.0,73.8,7.0,14,Cosmetic
15300000.0,Стахановская,18.0,3.0,64.5,5.0,12,Cosmetic
28800000.0,Новые Черемушки,14.0,3.0,76.6,4.0,17,European-style renovation
17500000.0,Бибирево,9.0,3.0,57.3,7.0,9,Cosmetic
18500000.0,Чертановская,8.0,3.0,65.5,3.0,16,European-style renovation
54000000.0,Мичуринский проспект,12.0,3.0,78.0,29.0,50,Designer
52000000.0,Мичуринский проспект,12.0,3.0,74.0,11.0,50,Without renovation
34000000.0,Шелепиха,22.0,3.0,72.2,4.0,36,Without renovation
36000000.0,Войковская,4.0,3.0,100.3,8.0,10,Without renovation
17499999.0,Щукинская,22.0,3.0,75.0,1.0,16,Cosmetic
23999999.0,Варшавская (Коломенское),14.0,3.0,70.9,3.0,12,European-style renovation
32800000.0,Фили,6.0,3.0,76.0,29.0,42,Without renovation
49990000.0,Рабочий Посёлок,15.0,3.0,158.3,18.0,25,European-style renovation
111903625.0,Смоленская,8.0,3.0,112.0,4.0,4,Designer
20000000.0,Аминьевская,10.0,3.0,70.0,18.0,25,Without renovation
22900000.0,Силикатная,15.0,3.0,101.4,7.0,10,Designer
80000000.0,Новаторская,10.0,3.0,160.0,30.0,32,Designer
16000000.0,Щелковская,28.0,3.0,65.0,5.0,9,Cosmetic
50000000.0,Аминьевская,13.0,3.0,77.8,5.0,25,Designer
17480000.0,Марьино,13.0,3.0,76.0,17.0,17,European-style renovation
23500000.0,Красносельская,4.0,3.0,49.0,5.0,14,Designer
24500000.0,Немчиновка,18.0,3.0,82.3,4.0,10,Without renovation
19800000.0,Багратионовская,4.0,3.0,57.7,7.0,9,Cosmetic
16500000.0,Минская,37.0,3.0,51.2,10.0,12,European-style renovation
36000000.0,Панфиловская,6.0,3.0,83.0,2.0,9,Designer
18500000.0,Ольховая,25.0,3.0,67.0,17.0,25,European-style renovation
48500000.0,Ростокино,14.0,3.0,143.3,39.0,58,Designer
25000000.0,Лермонтовский проспект,13.0,3.0,74.0,13.0,14,Designer
42000000.0,ЦСКА,6.0,3.0,88.0,16.0,32,Designer
18990000.0,Новопеределкино,20.0,3.0,83.0,15.0,17,European-style renovation
42500000.0,Юго-Западная,11.0,3.0,121.7,4.0,24,Without renovation
18500000.0,Новопеределкино,22.0,3.0,78.0,11.0,17,Cosmetic
95000000.0,Полянка,10.0,3.0,127.5,3.0,7,Designer
14500000.0,Щелковская,16.0,3.0,65.3,2.0,9,Cosmetic
45100000.0,ВДНХ,13.0,3.0,72.0,2.0,22,Designer
26900000.0,Бульвар Рокоссовского,15.0,3.0,76.0,12.0,18,Designer
48068985.0,Шаболовская,14.0,3.0,138.5,4.0,22,Without renovation
25000000.0,Прокшино,24.0,3.0,80.6,5.0,13,Designer
23900000.0,Коньково,8.0,3.0,72.0,8.0,17,Cosmetic
54000000.0,Международная,6.0,3.0,96.0,9.0,77,Without renovation
96000000.0,Динамо,11.0,3.0,148.7,4.0,12,Designer
14200000.0,Белокаменная,25.0,3.0,58.8,6.0,9,Cosmetic
32900000.0,Фили,5.0,3.0,75.6,29.0,31,Without renovation
23000000.0,Дмитровская,1.0,3.0,77.1,5.0,6,Without renovation
22500000.0,Рассказовка,19.0,3.0,83.9,13.0,17,European-style renovation
13600000.0,Лефортово,11.0,3.0,54.2,2.0,9,Cosmetic
16800000.0,Отрадное,13.0,3.0,59.5,2.0,9,Cosmetic
167000000.0,Тверская,7.0,3.0,143.7,4.0,8,Designer
34990000.0,Хорошево,15.0,3.0,89.1,16.0,18,Without renovation
55000000.0,Молодежная,7.0,3.0,81.1,12.0,28,European-style renovation
16990000.0,Борисово,22.0,3.0,75.3,9.0,22,European-style renovation
11400000.0,Выхино,16.0,3.0,58.9,5.0,9,Without renovation
32900000.0,Фили,6.0,3.0,75.6,29.0,42,Without renovation
11400000.0,Новоясеневская,17.0,3.0,48.8,8.0,9,Without renovation
18250000.0,Новаторская,19.0,3.0,87.1,1.0,8,Without renovation
45790000.0,Фили,26.0,3.0,97.7,10.0,28,Designer
18800000.0,Медведково,11.0,3.0,65.6,5.0,14,Cosmetic
23900000.0,Лихоборы,9.0,3.0,75.1,15.0,18,European-style renovation
15200000.0,Говорово,12.0,3.0,59.4,5.0,9,European-style renovation
15000000.0,Аминьевская,12.0,3.0,65.0,7.0,12,European-style renovation
80000000.0,Динамо,11.0,3.0,102.0,7.0,25,Designer
23999999.0,Москва-Товарная,13.0,3.0,78.0,14.0,26,European-style renovation
14400000.0,Ясенево,14.0,3.0,68.1,7.0,9,Without renovation
25000000.0,Окская,11.0,3.0,97.2,2.0,5,Designer
13000000.0,Бибирево,20.0,3.0,55.6,5.0,9,Without renovation
50000000.0,Авиамоторная,17.0,3.0,134.0,19.0,24,Without renovation
23500000.0,Ольховая,20.0,3.0,90.0,8.0,14,European-style renovation
18300000.0,Пятницкое шоссе,8.0,3.0,73.2,7.0,17,Cosmetic
40000000.0,Авиамоторная,18.0,3.0,70.0,8.0,17,European-style renovation
24700000.0,Площадь Ильича,5.0,3.0,79.5,2.0,4,Without renovation
18500000.0,Коммунарка,23.0,3.0,87.2,3.0,14,Without renovation
20000000.0,Красный Балтиец,6.0,3.0,65.2,2.0,16,Cosmetic
23950000.0,Мичуринский проспект,7.0,3.0,74.9,12.0,16,European-style renovation
57700000.0,Молодежная,7.0,3.0,79.0,9.0,28,Designer
12500000.0,Беломорская,19.0,3.0,58.8,8.0,9,Cosmetic
49900000.0,Спартак,5.0,3.0,112.0,7.0,8,Designer
11300000.0,Юго-Восточная,8.0,3.0,49.9,2.0,9,Cosmetic
30000000.0,Войковская,12.0,3.0,80.2,5.0,13,Cosmetic
48700000.0,Белорусская,4.0,3.0,85.6,6.0,12,Without renovation
65000000.0,Сокольники,9.0,3.0,116.4,4.0,17,European-style renovation
16700000.0,Юго-Западная,11.0,3.0,63.5,7.0,9,Cosmetic
17000000.0,Профсоюзная,18.0,3.0,56.0,1.0,10,Cosmetic
15000000.0,Некрасовка,10.0,3.0,82.0,3.0,17,Cosmetic
40000000.0,Аминьевская,10.0,3.0,100.0,5.0,25,Without renovation
16100000.0,Юго-Западная,16.0,3.0,60.0,2.0,9,Cosmetic
15600000.0,Селигерская,9.0,3.0,59.7,6.0,9,Cosmetic
13600000.0,Яхромская,5.0,3.0,65.2,1.0,16,Cosmetic
14300000.0,Сетунь,13.0,3.0,57.6,6.0,9,Cosmetic
89000000.0,Аэропорт,9.0,3.0,119.8,16.0,57,Designer
30290000.0,Октябрьское поле,21.0,3.0,59.4,3.0,24,Designer
23000000.0,Крылатское,3.0,3.0,73.0,3.0,17,Cosmetic
71000000.0,Новослободская,6.0,3.0,78.0,3.0,10,Without renovation
24600000.0,Фонвизинская,10.0,3.0,76.6,4.0,22,European-style renovation
17500000.0,Ясенево,24.0,3.0,74.7,11.0,16,European-style renovation
27800000.0,ВДНХ,16.0,3.0,73.6,15.0,16,Cosmetic
36000000.0,Аэропорт,11.0,3.0,75.0,2.0,17,European-style renovation
32000000.0,Алексеевская,12.0,3.0,80.3,6.0,35,Without renovation
30500000.0,Технопарк,14.0,3.0,66.0,11.0,20,Without renovation
39500000.0,Технопарк,14.0,3.0,70.3,2.0,15,Without renovation
34000000.0,Электрозаводская,10.0,3.0,76.5,6.0,12,Without renovation
19500000.0,Коммунарка,19.0,3.0,87.0,10.0,17,Cosmetic
39500000.0,Шелепиха,13.0,3.0,100.0,5.0,53,Without renovation
40000000.0,Маяковская,8.0,3.0,107.5,5.0,7,European-style renovation
17650000.0,Стрешнево,16.0,3.0,61.0,4.0,22,Without renovation
19250000.0,Новаторская,17.0,3.0,56.7,2.0,9,European-style renovation
18500000.0,Долгопрудная,12.0,3.0,70.0,10.0,14,Cosmetic
15720000.0,Ольховая,26.0,3.0,71.4,7.0,23,Cosmetic
145000000.0,Спортивная,11.0,3.0,95.0,7.0,14,Without renovation
26000000.0,Смоленская,10.0,3.0,68.5,1.0,5,Cosmetic
27400000.0,Технопарк,11.0,3.0,64.9,8.0,10,Without renovation
68900000.0,Хорошёвская,11.0,3.0,89.6,13.0,24,Designer
15000000.0,Соколиная Гора,16.0,3.0,56.3,3.0,9,Cosmetic
34000000.0,Университет,6.0,3.0,82.0,8.0,9,European-style renovation
17700000.0,Алма-Атинская,6.0,3.0,74.0,2.0,14,European-style renovation
18000000.0,Лианозово,10.0,3.0,74.0,7.0,16,Cosmetic
14300000.0,Выхино,13.0,3.0,56.5,5.0,9,Cosmetic
16690000.0,Лихоборы,6.0,3.0,61.0,7.0,12,Cosmetic
23800000.0,Ростокино,28.0,3.0,65.0,22.0,22,Designer
54000000.0,Тульская,28.0,3.0,125.7,9.0,16,Without renovation
24000000.0,Петровско-Разумовская,16.0,3.0,70.0,16.0,16,Designer
35499999.0,ЗИЛ,12.0,3.0,61.0,9.0,20,Designer
25000000.0,Беломорская,4.0,3.0,77.4,9.0,35,European-style renovation
25000000.0,Калитники,10.0,3.0,89.5,11.0,13,European-style renovation
50600000.0,Раменки,13.0,3.0,107.0,6.0,28,Without renovation
165000000.0,Международная,6.0,3.0,146.0,67.0,77,Designer
28500000.0,Спартак,13.0,3.0,72.9,8.0,24,Without renovation
21000000.0,ВДНХ,13.0,3.0,74.4,14.0,14,Cosmetic
18400000.0,Пятницкое шоссе,7.0,3.0,75.0,13.0,17,Cosmetic
14500000.0,Речной вокзал,20.0,3.0,58.8,7.0,9,Cosmetic
32000000.0,Покровское,25.0,3.0,124.0,11.0,17,Designer
68900000.0,Улица 1905 года,6.0,3.0,100.0,3.0,7,Designer
35500000.0,Фили,6.0,3.0,72.0,25.0,42,Without renovation
145000000.0,Новослободская,8.0,3.0,140.0,3.0,13,Designer
11850000.0,Солнцево,20.0,3.0,56.3,2.0,9,Cosmetic
18400000.0,Алма-Атинская,15.0,3.0,72.0,7.0,17,Cosmetic
13649000.0,Беломорская,20.0,3.0,49.6,2.0,9,Cosmetic
17200000.0,Улица Горчакова,13.0,3.0,82.0,4.0,12,Cosmetic
21800000.0,Царицыно,18.0,3.0,79.8,10.0,17,Cosmetic
27000000.0,Новые Черемушки,15.0,3.0,72.0,2.0,14,Cosmetic
15498000.0,Лианозово,28.0,3.0,74.4,8.0,16,Cosmetic
32000000.0,Хорошево,23.0,3.0,76.4,6.0,19,Without renovation
18500000.0,Коньково,7.0,3.0,62.4,2.0,12,Designer
23000000.0,Селигерская,16.0,3.0,58.8,6.0,44,European-style renovation
19500000.0,Селигерская,13.0,3.0,74.8,14.0,14,Without renovation
26000000.0,Панфиловская,7.0,3.0,97.0,3.0,7,Without renovation
13000000.0,Пражская,14.0,3.0,59.0,1.0,9,European-style renovation
15200000.0,Ростокино,26.0,3.0,51.0,8.0,9,European-style renovation
325980125.0,Лубянка,5.0,3.0,124.0,2.0,5,Designer
22000000.0,Пыхтино,14.0,3.0,72.5,4.0,20,European-style renovation
38900000.0,Аминьевская,10.0,3.0,98.6,7.0,25,Without renovation
20590000.0,Шаболовская,6.0,3.0,57.0,5.0,5,European-style renovation
74000000.0,Деловой центр,3.0,3.0,105.0,38.0,72,Designer
134681000.0,Арбатская,6.0,3.0,138.2,4.0,4,Without renovation
12000000.0,Покровское,31.0,3.0,58.0,1.0,9,Cosmetic
59500000.0,Улица 1905 года,6.0,3.0,80.0,10.0,12,European-style renovation
22400000.0,Кунцевская,4.0,3.0,61.9,9.0,14,Cosmetic
17850000.0,Теплый Стан,9.0,3.0,62.5,5.0,12,European-style renovation
20000000.0,Рассказовка,14.0,3.0,83.7,12.0,20,Without renovation
15290000.0,Улица Скобелевская,1.0,3.0,72.0,1.0,17,Cosmetic
20350000.0,Преображенская площадь,13.0,3.0,62.0,4.0,12,Cosmetic
15000000.0,Выхино,14.0,3.0,64.0,5.0,9,Cosmetic
45000000.0,Аминьевская,10.0,3.0,139.0,8.0,25,Without renovation
21500000.0,Борисово,9.0,3.0,74.3,17.0,17,Cosmetic
15500000.0,Сетунь,18.0,3.0,71.0,15.0,16,Cosmetic
88000000.0,Новослободская,8.0,3.0,119.2,3.0,13,Designer
15100000.0,Первомайская,6.0,3.0,64.3,2.0,5,Cosmetic
31800000.0,Технопарк,14.0,3.0,72.0,7.0,14,Without renovation
31000000.0,Шелепиха,22.0,3.0,67.2,2.0,36,Designer
14800000.0,Волжская,13.0,3.0,65.0,4.0,5,Cosmetic
24000000.0,Новые Черемушки,12.0,3.0,74.8,13.0,17,European-style renovation
22000000.0,Измайлово,8.0,3.0,72.6,2.0,5,European-style renovation
32000000.0,Улица Скобелевская,12.0,3.0,89.1,6.0,33,Designer
55000000.0,Славянский бульвар,23.0,3.0,62.0,14.0,22,Designer
39950000.0,Сокол,4.0,3.0,102.4,14.0,25,European-style renovation
21000000.0,Дегунино,9.0,3.0,74.0,1.0,17,Without renovation
65000000.0,Выставочная,9.0,3.0,90.0,7.0,21,Without renovation
20500000.0,Стахановская,6.0,3.0,75.0,3.0,23,Without renovation
57000000.0,Динамо,8.0,3.0,92.0,11.0,21,Designer
17500000.0,Яхромская,12.0,3.0,68.0,5.0,16,Cosmetic
30000000.0,Верхние Котлы,6.0,3.0,82.0,7.0,13,Without renovation
35500000.0,Хорошево,15.0,3.0,77.5,2.0,43,Designer
19000000.0,Нагорная,12.0,3.0,74.9,13.0,14,Cosmetic
16000000.0,Ховрино,18.0,3.0,65.0,4.0,14,Cosmetic
26500000.0,Стахановская,6.0,3.0,90.2,7.0,23,Without renovation
17350000.0,Тушинская,21.0,3.0,73.0,3.0,5,Cosmetic
29900000.0,Перово,6.0,3.0,83.5,6.0,24,European-style renovation
41087226.0,Молодежная,23.0,3.0,83.6,6.0,9,Without renovation
30950000.0,Алексеевская,6.0,3.0,78.0,6.0,16,European-style renovation
14490000.0,Алтуфьево,22.0,3.0,65.4,4.0,12,Designer
19250000.0,Медведково,15.0,3.0,80.6,6.0,12,European-style renovation
61190000.0,Аэропорт,11.0,3.0,102.0,9.0,15,Designer
25700000.0,Яхромская,9.0,3.0,78.1,4.0,17,Cosmetic
32000000.0,Фили,26.0,3.0,90.0,8.0,28,European-style renovation
25000000.0,Перово,19.0,3.0,89.0,3.0,14,Cosmetic
44000000.0,Раменки,9.0,3.0,104.9,8.0,23,European-style renovation
17890000.0,Академическая,8.0,3.0,48.8,2.0,4,Cosmetic
21000000.0,Крымская,16.0,3.0,65.0,10.0,12,European-style renovation
25000000.0,ВДНХ,6.0,3.0,79.3,2.0,8,European-style renovation
30000000.0,Марксистская,6.0,3.0,71.4,2.0,5,Cosmetic
32000000.0,Алексеевская,8.0,3.0,87.0,6.0,8,Cosmetic
21490000.0,Нагатинский Затон,20.0,3.0,66.3,7.0,18,Without renovation
35000000.0,Фили,16.0,3.0,71.0,13.0,25,Designer
17300000.0,Пролетарская,8.0,3.0,64.4,3.0,5,Cosmetic
21000000.0,Бульвар Рокоссовского,11.0,3.0,83.5,2.0,5,European-style renovation
19000000.0,Некрасовка,6.0,3.0,75.4,13.0,17,European-style renovation
23000000.0,Щелковская,5.0,3.0,75.0,12.0,14,Designer
14850000.0,Щербинка,28.0,3.0,72.0,7.0,17,European-style renovation
69900000.0,Октябрьская,8.0,3.0,120.0,8.0,12,European-style renovation
23250000.0,Речной вокзал,10.0,3.0,63.0,9.0,17,European-style renovation
51500000.0,Раменки,11.0,3.0,100.4,7.0,15,Without renovation
23000000.0,Верхние Лихоборы,10.0,3.0,77.0,6.0,14,Designer
40000000.0,Белорусская,4.0,3.0,68.0,5.0,12,Without renovation
42000000.0,Белорусская,4.0,3.0,67.0,7.0,12,Without renovation
35000000.0,Университет,12.0,3.0,79.7,7.0,9,Cosmetic
34000000.0,Хорошево,21.0,3.0,77.0,28.0,39,Without renovation
31400000.0,Фили,6.0,3.0,75.6,29.0,42,Without renovation
16500000.0,Варшавская,7.0,3.0,61.3,1.0,5,Designer
50800000.0,Раменки,9.0,3.0,106.6,6.0,28,Without renovation
53500000.0,ЗИЛ,13.0,3.0,100.0,13.0,20,Without renovation
53500000.0,Дубровка,10.0,3.0,111.0,10.0,30,Designer
36000000.0,Рабочий Посёлок,8.0,3.0,75.0,4.0,15,Designer
36500000.0,Раменки,9.0,3.0,68.0,3.0,28,Without renovation
33000000.0,Менделеевская,9.0,3.0,74.1,4.0,5,European-style renovation
19150000.0,Рассказовка,21.0,3.0,64.0,4.0,9,European-style renovation
49990000.0,Павелецкая,19.0,3.0,96.0,26.0,47,Cosmetic
153000000.0,Арбатская,5.0,3.0,94.0,2.0,8,European-style renovation
18900000.0,Крымская,15.0,3.0,58.4,8.0,9,European-style renovation
200000000.0,Новокузнецкая,8.0,3.0,121.0,3.0,6,Designer
15350000.0,Бабушкинская,17.0,3.0,67.1,12.0,12,European-style renovation
37499990.0,Октябрьская,3.0,3.0,82.0,11.0,14,Without renovation
35200000.0,Шелепиха,14.0,3.0,70.9,33.0,41,Designer
14000000.0,Люблино,9.0,3.0,57.9,1.0,5,Cosmetic
18500000.0,Люблино,15.0,3.0,75.0,14.0,17,Cosmetic
28800000.0,Молодежная,14.0,3.0,95.2,5.0,5,Without renovation
24500000.0,Зюзино,16.0,3.0,76.4,8.0,21,European-style renovation
18490000.0,Нахимовский проспект,6.0,3.0,54.0,3.0,5,Cosmetic
38000000.0,Баррикадная,9.0,3.0,89.5,2.0,8,Without renovation
55000000.0,Автозаводская,21.0,3.0,117.0,10.0,29,Without renovation
78000000.0,Шелепиха,15.0,3.0,87.0,12.0,36,Designer
22950000.0,Аминьевская,16.0,3.0,87.1,17.0,19,Cosmetic
45000000.0,Фили,18.0,3.0,90.6,2.0,28,European-style renovation
24199999.0,Улица Скобелевская,12.0,3.0,92.3,11.0,33,European-style renovation
21500000.0,Улица Скобелевская,16.0,3.0,63.0,18.0,34,European-style renovation
40000000.0,Новые Черемушки,15.0,3.0,106.0,5.0,15,European-style renovation
26000000.0,Шелепиха,6.0,3.0,65.5,6.0,41,European-style renovation
26000000.0,Шелепиха,13.0,3.0,70.7,4.0,32,European-style renovation
39500000.0,Шелепиха,5.0,3.0,83.9,20.0,33,Designer
39800000.0,Павелецкая,19.0,3.0,59.0,5.0,47,Without renovation
17900000.0,Борисово,12.0,3.0,71.6,15.0,17,Cosmetic
21000000.0,Улица Академика Янгеля,8.0,3.0,78.5,6.0,22,Cosmetic
16900000.0,Народное Ополчение,9.0,3.0,73.3,1.0,5,European-style renovation
39500000.0,Новые Черемушки,5.0,3.0,103.7,3.0,14,Without renovation
15800000.0,Прокшино,10.0,3.0,59.8,6.0,18,Without renovation
15800000.0,Прокшино,10.0,3.0,59.5,10.0,18,Without renovation
19500000.0,Марьина Роща,7.0,3.0,72.0,3.0,5,Without renovation
21500000.0,Чертановская,14.0,3.0,76.0,2.0,22,Cosmetic
22500000.0,Академическая,16.0,3.0,72.0,4.0,5,Designer
16500000.0,Сходненская,8.0,3.0,58.0,2.0,9,European-style renovation
29950000.0,Профсоюзная,10.0,3.0,71.5,8.0,25,Cosmetic
15350000.0,Аминьевская,12.0,3.0,64.8,9.0,16,Cosmetic
20700000.0,Аэропорт,11.0,3.0,56.0,3.0,5,Designer
24500000.0,Тульская,9.0,3.0,80.0,1.0,5,European-style renovation
24300000.0,Яхромская,13.0,3.0,75.0,3.0,17,European-style renovation
23950000.0,Улица 1905 года,13.0,3.0,89.3,1.0,5,Cosmetic
20500000.0,Солнцево,19.0,3.0,74.0,5.0,17,European-style renovation
26700000.0,Люблино,15.0,3.0,91.1,4.0,22,Without renovation
30000000.0,Хорошёвская,10.0,3.0,73.0,9.0,16,Without renovation
13790000.0,Перово,23.0,3.0,59.3,3.0,5,Cosmetic
19970000.0,Борисово,6.0,3.0,78.6,11.0,14,European-style renovation
19100000.0,Борисово,19.0,3.0,74.3,17.0,17,Cosmetic
12600000.0,Отрадное,16.0,3.0,50.0,9.0,9,Cosmetic
33400000.0,Домодедовская,17.0,3.0,80.0,17.0,20,Designer
18500000.0,Пятницкое шоссе,25.0,3.0,68.0,24.0,26,European-style renovation
389658800.0,Киевская,11.0,3.0,153.3,3.0,6,Designer
53000000.0,Проспект Мира,10.0,3.0,108.6,6.0,22,European-style renovation
50900000.0,Китай-город,6.0,3.0,100.3,7.0,8,Cosmetic
27000000.0,Аминьевская,11.0,3.0,72.0,13.0,37,Without renovation
12500000.0,Беляево,10.0,3.0,58.9,2.0,5,Cosmetic
13600000.0,Сходненская,9.0,3.0,61.0,1.0,9,Cosmetic
38000000.0,Краснопресненская,8.0,3.0,65.6,8.0,10,Designer
14300000.0,Филатов Луг,13.0,3.0,49.4,2.0,17,European-style renovation
80990000.0,Лужники,10.0,3.0,90.0,3.0,9,Designer
14000000.0,Дегунино,6.0,3.0,56.2,2.0,9,Cosmetic
25400000.0,Сходненская,8.0,3.0,77.0,5.0,10,Designer
62000000.0,Славянский бульвар,19.0,3.0,120.0,3.0,31,Without renovation
45000000.0,Маяковская,3.0,3.0,90.0,6.0,8,Without renovation
19000000.0,Москворечье,9.0,3.0,72.7,2.0,17,European-style renovation
18300000.0,Сходненская,12.0,3.0,79.2,1.0,5,Cosmetic
22000000.0,Юго-Восточная,15.0,3.0,78.2,10.0,14,European-style renovation
15900000.0,Локомотив,15.0,3.0,65.0,10.0,14,Cosmetic
14800000.0,Люблино,9.0,3.0,70.0,16.0,16,European-style renovation
243536000.0,Минская,29.0,3.0,192.5,29.0,53,Designer
28900000.0,Солнцево,12.0,3.0,105.0,5.0,25,Cosmetic
29700000.0,Хорошево,23.0,3.0,85.0,7.0,27,Without renovation
13500000.0,Чертановская,13.0,3.0,50.9,8.0,9,Cosmetic
69500000.0,Профсоюзная,13.0,3.0,106.4,9.0,22,Designer
24230000.0,Солнцево,10.0,3.0,75.2,9.0,19,European-style renovation
32000000.0,Проспект Вернадского,9.0,3.0,82.0,18.0,23,European-style renovation
17000000.0,Фонвизинская,7.0,3.0,63.0,12.0,12,Without renovation
45800000.0,Раменки,11.0,3.0,107.0,4.0,15,Without renovation
29000000.0,Дубровка,11.0,3.0,83.2,5.0,7,Designer
11500000.0,Шипиловская,10.0,3.0,49.1,3.0,9,Cosmetic
20500000.0,Саларьево,10.0,3.0,85.4,9.0,25,European-style renovation
40000000.0,Киевская,9.0,3.0,80.0,2.0,8,Designer
18500000.0,Улица Горчакова,7.0,3.0,78.6,3.0,16,Cosmetic
15500000.0,Первомайская,14.0,3.0,66.0,1.0,5,Without renovation
19500000.0,Волоколамская,8.0,3.0,74.3,6.0,17,Cosmetic
31000000.0,Водный стадион,11.0,3.0,82.0,18.0,29,Without renovation
17000000.0,Народное Ополчение,11.0,3.0,56.2,5.0,9,Cosmetic
18900000.0,Печатники,4.0,3.0,58.2,3.0,9,European-style renovation
14700000.0,Прокшино,10.0,3.0,65.0,5.0,18,Without renovation
46000000.0,Университет,9.0,3.0,78.0,3.0,7,Designer
31500000.0,Савеловская,12.0,3.0,80.0,2.0,9,Cosmetic
16900000.0,Профсоюзная,18.0,3.0,56.0,1.0,10,Cosmetic
14000000.0,Рязанский проспект,14.0,3.0,58.8,1.0,9,Cosmetic
27990000.0,Аминьевская,5.0,3.0,71.0,2.0,42,Without renovation
19300000.0,Автозаводская,4.0,3.0,73.0,1.0,5,Cosmetic
32000000.0,Ленинский проспект,15.0,3.0,83.0,9.0,9,European-style renovation
115000000.0,Новокузнецкая,4.0,3.0,137.0,4.0,12,Designer
13999000.0,Некрасовка,12.0,3.0,76.8,16.0,22,Designer
14400000.0,Новогиреево,24.0,3.0,59.1,5.0,9,Cosmetic
44590000.0,Парк Победы,8.0,3.0,77.2,7.0,11,Designer
14500000.0,Рабочий Посёлок,8.0,3.0,55.0,4.0,9,Cosmetic
18000000.0,Покровское,35.0,3.0,92.7,8.0,17,Without renovation
45500000.0,Шелепиха,13.0,3.0,115.0,2.0,37,Without renovation
14490000.0,Новогиреево,22.0,3.0,59.0,3.0,9,Cosmetic
20500000.0,Трикотажная,21.0,3.0,65.1,17.0,25,Without renovation
19800000.0,Аннино,11.0,3.0,57.6,6.0,26,European-style renovation
17000000.0,Бульвар Рокоссовского,19.0,3.0,78.4,1.0,14,Without renovation
18999999.0,Кленовый бульвар,5.0,3.0,65.7,7.0,12,Cosmetic
16500000.0,Университет,22.0,3.0,53.0,5.0,9,Cosmetic
18300000.0,Новокосино,11.0,3.0,71.4,16.0,17,Without renovation
29500000.0,Водный стадион,11.0,3.0,81.4,23.0,29,Without renovation
27999999.0,Трикотажная,32.0,3.0,98.1,5.0,22,European-style renovation
20000000.0,Ольховая,17.0,3.0,93.0,2.0,17,European-style renovation
20900000.0,Текстильщики,18.0,3.0,81.0,24.0,25,Without renovation
25000000.0,Крылатское,9.0,3.0,74.3,3.0,17,Cosmetic
23550000.0,Измайловская,17.0,3.0,94.7,5.0,5,European-style renovation
18200000.0,Отрадное,16.0,3.0,62.0,7.0,9,European-style renovation
16500000.0,Лермонтовский проспект,8.0,3.0,75.0,1.0,14,Cosmetic
23000000.0,Свиблово,24.0,3.0,75.0,11.0,16,European-style renovation
13099000.0,Новогиреево,18.0,3.0,58.0,1.0,9,Cosmetic
17600000.0,Курьяново,18.0,3.0,72.0,14.0,22,Cosmetic
19149999.0,Выхино,6.0,3.0,72.3,14.0,17,European-style renovation
10890000.0,Улица Дмитриевского,20.0,3.0,52.7,5.0,9,Cosmetic
25500000.0,Юго-Западная,14.0,3.0,74.9,6.0,17,Cosmetic
14200000.0,Новогиреево,24.0,3.0,59.5,2.0,9,Cosmetic
28350000.0,Комсомольская,10.0,3.0,71.1,5.0,14,Cosmetic
15882000.0,Медведково,16.0,3.0,69.9,6.0,18,Cosmetic
20500000.0,Молодежная,14.0,3.0,73.8,11.0,17,European-style renovation
28000000.0,Народное Ополчение,7.0,3.0,81.4,2.0,19,European-style renovation
14500000.0,Люблино,6.0,3.0,58.7,1.0,9,Cosmetic
20500000.0,Петровско-Разумовская,11.0,3.0,81.3,5.0,8,Cosmetic
43000000.0,Юго-Западная,7.0,3.0,85.7,26.0,33,Designer
16000000.0,Речной вокзал,24.0,3.0,58.9,4.0,9,European-style renovation
13990000.0,Ростокино,29.0,3.0,62.3,1.0,12,European-style renovation
163000000.0,Парк культуры,4.0,3.0,113.0,2.0,6,Designer
13600000.0,Южная,16.0,3.0,63.0,1.0,9,Cosmetic
21000000.0,Раменки,12.0,3.0,64.8,3.0,16,Cosmetic
27000000.0,Курская,2.0,3.0,80.8,2.0,9,European-style renovation
115000000.0,Новокузнецкая,4.0,3.0,146.0,4.0,12,European-style renovation
39000000.0,Селигерская,16.0,3.0,114.7,25.0,44,Designer
23000000.0,Новогиреево,18.0,3.0,82.6,3.0,14,Cosmetic
12500000.0,Щелковская,18.0,3.0,58.1,2.0,9,European-style renovation
25000000.0,Раменки,7.0,3.0,75.0,16.0,17,Cosmetic
29000000.0,Павелецкая,19.0,3.0,65.0,6.0,47,Without renovation
21500000.0,Нагорная,14.0,3.0,71.7,4.0,5,European-style renovation
34000000.0,Белорусская,12.0,3.0,70.0,3.0,8,European-style renovation
19600000.0,Марьино,11.0,3.0,75.1,6.0,17,European-style renovation
24560000.0,Аминьевская,28.0,3.0,81.0,16.0,22,European-style renovation
39500000.0,Юго-Западная,14.0,3.0,105.4,3.0,21,European-style renovation
15800000.0,Некрасовка,25.0,3.0,77.9,8.0,16,Cosmetic
17200000.0,Некрасовка,6.0,3.0,74.4,15.0,17,Cosmetic
16900000.0,Тушинская,22.0,3.0,65.4,6.0,25,Without renovation
72000000.0,Тверская,10.0,3.0,90.0,4.0,6,Designer
135000000.0,Киевская,13.0,3.0,122.0,2.0,9,Without renovation
24900000.0,Покровское,27.0,3.0,86.0,8.0,15,European-style renovation
65000000.0,Савеловская,11.0,3.0,104.0,7.0,20,Designer
21599999.0,Алексеевская,11.0,3.0,63.0,12.0,27,Without renovation
16477000.0,Саларьево,26.0,3.0,76.0,18.0,22,Without renovation
38700000.0,Фили,6.0,3.0,96.0,4.0,42,Without renovation
15200000.0,Планерная,3.0,3.0,56.8,8.0,9,Cosmetic
22350000.0,Коньково,7.0,3.0,74.8,4.0,17,Cosmetic
20500000.0,Митино,8.0,3.0,77.3,21.0,22,Cosmetic
15950000.0,Отрадное,10.0,3.0,60.0,2.0,9,European-style renovation
35000000.0,Шелепиха,13.0,3.0,81.0,28.0,53,Without renovation
32600000.0,Фили,18.0,3.0,130.1,12.0,28,Without renovation
64000000.0,Арбатская,7.0,3.0,102.0,2.0,9,Without renovation
87000000.0,Славянский бульвар,23.0,3.0,101.3,4.0,22,Designer
16900000.0,Лермонтовский проспект,15.0,3.0,75.0,5.0,17,Cosmetic
17990000.0,Бабушкинская,28.0,3.0,60.3,2.0,15,European-style renovation
23200000.0,Бабушкинская,23.0,3.0,89.0,12.0,19,Cosmetic
25500000.0,Рязанский проспект,10.0,3.0,64.0,7.0,9,Designer
23800000.0,Октябрьское поле,16.0,3.0,65.0,16.0,16,Without renovation
20500000.0,Битцевский Парк,15.0,3.0,78.0,10.0,16,European-style renovation
18390000.0,Профсоюзная,4.0,3.0,54.4,4.0,5,European-style renovation
34000000.0,Коломенская,12.0,3.0,81.5,4.0,21,European-style renovation
18500000.0,Новокосино,13.0,3.0,73.3,14.0,17,European-style renovation
18989000.0,Медведково,9.0,3.0,72.1,1.0,14,Cosmetic
23000000.0,Верхние Лихоборы,7.0,3.0,72.4,2.0,17,Cosmetic
28500000.0,Мичуринский проспект,18.0,3.0,82.0,8.0,25,European-style renovation
15000000.0,Юго-Восточная,13.0,3.0,73.6,13.0,14,Cosmetic
20599999.0,Шаболовская,6.0,3.0,55.0,5.0,5,Cosmetic
17600000.0,Беляево,22.0,3.0,65.1,14.0,16,Without renovation
68990000.0,Молодежная,7.0,3.0,92.0,19.0,28,European-style renovation
35400000.0,Зюзино,8.0,3.0,118.4,5.0,24,European-style renovation
22000000.0,Сетунь,27.0,3.0,81.1,5.0,14,Cosmetic
39000000.0,Чертановская,13.0,3.0,120.0,24.0,26,Without renovation
14700000.0,Коломенская,9.0,3.0,50.0,1.0,9,Designer
22990000.0,Профсоюзная,4.0,3.0,74.1,6.0,17,Cosmetic
30500000.0,Шелепиха,19.0,3.0,67.1,11.0,41,Without renovation
42970000.0,Ботанический сад,7.0,3.0,85.1,5.0,24,European-style renovation
15600000.0,Трикотажная,21.0,3.0,63.0,4.0,9,Cosmetic
18500000.0,Кузьминки,12.0,3.0,74.6,13.0,17,European-style renovation
17000000.0,Коптево,18.0,3.0,61.9,6.0,12,Cosmetic
23000000.0,Щелковская,15.0,3.0,72.2,5.0,14,European-style renovation
106000000.0,Маяковская,3.0,3.0,150.0,5.0,7,Designer
57000000.0,Динамо,8.0,3.0,95.0,8.0,12,European-style renovation
21000000.0,Шипиловская,5.0,3.0,73.8,13.0,17,Cosmetic
13950000.0,Депо,15.0,3.0,59.0,4.0,9,Cosmetic
36700000.0,Тверская,5.0,3.0,57.0,1.0,6,Designer
71000000.0,Белорусская,10.0,3.0,100.0,2.0,7,Without renovation
17500000.0,Шоссе Энтузиастов,18.0,3.0,64.8,8.0,12,Cosmetic
59000000.0,Автозаводская,20.0,3.0,200.0,15.0,29,Without renovation
65000000.0,Краснопресненская,12.0,3.0,96.3,9.0,11,European-style renovation
34990000.0,Комсомольская,7.0,3.0,92.0,4.0,6,Without renovation
77900000.0,Выставочная,10.0,3.0,86.0,4.0,20,Designer
13500000.0,Сетунь,15.0,3.0,63.3,7.0,12,Cosmetic
14000000.0,Некрасовка,13.0,3.0,71.0,7.0,17,Cosmetic
35000000.0,Терехово,13.0,3.0,63.0,4.0,21,Cosmetic
16500000.0,Юго-Западная,16.0,3.0,64.0,11.0,12,Cosmetic
12999000.0,Медведково,33.0,3.0,57.9,4.0,9,Cosmetic
19999000.0,Тропарево,9.0,3.0,73.2,13.0,16,Cosmetic
24500000.0,Нагорная,2.0,3.0,67.6,18.0,27,Without renovation
59000000.0,Мичуринский проспект,12.0,3.0,76.0,15.0,50,Designer
17900000.0,Беговая,7.0,3.0,69.2,2.0,5,Without renovation
39000000.0,Таганская,6.0,3.0,78.7,7.0,13,Cosmetic
24000000.0,Прокшино,22.0,3.0,102.9,8.0,15,Without renovation
23000000.0,Сокол,13.0,3.0,69.9,1.0,10,Cosmetic
28500000.0,Коломенская,17.0,3.0,84.9,6.0,33,Cosmetic
19500000.0,Петровский парк,13.0,3.0,60.0,3.0,9,Cosmetic
21000000.0,Рассказовка,24.0,3.0,83.6,15.0,17,Cosmetic
21000000.0,Бабушкинская,23.0,3.0,78.6,10.0,17,Cosmetic
180000000.0,Арбатская,6.0,3.0,129.4,4.0,4,Designer
24800000.0,Марьино,3.0,3.0,65.7,18.0,24,European-style renovation
13500000.0,Новогиреево,18.0,3.0,59.1,4.0,5,Without renovation
30000000.0,Зорге,15.0,3.0,92.0,16.0,21,Without renovation
22500000.0,Славянский бульвар,7.0,3.0,61.4,6.0,12,European-style renovation
30000000.0,Аннино,11.0,3.0,86.6,11.0,12,European-style renovation
20800000.0,Щукинская,8.0,3.0,67.5,2.0,12,European-style renovation
29100000.0,Калужская,17.0,3.0,75.1,3.0,47,Without renovation
38000000.0,ЗИЛ,13.0,3.0,77.0,12.0,20,European-style renovation
105000000.0,Парк Победы,10.0,3.0,84.5,15.0,32,European-style renovation
13650000.0,Выхино,11.0,3.0,60.0,10.0,12,Cosmetic
31999999.0,Новаторская,7.0,3.0,75.7,5.0,22,European-style renovation
42500000.0,Минская,58.0,3.0,70.0,5.0,14,Without renovation
14590000.0,Калужская,18.0,3.0,63.0,7.0,12,Without renovation
19000000.0,Домодедовская,19.0,3.0,79.0,22.0,24,Designer
16550000.0,Отрадное,12.0,3.0,65.9,4.0,12,Cosmetic
23000000.0,Рижская,3.0,3.0,66.6,8.0,9,Cosmetic
28000000.0,Шелепиха,13.0,3.0,79.1,10.0,53,European-style renovation
31000000.0,Мнёвники,12.0,3.0,63.0,18.0,25,Designer
31000000.0,Мнёвники,12.0,3.0,68.0,20.0,25,European-style renovation
29700000.0,Перово,21.0,3.0,91.8,3.0,12,Designer
21500000.0,Стрешнево,8.0,3.0,90.9,6.0,28,Cosmetic
15000000.0,Рязанский проспект,9.0,3.0,60.8,4.0,9,Cosmetic
14500000.0,Беляево,18.0,3.0,59.7,5.0,9,Cosmetic
34900000.0,Улица 1905 года,7.0,3.0,74.5,9.0,12,European-style renovation
11500000.0,Депо,9.0,3.0,49.0,3.0,9,Cosmetic
18700000.0,Бунинская Аллея,12.0,3.0,87.2,2.0,22,European-style renovation
22000000.0,Речной вокзал,10.0,3.0,64.2,10.0,14,European-style renovation
16600000.0,Свиблово,11.0,3.0,63.9,13.0,16,Cosmetic
13900000.0,Коммунарка,33.0,3.0,67.0,4.0,12,Without renovation
85000000.0,Новослободская,4.0,3.0,122.1,4.0,17,Designer
26500000.0,Свиблово,6.0,3.0,73.8,8.0,17,European-style renovation
11000000.0,Щербинка,5.0,3.0,66.8,4.0,12,Cosmetic
22500000.0,Прокшино,23.0,3.0,91.2,2.0,17,European-style renovation
41000000.0,Зорге,14.0,3.0,103.7,4.0,7,Designer
18990000.0,Преображенская площадь,23.0,3.0,77.0,3.0,5,Cosmetic
17300000.0,Ростокино,9.0,3.0,64.9,8.0,14,Without renovation
11200000.0,Щелковская,13.0,3.0,53.8,4.0,9,Cosmetic
72000000.0,Университет,5.0,3.0,95.3,8.0,19,Designer
18000000.0,Борисово,11.0,3.0,84.0,17.0,22,Without renovation
85000000.0,Минская,34.0,3.0,117.4,11.0,17,Designer
125000000.0,Красные ворота,10.0,3.0,150.0,7.0,9,European-style renovation
41000000.0,Славянский бульвар,24.0,3.0,71.0,11.0,26,Without renovation
21000000.0,Трикотажная,21.0,3.0,96.6,11.0,16,Without renovation
18500000.0,Алексеевская,14.0,3.0,72.7,4.0,5,Cosmetic
24990000.0,Локомотив,15.0,3.0,81.0,16.0,37,Without renovation
72200000.0,Краснопресненская,6.0,3.0,121.7,7.0,12,European-style renovation
24000000.0,Давыдково,13.0,3.0,70.0,4.0,5,Designer
20500000.0,Бабушкинская,23.0,3.0,75.0,2.0,19,European-style renovation
18200000.0,Бунинская Аллея,22.0,3.0,89.0,17.0,17,Cosmetic
22800000.0,Ростокино,28.0,3.0,76.0,13.0,22,Designer
35000000.0,Лианозово,13.0,3.0,99.0,10.0,32,European-style renovation
19000000.0,Волжская,11.0,3.0,76.8,2.0,22,European-style renovation
12000000.0,Кантемировская,20.0,3.0,55.4,1.0,5,Cosmetic
120000000.0,Смоленская,6.0,3.0,100.0,6.0,7,Designer
42000000.0,Багратионовская,12.0,3.0,72.0,20.0,28,Without renovation
68000000.0,Сухаревская,4.0,3.0,116.8,4.0,8,Without renovation
31500000.0,Тропарево,23.0,3.0,96.0,16.0,16,Designer
35000000.0,Киевская,9.0,3.0,64.2,3.0,12,Cosmetic
21800000.0,Улица Академика Янгеля,9.0,3.0,74.5,14.0,17,European-style renovation
24000000.0,Покровское,25.0,3.0,85.0,15.0,17,Cosmetic
82000000.0,Серпуховская,10.0,3.0,101.2,10.0,14,Designer
14000000.0,Медведково,3.0,3.0,49.0,6.0,9,European-style renovation
18990000.0,Тульская,25.0,3.0,82.0,1.0,5,European-style renovation
23500000.0,Речной вокзал,10.0,3.0,63.0,8.0,18,Without renovation
215000000.0,Фрунзенская,15.0,3.0,154.1,7.0,11,Designer
32200000.0,Сходненская,19.0,3.0,130.0,3.0,22,Cosmetic
100000000.0,Минская,12.0,3.0,120.0,2.0,39,Designer
35500000.0,Аминьевская,10.0,3.0,95.8,3.0,25,Without renovation
65000000.0,Панфиловская,15.0,3.0,130.0,16.0,30,Designer
25000000.0,Тропарево,15.0,3.0,79.4,7.0,25,Cosmetic
15000000.0,Алтуфьево,27.0,3.0,58.7,5.0,9,Cosmetic
13100000.0,Выхино,16.0,3.0,58.8,8.0,9,Cosmetic
25000000.0,Медведково,3.0,3.0,58.4,6.0,9,Cosmetic
16000000.0,Молодежная,15.0,3.0,58.0,4.0,5,Without renovation
39500000.0,Фили,26.0,3.0,91.7,23.0,28,Without renovation
188000000.0,Минская,29.0,3.0,160.0,47.0,53,European-style renovation
21000000.0,Водный стадион,20.0,3.0,80.8,3.0,17,Cosmetic
29500000.0,Крылатское,9.0,3.0,83.0,3.0,15,European-style renovation
11850000.0,Выхино,12.0,3.0,52.0,7.0,9,Cosmetic
20500000.0,Рассказовка,27.0,3.0,81.6,19.0,24,Without renovation
16000000.0,Преображенская площадь,12.0,3.0,57.9,8.0,9,Without renovation
33500000.0,Выставочная,14.0,3.0,77.2,11.0,22,Designer
34900000.0,Фили,17.0,3.0,72.0,17.0,21,Designer
77000000.0,Охотный ряд,2.0,3.0,88.0,7.0,8,European-style renovation
22990000.0,Царицыно,30.0,3.0,98.2,8.0,11,Without renovation
147000000.0,Улица 1905 года,15.0,3.0,149.0,4.0,15,Designer
15399000.0,Некрасовка,25.0,3.0,75.0,9.0,16,Cosmetic
115000000.0,Новокузнецкая,4.0,3.0,143.0,4.0,12,European-style renovation
16990000.0,Рабочий Посёлок,7.0,3.0,71.0,5.0,5,Without renovation
22500000.0,Щелковская,14.0,3.0,80.0,4.0,17,European-style renovation
15200000.0,Бибирево,9.0,3.0,63.4,6.0,12,European-style renovation
116000000.0,Маяковская,3.0,3.0,148.0,5.0,7,European-style renovation
100000000.0,Щукинская,13.0,3.0,170.0,16.0,49,Designer
50000000.0,Профсоюзная,13.0,3.0,153.0,4.0,20,Without renovation
12500000.0,Люблино,10.0,3.0,57.0,1.0,9,Cosmetic
35000000.0,Фили,18.0,3.0,135.4,19.0,28,Cosmetic
19500000.0,Прокшино,20.0,3.0,75.6,9.0,15,European-style renovation
234660000.0,Тверская,10.0,3.0,150.8,4.0,5,Designer
29000000.0,Серпуховская,19.0,3.0,58.5,25.0,42,Without renovation
20800000.0,Академическая,18.0,3.0,45.0,4.0,5,Cosmetic
13500000.0,Отрадное,16.0,3.0,51.5,7.0,9,Cosmetic
39500000.0,Аминьевская,5.0,3.0,70.0,14.0,42,European-style renovation
22700000.0,Беговая,6.0,3.0,74.6,7.0,17,European-style renovation
23000000.0,Сокол,12.0,3.0,70.0,7.0,8,European-style renovation
41700000.0,Марьина Роща,5.0,3.0,85.6,12.0,26,Without renovation
31700000.0,Аминьевская,13.0,3.0,73.0,8.0,26,Without renovation
27999000.0,Технопарк,10.0,3.0,70.0,13.0,20,Without renovation
35000000.0,Аминьевская,5.0,3.0,71.4,29.0,42,Without renovation
38000000.0,Киевская,11.0,3.0,78.2,2.0,10,European-style renovation
17990000.0,Лефортово,13.0,3.0,65.0,14.0,14,Cosmetic
38999999.0,Автозаводская,20.0,3.0,102.8,2.0,29,Without renovation
40490000.0,Тушинская,18.0,3.0,108.0,13.0,22,European-style renovation
23127000.0,Профсоюзная,2.0,3.0,69.7,13.0,23,Cosmetic
19825000.0,Щукинская,9.0,3.0,70.7,18.0,19,Cosmetic
21500000.0,Кантемировская,8.0,3.0,74.0,12.0,15,Designer
52000000.0,Мичуринский проспект,12.0,3.0,82.0,19.0,50,Designer
26500000.0,Селигерская,13.0,3.0,70.5,10.0,45,European-style renovation
12950000.0,Кантемировская,6.0,3.0,55.3,6.0,9,Cosmetic
14990000.0,Улица Горчакова,5.0,3.0,71.3,5.0,9,European-style renovation
49000000.0,Измайловская,11.0,3.0,98.2,17.0,35,Designer
50000000.0,Динамо,10.0,3.0,86.0,8.0,12,European-style renovation
47000000.0,Щукинская,12.0,3.0,122.0,26.0,30,European-style renovation
16500000.0,Савеловская,13.0,3.0,55.2,2.0,5,Cosmetic
45000000.0,Народное Ополчение,24.0,3.0,111.4,41.0,47,Without renovation
22000000.0,Бунинская Аллея,14.0,3.0,78.5,7.0,13,Cosmetic
48000000.0,Молодежная,7.0,3.0,96.0,2.0,28,Without renovation
35500000.0,Сокол,6.0,3.0,80.4,4.0,9,European-style renovation
40000000.0,Фили,26.0,3.0,91.7,23.0,28,Without renovation
20900000.0,Новоясеневская,13.0,3.0,75.0,8.0,16,European-style renovation
19950000.0,Марьина Роща,12.0,3.0,58.2,1.0,5,Cosmetic
13500000.0,Орехово,11.0,3.0,60.0,9.0,9,European-style renovation
74990000.0,Арбатская,9.0,3.0,92.4,5.0,5,Designer
18500000.0,Сходненская,25.0,3.0,64.5,12.0,12,European-style renovation
16400000.0,Депо,18.0,3.0,74.2,6.0,17,Cosmetic
73500000.0,Динамо,8.0,3.0,106.0,6.0,12,Designer
115000000.0,Павелецкая,15.0,3.0,95.7,3.0,7,Designer
16000000.0,Зюзино,7.0,3.0,55.2,3.0,5,Without renovation
17500000.0,Домодедовская,21.0,3.0,75.0,2.0,17,European-style renovation
29000000.0,Селигерская,16.0,3.0,81.0,8.0,44,Without renovation
42000000.0,Шелепиха,13.0,3.0,57.5,2.0,53,Without renovation
41980000.0,Хорошево,23.0,3.0,81.0,23.0,25,Without renovation
24990000.0,Преображенская площадь,8.0,3.0,77.6,8.0,10,Without renovation
78700000.0,Ломоносовский проспект,18.0,3.0,144.0,24.0,38,European-style renovation
18700000.0,Говорово,18.0,3.0,72.0,9.0,25,Cosmetic
27000000.0,Таганская,11.0,3.0,76.0,7.0,10,European-style renovation
53000000.0,Пушкинская,7.0,3.0,93.8,4.0,14,European-style renovation
18500000.0,Бульвар Рокоссовского,13.0,3.0,78.0,1.0,5,European-style renovation
17200000.0,Некрасовка,6.0,3.0,88.1,7.0,17,Designer
22300000.0,Хорошёвская,12.0,3.0,75.0,2.0,17,European-style renovation
49000000.0,Ростокино,12.0,3.0,98.0,5.0,38,Designer
25500000.0,Тропарево,23.0,3.0,94.0,1.0,14,Cosmetic
62500000.0,Ломоносовский проспект,18.0,3.0,143.6,6.0,38,Cosmetic
17500000.0,Строгино,14.0,3.0,58.4,7.0,9,Cosmetic
39000000.0,Технопарк,15.0,3.0,84.5,10.0,14,Without renovation
23000000.0,Свиблово,10.0,3.0,85.0,1.0,3,European-style renovation
190000000.0,Ломоносовский проспект,24.0,3.0,110.9,4.0,12,Designer
22800000.0,Крылатское,15.0,3.0,74.1,15.0,17,Cosmetic
13500000.0,Пражская,20.0,3.0,57.2,2.0,9,Cosmetic
23450000.0,Речной вокзал,19.0,3.0,75.6,17.0,28,Cosmetic
17950000.0,Трикотажная,16.0,3.0,76.1,4.0,22,Cosmetic
95900000.0,Минская,29.0,3.0,107.0,44.0,53,Designer
39600000.0,Фили,6.0,3.0,105.0,4.0,42,Without renovation
32000000.0,Хорошево,21.0,3.0,76.2,21.0,39,Without renovation
86000000.0,Фрунзенская,6.0,3.0,97.0,5.0,14,Designer
14350000.0,Бибирево,7.0,3.0,63.4,6.0,12,Cosmetic
13500000.0,Щелковская,27.0,3.0,60.1,8.0,9,Cosmetic
24499000.0,Технопарк,15.0,3.0,55.7,4.0,14,Without renovation
18700000.0,Бибирево,24.0,3.0,72.0,8.0,17,European-style renovation
60000000.0,Новаторская,18.0,3.0,161.0,38.0,48,European-style renovation
32000000.0,Курская,8.0,3.0,83.4,2.0,4,European-style renovation
13000000.0,Депо,8.0,3.0,58.0,1.0,9,Cosmetic
39000000.0,Академическая,14.0,3.0,123.7,14.0,39,Without renovation
24500000.0,Бауманская,6.0,3.0,68.5,4.0,6,Cosmetic
13200000.0,Щелковская,24.0,3.0,53.0,7.0,9,Without renovation
26500000.0,ЗИЛ,16.0,3.0,69.8,2.0,7,Without renovation
20000000.0,Перово,13.0,3.0,65.0,1.0,12,Cosmetic
16500000.0,Измайлово,12.0,3.0,64.3,3.0,12,Without renovation
22300000.0,Яхромская,12.0,3.0,71.3,13.0,22,Cosmetic
39500000.0,Хорошево,12.0,3.0,84.0,15.0,21,Designer
18500000.0,Народное Ополчение,25.0,3.0,69.5,3.0,12,Cosmetic
18000000.0,Новокосино,10.0,3.0,79.0,9.0,14,Without renovation
20500000.0,Варшавская,4.0,3.0,80.0,2.0,8,European-style renovation
53000000.0,Тверская,7.0,3.0,56.6,3.0,6,European-style renovation
17500000.0,Коломенская,9.0,3.0,60.1,7.0,9,Cosmetic
61000000.0,Беломорская,23.0,3.0,124.7,18.0,21,European-style renovation
89730000.0,Деловой центр,6.0,3.0,123.7,39.0,77,Without renovation
50900000.0,Юго-Западная,14.0,3.0,117.7,10.0,24,Designer
17000000.0,Первомайская,16.0,3.0,70.0,5.0,5,Cosmetic
21500000.0,Жулебино,5.0,3.0,73.5,14.0,14,European-style renovation
16000000.0,Беломорская,20.0,3.0,51.0,4.0,9,Cosmetic
23000000.0,Щукинская,4.0,3.0,61.1,5.0,12,Cosmetic
31000000.0,Аэропорт,6.0,3.0,100.4,4.0,6,Cosmetic
24000000.0,Юго-Западная,18.0,3.0,72.9,10.0,16,Cosmetic
14200000.0,Люблино,8.0,3.0,67.2,12.0,12,European-style renovation
110000000.0,Фрунзенская,9.0,3.0,156.8,4.0,9,European-style renovation
21000000.0,Бибирево,15.0,3.0,75.8,2.0,17,European-style renovation
74000000.0,Цветной бульвар,9.0,3.0,108.0,4.0,13,Designer
29664200.0,Сходненская,17.0,3.0,71.5,3.0,5,Without renovation
30464000.0,Сходненская,17.0,3.0,71.7,4.0,5,Without renovation
16500000.0,Печатники,4.0,3.0,58.2,3.0,9,European-style renovation
30139200.0,Сходненская,17.0,3.0,71.8,2.0,5,Without renovation
37958600.0,Сходненская,17.0,3.0,71.6,5.0,5,Without renovation
38700000.0,Профсоюзная,13.0,3.0,117.3,5.0,20,Without renovation
150000000.0,Аэропорт,9.0,4.0,180.6,33.0,57,Designer
127000000.0,Ростокино,12.0,6.0,260.0,25.0,38,Designer
44200000.0,Гражданская,15.0,4.0,140.0,16.0,30,Designer
52950000.0,Автозаводская,20.0,4.0,101.0,15.0,29,European-style renovation
45000000.0,Ботанический сад,21.0,5.0,150.0,1.0,19,European-style renovation
54990000.0,Крылатское,10.0,4.0,162.0,19.0,35,Cosmetic
22200000.0,Стрешнево,8.0,4.0,92.0,27.0,28,European-style renovation
150000000.0,Полянка,10.0,5.0,179.2,4.0,7,European-style renovation
19950000.0,Преображенская площадь,15.0,4.0,77.7,3.0,6,Without renovation
200000000.0,Университет,5.0,4.0,183.0,2.0,19,Designer
18800000.0,Кантемировская,13.0,4.0,89.8,3.0,14,European-style renovation
89990000.0,Минская,19.0,4.0,205.0,14.0,21,Designer
26990000.0,Филёвский парк,11.0,4.0,97.3,1.0,4,Cosmetic
43000000.0,Шелепиха,7.0,4.0,117.0,10.0,11,Without renovation
262000000.0,Третьяковская,5.0,4.0,181.4,3.0,3,Designer
83500000.0,Новокузнецкая,11.0,4.0,136.9,2.0,7,Designer
295544000.0,Ломоносовский проспект,22.0,5.0,191.0,8.0,12,Without renovation
179980000.0,Новослободская,8.0,6.0,199.0,4.0,13,Without renovation
155000000.0,Курская,9.0,4.0,185.0,2.0,10,Designer
154990000.0,Чистые пруды,6.0,5.0,200.0,3.0,6,Designer
154000000.0,Полянка,7.0,5.0,229.0,8.0,9,European-style renovation
129990000.0,Китай-город,5.0,6.0,240.0,4.0,6,Designer
85000000.0,Раменки,15.0,4.0,130.0,13.0,21,Designer
52000000.0,Шелепиха,17.0,4.0,100.0,18.0,24,Without renovation
440000000.0,Аэропорт,9.0,6.0,233.0,15.0,57,Designer
34500000.0,Домодедовская,26.0,6.0,145.0,10.0,22,European-style renovation
75000000.0,Шелепиха,17.0,4.0,140.4,17.0,24,Without renovation
158000000.0,Белорусская,12.0,5.0,180.0,16.0,24,Without renovation
129000000.0,Смоленская,9.0,6.0,336.4,4.0,4,Designer
169400000.0,Улица 1905 года,7.0,4.0,154.0,16.0,18,European-style renovation
75000000.0,Сухаревская,6.0,4.0,114.0,2.0,8,European-style renovation
95000000.0,Студенческая,4.0,4.0,192.2,9.0,18,European-style renovation
26000000.0,Беляево,15.0,4.0,96.0,18.0,19,Cosmetic
17600000.0,Преображенская площадь,11.0,4.0,75.6,3.0,6,Cosmetic
75000000.0,Проспект Мира,12.0,4.0,154.4,9.0,10,Cosmetic
210000000.0,Улица 1905 года,12.0,8.0,185.0,34.0,44,Designer
88600000.0,Белорусская,9.0,4.0,224.4,6.0,6,Without renovation
94500000.0,Улица 1905 года,12.0,4.0,116.0,40.0,44,Designer
56000000.0,Новаторская,14.0,4.0,126.0,19.0,25,Designer
65000000.0,Проспект Вернадского,9.0,4.0,110.0,6.0,22,Designer
50000000.0,Алексеевская,11.0,4.0,109.0,9.0,19,Without renovation
23500000.0,Фонвизинская,11.0,4.0,99.0,11.0,12,Without renovation
14500000.0,Теплый Стан,12.0,4.0,63.2,9.0,9,Cosmetic
165000000.0,Трубная,6.0,4.0,157.0,4.0,6,Designer
36000000.0,Ховрино,5.0,4.0,131.2,32.0,40,Without renovation
180000000.0,Новокузнецкая,4.0,5.0,200.0,7.0,12,Designer
99000000.0,Достоевская,7.0,5.0,205.0,13.0,24,Without renovation
105000000.0,Шаболовская,14.0,5.0,228.0,5.0,22,Without renovation
62000000.0,Смоленская,7.0,5.0,121.0,4.0,4,European-style renovation
50000000.0,Октябрьское поле,10.0,4.0,145.0,24.0,28,Cosmetic
86000000.0,Шелепиха,14.0,4.0,122.0,11.0,41,European-style renovation
100000000.0,Ленинский проспект,13.0,4.0,141.2,14.0,22,Without renovation
84999000.0,Аэропорт,9.0,4.0,167.0,12.0,57,European-style renovation
190000000.0,Кропоткинская,7.0,5.0,272.0,5.0,6,European-style renovation
52000000.0,Мичуринский проспект,12.0,4.0,107.7,15.0,50,Without renovation
110000000.0,Академическая,17.0,5.0,356.9,23.0,26,Without renovation
25000000.0,Окружная,2.0,4.0,95.7,2.0,5,European-style renovation
55000000.0,Павелецкая,19.0,4.0,109.6,35.0,47,Without renovation
164995000.0,Китай-город,7.0,5.0,304.0,3.0,6,Designer
14250000.0,Пыхтино,37.0,4.0,107.0,1.0,4,Without renovation
34999999.0,Москва-Товарная,14.0,4.0,75.0,9.0,21,Designer
20300000.0,Покровское,32.0,4.0,97.7,17.0,18,Without renovation
75000000.0,Чеховская,7.0,5.0,170.0,3.0,5,European-style renovation
64999000.0,Новослободская,10.0,5.0,150.0,2.0,6,European-style renovation
49900000.0,Добрынинская,9.0,4.0,101.0,3.0,9,European-style renovation
80000000.0,Тверская,10.0,4.0,116.0,5.0,5,European-style renovation
48000000.0,Третьяковская,5.0,5.0,120.0,2.0,4,European-style renovation
125000000.0,Арбатская,8.0,5.0,175.0,4.0,5,Designer
75000000.0,Маяковская,3.0,4.0,145.5,2.0,8,European-style renovation
85000000.0,Сретенский бульвар,7.0,4.0,161.0,2.0,6,Designer
87000000.0,Фрунзенская,6.0,4.0,145.2,7.0,14,Designer
37990000.0,Киевская,10.0,4.0,100.0,3.0,15,European-style renovation
68000000.0,Чистые пруды,8.0,5.0,136.0,2.0,6,European-style renovation
59999000.0,Красные ворота,9.0,4.0,111.5,5.0,5,European-style renovation
146000000.0,Кропоткинская,4.0,4.0,155.0,6.0,7,Designer
287057125.0,Арбатская,9.0,4.0,161.6,2.0,8,Designer
256380750.0,Тверская,12.0,4.0,170.8,5.0,12,Designer
54500000.0,Новокузнецкая,11.0,4.0,120.0,4.0,6,Cosmetic
31900000.0,Отрадное,23.0,4.0,94.0,2.0,14,Without renovation
37000000.0,Водный стадион,12.0,4.0,84.5,24.0,36,Designer
350000000.0,Кропоткинская,7.0,6.0,315.0,5.0,5,European-style renovation
125000000.0,Ломоносовский проспект,18.0,5.0,282.0,1.0,3,Designer
60000000.0,Киевская,12.0,4.0,105.0,9.0,11,Without renovation
32700000.0,Автозаводская,4.0,4.0,97.0,7.0,7,European-style renovation
108000000.0,Тушинская,43.0,5.0,203.0,2.0,5,Designer
58000000.0,ЦСКА,5.0,5.0,149.0,32.0,32,European-style renovation
34990000.0,Стахановская,4.0,4.0,90.0,5.0,23,Designer
22200000.0,Прокшино,13.0,4.0,87.3,3.0,18,Without renovation
129000000.0,Смоленская,9.0,7.0,336.4,4.0,4,Designer
57500000.0,Аминьевская,14.0,4.0,137.0,8.0,42,Without renovation
25500000.0,Озёрная,15.0,4.0,100.4,11.0,22,Cosmetic
154500000.0,Арбатская,5.0,4.0,131.0,6.0,7,European-style renovation
35500000.0,Нагатинская,19.0,5.0,134.0,6.0,8,European-style renovation
29500000.0,Боровское шоссе,5.0,5.0,126.0,12.0,17,European-style renovation
69000000.0,Фили,26.0,4.0,140.0,5.0,28,Designer
105000000.0,Маяковская,5.0,4.0,126.0,12.0,13,European-style renovation
42000000.0,Раменки,15.0,4.0,135.6,2.0,12,Without renovation
320000000.0,Новослободская,8.0,8.0,300.0,6.0,13,European-style renovation
180000000.0,Кропоткинская,4.0,6.0,330.0,7.0,7,European-style renovation
311384000.0,Фрунзенская,7.0,4.0,251.0,3.0,14,European-style renovation
49900000.0,Шелепиха,13.0,4.0,96.4,5.0,37,Designer
89900000.0,Крестьянская застава,10.0,5.0,156.5,3.0,9,European-style renovation
59999000.0,Красные ворота,9.0,4.0,111.5,5.0,5,Without renovation
43400000.0,Кунцевская,6.0,4.0,128.0,9.0,22,Without renovation
58995152.0,Панфиловская,5.0,4.0,165.4,6.0,11,Without renovation
60109153.0,Панфиловская,5.0,4.0,167.1,7.0,11,Without renovation
35150000.0,Багратионовская,7.0,4.0,99.6,14.0,22,European-style renovation
99500000.0,Третьяковская,3.0,4.0,147.7,5.0,5,European-style renovation
60945549.0,Панфиловская,5.0,4.0,167.0,8.0,11,Without renovation
75000000.0,Шелепиха,15.0,4.0,152.0,33.0,36,Without renovation
48000000.0,Новые Черемушки,12.0,5.0,111.8,5.0,17,European-style renovation
110850570.0,Панфиловская,6.0,5.0,291.5,17.0,18,Designer
128586988.0,Панфиловская,6.0,4.0,338.0,17.0,18,Designer
111132502.0,Панфиловская,6.0,6.0,279.0,17.0,18,Designer
68968133.0,Панфиловская,6.0,4.0,97.6,17.0,18,Without renovation
13900000.0,Депо,9.0,4.0,64.0,8.0,9,European-style renovation
74000000.0,Мичуринский проспект,12.0,4.0,134.0,45.0,50,European-style renovation
28000000.0,Спортивная,28.0,4.0,80.0,1.0,9,European-style renovation
22990000.0,Коммунарка,21.0,4.0,105.8,5.0,15,Without renovation
85000000.0,Серпуховская,10.0,4.0,112.0,8.0,14,Designer
89500000.0,Сокол,2.0,5.0,189.9,17.0,18,Designer
135000000.0,Динамо,11.0,5.0,170.9,6.0,25,European-style renovation
129000000.0,Новаторская,18.0,4.0,176.0,24.0,48,Designer
65500000.0,Цветной бульвар,5.0,4.0,117.0,5.0,9,Without renovation
23300000.0,Царицыно,10.0,4.0,73.7,1.0,12,European-style renovation
105792714.0,Минская,29.0,4.0,151.0,11.0,53,Without renovation
42000000.0,Чеховская,2.0,4.0,100.0,3.0,6,Without renovation
95197107.0,Панфиловская,6.0,4.0,270.0,15.0,18,Designer
48990000.0,Давыдково,21.0,4.0,219.0,25.0,25,Without renovation
44300000.0,Дмитровская,14.0,4.0,87.0,34.0,49,European-style renovation
21500000.0,Прокшино,23.0,4.0,108.0,5.0,17,Without renovation
17000000.0,Народное Ополчение,6.0,4.0,63.0,3.0,9,Cosmetic
28999000.0,Говорово,15.0,5.0,113.0,3.0,17,European-style renovation
280500000.0,Полянка,6.0,4.0,165.0,2.0,6,Designer
321114750.0,Кропоткинская,10.0,5.0,301.0,2.0,5,Designer
48000000.0,Гражданская,11.0,4.0,126.6,16.0,34,Designer
36300000.0,Крылатское,2.0,4.0,120.0,14.0,17,European-style renovation
48000000.0,Автозаводская,5.0,5.0,162.0,6.0,17,Designer
39000000.0,Рабочий Посёлок,20.0,4.0,130.0,23.0,28,Without renovation
36000000.0,Рабочий Посёлок,15.0,4.0,124.0,17.0,25,European-style renovation
31200000.0,Парк Победы,6.0,4.0,93.2,1.0,8,European-style renovation
38900000.0,Новослободская,5.0,4.0,101.0,4.0,6,Cosmetic
185000000.0,Тверская,12.0,4.0,141.1,2.0,7,Without renovation
55000000.0,Нагатинская,15.0,5.0,174.2,17.0,33,Without renovation
24500000.0,Бунинская Аллея,7.0,4.0,96.0,4.0,9,European-style renovation
44500000.0,Авиамоторная,4.0,4.0,124.0,7.0,17,Without renovation
24100000.0,Царицыно,25.0,4.0,113.7,4.0,11,Without renovation
43000000.0,Сходненская,19.0,4.0,116.0,14.0,22,Designer
180000000.0,Фрунзенская,9.0,4.0,187.0,7.0,14,Designer
25900000.0,Балтийская,6.0,4.0,89.8,2.0,8,Designer
16950000.0,Люблино,5.0,4.0,63.9,6.0,9,Cosmetic
74000000.0,Китай-город,2.0,4.0,127.3,6.0,8,Designer
61000000.0,Шаболовская,8.0,4.0,117.0,16.0,20,Designer
29990000.0,Медведково,16.0,4.0,121.0,7.0,18,Without renovation
27900000.0,Электрозаводская,5.0,4.0,91.0,5.0,11,European-style renovation
34500000.0,Хорошево,12.0,4.0,92.6,10.0,21,European-style renovation
26950000.0,Кузьминки,17.0,4.0,107.0,21.0,23,European-style renovation
99000000.0,Чкаловская,8.0,4.0,133.0,7.0,7,European-style renovation
41950000.0,Фили,5.0,4.0,102.4,18.0,31,Without renovation
27500000.0,Курская,4.0,4.0,81.0,8.0,9,Without renovation
29500000.0,Улица Старокачаловская,14.0,5.0,115.0,13.0,17,European-style renovation
125000000.0,Арбатская,8.0,5.0,170.0,4.0,5,Designer
183304400.0,Красные ворота,10.0,4.0,102.1,15.0,19,Designer
172900000.0,Лужники,14.0,4.0,172.9,11.0,16,Cosmetic
30500000.0,ЗИЛ,15.0,4.0,73.1,6.0,16,Without renovation
28000000.0,Улица Старокачаловская,11.0,5.0,111.2,13.0,16,Cosmetic
64500000.0,Электрозаводская,9.0,4.0,130.0,5.0,5,Designer
22000000.0,Прокшино,13.0,4.0,83.0,9.0,18,Without renovation
76000000.0,Таганская,5.0,5.0,158.9,4.0,12,Designer
50000000.0,Бауманская,1.0,4.0,132.0,4.0,6,Cosmetic
48500000.0,Динамо,8.0,4.0,104.4,17.0,21,Without renovation
211600000.0,Проспект Мира,7.0,8.0,282.5,12.0,14,Designer
24000000.0,Отрадное,23.0,4.0,102.0,20.0,22,European-style renovation
13100000.0,Алтуфьево,12.0,4.0,65.0,7.0,9,Without renovation
27000000.0,Окружная,10.0,4.0,109.5,6.0,8,European-style renovation
65000000.0,Новаторская,14.0,5.0,205.0,4.0,22,European-style renovation
18990000.0,Физтех,20.0,4.0,76.0,1.0,12,European-style renovation
24500000.0,Печатники,14.0,4.0,99.0,4.0,5,Designer
42000000.0,Гражданская,10.0,4.0,129.0,8.0,9,European-style renovation
41800000.0,Шелепиха,13.0,4.0,117.0,18.0,53,Without renovation
34000000.0,Академическая,12.0,4.0,102.0,8.0,12,Cosmetic
15800000.0,Косино,15.0,4.0,74.3,1.0,12,Cosmetic
50000000.0,Новослободская,8.0,4.0,297.0,1.0,3,Without renovation
17500000.0,Бибирево,16.0,4.0,65.0,7.0,9,European-style renovation
27000000.0,Отрадное,27.0,4.0,114.0,17.0,17,European-style renovation
60000000.0,Марьина Роща,9.0,4.0,125.5,3.0,10,Designer
70000000.0,Петровский парк,13.0,5.0,167.4,14.0,14,Designer
36000000.0,Новогиреево,6.0,4.0,120.9,13.0,16,European-style renovation
20000000.0,Строгино,19.0,4.0,81.1,12.0,12,European-style renovation
433018381.0,Смоленская,13.0,4.0,275.0,11.0,13,Designer
63000000.0,Аминьевская,11.0,4.0,143.0,16.0,25,Without renovation
55000000.0,Фили,9.0,4.0,123.0,4.0,20,Without renovation
37950000.0,Бескудниково,16.0,5.0,147.0,3.0,13,European-style renovation
169400000.0,Улица 1905 года,11.0,4.0,154.0,16.0,21,Designer
22000000.0,Улица 1905 года,14.0,4.0,89.0,1.0,5,Cosmetic
40500000.0,Спартак,13.0,4.0,120.0,14.0,24,Without renovation
55000000.0,Раменки,11.0,4.0,117.4,2.0,22,European-style renovation
59395000.0,ЗИЛ,12.0,4.0,113.9,38.0,40,Without renovation
49800000.0,Новаторская,14.0,4.0,106.0,5.0,20,Designer
59395000.0,ЗИЛ,12.0,4.0,114.6,33.0,40,Without renovation
59499000.0,ЗИЛ,12.0,4.0,114.6,35.0,40,Without renovation
59603000.0,ЗИЛ,12.0,4.0,114.6,36.0,40,Without renovation
68647000.0,ЗИЛ,12.0,4.0,129.3,27.0,40,Without renovation
69039000.0,ЗИЛ,12.0,4.0,129.3,30.0,40,Without renovation
69235000.0,ЗИЛ,12.0,4.0,129.3,32.0,40,Without renovation
69561000.0,ЗИЛ,12.0,4.0,129.3,35.0,40,Without renovation
69561000.0,ЗИЛ,12.0,4.0,129.3,36.0,40,Without renovation
58459000.0,ЗИЛ,12.0,4.0,114.5,25.0,40,Without renovation
58717000.0,ЗИЛ,12.0,4.0,114.7,27.0,40,Without renovation
58770000.0,ЗИЛ,12.0,4.0,114.6,28.0,40,Without renovation
58813000.0,ЗИЛ,12.0,4.0,115.4,24.0,40,Without renovation
58875000.0,ЗИЛ,12.0,4.0,114.5,30.0,40,Without renovation
58977000.0,ЗИЛ,12.0,4.0,114.8,29.0,40,Without renovation
59032000.0,ЗИЛ,12.0,4.0,114.4,32.0,40,Without renovation
59135000.0,ЗИЛ,12.0,4.0,114.5,31.0,40,Without renovation
59291000.0,ЗИЛ,12.0,4.0,114.6,34.0,40,Without renovation
56085000.0,ЗИЛ,21.0,4.0,115.0,3.0,15,Without renovation
53489000.0,ЗИЛ,18.0,4.0,121.3,3.0,16,Without renovation
54407000.0,ЗИЛ,18.0,4.0,121.3,6.0,16,Without renovation
74740000.0,ЗИЛ,22.0,5.0,138.4,3.0,15,Designer
75425000.0,ЗИЛ,22.0,5.0,138.4,4.0,15,Designer
75774000.0,ЗИЛ,22.0,5.0,138.4,5.0,15,Designer
76109000.0,ЗИЛ,22.0,5.0,138.4,6.0,15,Designer
76459000.0,ЗИЛ,22.0,5.0,138.4,7.0,15,Designer
76794000.0,ЗИЛ,22.0,5.0,138.4,8.0,15,Designer
77143000.0,ЗИЛ,22.0,5.0,138.4,9.0,15,Designer
80972000.0,ЗИЛ,22.0,5.0,137.9,12.0,15,Designer
48918000.0,ЗИЛ,17.0,4.0,109.1,4.0,11,Without renovation
48429000.0,ЗИЛ,18.0,4.0,101.8,3.0,16,Without renovation
48707000.0,ЗИЛ,18.0,4.0,101.7,4.0,16,Without renovation
48935000.0,ЗИЛ,18.0,4.0,101.8,5.0,16,Without renovation
49756000.0,ЗИЛ,18.0,4.0,102.1,7.0,16,Without renovation
52000000.0,Кунцевская,8.0,5.0,143.7,27.0,29,Without renovation
38000000.0,Крылатское,15.0,4.0,112.0,15.0,17,European-style renovation
28800000.0,Верхние Лихоборы,6.0,5.0,111.5,13.0,16,Cosmetic
35000000.0,Трубная,7.0,4.0,77.2,5.0,5,Without renovation
140000000.0,Минская,29.0,4.0,165.0,40.0,53,Designer
16150000.0,Новоясеневская,9.0,4.0,63.1,5.0,9,European-style renovation
52500000.0,Кутузовская,8.0,4.0,130.5,3.0,9,European-style renovation
30000000.0,Беговая,10.0,4.0,73.9,1.0,10,Cosmetic
25000000.0,Алтуфьево,8.0,4.0,96.0,8.0,22,European-style renovation
30500000.0,Аэропорт,15.0,4.0,78.0,3.0,6,European-style renovation
18000000.0,Люблино,14.0,4.0,95.0,1.0,5,European-style renovation
63000000.0,Чеховская,2.0,4.0,110.0,3.0,7,European-style renovation
205040000.0,Минская,10.0,5.0,232.0,4.0,7,European-style renovation
57300000.0,Мичуринский проспект,12.0,4.0,108.9,28.0,50,Without renovation
215000000.0,Смоленская,7.0,4.0,196.0,11.0,16,Designer
30499000.0,Люблино,18.0,4.0,86.0,3.0,17,European-style renovation
400000000.0,Арбатская,7.0,5.0,192.7,6.0,8,Designer
70000000.0,Тульская,27.0,4.0,184.5,8.0,8,Designer
373660800.0,Фрунзенская,6.0,4.0,135.0,7.0,14,Designer
29500000.0,Шаболовская,9.0,4.0,84.2,2.0,5,Cosmetic
49900000.0,Менделеевская,2.0,4.0,151.0,4.0,7,European-style renovation
75000000.0,Динамо,8.0,4.0,125.0,6.0,6,Designer
41000000.0,Аминьевская,5.0,4.0,107.3,26.0,42,Without renovation
29000000.0,Дмитровская,10.0,4.0,102.0,2.0,5,European-style renovation
27590000.0,Дмитровская,6.0,4.0,101.0,3.0,5,Cosmetic
99000000.0,Раменки,3.0,9.0,319.0,17.0,19,European-style renovation
22000000.0,Братиславская,9.0,4.0,109.0,1.0,17,European-style renovation
92000000.0,Проспект Мира,6.0,5.0,180.0,4.0,17,Designer
65000000.0,Новаторская,4.0,4.0,200.0,28.0,30,European-style renovation
42000000.0,ВДНХ,12.0,4.0,105.0,22.0,22,Designer
63500000.0,Раменки,3.0,5.0,220.0,4.0,19,Cosmetic
67000000.0,Шаболовская,16.0,4.0,151.4,26.0,29,Without renovation
17200000.0,Рабочий Посёлок,23.0,4.0,74.4,1.0,14,Without renovation
54900000.0,Бауманская,12.0,5.0,153.2,4.0,4,Cosmetic
56000000.0,Дубровка,10.0,4.0,140.0,8.0,30,Designer
200000000.0,Давыдково,23.0,6.0,385.0,1.0,25,Without renovation
361400000.0,Смоленская,10.0,9.0,361.4,7.0,7,Without renovation
230000000.0,Фрунзенская,15.0,4.0,149.0,7.0,11,Without renovation
98000000.0,Юго-Западная,14.0,5.0,195.8,17.0,21,European-style renovation
43500000.0,Зюзино,12.0,4.0,124.0,20.0,23,Without renovation
161280000.0,Деловой центр,14.0,5.0,153.6,9.0,75,Designer
44900000.0,Бульвар Рокоссовского,9.0,4.0,120.0,4.0,30,Designer
65900000.0,Белокаменная,24.0,4.0,135.0,6.0,19,European-style renovation
28000000.0,Каширская,3.0,4.0,95.0,5.0,6,Cosmetic
90000000.0,Октябрьское поле,9.0,6.0,317.4,26.0,27,Without renovation
60000000.0,Рабочий Посёлок,16.0,4.0,149.6,6.0,23,Designer
49500000.0,Алексеевская,11.0,4.0,130.0,4.0,4,Designer
102000000.0,Минская,1.0,5.0,137.0,8.0,12,Without renovation
67000000.0,Минская,59.0,4.0,115.0,10.0,14,Without renovation
41000000.0,Студенческая,6.0,4.0,78.6,4.0,6,Designer
50000000.0,Новые Черемушки,15.0,4.0,161.6,6.0,15,European-style renovation
144950700.0,Кунцевская,8.0,4.0,227.0,10.0,26,Designer
434852100.0,Смоленская,13.0,5.0,330.0,11.0,13,Designer
75000000.0,Октябрьское поле,9.0,6.0,226.2,3.0,27,Without renovation
364824375.0,Фрунзенская,15.0,5.0,250.0,2.0,10,Without renovation
230618775.0,Фрунзенская,12.0,4.0,181.0,3.0,12,Designer
84900000.0,Минская,1.0,5.0,132.0,8.0,14,Without renovation
85600000.0,Минская,57.0,5.0,125.2,7.0,14,Without renovation
82200000.0,Минская,57.0,4.0,129.0,7.0,14,Cosmetic
148800000.0,Савеловская,9.0,4.0,230.0,17.0,20,Designer
225000000.0,Парк культуры,10.0,5.0,331.6,8.0,8,Designer
109900000.0,ЗИЛ,17.0,4.0,130.0,15.0,17,Designer
315000000.0,Парк культуры,7.0,6.0,268.2,2.0,8,European-style renovation
38000000.0,Аминьевская,10.0,4.0,100.0,7.0,25,Without renovation
87000000.0,Новослободская,3.0,4.0,125.0,2.0,8,Designer
60500000.0,Павелецкая,18.0,4.0,138.0,32.0,46,Without renovation
52200000.0,Беляево,19.0,4.0,168.6,9.0,20,Designer
26300000.0,Коптево,19.0,4.0,92.0,2.0,17,European-style renovation
36000000.0,Савеловская,12.0,4.0,100.0,4.0,7,Cosmetic
110000000.0,Маяковская,5.0,4.0,140.0,10.0,13,Designer
22500000.0,Автозаводская,9.0,4.0,80.4,6.0,8,Without renovation
15000000.0,Маяковская,6.0,7.0,37.0,10.0,12,Without renovation
17800000.0,Автозаводская,6.0,4.0,82.0,2.0,5,European-style renovation
78000000.0,Трубная,7.0,4.0,117.8,4.0,6,European-style renovation
13900000.0,Бескудниково,12.0,4.0,64.7,9.0,9,Cosmetic
65000000.0,Рижская,9.0,5.0,136.0,7.0,7,European-style renovation
179000000.0,Таганская,10.0,4.0,140.0,4.0,9,Without renovation
450000000.0,Фрунзенская,10.0,8.0,338.4,10.0,15,Without renovation
251910000.0,Фрунзенская,10.0,4.0,186.6,10.0,15,Without renovation
205470000.0,Фрунзенская,10.0,4.0,152.2,10.0,15,Without renovation
192950000.0,Третьяковская,6.0,5.0,203.0,1.0,6,Without renovation
53500000.0,Технопарк,14.0,4.0,141.0,20.0,20,Without renovation
21500000.0,Первомайская,18.0,4.0,98.0,3.0,5,Cosmetic
53000000.0,Чеховская,2.0,4.0,102.6,2.0,7,Cosmetic
79500000.0,Академическая,13.0,4.0,165.3,4.0,21,Designer
28000000.0,Бульвар Дмитрия Донского,12.0,4.0,95.5,6.0,21,Without renovation
43500000.0,Боровицкая,12.0,4.0,75.0,2.0,5,European-style renovation
49500000.0,Раменки,8.0,4.0,158.0,15.0,18,European-style renovation
41100000.0,Озёрная,8.0,4.0,137.3,2.0,17,European-style renovation
90000000.0,Шелепиха,14.0,5.0,173.0,23.0,41,Designer
51000000.0,Кунцевская,18.0,4.0,134.0,12.0,16,Designer
49000000.0,Электрозаводская,10.0,4.0,130.0,3.0,16,Without renovation
39000000.0,Аминьевская,11.0,4.0,101.0,7.0,25,Without renovation
54500000.0,Крылатское,22.0,4.0,138.8,4.0,6,European-style renovation
18900000.0,Люблино,30.0,4.0,91.0,2.0,12,Cosmetic
170000000.0,Деловой центр,3.0,5.0,190.4,44.0,72,Designer
211191200.0,Полянка,6.0,4.0,167.1,1.0,7,Designer
89000000.0,Чеховская,7.0,5.0,188.0,3.0,5,Designer
400000000.0,Лужники,8.0,4.0,201.6,1.0,7,Designer
50000000.0,Шаболовская,13.0,4.0,153.0,3.0,22,Without renovation
70397000.0,Давыдково,16.0,4.0,123.0,16.0,16,Designer
31500000.0,Улица Старокачаловская,7.0,4.0,91.3,6.0,14,Designer
110000000.0,Крылатское,29.0,4.0,250.0,2.0,7,Without renovation
58000000.0,Алексеевская,11.0,4.0,115.0,12.0,19,Without renovation
43000000.0,Киевская,11.0,4.0,116.0,2.0,8,Without renovation
100000000.0,Белорусская,9.0,4.0,151.0,6.0,6,Designer
125000000.0,Парк культуры,7.0,5.0,199.0,3.0,8,Designer
194573000.0,Маяковская,9.0,4.0,197.0,6.0,6,Designer
119000000.0,Менделеевская,5.0,4.0,190.0,7.0,8,European-style renovation
38000000.0,Аэропорт,11.0,4.0,95.8,3.0,7,European-style renovation
90000000.0,Молодежная,7.0,4.0,170.1,2.0,28,Without renovation
79999000.0,Раменки,12.0,5.0,180.0,8.0,17,European-style renovation
128111581.0,Новокузнецкая,8.0,4.0,170.3,5.0,7,Cosmetic
23000000.0,Юго-Восточная,7.0,4.0,97.5,21.0,22,European-style renovation
47799000.0,Фили,8.0,4.0,98.0,7.0,31,Without renovation
95000000.0,Раменки,5.0,4.0,201.0,14.0,23,Designer
400000000.0,Кропоткинская,6.0,4.0,150.0,2.0,7,Without renovation
72250000.0,Минская,59.0,4.0,100.0,12.0,14,Without renovation
90000000.0,Давыдково,12.0,5.0,230.4,12.0,15,Designer
86000000.0,Автозаводская,4.0,4.0,127.0,14.0,16,Designer
49300000.0,Новые Черемушки,12.0,5.0,158.3,2.0,25,European-style renovation
77000000.0,Хорошёвская,6.0,5.0,133.0,23.0,24,Designer
83000000.0,Хорошёвская,6.0,5.0,143.0,23.0,24,Designer
96000000.0,Динамо,11.0,4.0,142.5,4.0,12,Designer
27000000.0,Рабочий Посёлок,10.0,4.0,86.0,1.0,16,European-style renovation
59400000.0,Новаторская,7.0,4.0,132.6,3.0,20,Designer
175153500.0,Белорусская,13.0,4.0,195.0,13.0,21,Designer
150000000.0,Университет,6.0,5.0,194.0,3.0,19,Designer
318000000.0,Кропоткинская,9.0,4.0,168.0,3.0,6,Without renovation
60000000.0,Ломоносовский проспект,18.0,4.0,146.0,3.0,38,Without renovation
210000000.0,Народное Ополчение,24.0,6.0,375.0,13.0,25,Designer
90000000.0,Давыдково,17.0,4.0,160.1,21.0,23,Without renovation
54500000.0,Фили,17.0,4.0,152.0,9.0,21,Without renovation
41000000.0,Фили,6.0,4.0,120.0,5.0,42,Without renovation
49999000.0,Новаторская,18.0,4.0,139.2,19.0,23,Without renovation
189749625.0,Улица 1905 года,10.0,4.0,165.9,9.0,18,Without renovation
31000000.0,Рабочий Посёлок,7.0,5.0,100.0,1.0,12,European-style renovation
63000000.0,Проспект Вернадского,6.0,4.0,149.4,18.0,30,European-style renovation
92000000.0,Молодежная,16.0,5.0,226.2,7.0,10,Designer
73000000.0,Народное Ополчение,23.0,6.0,208.0,10.0,20,Designer
81000000.0,Марксистская,8.0,12.0,268.0,2.0,2,Designer
54500000.0,Народное Ополчение,16.0,4.0,132.0,22.0,31,Designer
36475000.0,Молодежная,12.0,6.0,128.6,11.0,14,Cosmetic
12800000.0,Бабушкинская,28.0,4.0,62.5,1.0,9,Cosmetic
123000000.0,Академическая,11.0,4.0,185.0,11.0,18,Designer
25400000.0,Народное Ополчение,12.0,4.0,85.0,5.0,14,Cosmetic
38500000.0,Спартак,9.0,4.0,141.8,21.0,22,Without renovation
65000000.0,Давыдково,14.0,4.0,144.0,6.0,22,Without renovation
21200000.0,Марк,23.0,4.0,103.0,6.0,22,Cosmetic
85499000.0,Минская,57.0,5.0,126.0,7.0,14,Without renovation
43800000.0,Фили,18.0,4.0,146.5,26.0,28,Without renovation
64300000.0,Новаторская,11.0,4.0,158.2,27.0,30,Designer
23500000.0,Кожуховская,6.0,4.0,100.2,5.0,7,Cosmetic
36000000.0,ЦСКА,11.0,4.0,100.0,4.0,17,European-style renovation
28500000.0,Беломорская,12.0,4.0,111.2,17.0,19,Cosmetic
110000000.0,Аэропорт,9.0,4.0,166.2,51.0,57,Designer
33500000.0,Водный стадион,11.0,4.0,95.5,25.0,29,Without renovation
33500000.0,Новаторская,13.0,4.0,102.8,20.0,22,European-style renovation
59850000.0,Строгино,11.0,4.0,126.0,3.0,29,Designer
20900000.0,Красный Балтиец,11.0,4.0,73.7,2.0,5,Without renovation
33000000.0,Парк Победы,12.0,4.0,90.0,1.0,7,Designer
135000000.0,Сретенский бульвар,4.0,5.0,250.0,4.0,4,Designer
99000000.0,Сретенский бульвар,3.0,6.0,207.0,2.0,5,European-style renovation
53000000.0,Автозаводская,21.0,4.0,107.6,12.0,29,Without renovation
92900000.0,Минская,58.0,5.0,136.0,5.0,14,Without renovation
24990000.0,Улица Скобелевская,7.0,5.0,115.5,8.0,16,Cosmetic
291922500.0,Кропоткинская,6.0,4.0,166.0,2.0,7,Designer
62500000.0,Сокол,8.0,4.0,152.0,18.0,23,European-style renovation
30000000.0,Аэропорт,11.0,4.0,71.8,6.0,7,Without renovation
65000000.0,Петровский парк,5.0,5.0,150.0,5.0,14,European-style renovation
50500000.0,Минская,59.0,4.0,95.0,8.0,14,Without renovation
45000000.0,Локомотив,18.0,4.0,80.0,26.0,39,Designer
34500000.0,Пражская,10.0,4.0,120.0,11.0,24,Without renovation
60000000.0,Багратионовская,5.0,5.0,200.0,6.0,7,Cosmetic
138000000.0,Выставочная,10.0,4.0,126.0,7.0,20,Designer
40000000.0,Фили,18.0,4.0,130.7,11.0,28,Cosmetic
52000000.0,Покровское,25.0,5.0,210.0,11.0,17,Designer
364824375.0,Славянский бульвар,19.0,4.0,247.0,26.0,31,Designer
39500000.0,Академическая,18.0,6.0,130.0,16.0,17,European-style renovation
150000000.0,ЦСКА,13.0,5.0,153.5,21.0,40,Designer
84605648.0,Маяковская,3.0,4.0,109.3,4.0,6,European-style renovation
240000000.0,Сухаревская,4.0,5.0,302.3,6.0,8,Designer
47500000.0,Спартак,12.0,4.0,113.3,13.0,26,Without renovation
35000000.0,Тульская,11.0,4.0,62.0,6.0,6,Designer
73000000.0,Трубная,5.0,4.0,98.3,2.0,6,European-style renovation
15000000.0,Новогиреево,17.0,4.0,63.0,6.0,9,Cosmetic
82000000.0,Минская,1.0,5.0,130.0,4.0,14,Without renovation
291859500.0,Маяковская,7.0,4.0,177.0,10.0,12,Designer
120000000.0,Маяковская,3.0,4.0,204.0,5.0,7,Designer
67000000.0,Минская,60.0,4.0,120.0,10.0,14,Without renovation
408603300.0,Смоленская,8.0,4.0,176.0,12.0,17,Designer
46900000.0,Красные ворота,5.0,4.0,147.0,4.0,8,European-style renovation
95000000.0,Минская,1.0,5.0,130.0,5.0,14,Without renovation
47990000.0,Киевская,9.0,4.0,106.6,2.0,12,Cosmetic
130000000.0,Деловой центр,3.0,4.0,187.0,36.0,72,Designer
19000000.0,Менделеевская,9.0,4.0,61.6,1.0,4,Without renovation
68700000.0,Славянский бульвар,10.0,4.0,194.0,12.0,44,Without renovation
27700000.0,Коломенская,23.0,4.0,85.0,6.0,35,European-style renovation
21000000.0,Окружная,4.0,4.0,95.6,5.0,5,Cosmetic
88000000.0,Славянский бульвар,23.0,5.0,131.0,12.0,22,Without renovation
233487600.0,Курская,11.0,4.0,163.0,3.0,11,Designer
26500000.0,Щелковская,12.0,4.0,101.4,16.0,16,European-style renovation
75000000.0,Октябрьское поле,12.0,4.0,150.0,22.0,32,Without renovation
22900000.0,Чертановская,12.0,4.0,92.5,3.0,17,European-style renovation
45000000.0,Парк Победы,6.0,4.0,105.7,4.0,8,Without renovation
30000000.0,Красносельская,4.0,4.0,101.4,5.0,12,Cosmetic
69900000.0,Маяковская,4.0,4.0,100.9,4.0,5,European-style renovation
42000000.0,Динамо,8.0,4.0,90.0,8.0,21,Without renovation
150000000.0,Новослободская,6.0,6.0,198.0,3.0,14,Designer
64000000.0,Маяковская,8.0,4.0,93.0,7.0,8,European-style renovation
34500000.0,Красносельская,4.0,4.0,101.4,5.0,12,Cosmetic
67000000.0,Мичуринский проспект,12.0,4.0,136.0,17.0,50,Without renovation
38500000.0,Бульвар Дмитрия Донского,12.0,5.0,161.5,9.0,10,Designer
49500000.0,Тушинская,20.0,5.0,133.0,1.0,4,Designer
163300000.0,Курская,11.0,4.0,159.2,3.0,11,Designer
140000000.0,Новокузнецкая,9.0,4.0,145.0,3.0,5,Designer
38000000.0,Павелецкая,8.0,4.0,83.8,4.0,5,Without renovation
41590000.0,Технопарк,11.0,4.0,104.8,14.0,15,Without renovation
32000000.0,Парк Победы,6.0,4.0,88.0,6.0,8,European-style renovation
40000000.0,Чистые пруды,11.0,4.0,79.1,2.0,3,Without renovation
70000000.0,ЦСКА,8.0,4.0,122.0,23.0,24,Without renovation
19600000.0,Калужская,21.0,4.0,70.7,16.0,16,European-style renovation
136230500.0,Минская,29.0,4.0,165.1,40.0,53,Designer
110000000.0,Аэропорт,9.0,4.0,222.3,15.0,57,European-style renovation
120000000.0,Тверская,9.0,4.0,159.7,3.0,6,European-style renovation
291859500.0,Смоленская,7.0,4.0,200.0,10.0,19,Designer
256300000.0,Щукинская,32.0,6.0,237.3,4.0,6,Designer
59000000.0,Раменки,3.0,4.0,185.0,11.0,19,Designer
32999000.0,Улица 1905 года,13.0,4.0,91.3,1.0,5,Cosmetic
110000000.0,Терехово,46.0,4.0,211.5,3.0,4,Designer
31900000.0,Таганская,12.0,4.0,96.9,2.0,5,Without renovation
63000000.0,Ломоносовский проспект,8.0,4.0,130.0,2.0,17,Designer
79500000.0,Славянский бульвар,24.0,4.0,104.0,14.0,26,Without renovation
106140000.0,Хорошёвская,6.0,6.0,183.0,23.0,24,Without renovation
80000000.0,Профсоюзная,18.0,5.0,198.0,13.0,23,Without renovation
176000000.0,Тверская,10.0,4.0,121.9,2.0,5,European-style renovation
37000000.0,Проспект Мира,1.0,4.0,94.5,3.0,7,European-style renovation
135000000.0,Аэропорт,9.0,4.0,210.0,35.0,57,Designer
179000000.0,Таганская,10.0,4.0,140.0,4.0,9,Without renovation
17000000.0,Отрадное,22.0,4.0,78.1,9.0,16,Designer
39000000.0,Красные ворота,6.0,6.0,97.7,3.0,3,Without renovation
59900000.0,Алексеевская,10.0,4.0,94.0,2.0,21,Designer
69000000.0,Полянка,4.0,4.0,101.0,5.0,14,Without renovation
36893000.0,Фили,18.0,5.0,134.0,28.0,28,Cosmetic
169000000.0,Библиотека им. Ленина,5.0,4.0,136.3,4.0,5,Designer
135000000.0,Выставочная,9.0,5.0,172.0,5.0,21,Without renovation
155000000.0,Выставочная,9.0,6.0,235.0,15.0,21,Without renovation
37500000.0,Аминьевская,13.0,4.0,101.9,10.0,25,Without renovation
69900000.0,Крылатское,21.0,5.0,216.0,5.0,6,Designer
39500000.0,Спортивная,4.0,4.0,68.7,3.0,5,Cosmetic
59990000.0,Октябрьское поле,10.0,5.0,130.6,8.0,21,Designer
89000000.0,Чеховская,7.0,6.0,189.0,3.0,5,Designer
46500000.0,Верхние Котлы,16.0,6.0,187.0,9.0,9,Without renovation
50000000.0,Алексеевская,11.0,4.0,111.0,9.0,19,Without renovation
29900000.0,Смоленская,6.0,4.0,71.0,3.0,5,Designer
164844000.0,Ломоносовский проспект,22.0,4.0,137.4,8.0,12,Without renovation
23500000.0,Улица Скобелевская,8.0,5.0,120.0,1.0,12,Cosmetic
25000000.0,Савеловская,12.0,4.0,100.0,5.0,5,Without renovation
32200000.0,Фили,18.0,4.0,133.9,18.0,28,European-style renovation
350000000.0,Фрунзенская,10.0,6.0,310.0,2.0,17,Designer
86000000.0,Улица 1905 года,16.0,5.0,165.0,12.0,25,European-style renovation
250000000.0,Фрунзенская,8.0,4.0,170.0,6.0,12,Designer
21000000.0,Отрадное,9.0,4.0,90.0,1.0,12,Cosmetic
50000000.0,Алексеевская,11.0,4.0,109.0,9.0,19,Without renovation
155000000.0,Спортивная,11.0,4.0,179.2,2.0,15,Without renovation
33356000.0,Бутырская,21.0,4.0,107.6,3.0,8,Without renovation
54000000.0,Динамо,12.0,4.0,124.0,18.0,36,European-style renovation
58300000.0,Динамо,12.0,4.0,125.0,23.0,36,European-style renovation
48900000.0,Дмитровская,16.0,5.0,158.0,8.0,9,Designer
102900000.0,Краснопресненская,10.0,4.0,200.2,4.0,7,Cosmetic
370000000.0,Кропоткинская,9.0,5.0,240.0,3.0,5,Designer
69000000.0,Профсоюзная,12.0,4.0,162.2,18.0,27,Designer
46000000.0,Менделеевская,2.0,4.0,151.0,4.0,7,Without renovation
22999000.0,Академическая,16.0,4.0,73.2,2.0,5,Cosmetic
115000000.0,Новослободская,11.0,5.0,234.0,3.0,19,Designer
57000000.0,Ботанический сад,10.0,4.0,145.1,12.0,20,Without renovation
98000000.0,Арбатская,11.0,6.0,191.2,5.0,6,European-style renovation
24000000.0,Некрасовка,19.0,4.0,96.0,23.0,23,European-style renovation
153745850.0,Трубная,8.0,4.0,183.0,3.0,7,European-style renovation
26000000.0,Домодедовская,11.0,4.0,99.1,22.0,22,Cosmetic
125000000.0,Арбатская,8.0,5.0,172.0,4.0,5,European-style renovation
155000000.0,Спортивная,11.0,4.0,138.5,5.0,15,Designer
73000000.0,Сухаревская,3.0,5.0,124.5,2.0,3,Cosmetic
79000000.0,Бауманская,12.0,5.0,189.0,3.0,7,European-style renovation
32000000.0,Коптево,7.0,4.0,104.0,2.0,5,Without renovation
92000000.0,Китай-город,6.0,7.0,152.0,6.0,7,Without renovation
120000000.0,Балтийская,10.0,5.0,200.0,1.0,3,Designer
20499999.0,Авиамоторная,7.0,4.0,79.8,3.0,6,European-style renovation
52000000.0,Маяковская,5.0,4.0,104.7,4.0,9,Cosmetic
30700000.0,Стрешнево,11.0,4.0,102.5,3.0,10,European-style renovation
20290000.0,Прокшино,13.0,4.0,86.0,14.0,18,Without renovation
47360000.0,Достоевская,8.0,5.0,128.0,1.0,3,Cosmetic
39000000.0,Фонвизинская,9.0,4.0,107.1,10.0,17,Designer
45000000.0,Коломенская,7.0,4.0,123.0,2.0,24,European-style renovation
88000000.0,Алексеевская,10.0,6.0,181.7,15.0,21,Without renovation
83000000.0,Арбатская,10.0,4.0,111.0,6.0,6,Designer
100000000.0,Смоленская,8.0,7.0,191.7,2.0,5,Designer
90000000.0,Багратионовская,12.0,4.0,105.0,10.0,28,Designer
25999990.0,Прокшино,22.0,4.0,104.7,11.0,15,Designer
107038250.0,Чеховская,8.0,4.0,157.0,3.0,9,Designer
21500000.0,Лермонтовский проспект,10.0,4.0,98.4,3.0,22,Cosmetic
43000000.0,Красный Балтиец,5.0,4.0,132.8,4.0,14,European-style renovation
125000000.0,Терехово,44.0,5.0,322.0,2.0,4,Designer
49000000.0,Парк культуры,11.0,4.0,92.0,11.0,17,Cosmetic
80000000.0,Щукинская,13.0,4.0,170.0,16.0,34,Designer
38900000.0,Водный стадион,7.0,4.0,92.2,4.0,26,Designer
69000000.0,Кропоткинская,10.0,5.0,107.0,4.0,5,Cosmetic
49000000.0,Мичуринский проспект,11.0,4.0,125.0,14.0,25,European-style renovation
82500000.0,Мичуринский проспект,15.0,5.0,217.2,3.0,19,Designer
87000000.0,Новослободская,4.0,5.0,172.0,9.0,10,European-style renovation
72000000.0,Новаторская,18.0,5.0,206.0,22.0,48,Without renovation
69000000.0,Электрозаводская,10.0,5.0,151.6,5.0,12,Without renovation
36550000.0,Фили,18.0,4.0,132.0,5.0,28,Cosmetic
305000000.0,Новокузнецкая,3.0,7.0,344.0,8.0,9,European-style renovation
85000000.0,Шелепиха,17.0,4.0,140.0,9.0,24,Designer
243250000.0,Улица 1905 года,7.0,4.0,136.0,19.0,21,European-style renovation
41000000.0,Шелепиха,13.0,4.0,117.0,10.0,53,Without renovation
15700000.0,Речной вокзал,25.0,4.0,62.6,3.0,9,Without renovation
396000000.0,Смоленская,9.0,5.0,252.0,3.0,7,Without renovation
18556000.0,Коммунарка,20.0,4.0,111.3,14.0,17,Cosmetic
87000000.0,Молодежная,7.0,5.0,154.0,3.0,28,Without renovation
63000000.0,Молодежная,7.0,4.0,96.0,15.0,28,Without renovation
380000000.0,Ломоносовский проспект,24.0,7.0,303.8,3.0,12,Without renovation
45000000.0,Маяковская,3.0,4.0,90.0,6.0,8,European-style renovation
25000000.0,Площадь Ильича,12.0,4.0,71.5,1.0,5,Cosmetic
98000000.0,Таганская,6.0,5.0,145.0,4.0,5,Designer
31500000.0,Тропарево,23.0,4.0,96.0,16.0,16,Cosmetic
145000000.0,Минская,12.0,5.0,162.0,36.0,39,Designer
200000000.0,Арбатская,6.0,4.0,150.4,1.0,4,Designer
450000000.0,Тверская,13.0,5.0,260.0,6.0,9,Designer
190000000.0,Улица 1905 года,10.0,4.0,167.8,20.0,22,Designer
450000000.0,Фрунзенская,13.0,5.0,294.0,3.0,6,Designer
132000000.0,Смоленская,6.0,5.0,177.0,4.0,5,Designer
123000000.0,Смоленская,6.0,5.0,167.0,5.0,5,Designer
155000000.0,Добрынинская,5.0,4.0,170.0,5.0,6,Designer
215000000.0,Чистые пруды,7.0,4.0,132.0,4.0,8,Without renovation
165000000.0,Смоленская,10.0,5.0,186.0,5.0,7,Without renovation
180000000.0,Новослободская,8.0,5.0,199.0,4.0,13,Without renovation
389146000.0,Арбатская,11.0,5.0,238.0,5.0,8,Designer
194573000.0,Спортивная,11.0,4.0,150.0,3.0,13,Designer
23000000.0,Улица Скобелевская,10.0,4.0,95.5,5.0,12,Cosmetic
105000000.0,Серпуховская,10.0,4.0,142.4,9.0,14,Designer
155000000.0,Баррикадная,11.0,4.0,187.0,8.0,13,European-style renovation
53000000.0,Щукинская,16.0,4.0,124.4,5.0,7,Designer
360577353.0,Тверская,8.0,4.0,254.1,11.0,11,Without renovation
27990000.0,Озёрная,9.0,4.0,101.0,10.0,22,European-style renovation
125000000.0,Курская,7.0,6.0,210.0,6.0,6,European-style renovation
200000000.0,Славянский бульвар,24.0,5.0,385.8,1.0,26,Without renovation
47000000.0,Ростокино,12.0,4.0,134.3,35.0,38,Designer
18500000.0,Хорошёвская,11.0,4.0,73.0,12.0,23,Without renovation
42000000.0,Динамо,5.0,4.0,105.0,2.0,6,Cosmetic
68900000.0,Полянка,4.0,4.0,100.7,5.0,14,Cosmetic
45000000.0,Чкаловская,7.0,4.0,90.0,3.0,9,European-style renovation
80000000.0,ЦСКА,14.0,4.0,150.0,11.0,26,European-style renovation
129680000.0,Тушинская,37.0,4.0,162.1,2.0,6,Designer
130000000.0,Новокузнецкая,8.0,5.0,145.0,3.0,7,Designer
32100000.0,Алма-Атинская,4.0,5.0,112.5,2.0,16,European-style renovation
45000000.0,Нагатинская,17.0,4.0,130.0,22.0,33,Designer
431650000.0,Полянка,1.0,4.0,273.0,8.0,11,Designer
73000000.0,Сухаревская,3.0,5.0,124.5,2.0,3,Without renovation
17700000.0,Свиблово,20.0,4.0,71.0,2.0,5,Cosmetic
41000000.0,Площадь Ильича,11.0,4.0,95.0,4.0,26,Without renovation
24000000.0,Выхино,10.0,4.0,112.0,14.0,14,Cosmetic
65000000.0,Китай-город,6.0,4.0,103.0,5.0,7,Without renovation
66000000.0,ВДНХ,13.0,5.0,135.0,17.0,22,Without renovation
30000000.0,Кутузовская,7.0,4.0,112.0,2.0,5,European-style renovation
40000000.0,Студенческая,2.0,4.0,105.0,5.0,6,Without renovation
35990000.0,Кунцевская,16.0,4.0,130.0,13.0,22,Without renovation
35000000.0,Мичуринский проспект,12.0,4.0,111.8,5.0,14,Cosmetic
51000000.0,Шелепиха,17.0,4.0,98.2,18.0,24,Without renovation
103891410.0,Сокольники,12.0,5.0,175.7,16.0,16,Designer
97091460.0,Сокольники,12.0,5.0,164.2,16.0,16,Designer
77785650.0,Сокольники,15.0,4.0,110.1,19.0,20,Designer
73943100.0,Сокольники,15.0,4.0,106.7,19.0,20,Designer
80761500.0,Сокольники,15.0,4.0,137.0,7.0,20,Designer
87689727.0,Сокольники,15.0,4.0,137.0,13.0,20,Designer
88494075.0,Сокольники,15.0,4.0,137.1,14.0,20,Designer
89169327.0,Сокольники,15.0,4.0,137.0,15.0,20,Designer
146000000.0,Мичуринский проспект,18.0,7.0,300.0,8.0,8,Designer
437883750.0,Смоленская,13.0,5.0,258.0,11.0,13,Designer
17500000.0,Владыкино,13.0,4.0,78.8,2.0,12,European-style renovation
120000000.0,Тверская,9.0,4.0,130.0,4.0,6,Designer
59599999.0,Профсоюзная,13.0,5.0,202.1,3.0,20,European-style renovation
54000000.0,Чертановская,18.0,4.0,117.0,10.0,39,Designer
14500000.0,Теплый Стан,25.0,4.0,62.5,6.0,9,Cosmetic
19500000.0,Солнцево,4.0,4.0,100.0,5.0,22,Cosmetic
129000000.0,Курская,12.0,4.0,164.0,5.0,5,European-style renovation
88000000.0,Минская,1.0,5.0,130.0,2.0,14,Without renovation
85000000.0,Аэропорт,9.0,4.0,205.0,16.0,57,Designer
119999000.0,Трубная,8.0,5.0,209.7,5.0,7,Cosmetic
120000000.0,Третьяковская,2.0,4.0,167.8,4.0,5,European-style renovation
66800000.0,Новаторская,11.0,4.0,158.2,27.0,30,Designer
22300000.0,Люблино,15.0,4.0,85.3,4.0,12,Cosmetic
230000000.0,Арбатская,10.0,4.0,152.0,2.0,7,Designer
62000000.0,Минская,57.0,5.0,136.0,2.0,14,Without renovation
59500000.0,Мичуринский проспект,12.0,4.0,108.8,23.0,50,Without renovation
59000000.0,Тверская,9.0,4.0,96.0,5.0,5,Designer
109000000.0,Проспект Мира,6.0,5.0,216.4,3.0,17,Designer
28500000.0,Преображенская площадь,22.0,4.0,96.8,5.0,5,European-style renovation
80000000.0,Минская,27.0,5.0,180.0,18.0,22,Designer
41900000.0,ВДНХ,11.0,4.0,140.6,1.0,14,Designer
51000000.0,Фили,26.0,4.0,140.0,7.0,28,Without renovation
145929750.0,Кунцевская,8.0,4.0,220.0,10.0,26,European-style renovation
205040000.0,Кропоткинская,4.0,6.0,221.8,4.0,5,Designer
18000000.0,Курьяново,9.0,4.0,64.3,1.0,25,European-style renovation
205040000.0,Минская,10.0,5.0,233.0,4.0,7,Designer
32500000.0,Багратионовская,3.0,4.0,106.0,5.0,8,Cosmetic
249000000.0,Полянка,7.0,5.0,200.0,4.0,16,European-style renovation
86500000.0,Минская,1.0,5.0,128.0,8.0,14,Without renovation
65000000.0,Ломоносовский проспект,10.0,4.0,127.0,3.0,17,Designer
12500000.0,Выхино,9.0,4.0,63.2,1.0,9,Cosmetic
91000000.0,Новаторская,15.0,5.0,200.0,4.0,15,Designer
35000000.0,Народное Ополчение,13.0,4.0,85.7,11.0,24,Designer
14500000.0,Петровский парк,13.0,4.0,103.0,1.0,4,Cosmetic
51000000.0,Фили,9.0,4.0,95.4,6.0,20,Without renovation
30000000.0,Алма-Атинская,4.0,5.0,111.6,5.0,16,European-style renovation
42700000.0,Тульская,28.0,4.0,123.0,9.0,16,Without renovation
49500000.0,Раменки,8.0,4.0,158.0,15.0,18,European-style renovation
47000000.0,Октябрьское поле,21.0,4.0,100.7,19.0,24,Designer
63000000.0,Шаболовская,16.0,4.0,151.4,26.0,29,Without renovation
250500000.0,Улица 1905 года,7.0,4.0,139.0,19.0,21,European-style renovation
114890000.0,Ломоносовский проспект,15.0,5.0,212.0,6.0,17,European-style renovation
230000000.0,Шаболовская,13.0,6.0,229.3,17.0,18,European-style renovation
78500000.0,Серпуховская,10.0,4.0,110.0,11.0,14,Without renovation
35100000.0,Давыдково,24.0,4.0,155.0,16.0,16,Cosmetic
34000000.0,Шоссе Энтузиастов,16.0,5.0,116.0,2.0,9,Cosmetic
47000000.0,Хорошево,23.0,4.0,85.4,27.0,27,Designer
76000000.0,Шелепиха,17.0,4.0,139.0,17.0,24,Without renovation
245500000.0,Улица 1905 года,7.0,4.0,136.0,19.0,21,European-style renovation
59900000.0,Ломоносовский проспект,18.0,4.0,144.0,3.0,38,Without renovation
145000000.0,Ломоносовский проспект,18.0,5.0,217.0,20.0,38,Designer
78500000.0,Серпуховская,10.0,4.0,131.0,11.0,14,Without renovation
65000000.0,Шаболовская,16.0,4.0,151.0,18.0,29,Without renovation
26499000.0,Аминьевская,31.0,4.0,82.0,12.0,27,Without renovation
53000000.0,Коломенская,18.0,5.0,183.5,12.0,14,European-style renovation
30000000.0,Зюзино,13.0,4.0,111.0,12.0,17,Designer
49700000.0,Фили,17.0,5.0,153.0,9.0,21,Without renovation
64999999.0,Сухаревская,7.0,5.0,137.0,3.0,4,Designer
46000000.0,Народное Ополчение,23.0,4.0,158.0,2.0,20,European-style renovation
433018375.0,Полянка,1.0,4.0,273.0,7.0,11,Designer
28500000.0,Автозаводская,9.0,4.0,80.3,5.0,8,European-style renovation
43000000.0,Аминьевская,5.0,4.0,106.0,31.0,42,Without renovation
40990000.0,Народное Ополчение,30.0,4.0,123.0,5.0,24,European-style renovation
57000000.0,Шаболовская,16.0,4.0,143.0,11.0,29,Without renovation
26400000.0,Нижегородская,9.0,4.0,80.0,4.0,12,Designer
93000000.0,Шаболовская,7.0,4.0,128.9,10.0,16,Without renovation
69500000.0,Щукинская,10.0,4.0,138.2,31.0,33,Designer
89990000.0,Курская,9.0,4.0,180.0,10.0,11,Without renovation
240000000.0,Киевская,13.0,4.0,172.0,5.0,9,Without renovation
34990000.0,Трубная,7.0,4.0,78.2,3.0,5,Designer
53000000.0,Дубровка,22.0,4.0,121.5,18.0,29,Without renovation
58000000.0,Шелепиха,14.0,4.0,105.0,36.0,41,European-style renovation
93000000.0,Шаболовская,7.0,4.0,128.9,10.0,16,Designer
31000000.0,Калужская,20.0,4.0,102.2,19.0,22,Cosmetic
12000000.0,Алма-Атинская,57.0,4.0,64.0,1.0,9,Cosmetic
97307500.0,Минская,18.0,5.0,177.0,10.0,26,European-style renovation
27900000.0,Шаболовская,10.0,4.0,85.0,4.0,6,European-style renovation
125000000.0,Баррикадная,12.0,4.0,147.0,3.0,5,Designer
18500000.0,Варшавская,3.0,4.0,69.6,1.0,5,Designer
59000000.0,Динамо,10.0,4.0,97.0,18.0,19,Designer
21600000.0,Бунинская Аллея,9.0,4.0,100.1,2.0,17,European-style renovation
63500000.0,Аминьевская,11.0,4.0,147.0,20.0,25,Without renovation
54500000.0,Алексеевская,11.0,4.0,115.0,10.0,19,Without renovation
72500000.0,Лужники,16.0,4.0,115.0,3.0,7,European-style renovation
36200000.0,Белорусская,1.0,5.0,104.0,5.0,6,Cosmetic
38300000.0,Кунцевская,8.0,4.0,121.5,24.0,29,Without renovation
23500000.0,Текстильщики,16.0,4.0,96.0,13.0,14,European-style renovation
32900000.0,Кожуховская,11.0,4.0,119.0,5.0,6,Without renovation
119290000.0,Выставочная,8.0,5.0,126.0,18.0,21,Without renovation
59000000.0,Аминьевская,13.0,4.0,139.0,15.0,25,Without renovation
55900000.0,Улица 1905 года,12.0,4.0,90.0,8.0,44,Without renovation
27000000.0,Белорусская,8.0,4.0,82.0,2.0,9,Without renovation
135000000.0,Улица 1905 года,7.0,4.0,134.7,9.0,24,Designer
260784100.0,Парк культуры,7.0,5.0,335.7,1.0,8,Designer
54900000.0,Минская,1.0,4.0,102.0,8.0,14,Without renovation
34500000.0,Дубровка,12.0,4.0,105.6,1.0,6,European-style renovation
49000000.0,Тульская,27.0,5.0,90.0,3.0,18,Without renovation
62500000.0,Давыдково,23.0,4.0,92.0,9.0,25,Without renovation
340502750.0,Смоленская,10.0,5.0,256.0,6.0,7,Without renovation
77900000.0,Давыдково,23.0,4.0,100.0,3.0,25,European-style renovation
56000000.0,Беломорская,20.0,4.0,144.0,9.0,11,Without renovation
65000000.0,Шаболовская,16.0,4.0,150.8,18.0,29,Without renovation
83000000.0,Минская,26.0,4.0,147.0,15.0,24,European-style renovation
60850000.0,Раменки,9.0,4.0,129.1,2.0,28,Without renovation
71000000.0,Кунцевская,10.0,5.0,238.9,11.0,15,Without renovation
175000000.0,Давыдково,23.0,4.0,300.0,24.0,25,Without renovation
58000000.0,Новаторская,17.0,4.0,141.0,10.0,15,Designer
35999999.0,Алексеевская,9.0,4.0,103.0,4.0,10,Cosmetic
186900000.0,Киевская,15.0,5.0,217.3,10.0,11,Without renovation
130000000.0,Арбатская,8.0,5.0,172.0,4.0,5,European-style renovation
110000000.0,Смоленская,6.0,4.0,111.0,5.0,7,European-style renovation
123500000.0,Пушкинская,7.0,4.0,175.0,3.0,6,Designer
87900000.0,Минская,1.0,5.0,128.0,7.0,14,Without renovation
94900000.0,Арбатская,12.0,4.0,133.0,4.0,6,European-style renovation
135000000.0,Тушинская,38.0,4.0,187.1,4.0,6,Without renovation
90000000.0,Минская,34.0,4.0,147.0,11.0,17,Without renovation
95000000.0,Тестовская,15.0,4.0,140.0,7.0,24,Designer
65000000.0,Чеховская,2.0,4.0,110.0,3.0,7,Designer
250000000.0,Минская,19.0,5.0,325.0,1.0,21,Designer
45000000.0,Зорге,13.0,4.0,130.0,4.0,16,Without renovation
330000000.0,Белорусская,10.0,5.0,285.0,7.0,18,Without renovation
79000000.0,Ломоносовский проспект,20.0,5.0,260.0,21.0,22,Without renovation
137200000.0,Воронцовская,15.0,5.0,280.0,21.0,31,Designer
72000000.0,Щукинская,13.0,5.0,176.0,18.0,34,Designer
62500000.0,Смоленская,11.0,6.0,129.0,5.0,5,Without renovation
180000000.0,Маяковская,5.0,4.0,171.0,11.0,13,Designer
87000000.0,Славянский бульвар,19.0,4.0,172.8,10.0,31,Designer
357000000.0,Новослободская,8.0,5.0,343.7,1.0,3,Without renovation
51900000.0,Отрадное,16.0,4.0,150.0,22.0,23,Designer
122000000.0,Крестьянская застава,10.0,6.0,220.0,6.0,9,Designer
102000000.0,Минская,1.0,4.0,137.0,8.0,12,Without renovation
96000000.0,Раменки,3.0,5.0,347.0,17.0,19,Designer
83000000.0,Киевская,13.0,4.0,134.2,6.0,14,European-style renovation
67000000.0,ЦСКА,14.0,4.0,91.0,10.0,40,Without renovation
195000000.0,Тропарево,12.0,5.0,220.0,30.0,31,Without renovation
49000000.0,Университет,19.0,4.0,110.1,10.0,10,Designer
85000000.0,Минская,26.0,4.0,152.0,12.0,24,Designer
25650000.0,Улица 1905 года,10.0,4.0,69.0,4.0,6,Cosmetic
180000000.0,Славянский бульвар,20.0,4.0,169.7,22.0,31,Designer
155000000.0,Минская,34.0,4.0,150.0,13.0,17,Designer
272402200.0,Добрынинская,5.0,4.0,171.6,2.0,6,Designer
53000000.0,Аминьевская,10.0,4.0,101.9,10.0,25,Designer
136000000.0,Ломоносовский проспект,19.0,4.0,176.0,12.0,17,Designer
250000000.0,Минская,25.0,6.0,320.0,1.0,7,Designer
96000000.0,Раменки,3.0,6.0,345.0,17.0,19,European-style renovation
98000000.0,Ботанический сад,13.0,4.0,152.4,20.0,23,European-style renovation
125000000.0,Китай-город,14.0,4.0,143.5,2.0,8,Designer
29800000.0,Новаторская,6.0,4.0,93.2,7.0,16,Cosmetic
105000000.0,Минская,1.0,5.0,136.0,8.0,12,Without renovation
31500000.0,Тульская,11.0,4.0,100.0,3.0,5,Cosmetic
250000000.0,Давыдково,23.0,6.0,385.0,1.0,25,Without renovation
119000000.0,Менделеевская,5.0,4.0,200.5,8.0,8,Designer
78500000.0,Шелепиха,12.0,4.0,103.0,11.0,36,Designer
43000000.0,Академическая,15.0,4.0,111.7,2.0,5,Without renovation
22900000.0,Домодедовская,23.0,4.0,82.0,24.0,24,Designer
24200000.0,Пролетарская,9.0,4.0,72.0,2.0,8,European-style renovation
109000000.0,Минская,12.0,4.0,200.0,1.0,16,Designer
27000000.0,Дмитровская,17.0,4.0,91.1,1.0,17,European-style renovation
240680000.0,Минская,12.0,5.0,206.3,3.0,36,Without renovation
129999990.0,Ломоносовский проспект,19.0,6.0,215.0,11.0,17,Designer
230000000.0,Серпуховская,10.0,4.0,194.0,10.0,14,Designer
155000000.0,Чистые пруды,6.0,5.0,195.0,3.0,6,Designer
27500000.0,Окружная,8.0,4.0,97.4,3.0,5,European-style renovation
130000000.0,Смоленская,6.0,5.0,188.0,2.0,9,Designer
19800000.0,Кленовый бульвар,13.0,4.0,74.6,4.0,9,Cosmetic
57000000.0,Мичуринский проспект,10.0,4.0,133.7,10.0,21,Without renovation
74500000.0,Славянский бульвар,23.0,4.0,101.0,15.0,22,Without renovation
46450000.0,Автозаводская,20.0,4.0,115.0,16.0,29,Without renovation
125444688.0,Щукинская,18.0,5.0,235.0,24.0,30,Designer
34990000.0,Аэропорт,16.0,4.0,82.0,3.0,6,Cosmetic
28900000.0,Озёрная,8.0,4.0,101.0,4.0,17,European-style renovation
87000000.0,Давыдково,23.0,5.0,139.0,16.0,25,Without renovation
72000000.0,Народное Ополчение,22.0,4.0,172.0,5.0,20,Designer
85000000.0,Минская,29.0,4.0,150.0,13.0,53,Without renovation
60000000.0,Красные ворота,5.0,5.0,112.6,3.0,8,Without renovation
125000000.0,Павелецкая,6.0,4.0,211.0,6.0,8,Designer
120000000.0,Давыдково,23.0,5.0,170.0,19.0,25,Without renovation
154000000.0,Полянка,7.0,5.0,229.0,8.0,9,Designer
41499000.0,Студенческая,2.0,4.0,105.7,5.0,6,Without renovation
19450000.0,Прокшино,12.0,4.0,82.8,5.0,16,Without renovation
45000000.0,Арбатская,9.0,4.0,122.5,3.0,3,Without renovation
17900000.0,Коммунарка,25.0,4.0,72.0,2.0,16,European-style renovation
77829200.0,Трубная,7.0,4.0,73.5,4.0,5,Designer
135000000.0,Давыдково,24.0,5.0,261.7,7.0,9,Without renovation
199000000.0,Арбатская,5.0,5.0,176.0,3.0,7,Designer
95000000.0,Маяковская,2.0,4.0,151.0,3.0,8,Designer
291922504.0,Терехово,43.0,5.0,343.0,2.0,4,Designer
95000000.0,Минская,29.0,4.0,155.0,44.0,53,Without renovation
19000000.0,Некрасовка,24.0,4.0,96.0,13.0,14,European-style renovation
85000000.0,Славянский бульвар,19.0,4.0,184.0,22.0,31,Designer
189749625.0,Улица 1905 года,10.0,4.0,165.0,9.0,18,Without renovation
240000000.0,Кропоткинская,11.0,4.0,235.0,5.0,8,Designer
95000000.0,Минская,29.0,4.0,150.0,11.0,53,Without renovation
112000000.0,Минская,29.0,4.0,157.0,44.0,53,Without renovation
61965000.0,Шаболовская,17.0,4.0,138.0,21.0,30,Without renovation
60835000.0,Шаболовская,17.0,4.0,138.0,20.0,30,Without renovation
18000000.0,Щербинка,8.0,5.0,120.4,10.0,10,Cosmetic
92800000.0,Минская,58.0,4.0,136.0,5.0,14,Without renovation
100000000.0,Минская,29.0,4.0,163.0,14.0,53,Without renovation
62000000.0,Минская,57.0,5.0,136.0,2.0,14,Without renovation
165422750.0,Маяковская,10.0,7.0,235.0,5.0,7,European-style renovation
93000000.0,Баррикадная,9.0,5.0,214.9,7.0,15,European-style renovation
359960050.0,Терехово,48.0,5.0,289.0,4.0,4,Designer
243216250.0,Кропоткинская,4.0,4.0,152.6,3.0,5,Designer
135000000.0,Цветной бульвар,5.0,4.0,160.0,4.0,8,Designer
155000000.0,Выставочная,10.0,4.0,130.0,14.0,20,Designer
16500000.0,Речной вокзал,22.0,4.0,65.0,1.0,9,Designer
105000000.0,Ломоносовский проспект,20.0,5.0,291.0,20.0,22,Designer
83000000.0,Улица 1905 года,11.0,5.0,169.0,6.0,10,Designer
311316800.0,Фрунзенская,7.0,4.0,252.0,3.0,14,Designer
79000000.0,Воронцовская,15.0,4.0,172.0,8.0,31,Designer
62000000.0,Шаболовская,16.0,4.0,150.8,18.0,29,Without renovation
72000000.0,Беломорская,21.0,5.0,152.0,14.0,15,European-style renovation
57000000.0,Мнёвники,25.0,4.0,137.7,4.0,27,Designer
57500000.0,Зорге,13.0,4.0,119.0,11.0,16,European-style renovation
79000000.0,Новокузнецкая,8.0,4.0,85.0,3.0,5,Designer
59000000.0,Серпуховская,18.0,4.0,110.1,41.0,46,Without renovation
20100000.0,Рязанский проспект,6.0,4.0,100.0,4.0,5,Without renovation
85000000.0,Ломоносовский проспект,17.0,4.0,186.0,35.0,42,Without renovation
51000000.0,Минская,60.0,4.0,98.0,4.0,14,Designer
33999999.0,Стахановская,6.0,4.0,94.0,5.0,23,Designer
145000000.0,Раменки,15.0,5.0,196.0,11.0,21,Designer
78000000.0,Университет,20.0,5.0,163.5,16.0,18,Designer
40200000.0,Аминьевская,13.0,4.0,103.0,2.0,25,Without renovation
75600000.0,Алексеевская,13.0,5.0,180.0,16.0,18,Without renovation
76000000.0,Воронцовская,15.0,4.0,199.8,5.0,31,Designer
75000000.0,Ломоносовский проспект,20.0,4.0,145.0,19.0,22,European-style renovation
17900000.0,Планерная,24.0,4.0,78.1,5.0,12,Cosmetic
130000000.0,Белорусская,13.0,4.0,225.5,9.0,21,Without renovation
250000000.0,Парк культуры,8.0,5.0,250.0,3.0,4,Designer
291859500.0,Терехово,44.0,7.0,343.0,2.0,4,Designer
34999000.0,Хорошево,15.0,5.0,124.7,5.0,17,Cosmetic
26000000.0,Рязанский проспект,13.0,4.0,95.2,5.0,14,European-style renovation
221000000.0,Ломоносовский проспект,24.0,4.0,170.1,6.0,12,Without renovation
79000000.0,Ломоносовский проспект,17.0,4.0,145.8,36.0,42,European-style renovation
200000000.0,Давыдково,23.0,6.0,385.0,1.0,25,Without renovation
59500000.0,Давыдково,23.0,4.0,102.0,9.0,25,Without renovation
145000000.0,Парк культуры,5.0,4.0,170.0,2.0,6,Designer
74500000.0,Раменки,15.0,4.0,115.0,3.0,21,Designer
19600000.0,Люблино,15.0,4.0,84.5,5.0,12,Cosmetic
225544000.0,Мнёвники,20.0,6.0,240.0,1.0,3,Designer
200000000.0,Славянский бульвар,24.0,6.0,385.0,1.0,26,Designer
115000000.0,Славянский бульвар,19.0,5.0,212.0,27.0,31,European-style renovation
47900000.0,Гражданская,11.0,4.0,126.0,6.0,34,Designer
329868000.0,Охотный ряд,7.0,4.0,214.2,3.0,5,Without renovation
60000000.0,Ломоносовский проспект,17.0,4.0,172.0,19.0,42,Designer
289120000.0,Минская,12.0,4.0,221.0,3.0,36,Without renovation
246621277.0,Курская,11.0,4.0,169.0,8.0,11,Without renovation
230000000.0,Арбатская,10.0,4.0,137.2,3.0,7,Designer
77500000.0,Выставочная,10.0,4.0,103.0,4.0,20,Without renovation
37000000.0,Минская,35.0,4.0,107.0,3.0,56,European-style renovation
250000000.0,Кропоткинская,6.0,9.0,282.0,2.0,6,European-style renovation
175000000.0,Минская,14.0,4.0,190.5,2.0,12,Designer
95000000.0,Минская,29.0,4.0,157.0,44.0,53,Designer
358820000.0,Мнёвники,20.0,4.0,227.0,1.0,3,Designer
118160000.0,Мичуринский проспект,12.0,4.0,155.2,5.0,12,Without renovation
186000000.0,Кропоткинская,11.0,4.0,184.6,2.0,8,Designer
42997000.0,Авиамоторная,17.0,4.0,105.2,27.0,28,Without renovation
75000000.0,Ломоносовский проспект,10.0,5.0,140.0,11.0,17,Designer
78000000.0,Воронцовская,15.0,4.0,193.0,15.0,31,Designer
40000000.0,Ломоносовский проспект,20.0,4.0,155.4,3.0,22,European-style renovation
159000000.0,Минская,29.0,5.0,175.5,18.0,53,Designer
55000000.0,Крылатское,19.0,4.0,150.0,17.0,20,Designer
36000000.0,Севастопольская,12.0,4.0,141.0,2.0,23,Designer
428060600.0,Полянка,1.0,5.0,273.4,7.0,11,Designer
26000000.0,Бескудниково,16.0,4.0,121.0,2.0,13,Without renovation
53500000.0,Раменки,8.0,4.0,157.0,13.0,18,European-style renovation
157900000.0,Белорусская,12.0,5.0,180.0,16.0,24,Designer
107800000.0,Белорусская,10.0,4.0,154.0,4.0,18,Designer
78500000.0,Давыдково,26.0,4.0,160.0,9.0,23,Designer
180000000.0,Кропоткинская,4.0,6.0,330.0,7.0,7,Designer
150000000.0,Улица 1905 года,10.0,4.0,154.0,12.0,22,European-style renovation
110000000.0,Сретенский бульвар,3.0,5.0,207.0,3.0,5,Designer
59500000.0,Крылатское,19.0,4.0,154.0,10.0,20,Without renovation
99000000.0,Тверская,6.0,4.0,120.0,4.0,7,Designer
90000000.0,Новаторская,6.0,5.0,206.0,8.0,30,Designer
120000000.0,Аэропорт,14.0,4.0,136.0,23.0,37,Designer
55000000.0,Чкаловская,8.0,4.0,140.2,3.0,7,Cosmetic
99000000.0,Тверская,9.0,5.0,125.0,3.0,6,Designer
129375000.0,Шаболовская,13.0,6.0,287.5,22.0,22,Designer
200000000.0,Ломоносовский проспект,20.0,4.0,320.0,16.0,22,Designer
172000000.0,Белорусская,13.0,4.0,174.0,13.0,21,Designer
359999965.0,Полянка,9.0,5.0,188.4,6.0,6,Designer
83000000.0,Минская,26.0,4.0,146.0,15.0,24,European-style renovation
55000000.0,Новые Черемушки,13.0,4.0,162.0,4.0,16,Cosmetic
29700000.0,Верхние Котлы,5.0,4.0,102.9,4.0,18,European-style renovation
170000000.0,Чеховская,3.0,4.0,188.0,10.0,10,Designer
55000000.0,Гражданская,11.0,4.0,127.0,26.0,34,Without renovation
245161980.0,Курская,11.0,4.0,168.0,8.0,11,Designer
156700000.0,Курская,11.0,4.0,155.6,3.0,11,Designer
156700000.0,Курская,11.0,5.0,159.0,2.0,11,Designer
200000000.0,Славянский бульвар,20.0,4.0,204.9,28.0,31,Designer
176000000.0,Белорусская,13.0,4.0,194.0,5.0,5,Without renovation
180000000.0,Новослободская,8.0,5.0,198.8,4.0,13,Without renovation
99000000.0,Парк культуры,9.0,4.0,233.0,4.0,4,European-style renovation
22500000.0,Алма-Атинская,17.0,4.0,98.8,2.0,22,European-style renovation
135000000.0,Белорусская,10.0,4.0,164.0,5.0,18,Without renovation
98500000.0,Маяковская,5.0,4.0,141.3,11.0,13,Without renovation
55000000.0,Гражданская,8.0,5.0,149.0,3.0,34,European-style renovation
360000000.0,Минская,29.0,6.0,295.7,28.0,53,Designer
239000000.0,Маяковская,7.0,4.0,238.0,7.0,9,Designer
57400000.0,Менделеевская,2.0,4.0,117.3,6.0,7,Designer
210000000.0,Смоленская,6.0,4.0,178.0,13.0,16,European-style renovation
80000000.0,Гражданская,8.0,6.0,164.0,2.0,34,European-style renovation
170000000.0,Добрынинская,9.0,4.0,186.0,5.0,5,Designer
49900000.0,Шелепиха,15.0,4.0,90.0,5.0,36,Without renovation
270000000.0,Кропоткинская,10.0,7.0,310.0,2.0,5,Designer
369688700.0,Смоленская,10.0,6.0,267.0,6.0,7,Without renovation
34900000.0,Аминьевская,5.0,4.0,97.0,2.0,42,Without renovation
52000000.0,Аминьевская,14.0,4.0,137.0,8.0,42,Without renovation
55000000.0,ВДНХ,13.0,4.0,105.4,5.0,22,Designer
66500000.0,Тимирязевская,5.0,4.0,157.0,7.0,16,Without renovation
175000000.0,Минская,10.0,4.0,172.0,4.0,6,Without renovation
186000000.0,Кропоткинская,11.0,4.0,186.0,2.0,8,Without renovation
65000000.0,Октябрьское поле,10.0,4.0,167.0,3.0,21,Without renovation
110000000.0,Новокузнецкая,6.0,4.0,193.0,5.0,6,Designer
85000000.0,Щукинская,14.0,4.0,189.2,9.0,35,Designer
60000000.0,Беляево,4.0,4.0,147.3,21.0,23,Designer
175950000.0,Смоленская,8.0,4.0,207.1,5.0,17,Without renovation
178000000.0,Арбатская,6.0,4.0,182.0,4.0,4,Designer
170000000.0,Белорусская,7.0,4.0,250.0,2.0,17,Designer
24500000.0,Марьино,11.0,4.0,91.0,2.0,14,European-style renovation
190000000.0,Кропоткинская,7.0,5.0,272.0,5.0,6,Designer
118000000.0,ЦСКА,10.0,4.0,187.4,18.0,18,European-style renovation
125000000.0,Улица 1905 года,7.0,4.0,165.0,3.0,12,Designer
432924925.0,Полянка,1.0,4.0,273.4,7.0,11,Designer
367742970.0,Фрунзенская,15.0,5.0,250.0,2.0,10,Without renovation
120000000.0,Арбатская,10.0,5.0,203.3,2.0,4,Designer
79000000.0,Сухаревская,6.0,6.0,207.0,4.0,4,European-style renovation
82000000.0,Парк культуры,7.0,6.0,176.0,2.0,6,European-style renovation
39800000.0,Аминьевская,6.0,4.0,87.8,7.0,29,European-style renovation
398960750.0,Библиотека им. Ленина,7.0,5.0,213.9,4.0,6,Designer
120000000.0,Выставочная,8.0,5.0,126.0,18.0,21,Without renovation
119000000.0,Третьяковская,2.0,5.0,170.0,4.0,5,European-style renovation
89990000.0,Кунцевская,11.0,4.0,146.0,22.0,22,Without renovation
39000000.0,Аминьевская,31.0,4.0,88.0,6.0,27,Without renovation
93000000.0,Университет,5.0,4.0,174.0,9.0,19,Designer
34900000.0,Аминьевская,5.0,4.0,97.0,2.0,42,Without renovation
55000000.0,Студенческая,2.0,4.0,78.0,6.0,6,Without renovation
206500000.0,Арбатская,10.0,4.0,161.6,2.0,7,Designer
250000000.0,Ломоносовский проспект,20.0,6.0,383.0,1.0,22,Designer
90000000.0,Чкаловская,8.0,4.0,156.0,2.0,7,Designer
69000000.0,Маяковская,8.0,5.0,200.5,1.0,4,Designer
85000000.0,Новаторская,18.0,4.0,180.1,8.0,48,Designer
33500000.0,Римская,9.0,4.0,111.0,6.0,12,European-style renovation
310000000.0,Лужники,8.0,5.0,185.0,2.0,7,Without renovation
120000000.0,Кропоткинская,8.0,4.0,105.0,3.0,5,Designer
99000000.0,Белорусская,7.0,4.0,140.0,9.0,18,Designer
69000000.0,Раменки,3.0,5.0,198.9,10.0,19,European-style renovation
152000000.0,Новослободская,8.0,4.0,170.0,9.0,13,Without renovation
154845000.0,Кунцевская,11.0,5.0,309.7,22.0,22,European-style renovation
249950000.0,Арбатская,6.0,4.0,210.0,3.0,3,Designer
72000000.0,Профсоюзная,14.0,5.0,200.0,25.0,28,Designer
90000000.0,Балтийская,20.0,5.0,168.4,1.0,3,Without renovation
23300000.0,Павшино,17.0,4.0,93.0,5.0,25,European-style renovation
90000000.0,Новаторская,18.0,5.0,210.0,32.0,48,Designer
230000000.0,Кропоткинская,11.0,4.0,233.3,6.0,8,European-style renovation
272402200.0,Смоленская,7.0,4.0,168.3,10.0,16,Designer
149000000.0,Кропоткинская,6.0,5.0,220.0,2.0,4,Designer
21500000.0,Новопеределкино,20.0,4.0,90.3,5.0,17,European-style renovation
80000000.0,Фрунзенская,13.0,4.0,132.0,10.0,14,Designer
55000000.0,Тверская,6.0,4.0,108.0,4.0,5,Cosmetic
150000000.0,Арбатская,6.0,4.0,180.0,2.0,9,European-style renovation
130000000.0,Минская,29.0,5.0,180.0,28.0,53,Designer
90000000.0,Чеховская,7.0,4.0,165.0,4.0,6,Cosmetic
139900000.0,Смоленская,6.0,4.0,215.0,3.0,5,European-style renovation
144990000.0,Курская,9.0,4.0,189.0,2.0,10,Designer
164449675.0,Студенческая,5.0,6.0,250.0,4.0,17,Designer
70000000.0,Дмитровская,3.0,4.0,132.0,5.0,58,Designer
114000000.0,Смоленская,4.0,4.0,165.7,2.0,6,Designer
67000000.0,Беломорская,23.0,4.0,122.0,18.0,21,European-style renovation
170000000.0,Фрунзенская,8.0,4.0,170.0,6.0,12,Designer
125000000.0,Улица 1905 года,7.0,4.0,164.0,3.0,12,European-style renovation
285000000.0,Давыдково,19.0,6.0,360.0,5.0,9,Designer
185000000.0,Тульская,12.0,6.0,282.0,18.0,19,Without renovation
347312805.0,Тверская,8.0,4.0,255.0,11.0,11,Designer
112000000.0,Смоленская,7.0,4.0,190.0,12.0,19,Designer
34900000.0,Динамо,15.0,4.0,131.0,4.0,7,Without renovation
240000000.0,Кропоткинская,11.0,4.0,233.3,6.0,8,Designer
129900000.0,Сретенский бульвар,4.0,6.0,250.0,4.0,4,Cosmetic
156970000.0,Кропоткинская,6.0,5.0,220.0,2.0,5,European-style renovation
144000000.0,Курская,9.0,4.0,177.0,2.0,10,Designer
180000000.0,Тушинская,37.0,5.0,354.1,2.0,6,Designer
48000000.0,Аминьевская,5.0,4.0,108.0,29.0,42,Without renovation
315000000.0,Полянка,1.0,4.0,233.0,7.0,11,Designer
423585421.0,Курская,11.0,7.0,311.0,8.0,11,Designer
57400000.0,Шаболовская,13.0,4.0,128.0,22.0,22,Without renovation
76000000.0,Бауманская,19.0,5.0,186.0,6.0,23,Designer
396000000.0,Смоленская,9.0,5.0,252.0,3.0,7,Without renovation
79900000.0,Тверская,4.0,4.0,138.0,4.0,4,European-style renovation
52000000.0,Лефортово,17.0,4.0,118.7,15.0,15,Without renovation
185000000.0,Арбатская,8.0,5.0,241.0,5.0,6,Designer
60000000.0,Смоленская,6.0,4.0,108.0,4.0,6,European-style renovation
60000000.0,Новаторская,18.0,4.0,160.0,31.0,48,European-style renovation
88650000.0,Серпуховская,5.0,4.0,118.0,5.0,5,Designer
89000000.0,Чеховская,7.0,5.0,190.0,3.0,5,Cosmetic
311000000.0,Смоленская,8.0,6.0,267.0,6.0,7,Designer
107000000.0,Улица 1905 года,7.0,5.0,234.0,8.0,10,Designer
98000000.0,Профсоюзная,18.0,5.0,189.0,13.0,23,Designer
79000000.0,Смоленская,8.0,6.0,110.0,1.0,7,Designer
28500000.0,Измайловская,11.0,4.0,93.1,4.0,5,Cosmetic
110000000.0,Аэропорт,9.0,4.0,222.0,15.0,57,Designer
180000000.0,Кропоткинская,4.0,6.0,330.0,7.0,7,Designer
89500000.0,Сокол,2.0,5.0,190.0,17.0,18,European-style renovation
180000000.0,Фрунзенская,9.0,4.0,187.0,7.0,11,Designer
65000000.0,Баррикадная,9.0,5.0,211.0,6.0,6,Without renovation
160000000.0,Минская,34.0,4.0,250.0,16.0,17,Without renovation
36990000.0,Сухаревская,6.0,4.0,98.8,3.0,6,European-style renovation
81825000.0,Серпуховская,5.0,4.0,109.0,5.0,5,Designer
149000000.0,Китай-город,14.0,4.0,108.6,2.0,8,Designer
85000000.0,Маяковская,9.0,4.0,143.0,5.0,9,Designer
63000000.0,Минская,29.0,4.0,181.0,16.0,23,European-style renovation
242003752.0,Курская,11.0,4.0,165.8,7.0,11,Without renovation
101686337.0,Боровицкая,4.0,4.0,160.0,4.0,9,Designer
25400000.0,Народное Ополчение,12.0,4.0,85.0,5.0,14,Cosmetic
63500000.0,Алексеевская,11.0,4.0,118.5,18.0,19,Without renovation
35000000.0,Рижская,10.0,4.0,94.8,4.0,5,European-style renovation
36500000.0,Бауманская,15.0,4.0,104.4,8.0,10,European-style renovation
150000000.0,Арбатская,9.0,4.0,162.4,2.0,6,European-style renovation
180018875.0,Курская,11.0,4.0,138.0,2.0,11,Designer
144000000.0,Парк культуры,5.0,4.0,167.0,2.0,6,Designer
364824375.0,Фрунзенская,15.0,4.0,250.0,2.0,10,Designer
29800000.0,Прокшино,22.0,5.0,115.0,4.0,15,Designer
146000000.0,Кропоткинская,4.0,4.0,153.0,6.0,7,European-style renovation
16500000.0,Пражская,23.0,4.0,62.1,4.0,9,Cosmetic
68000000.0,Павелецкая,18.0,4.0,135.2,38.0,46,Without renovation
100000000.0,Смоленская,8.0,6.0,191.7,2.0,5,Without renovation
201000000.0,Щукинская,14.0,4.0,212.3,24.0,35,Designer
223758950.0,Тверская,12.0,4.0,182.0,5.0,5,Designer
84900000.0,Аэропорт,9.0,4.0,170.0,5.0,57,Designer
225000000.0,Новокузнецкая,6.0,5.0,162.7,7.0,8,Designer
356630000.0,Третьяковская,8.0,4.0,187.7,6.0,6,Without renovation
58000000.0,Первомайская,8.0,4.0,220.9,16.0,19,European-style renovation
15950000.0,Бибирево,16.0,4.0,62.3,5.0,9,Cosmetic
53000000.0,Молодежная,16.0,4.0,139.0,4.0,10,European-style renovation
85000000.0,Новослободская,4.0,4.0,172.0,8.0,10,European-style renovation
24700000.0,Дмитровская,7.0,4.0,100.0,4.0,5,Cosmetic
240000000.0,Полянка,1.0,4.0,232.0,5.0,11,Designer
74990000.0,Новослободская,6.0,4.0,154.0,5.0,13,Designer
65000000.0,Чеховская,1.0,4.0,110.0,3.0,6,Without renovation
28000000.0,Щукинская,12.0,5.0,96.0,2.0,5,Cosmetic
110000000.0,Ломоносовский проспект,18.0,4.0,218.0,6.0,38,Designer
60000000.0,Новослободская,9.0,4.0,102.0,4.0,7,European-style renovation
54000000.0,Чеховская,2.0,4.0,110.0,3.0,7,European-style renovation
110000000.0,Улица 1905 года,7.0,4.0,165.0,6.0,12,Designer
459192280.0,Парк культуры,7.0,5.0,236.0,2.0,8,Designer
125000000.0,Боровицкая,5.0,4.0,160.0,5.0,9,Designer
311316800.0,Парк культуры,6.0,5.0,202.0,5.0,6,Designer
104500000.0,Китай-город,13.0,4.0,118.0,3.0,9,Without renovation
200000000.0,Парк культуры,5.0,4.0,170.0,2.0,6,European-style renovation
142000000.0,Курская,9.0,4.0,189.0,2.0,10,Designer
174284000.0,Щукинская,18.0,4.0,192.0,5.0,7,Designer
194615000.0,Достоевская,8.0,5.0,334.0,3.0,18,Designer
38000000.0,Технопарк,10.0,4.0,94.9,8.0,13,Without renovation
180000000.0,Фрунзенская,9.0,4.0,187.0,7.0,12,Without renovation
130000000.0,Новослободская,3.0,5.0,200.0,5.0,8,Designer
144000000.0,Новокузнецкая,3.0,4.0,160.7,7.0,9,Designer
26000000.0,Селигерская,28.0,4.0,104.0,14.0,18,Designer
97307500.0,Достоевская,10.0,4.0,150.0,5.0,13,Designer
95000000.0,Новослободская,11.0,4.0,188.0,5.0,19,Designer
69000000.0,Раменки,15.0,4.0,127.1,3.0,21,Designer
57500000.0,Гражданская,8.0,5.0,150.0,27.0,34,Designer
130000000.0,Щукинская,33.0,4.0,195.0,2.0,6,Designer
30800000.0,Сокольники,16.0,4.0,91.3,2.0,5,Designer
67000000.0,Шаболовская,14.0,4.0,128.0,12.0,16,European-style renovation
129300000.0,Белорусская,13.0,5.0,171.4,12.0,21,Designer
60000000.0,Давыдково,26.0,4.0,191.1,16.0,23,Without renovation
18500000.0,Ховрино,18.0,4.0,80.3,3.0,12,European-style renovation
230000000.0,Кропоткинская,6.0,5.0,304.0,4.0,6,Without renovation
109000000.0,Минская,12.0,4.0,197.5,1.0,16,European-style renovation
243268750.0,Кропоткинская,4.0,4.0,161.0,3.0,5,Designer
225615060.0,Кропоткинская,6.0,5.0,220.0,2.0,6,European-style renovation
31500000.0,Коньково,4.0,4.0,97.7,16.0,22,Cosmetic
80000000.0,ЗИЛ,19.0,4.0,123.0,13.0,14,Designer
125000000.0,Боровицкая,4.0,4.0,160.0,5.0,9,European-style renovation
250000000.0,Терехово,44.0,6.0,310.0,1.0,4,Designer
58000000.0,Маяковская,5.0,4.0,115.0,3.0,5,Designer
120000000.0,Кузнецкий мост,4.0,6.0,312.0,3.0,5,Cosmetic
23000000.0,Новопеределкино,25.0,4.0,91.0,5.0,17,Designer
80000000.0,Трубная,4.0,4.0,130.0,5.0,5,Designer
104900000.0,Кутузовская,8.0,5.0,189.0,6.0,9,Designer
27800000.0,Говорово,15.0,5.0,112.0,4.0,17,Cosmetic
51990000.0,Фили,17.0,4.0,152.4,9.0,21,Without renovation
371325420.0,Тверская,8.0,4.0,212.0,4.0,11,European-style renovation
22000000.0,Прокшино,13.0,4.0,85.8,14.0,18,Without renovation
37000000.0,Смоленская,7.0,4.0,87.0,2.0,5,European-style renovation
140000000.0,Полянка,5.0,6.0,327.5,1.0,2,Without renovation
53000000.0,Шаболовская,16.0,4.0,143.0,17.0,29,Without renovation
99000000.0,Тушинская,38.0,4.0,190.0,1.0,6,Without renovation
80000000.0,Петровский парк,13.0,4.0,136.0,3.0,42,Without renovation
86000000.0,Тестовская,15.0,4.0,160.0,12.0,24,Designer
21500000.0,Волгоградский проспект,13.0,4.0,79.8,1.0,4,Designer
143000000.0,Аэропорт,9.0,6.0,180.0,14.0,57,Designer
91300000.0,Маяковская,6.0,5.0,215.0,8.0,10,Designer
74000000.0,Курская,7.0,4.0,187.0,6.0,6,Designer
27700000.0,Шаболовская,11.0,4.0,88.0,1.0,6,Cosmetic
128990000.0,Смоленская,9.0,6.0,350.0,4.0,4,Designer
99500000.0,Щукинская,14.0,4.0,249.0,27.0,35,European-style renovation
94000000.0,ЗИЛ,19.0,4.0,142.1,13.0,14,Designer
73000000.0,Динамо,11.0,4.0,110.0,9.0,12,Designer
145000000.0,Чистые пруды,6.0,5.0,198.6,3.0,6,Designer
22400000.0,Коммунарка,28.0,4.0,114.9,17.0,17,European-style renovation
120151350.0,Павелецкая,7.0,5.0,251.1,4.0,14,Without renovation
99900000.0,Щукинская,14.0,4.0,203.0,17.0,35,European-style renovation
299000000.0,Киевская,7.0,5.0,313.0,2.0,8,Designer
44000000.0,Гражданская,8.0,4.0,120.0,7.0,34,Designer
115000000.0,Молодежная,15.0,6.0,240.0,10.0,22,Designer
309082500.0,Смоленская,10.0,5.0,241.0,5.0,9,Designer
180000000.0,Фрунзенская,13.0,4.0,168.7,4.0,6,Without renovation
104000000.0,Новаторская,7.0,5.0,240.0,11.0,30,Designer
350000000.0,Новослободская,7.0,6.0,357.0,1.0,2,Without renovation
35000000.0,Ботанический сад,10.0,5.0,115.1,15.0,17,European-style renovation
38000000.0,Проспект Мира,11.0,4.0,90.0,7.0,9,Cosmetic
41900000.0,ВДНХ,12.0,4.0,105.0,22.0,22,Without renovation
135000000.0,Красные ворота,11.0,6.0,224.0,1.0,22,European-style renovation
37500000.0,Шелепиха,9.0,4.0,114.0,4.0,29,Without renovation
19900000.0,Трикотажная,25.0,4.0,100.0,9.0,22,Without renovation
80000000.0,Смоленская,3.0,4.0,108.0,4.0,6,Designer
22700000.0,Люблино,11.0,4.0,96.0,4.0,17,Cosmetic
350000000.0,Парк культуры,7.0,4.0,233.2,6.0,8,European-style renovation
109990000.0,Аэропорт,9.0,4.0,226.2,15.0,57,European-style renovation
38000000.0,Гражданская,8.0,4.0,120.0,16.0,34,Without renovation
110000000.0,Академическая,18.0,6.0,356.9,23.0,26,Designer
157900000.0,Белорусская,12.0,5.0,180.0,16.0,24,Without renovation
44000000.0,Цветной бульвар,7.0,4.0,101.0,2.0,4,Without renovation
220000000.0,Охотный ряд,6.0,4.0,133.0,4.0,8,European-style renovation
74000000.0,Аминьевская,5.0,5.0,108.0,17.0,42,Designer
447000000.0,Смоленская,9.0,4.0,219.0,10.0,13,Designer
32000000.0,Солнцево,11.0,4.0,98.9,18.0,20,European-style renovation
129000000.0,Славянский бульвар,20.0,6.0,177.7,4.0,31,European-style renovation
63000000.0,Новые Черемушки,15.0,4.0,170.0,15.0,15,Designer
57900000.0,ЦСКА,14.0,4.0,91.4,8.0,42,European-style renovation
171224240.0,Деловой центр,3.0,5.0,220.0,27.0,72,Designer
74000000.0,Новаторская,18.0,4.0,185.0,18.0,48,Designer
110000000.0,Академическая,17.0,6.0,360.0,23.0,26,Without renovation
95000000.0,Минская,19.0,4.0,205.0,14.0,21,Designer
130000000.0,Минская,19.0,5.0,370.0,21.0,21,Designer
169890000.0,Полянка,3.0,4.0,161.8,2.0,2,European-style renovation
280000000.0,Киевская,15.0,5.0,350.0,8.0,11,Without renovation
110000000.0,Терехово,46.0,4.0,212.7,4.0,4,Designer
65000000.0,Новаторская,10.0,4.0,179.0,11.0,32,Without renovation
72000000.0,Динамо,8.0,4.0,105.0,12.0,21,Designer
340502750.0,Библиотека им. Ленина,5.0,5.0,242.0,2.0,5,Designer
48000000.0,Молодежная,3.0,4.0,115.5,16.0,30,Designer
119900000.0,Третьяковская,6.0,4.0,121.0,3.0,7,Designer
245000000.0,Аэропорт,9.0,6.0,250.0,21.0,57,Designer
63000000.0,Раменки,7.0,6.0,185.6,15.0,20,Designer
82000000.0,Маяковская,2.0,5.0,129.0,5.0,8,Designer
159000000.0,Кропоткинская,6.0,5.0,220.0,2.0,5,Designer
64900000.0,Чеховская,2.0,5.0,144.0,4.0,6,European-style renovation
135000000.0,Щукинская,33.0,4.0,200.0,3.0,6,Designer
243000000.0,Деловой центр,1.0,4.0,175.3,40.0,97,European-style renovation
13500000.0,Ростокино,29.0,4.0,63.0,1.0,9,Without renovation
23000000.0,Ясенево,23.0,4.0,96.0,4.0,17,European-style renovation
157500000.0,Тушинская,43.0,5.0,202.0,3.0,5,Designer
236565000.0,Полянка,3.0,6.0,225.3,2.0,2,European-style renovation
58000000.0,Народное Ополчение,18.0,4.0,133.0,31.0,40,Designer
69000000.0,Полянка,4.0,4.0,100.7,5.0,14,Cosmetic
96000000.0,Речной вокзал,10.0,6.0,260.0,4.0,15,Designer
42000000.0,Белорусская,12.0,4.0,92.0,17.0,19,Designer
26000000.0,Коммунарка,1.0,4.0,108.5,5.0,7,European-style renovation
105000000.0,Серпуховская,10.0,4.0,142.4,9.0,14,European-style renovation
75000000.0,Шелепиха,6.0,4.0,107.0,15.0,41,Designer
36000000.0,Белорусская,8.0,4.0,99.0,2.0,9,Cosmetic
52000000.0,Рассказовка,12.0,4.0,119.5,14.0,25,Designer
243000000.0,Деловой центр,3.0,4.0,176.0,40.0,60,Designer
49000000.0,Коптево,7.0,4.0,100.0,1.0,5,Without renovation
235000000.0,Фрунзенская,12.0,4.0,178.0,6.0,12,Designer
50000000.0,Достоевская,7.0,4.0,99.6,5.0,9,Cosmetic
29950000.0,Римская,9.0,4.0,112.0,10.0,12,Cosmetic
36000000.0,Новые Черемушки,16.0,4.0,108.0,20.0,22,Designer
75000000.0,Минская,29.0,4.0,156.0,5.0,53,European-style renovation
152000000.0,Киевская,15.0,4.0,190.0,8.0,11,Without renovation
23900000.0,Водный стадион,7.0,4.0,70.0,24.0,26,Designer
33000000.0,Белорусская,16.0,4.0,76.8,2.0,6,European-style renovation
176035000.0,Смоленская,8.0,4.0,207.1,3.0,17,Designer
37990000.0,Академическая,7.0,4.0,103.4,13.0,18,Cosmetic
149000000.0,Коптево,7.0,5.0,168.0,5.0,5,Without renovation
55000000.0,Академическая,17.0,4.0,150.7,19.0,26,European-style renovation
311384000.0,Минская,25.0,5.0,320.0,1.0,7,European-style renovation
94000000.0,Маяковская,8.0,4.0,152.0,2.0,4,European-style renovation
115000000.0,ЗИЛ,19.0,4.0,126.0,3.0,14,Designer
260000000.0,Маяковская,9.0,4.0,141.0,3.0,8,Without renovation
25000000.0,Марксистская,11.0,4.0,74.0,3.0,12,Without renovation
232000001.0,Баррикадная,12.0,5.0,232.6,1.0,7,Without renovation
222834175.0,Тверская,8.0,4.0,161.0,2.0,5,Designer
90000000.0,Лихоборы,15.0,6.0,300.0,11.0,18,Designer
50000000.0,Новые Черемушки,15.0,4.0,180.0,6.0,15,European-style renovation
17300000.0,Сетунь,27.0,4.0,75.2,2.0,12,Cosmetic
370000000.0,Парк культуры,10.0,4.0,233.0,4.0,7,Designer
72000000.0,Проспект Вернадского,6.0,4.0,189.0,2.0,20,Designer
179000000.0,Улица 1905 года,8.0,5.0,337.5,14.0,14,Designer
300000000.0,Новослободская,8.0,6.0,298.0,6.0,13,Designer
437883750.0,Арбатская,8.0,6.0,349.3,6.0,9,Designer
22500000.0,Стахановская,7.0,4.0,96.2,5.0,5,European-style renovation
90000000.0,Минская,26.0,4.0,147.0,15.0,24,Designer
89000000.0,Чеховская,7.0,5.0,190.0,3.0,5,Without renovation
109000000.0,Курская,11.0,6.0,321.0,4.0,5,Cosmetic
46000000.0,Фили,6.0,4.0,126.0,22.0,42,Without renovation
56000000.0,Динамо,9.0,5.0,95.0,15.0,19,Designer
23000000.0,Улица Дмитриевского,13.0,4.0,95.7,12.0,12,Cosmetic
60000000.0,Проспект Мира,3.0,4.0,124.1,3.0,14,European-style renovation
115000000.0,Славянский бульвар,20.0,5.0,212.0,27.0,31,Designer
69000000.0,Автозаводская,7.0,4.0,158.0,5.0,15,European-style renovation
111500000.0,Новаторская,18.0,5.0,198.0,6.0,48,Designer
21700000.0,Борисово,12.0,4.0,105.0,12.0,22,Designer
115000000.0,Славянский бульвар,19.0,5.0,215.0,27.0,31,Designer
42000000.0,Ростокино,7.0,5.0,150.0,17.0,17,Without renovation
400000000.0,Смоленская,13.0,5.0,330.0,11.0,13,Designer
220000000.0,Ломоносовский проспект,24.0,6.0,234.0,1.0,12,Without renovation
125000000.0,Смоленская,6.0,4.0,209.3,5.0,13,Designer
160000000.0,Фрунзенская,12.0,4.0,143.5,2.0,6,Without renovation
32000000.0,Тимирязевская,7.0,4.0,135.8,1.0,8,Without renovation
140000000.0,Новаторская,18.0,4.0,175.0,24.0,48,Designer
250000000.0,Фрунзенская,8.0,4.0,168.3,7.0,12,Without renovation
88200000.0,Давыдково,25.0,5.0,253.0,22.0,23,Without renovation
164000000.0,Киевская,15.0,4.0,205.0,8.0,11,Designer
54000000.0,Лефортово,17.0,4.0,118.7,7.0,15,Without renovation
22200000.0,Улица Скобелевская,9.0,4.0,95.1,3.0,12,European-style renovation
26900000.0,Аминьевская,31.0,4.0,81.2,12.0,27,Without renovation
72000000.0,Молодежная,7.0,6.0,225.3,2.0,8,Designer
60000000.0,Преображенская площадь,7.0,4.0,151.7,6.0,10,European-style renovation
217080000.0,Минская,12.0,4.0,190.6,4.0,36,Without renovation
41000000.0,Трикотажная,24.0,5.0,101.1,1.0,25,Without renovation
214030300.0,Улица 1905 года,12.0,5.0,180.8,33.0,44,Designer
63000000.0,Преображенская площадь,7.0,4.0,166.3,6.0,10,European-style renovation
218000000.0,Пушкинская,4.0,4.0,200.0,4.0,6,Designer
54000000.0,Электрозаводская,16.0,4.0,118.7,11.0,15,Without renovation
82000000.0,Сокольники,3.0,4.0,134.0,20.0,39,Designer
350000000.0,Международная,2.0,4.0,295.0,79.0,88,Designer
40990000.0,Крылатское,9.0,5.0,132.0,3.0,15,Without renovation
362500000.0,Деловой центр,1.0,10.0,353.0,82.0,97,Designer
85000000.0,Славянский бульвар,20.0,4.0,168.0,10.0,31,European-style renovation
189000000.0,Деловой центр,3.0,4.0,175.0,40.0,60,Designer
14900000.0,Лихоборы,9.0,4.0,62.2,1.0,9,European-style renovation
21000000.0,Беляево,16.0,4.0,81.0,1.0,25,Cosmetic
85000000.0,Давыдково,23.0,5.0,144.0,5.0,25,Designer
195000000.0,Фрунзенская,7.0,4.0,144.0,9.0,12,Designer
408603300.0,Арбатская,11.0,5.0,225.0,5.0,8,Designer
214030300.0,Славянский бульвар,20.0,4.0,179.0,22.0,31,Designer
69900000.0,Сухаревская,5.0,4.0,101.0,2.0,9,Without renovation
55000000.0,Комсомольская,13.0,5.0,205.0,2.0,5,Cosmetic
83000000.0,Филёвский парк,10.0,5.0,269.0,16.0,16,European-style renovation
58000000.0,Багратионовская,12.0,4.0,85.0,11.0,28,Without renovation
120000000.0,Аэропорт,9.0,4.0,156.0,49.0,57,Designer
147350000.0,Ломоносовский проспект,15.0,4.0,210.0,5.0,17,Designer
55000000.0,Новые Черемушки,9.0,4.0,149.0,19.0,22,Designer
75000000.0,Аэропорт,5.0,4.0,180.0,9.0,19,European-style renovation
49000000.0,Красный Балтиец,15.0,5.0,154.0,13.0,14,European-style renovation
204595000.0,Арбатская,8.0,6.0,240.7,4.0,6,Designer
149000000.0,Чистые пруды,6.0,5.0,195.1,3.0,6,Designer
82000000.0,Парк культуры,7.0,4.0,117.0,2.0,4,Designer
24500000.0,Улица Скобелевская,6.0,5.0,112.6,7.0,12,Cosmetic
75000000.0,Строгино,9.0,4.0,160.0,26.0,29,Designer
23500000.0,Перово,7.0,4.0,101.0,6.0,6,European-style renovation
165000000.0,Парк Победы,10.0,4.0,151.8,7.0,13,Designer
89000000.0,Минская,58.0,5.0,127.0,9.0,14,Without renovation
278677179.0,Парк культуры,8.0,5.0,337.0,1.0,6,Designer
29496870.0,Сетунь,5.0,4.0,154.0,24.0,24,European-style renovation
175000000.0,Парк Победы,10.0,4.0,162.9,10.0,13,Designer
35000000.0,Коптево,20.0,4.0,112.0,16.0,17,Designer
45500000.0,Октябрьское поле,20.0,4.0,94.2,23.0,24,Designer
98500000.0,Маяковская,5.0,4.0,141.0,11.0,13,Without renovation
150000000.0,Парк Победы,10.0,4.0,137.7,1.0,10,Designer
265500000.0,Арбатская,10.0,4.0,161.0,2.0,22,European-style renovation
293280000.0,Кропоткинская,4.0,5.0,244.4,2.0,3,Designer
109000000.0,Проспект Мира,6.0,5.0,216.0,3.0,17,European-style renovation
49900000.0,Шелепиха,13.0,4.0,90.0,5.0,37,Designer
111500000.0,Достоевская,7.0,4.0,223.0,4.0,10,Designer
63000000.0,Аминьевская,13.0,4.0,142.0,16.0,26,Without renovation
29000000.0,Народное Ополчение,10.0,4.0,100.2,12.0,14,Cosmetic
44200000.0,Цветной бульвар,7.0,4.0,108.0,2.0,6,Cosmetic
14800000.0,Домодедовская,7.0,4.0,63.0,3.0,9,Cosmetic
57000000.0,Парк культуры,13.0,4.0,95.0,1.0,6,Designer
31000000.0,Тульская,26.0,4.0,100.0,3.0,5,Without renovation
180000000.0,Парк культуры,8.0,5.0,238.4,2.0,4,European-style renovation
45000000.0,Бауманская,15.0,5.0,160.1,2.0,5,European-style renovation
33000000.0,Бутырская,8.0,4.0,116.9,22.0,32,European-style renovation
285000000.0,Лужники,8.0,4.0,223.2,3.0,7,Without renovation
186900000.0,Киевская,15.0,5.0,217.3,10.0,11,Without renovation
140000000.0,Белорусская,14.0,4.0,126.0,5.0,9,Designer
81700000.0,Терехово,46.0,5.0,152.0,2.0,4,European-style renovation
403826125.0,Парк культуры,10.0,5.0,222.0,3.0,6,European-style renovation
38000000.0,Комсомольская,10.0,4.0,98.4,3.0,4,Cosmetic
85000000.0,Минская,12.0,4.0,130.0,21.0,39,Designer
180000000.0,Новокузнецкая,3.0,4.0,181.0,4.0,9,Designer
74250000.0,Шелепиха,17.0,4.0,140.4,17.0,24,Without renovation
33500000.0,Зюзино,13.0,5.0,112.0,11.0,17,European-style renovation
37000000.0,Соколиная Гора,18.0,4.0,124.9,2.0,6,European-style renovation
105000000.0,Парк Победы,10.0,4.0,135.2,2.0,10,Designer
58000000.0,Мичуринский проспект,7.0,4.0,146.0,11.0,12,Designer
78396000.0,Динамо,9.0,4.0,166.8,8.0,16,Designer
14300000.0,Сетунь,10.0,4.0,64.0,5.0,9,Cosmetic
247000000.0,Парк Победы,10.0,4.0,185.0,9.0,13,Designer
116889000.0,Динамо,9.0,6.0,248.7,8.0,16,Designer
245300000.0,Краснопресненская,6.0,5.0,245.3,2.0,14,European-style renovation
35500000.0,Авиамоторная,7.0,5.0,224.0,6.0,6,European-style renovation
24990000.0,Медведково,20.0,4.0,103.2,6.0,22,European-style renovation
54900000.0,Курская,9.0,5.0,125.0,3.0,3,European-style renovation
34700000.0,Проспект Вернадского,18.0,4.0,105.4,7.0,8,Cosmetic
74756500.0,Тульская,27.0,4.0,185.5,7.0,8,Designer
128000000.0,Кропоткинская,7.0,4.0,162.0,2.0,5,Without renovation
408691500.0,Арбатская,11.0,6.0,237.8,5.0,8,European-style renovation
125000000.0,Охотный ряд,2.0,5.0,134.9,6.0,8,European-style renovation
13850000.0,Селигерская,29.0,4.0,64.0,5.0,9,Without renovation
23700000.0,Бульвар Рокоссовского,5.0,4.0,97.4,4.0,5,Cosmetic
180408105.0,Курская,9.0,5.0,206.0,3.0,10,Without renovation
34500000.0,Нижегородская,9.0,4.0,109.6,15.0,33,Without renovation
291922500.0,Терехово,46.0,5.0,344.8,2.0,4,European-style renovation
70000000.0,Академическая,15.0,4.0,200.0,14.0,17,European-style renovation
39500000.0,Пионерская,6.0,4.0,136.4,21.0,22,European-style renovation
125000000.0,Китай-город,14.0,4.0,108.6,2.0,8,European-style renovation
216000000.0,Маяковская,12.0,4.0,182.8,3.0,6,European-style renovation
56000000.0,Первомайская,10.0,4.0,176.0,7.0,19,Designer
370819421.0,Спортивная,28.0,5.0,272.2,13.0,16,Without renovation
33900000.0,Рабочий Посёлок,20.0,4.0,99.7,15.0,28,Without renovation
150000000.0,Новокузнецкая,3.0,4.0,166.0,4.0,5,Designer
389230000.0,Парк культуры,7.0,4.0,153.0,3.0,8,Designer
27000000.0,Дмитровская,3.0,4.0,108.0,2.0,6,Without renovation
48500000.0,Кунцевская,11.0,4.0,122.6,6.0,24,Without renovation
126217558.0,Спортивная,28.0,5.0,152.6,12.0,16,Without renovation
29500000.0,Улица Скобелевская,12.0,4.0,91.0,33.0,33,Designer
100000000.0,Проспект Мира,6.0,5.0,180.0,4.0,17,Designer
296000000.0,Ломоносовский проспект,24.0,5.0,237.4,4.0,12,Without renovation
252999500.0,Маяковская,12.0,5.0,298.0,5.0,15,European-style renovation
200000000.0,Фрунзенская,8.0,4.0,169.8,6.0,12,European-style renovation
48000000.0,Авиамоторная,18.0,4.0,106.0,10.0,17,Without renovation
165000000.0,Арбатская,8.0,4.0,209.0,4.0,9,Designer
159300000.0,Терехово,46.0,4.0,267.0,3.0,4,Designer
85000000.0,Тульская,15.0,4.0,212.0,18.0,19,Without renovation
35000000.0,Крымская,14.0,5.0,128.3,19.0,19,Cosmetic
80000000.0,Щукинская,13.0,4.0,167.0,4.0,49,Designer
450000000.0,Таганская,10.0,5.0,265.6,7.0,9,Without renovation
100000000.0,Маяковская,8.0,4.0,152.0,4.0,4,European-style renovation
29300000.0,Беломорская,12.0,4.0,111.2,16.0,19,European-style renovation
189000000.0,Водный стадион,14.0,4.0,317.0,6.0,12,Designer
244339132.0,Курская,9.0,5.0,279.0,3.0,10,Without renovation
36900000.0,Парк культуры,11.0,4.0,89.5,15.0,17,European-style renovation
100000000.0,Октябрьское поле,10.0,5.0,200.2,8.0,18,Designer
120000000.0,Маяковская,7.0,4.0,164.0,5.0,12,Designer
100000000.0,Ломоносовский проспект,17.0,5.0,145.0,25.0,42,Designer
330000000.0,Фрунзенская,15.0,5.0,202.0,5.0,11,Designer
65000000.0,Молодежная,7.0,4.0,135.0,9.0,40,Designer
27000000.0,Дмитровская,7.0,4.0,99.3,1.0,5,Designer
175000000.0,Улица 1905 года,9.0,5.0,190.0,10.0,20,European-style renovation
65000000.0,Новаторская,18.0,4.0,145.6,22.0,48,Designer
47500000.0,Улица 1905 года,11.0,4.0,100.0,2.0,5,Designer
67294999.0,Тимирязевская,5.0,4.0,157.5,6.0,16,Without renovation
82000000.0,Алексеевская,10.0,5.0,179.0,14.0,21,Without renovation
194615000.0,Новослободская,8.0,4.0,170.0,7.0,13,Without renovation
329000000.0,Новослободская,8.0,5.0,236.0,1.0,3,Without renovation
87000000.0,Октябрьское поле,10.0,5.0,176.0,3.0,18,European-style renovation
20649000.0,Волоколамская,13.0,4.0,89.5,16.0,16,Cosmetic
179999999.0,Фрунзенская,9.0,4.0,187.0,7.0,11,Without renovation
180000000.0,Новослободская,8.0,5.0,200.0,4.0,13,Without renovation
67500000.0,Давыдково,19.0,5.0,231.3,3.0,8,Without renovation
69000000.0,Проспект Вернадского,6.0,5.0,189.0,2.0,20,Designer
39500000.0,Цветной бульвар,6.0,4.0,100.0,6.0,6,European-style renovation
50000000.0,Новые Черемушки,15.0,4.0,162.0,6.0,15,Designer
268940000.0,Славянский бульвар,24.0,6.0,384.2,1.0,26,Designer
60900000.0,Комсомольская,12.0,4.0,133.0,5.0,6,Cosmetic
194614902.0,Трубная,5.0,4.0,170.2,3.0,5,Without renovation
319990000.0,Новослободская,8.0,6.0,300.0,6.0,13,European-style renovation
110000000.0,Полянка,10.0,5.0,146.6,2.0,7,European-style renovation
200000000.0,Славянский бульвар,24.0,6.0,385.0,1.0,26,Without renovation
50000000.0,Гражданская,8.0,4.0,132.7,24.0,34,Designer
85000000.0,Белорусская,8.0,6.0,210.0,4.0,5,Designer
115000000.0,Ломоносовский проспект,15.0,5.0,212.0,6.0,17,Designer
60000000.0,Тверская,6.0,5.0,115.0,2.0,7,European-style renovation
439479593.0,Спортивная,28.0,6.0,322.6,13.0,16,Without renovation
290000000.0,Фрунзенская,15.0,4.0,202.0,4.0,11,Designer
44900000.0,Академическая,14.0,5.0,126.3,2.0,10,European-style renovation
38000000.0,Новаторская,4.0,4.0,92.0,17.0,24,European-style renovation
110000000.0,Смоленская,7.0,4.0,204.0,3.0,11,Designer
85000000.0,Серпуховская,10.0,4.0,121.4,11.0,14,European-style renovation
59000000.0,Раменки,3.0,4.0,185.3,10.0,19,Without renovation
21950000.0,Бульвар Рокоссовского,11.0,4.0,97.4,5.0,5,Cosmetic
40000000.0,Сокольники,7.0,4.0,116.0,7.0,7,Designer
291922500.0,Терехово,44.0,6.0,342.0,2.0,4,Designer
80000000.0,Минская,19.0,4.0,152.0,7.0,21,Designer
80500000.0,Мичуринский проспект,12.0,5.0,161.0,49.0,50,Without renovation
25990000.0,Прокшино,23.0,4.0,129.0,1.0,17,European-style renovation
85000000.0,Молодежная,7.0,5.0,219.6,2.0,28,Without renovation
190000000.0,Новокузнецкая,4.0,5.0,300.0,10.0,12,Without renovation
83500000.0,Смоленская,9.0,4.0,150.0,2.0,8,European-style renovation
120000000.0,Лианозово,15.0,8.0,380.0,3.0,22,European-style renovation
160000000.0,Арбатская,8.0,5.0,210.0,3.0,9,Designer
43000000.0,Народное Ополчение,30.0,4.0,123.6,13.0,24,European-style renovation
291922500.0,Кропоткинская,6.0,4.0,165.0,1.0,7,Without renovation
28000000.0,Угрешская,8.0,4.0,94.0,20.0,33,Without renovation
450000000.0,Фрунзенская,12.0,5.0,387.0,4.0,6,Designer
49500000.0,Ботанический сад,13.0,4.0,91.3,4.0,49,Without renovation
86999900.0,Минская,12.0,4.0,214.6,15.0,16,Designer
275000000.0,Белорусская,10.0,5.0,245.0,14.0,18,Without renovation
145000000.0,Ломоносовский проспект,18.0,5.0,226.0,20.0,38,Designer
340502750.0,Тверская,8.0,4.0,261.0,5.0,8,Designer
71000000.0,Кунцевская,10.0,5.0,232.5,11.0,15,Without renovation
377960000.0,Трубная,8.0,5.0,343.6,2.0,3,Designer
46500000.0,Народное Ополчение,12.0,4.0,153.0,18.0,22,Designer
18990000.0,Новые Черемушки,12.0,4.0,62.7,8.0,9,European-style renovation
79900000.0,Водный стадион,8.0,4.0,170.0,13.0,25,Designer
25000000.0,Лефортово,15.0,4.0,91.6,6.0,9,Without renovation
76000000.0,ЗИЛ,11.0,4.0,125.0,5.0,20,Designer
85000000.0,Боровицкая,11.0,4.0,120.0,8.0,12,Without renovation
16800000.0,Пятницкое шоссе,10.0,4.0,77.0,1.0,14,Cosmetic
71200000.0,Ленинский проспект,17.0,4.0,122.0,11.0,19,European-style renovation
39000000.0,Юго-Западная,12.0,5.0,125.4,3.0,25,Without renovation
204301650.0,Аэропорт,9.0,4.0,180.0,34.0,57,Designer
110000000.0,Академическая,17.0,5.0,357.0,23.0,26,Designer
60000000.0,Тверская,6.0,4.0,110.0,2.0,7,Cosmetic
205000000.0,Новокузнецкая,3.0,7.0,343.6,8.0,9,European-style renovation
69000000.0,Аминьевская,10.0,4.0,145.0,8.0,25,Without renovation
210000000.0,Арбатская,9.0,6.0,300.0,4.0,6,Designer
299000000.0,Октябрьская,9.0,5.0,272.0,7.0,16,European-style renovation
185000000.0,Полянка,7.0,4.0,159.0,4.0,9,Without renovation
179990000.0,Новослободская,8.0,5.0,200.1,4.0,13,Without renovation
193000000.0,Третьяковская,6.0,5.0,203.0,1.0,6,Without renovation
71722000.0,Тимирязевская,5.0,4.0,149.4,13.0,16,Without renovation
200200000.0,Щукинская,32.0,5.0,234.0,4.0,6,European-style renovation
95000000.0,Цветной бульвар,6.0,5.0,227.0,4.0,7,Without renovation
180000000.0,Кропоткинская,4.0,5.0,330.0,7.0,7,European-style renovation
59000000.0,Шаболовская,17.0,4.0,136.8,27.0,30,Without renovation
29800000.0,Перово,18.0,5.0,127.0,1.0,5,Cosmetic
24900000.0,Озёрная,14.0,4.0,108.3,4.0,5,Cosmetic
63790000.0,Менделеевская,2.0,5.0,217.0,5.0,7,European-style renovation
19500000.0,Зябликово,12.0,4.0,85.0,9.0,12,European-style renovation
120000000.0,Киевская,15.0,4.0,150.0,10.0,11,European-style renovation
225000000.0,Тверская,12.0,5.0,173.0,4.0,12,Designer
243000000.0,Новокузнецкая,3.0,5.0,288.8,9.0,22,Without renovation
22500000.0,Каширская,3.0,4.0,95.0,2.0,6,Cosmetic
56000000.0,Беломорская,20.0,4.0,144.0,9.0,11,Without renovation
125000000.0,Кропоткинская,4.0,5.0,200.0,7.0,7,European-style renovation
120000000.0,Выставочная,8.0,4.0,125.0,18.0,21,Designer
25000000.0,Речной вокзал,23.0,5.0,130.5,1.0,22,European-style renovation
35000000.0,Аннино,8.0,4.0,100.0,23.0,25,Designer
54000000.0,Гражданская,11.0,4.0,135.3,6.0,34,Designer
16790000.0,Прокшино,18.0,4.0,82.0,5.0,16,Without renovation
117000000.0,Римская,10.0,4.0,128.7,4.0,7,Designer
130000000.0,Минская,18.0,4.0,203.4,10.0,17,Designer
246125520.0,Кропоткинская,4.0,7.0,230.0,4.0,5,Designer
19590000.0,Волжская,14.0,4.0,98.5,4.0,5,Cosmetic
389230000.0,Проспект Мира,7.0,4.0,245.0,9.0,14,European-style renovation
33000000.0,Дубровка,11.0,5.0,122.0,6.0,7,Without renovation
75000000.0,Добрынинская,8.0,4.0,117.9,4.0,5,European-style renovation
37000000.0,Хорошево,21.0,4.0,103.8,18.0,39,Without renovation
130000000.0,Трубная,7.0,5.0,214.0,3.0,5,Without renovation
110000000.0,Арбатская,5.0,4.0,134.6,4.0,7,Designer
445279120.0,Парк культуры,8.0,4.0,208.0,3.0,6,Without renovation
299000000.0,Краснопресненская,6.0,4.0,210.0,5.0,14,Designer
37200000.0,Юго-Западная,17.0,4.0,114.0,3.0,17,European-style renovation
130000000.0,Спортивная,11.0,4.0,150.0,3.0,14,Without renovation
58000000.0,Беговая,4.0,4.0,156.0,15.0,32,European-style renovation
115222000.0,Курская,8.0,5.0,218.0,4.0,4,Without renovation
98000000.0,Новокузнецкая,3.0,6.0,182.0,7.0,8,Without renovation
450000000.0,Арбатская,7.0,4.0,207.0,6.0,8,European-style renovation
195500000.0,Смоленская,10.0,4.0,163.0,7.0,7,Without renovation
105000000.0,Крылатское,12.0,4.0,191.0,10.0,23,European-style renovation
92000000.0,Молодежная,16.0,5.0,226.2,7.0,10,European-style renovation
78000000.0,Маяковская,9.0,4.0,160.0,2.0,9,Designer
97286500.0,Университет,6.0,4.0,140.0,3.0,19,Designer
92000000.0,Проспект Мира,6.0,4.0,127.5,4.0,17,Designer
205040000.0,Арбатская,6.0,6.0,252.0,6.0,8,Designer
75000000.0,Октябрьское поле,9.0,5.0,227.0,2.0,27,Without renovation
23500000.0,Рабочий Посёлок,5.0,5.0,100.3,1.0,12,Cosmetic
47000000.0,Трубная,6.0,5.0,120.0,5.0,5,Without renovation
130000000.0,Третьяковская,2.0,4.0,165.0,4.0,5,European-style renovation
64500000.0,Арбатская,12.0,8.0,180.5,3.0,4,European-style renovation
85900000.0,Серпуховская,9.0,4.0,131.1,2.0,17,European-style renovation
80000000.0,Профсоюзная,18.0,5.0,200.0,13.0,23,Without renovation
190000000.0,Студенческая,4.0,6.0,227.0,18.0,18,Without renovation
118000000.0,Сретенский бульвар,5.0,4.0,131.2,1.0,5,Designer
39000000.0,Белорусская,3.0,5.0,130.0,3.0,6,European-style renovation
214076500.0,Парк культуры,12.0,4.0,163.8,2.0,10,Without renovation
128950000.0,Парк Победы,7.0,5.0,291.4,12.0,12,Designer
130000000.0,Новокузнецкая,8.0,4.0,136.0,2.0,5,European-style renovation
203500000.0,Смоленская,10.0,5.0,185.0,7.0,7,Without renovation
40990000.0,Нагатинская,17.0,4.0,146.6,9.0,33,Designer
185000000.0,Киевская,11.0,10.0,335.0,6.0,6,Designer
28900000.0,ВДНХ,16.0,4.0,89.0,8.0,8,Cosmetic
140000000.0,Динамо,9.0,4.0,203.1,7.0,10,Designer
149115000.0,Сретенский бульвар,5.0,4.0,167.4,1.0,5,Designer
90000000.0,Новаторская,17.0,4.0,148.0,16.0,17,Designer
21500000.0,Прокшино,22.0,5.0,114.3,5.0,15,Without renovation
83000000.0,Новокузнецкая,8.0,4.0,85.5,3.0,5,Without renovation
73000000.0,Профсоюзная,6.0,4.0,150.0,13.0,25,Designer
200000000.0,Тушинская,43.0,5.0,317.7,5.0,5,Designer
64900000.0,Чеховская,1.0,4.0,145.0,4.0,6,Designer
45000000.0,Университет,15.0,4.0,100.0,4.0,11,European-style renovation
194615000.0,Парк культуры,5.0,4.0,161.1,2.0,6,European-style renovation
250000000.0,Парк культуры,8.0,5.0,245.0,3.0,4,European-style renovation
71397000.0,Ленинский проспект,17.0,4.0,121.0,11.0,19,Without renovation
80000000.0,Сетунь,5.0,5.0,207.0,17.0,24,Designer
70000000.0,Тульская,27.0,4.0,184.5,8.0,8,Without renovation
110000000.0,Третьяковская,6.0,5.0,186.3,2.0,5,European-style renovation
88900000.0,Минская,29.0,4.0,145.0,19.0,53,Designer
57000000.0,Цветной бульвар,3.0,4.0,100.0,2.0,4,European-style renovation
277662086.0,Парк культуры,7.0,5.0,335.7,1.0,8,European-style renovation
120000000.0,Минская,19.0,4.0,302.2,14.0,21,European-style renovation
78000000.0,Давыдково,23.0,5.0,128.0,7.0,25,Without renovation
153000000.0,Киевская,13.0,4.0,140.0,5.0,9,Without renovation
68000000.0,Крылатское,10.0,5.0,163.3,31.0,35,Without renovation
37749999.0,Технопарк,10.0,4.0,93.0,8.0,13,Without renovation
49950000.0,Савеловская,13.0,4.0,126.0,7.0,17,Without renovation
34000000.0,Аминьевская,29.0,4.0,101.0,21.0,22,Designer
150000000.0,Курская,12.0,4.0,140.0,6.0,7,Without renovation
130000000.0,Ломоносовский проспект,14.0,4.0,231.0,5.0,16,Without renovation
33900000.0,Волгоградский проспект,11.0,4.0,97.6,3.0,5,Cosmetic
20200000.0,Жулебино,11.0,4.0,101.4,3.0,4,Cosmetic
25000000.0,Алтуфьево,16.0,4.0,116.0,2.0,24,Cosmetic
63000000.0,Чеховская,2.0,4.0,115.0,3.0,7,European-style renovation
194615000.0,Достоевская,8.0,5.0,319.2,3.0,18,European-style renovation
170000000.0,Шаболовская,8.0,4.0,329.0,16.0,21,European-style renovation
70000000.0,Рабочий Посёлок,14.0,4.0,199.0,24.0,24,Designer
19999999.0,Покровское,32.0,4.0,105.0,17.0,18,European-style renovation
32000000.0,Академическая,14.0,4.0,94.0,2.0,10,European-style renovation
170000000.0,Смоленская,10.0,5.0,185.0,5.0,7,Without renovation
23000000.0,Борисово,12.0,4.0,100.0,12.0,22,European-style renovation
27000000.0,Пятницкое шоссе,16.0,4.0,107.2,14.0,14,Cosmetic
79000000.0,ЦСКА,11.0,4.0,136.0,15.0,24,Designer
37502220.0,Тропарево,16.0,4.0,137.1,5.0,22,European-style renovation
89990000.0,Октябрьское поле,9.0,5.0,317.0,24.0,27,Without renovation
50999999.0,Технопарк,8.0,4.0,110.0,16.0,17,Without renovation
37950000.0,Пролетарская,4.0,4.0,96.7,6.0,12,Cosmetic
54000000.0,Озёрная,8.0,4.0,105.0,4.0,22,Designer
199000000.0,Арбатская,5.0,5.0,177.0,3.0,7,European-style renovation
24000000.0,Перово,17.0,4.0,98.0,4.0,12,Cosmetic
160000000.0,Улица 1905 года,10.0,4.0,163.4,11.0,18,Designer
167000000.0,Улица 1905 года,10.0,4.0,163.4,11.0,18,Designer
280500000.0,Полянка,6.0,4.0,165.0,2.0,6,Designer
134000000.0,Сухаревская,3.0,5.0,220.0,4.0,6,Designer
25000000.0,Фонвизинская,9.0,4.0,107.0,4.0,5,European-style renovation
450000000.0,Фрунзенская,11.0,5.0,380.0,3.0,4,European-style renovation
90000000.0,Сокольники,3.0,4.0,180.0,15.0,39,European-style renovation
350000000.0,Новослободская,7.0,4.0,232.0,2.0,2,Without renovation
186017882.0,Деловой центр,3.0,5.0,224.9,24.0,72,European-style renovation
87000000.0,Новокузнецкая,11.0,4.0,137.0,2.0,7,Designer
65000000.0,Савеловская,13.0,4.0,124.2,13.0,17,Designer
50000000.0,Смоленская,7.0,5.0,102.4,4.0,4,European-style renovation
26600000.0,Лефортово,12.0,4.0,94.0,2.0,23,European-style renovation
165000000.0,Алексеевская,13.0,5.0,346.0,9.0,13,Without renovation
200000000.0,Новокузнецкая,3.0,4.0,185.4,6.0,22,Without renovation
55500000.0,Раменки,9.0,4.0,162.7,13.0,18,Cosmetic
70000000.0,Парк культуры,5.0,4.0,120.0,4.0,4,European-style renovation
53000000.0,Петровский парк,13.0,4.0,164.3,9.0,14,Designer
65000000.0,Арбатская,5.0,6.0,228.0,6.0,7,European-style renovation
23000000.0,Окская,6.0,4.0,99.0,3.0,5,Cosmetic
53999999.0,Технопарк,8.0,4.0,187.0,17.0,17,Without renovation
99900000.0,Арбатская,10.0,4.0,166.5,2.0,7,European-style renovation
99000000.0,Терехово (Мнёвники),4.0,4.0,149.0,5.0,10,Without renovation
126499750.0,Пушкинская,7.0,4.0,165.0,4.0,6,European-style renovation
39400000.0,Новослободская,5.0,4.0,101.0,3.0,6,European-style renovation
20250000.0,Авиамоторная,7.0,5.0,88.5,5.0,6,Cosmetic
396000000.0,Смоленская,9.0,5.0,252.1,3.0,7,Without renovation
145961250.0,Курская,12.0,4.0,140.7,6.0,7,Without renovation
56600000.0,ЦСКА,8.0,4.0,155.0,12.0,12,Cosmetic
114800000.0,Ломоносовский проспект,15.0,5.0,208.0,6.0,17,Without renovation
165000000.0,Выставочная,11.0,5.0,153.6,9.0,70,Designer
89000000.0,Киевская,13.0,4.0,134.0,2.0,14,European-style renovation
250000000.0,Тверская,5.0,4.0,185.0,5.0,8,European-style renovation
128000000.0,Маяковская,4.0,5.0,229.0,7.0,9,Designer
20700000.0,Коптево,11.0,4.0,87.0,4.0,6,European-style renovation
145961250.0,Кузнецкий мост,5.0,4.0,221.0,5.0,5,European-style renovation
120000000.0,Арбатская,10.0,5.0,203.0,2.0,4,European-style renovation
60000000.0,Крестьянская застава,10.0,4.0,116.0,4.0,9,European-style renovation
41000000.0,Сухаревская,6.0,4.0,115.0,2.0,7,Without renovation
89000000.0,Чеховская,7.0,6.0,188.0,3.0,5,European-style renovation
286995175.0,Арбатская,9.0,4.0,162.0,2.0,8,Designer
359960050.0,Тушинская,40.0,7.0,362.0,6.0,7,Designer
34900000.0,Новопеределкино,26.0,4.0,134.0,8.0,10,European-style renovation
65000000.0,Рабочий Посёлок,14.0,6.0,232.6,24.0,24,Without renovation
299000000.0,Спортивная,28.0,4.0,200.0,12.0,16,Designer
67000000.0,Новослободская,10.0,6.0,161.5,3.0,6,Designer
84000000.0,Измайловская,13.0,4.0,163.4,3.0,18,Designer
36000000.0,Лермонтовский проспект,13.0,5.0,124.4,1.0,5,Designer
53999999.0,Технопарк,10.0,4.0,110.0,13.0,13,Without renovation
24000000.0,Улица Скобелевская,4.0,4.0,98.0,4.0,22,Cosmetic
194615000.0,Парк культуры,8.0,4.0,195.1,4.0,7,Without renovation
75000000.0,Динамо,11.0,4.0,166.0,7.0,25,Without renovation
33999999.0,Люблино,15.0,4.0,105.0,3.0,22,Without renovation
119000000.0,Чистые пруды,5.0,5.0,250.0,5.0,6,European-style renovation
180000000.0,Новослободская,8.0,5.0,198.8,4.0,13,Designer
254035000.0,Минская,12.0,4.0,240.7,5.0,36,Without renovation
30000000.0,Стрешнево,11.0,4.0,104.3,3.0,8,European-style renovation
16990000.0,Люблино,16.0,4.0,82.0,2.0,12,Cosmetic
205104600.0,Кропоткинская,5.0,6.0,222.0,4.0,5,European-style renovation
110000000.0,Арбатская,10.0,4.0,149.0,3.0,4,European-style renovation
270000000.0,Кропоткинская,10.0,5.0,310.9,1.0,5,European-style renovation
18200000.0,Алтуфьево,10.0,4.0,80.3,2.0,12,Without renovation
62800000.0,Речной вокзал,18.0,5.0,195.0,24.0,25,Designer
412000000.0,Фрунзенская,11.0,4.0,178.6,14.0,14,Without renovation
52000000.0,Бауманская,1.0,5.0,183.0,5.0,6,European-style renovation
69900000.0,Давыдково,16.0,4.0,123.0,16.0,16,Designer
433018375.0,Полянка,1.0,4.0,273.4,7.0,11,European-style renovation
30000000.0,Царицыно,29.0,4.0,95.0,3.0,17,Designer
170000000.0,Смоленская,11.0,5.0,175.0,2.0,6,European-style renovation
240000000.0,Кропоткинская,11.0,4.0,233.0,5.0,8,Designer
69000000.0,Кунцевская,8.0,4.0,270.0,13.0,26,Without renovation
291922500.0,Фрунзенская,7.0,5.0,251.5,3.0,14,Designer
399000000.0,Смоленская,10.0,8.0,348.0,7.0,7,Without renovation
140000000.0,Динамо,9.0,4.0,201.3,7.0,10,Designer
28500000.0,Текстильщики,19.0,4.0,105.8,21.0,23,Designer
25500000.0,Юго-Восточная,7.0,4.0,97.5,21.0,22,Cosmetic
203750000.0,Деловой центр,3.0,4.0,227.0,39.0,72,Designer
60000000.0,Беляево,4.0,4.0,161.0,14.0,23,Designer
68000000.0,Смоленская,4.0,4.0,95.0,5.0,6,European-style renovation
356250000.0,Минская,12.0,6.0,375.0,5.0,36,Designer
26000000.0,Электрозаводская,5.0,4.0,85.0,10.0,11,Cosmetic
65000000.0,Октябрьское поле,12.0,4.0,150.0,22.0,32,Without renovation
45870000.0,Хорошево,16.0,4.0,115.5,18.0,26,Without renovation
200000000.0,Тверская,10.0,6.0,347.0,2.0,6,Designer
22000000.0,Петровский парк,13.0,4.0,80.0,4.0,5,Cosmetic
350000000.0,Фрунзенская,12.0,5.0,305.0,2.0,6,Designer
138000000.0,Спортивная,11.0,4.0,138.0,5.0,15,Without renovation
65000000.0,Университет,22.0,4.0,160.2,15.0,21,Without renovation
67600000.0,Динамо,8.0,4.0,105.0,20.0,21,Without renovation
51500000.0,Спортивная,13.0,5.0,120.0,4.0,8,European-style renovation
340576250.0,Смоленская,10.0,4.0,271.7,6.0,7,Without renovation
115000000.0,Белорусская,7.0,4.0,188.0,15.0,18,Designer
45000000.0,Белорусская,15.0,4.0,109.5,8.0,8,Designer
53500000.0,Мичуринский проспект,11.0,4.0,128.0,10.0,25,Cosmetic
23850000.0,Перово,11.0,4.0,85.0,3.0,5,Designer
270000000.0,Арбатская,8.0,5.0,207.0,5.0,6,European-style renovation
170000000.0,Международная,5.0,4.0,210.0,45.0,68,Designer
38900000.0,Маяковская,3.0,5.0,103.2,2.0,6,Without renovation
30900000.0,Яхромская,12.0,5.0,94.0,10.0,14,Designer
87000000.0,Сретенский бульвар,4.0,4.0,153.3,3.0,8,European-style renovation
37500000.0,Раменки,7.0,5.0,115.0,16.0,17,Cosmetic
120000000.0,Кропоткинская,8.0,4.0,175.0,4.0,5,European-style renovation
80000000.0,Сухаревская,11.0,4.0,153.0,4.0,19,Designer
300000000.0,Улица 1905 года,7.0,4.0,175.0,1.0,5,European-style renovation
346000000.0,Белорусская,13.0,4.0,230.0,6.0,21,Designer
44950000.0,Молодежная,6.0,4.0,116.8,11.0,22,Designer
58500000.0,Тестовская,12.0,4.0,132.0,14.0,18,European-style renovation
85000000.0,Ольховая,20.0,4.0,204.0,8.0,8,Designer
230000000.0,Смоленская,9.0,4.0,164.0,4.0,5,European-style renovation
65000000.0,Чеховская,2.0,4.0,110.2,3.0,7,European-style renovation
42000000.0,Медведково,16.0,4.0,114.5,3.0,18,European-style renovation
35000000.0,Серпуховская,12.0,4.0,90.5,6.0,8,Cosmetic
125000000.0,Университет,5.0,4.0,186.6,8.0,19,Designer
82000000.0,Динамо,11.0,4.0,177.0,22.0,25,Without renovation
140000000.0,Давыдково,14.0,5.0,396.5,22.0,22,Without renovation
85000000.0,Проспект Мира,9.0,5.0,146.0,4.0,9,Designer
37000000.0,Стрешнево,15.0,4.0,114.7,4.0,10,Cosmetic
165000000.0,Выставочная,10.0,4.0,136.3,38.0,61,Designer
28000000.0,Дубровка,10.0,4.0,103.6,4.0,8,Without renovation
360000000.0,Минская,29.0,5.0,297.5,28.0,53,European-style renovation
49000000.0,Савеловская,15.0,5.0,131.5,6.0,7,Designer
400000000.0,Новослободская,7.0,6.0,357.0,1.0,2,Without renovation
165000000.0,Белорусская,13.0,4.0,165.2,2.0,5,Without renovation
48888888.0,Авиамоторная,16.0,4.0,111.0,12.0,28,Without renovation
456839251.0,Парк культуры,8.0,4.0,213.4,3.0,6,Designer
291922500.0,Добрынинская,5.0,4.0,340.0,6.0,6,European-style renovation
170000000.0,Добрынинская,8.0,4.0,160.0,3.0,9,Designer
110000000.0,Крылатское,29.0,4.0,249.0,2.0,7,Without renovation
65000000.0,Марьина Роща,13.0,4.0,153.4,13.0,14,Designer
51000000.0,Шелепиха,13.0,4.0,107.5,24.0,24,Without renovation
19800000.0,Орехово,18.0,4.0,93.0,9.0,9,European-style renovation
110000000.0,Университет,6.0,4.0,164.5,5.0,19,Designer
56000000.0,Динамо,9.0,4.0,95.0,15.0,19,Designer
31500000.0,Октябрьское поле,6.0,4.0,88.9,3.0,6,European-style renovation
29600000.0,Мякинино,21.0,4.0,90.0,10.0,15,European-style renovation
85000000.0,Сретенский бульвар,7.0,4.0,160.0,2.0,6,European-style renovation
291922500.0,Смоленская,7.0,4.0,192.1,5.0,16,European-style renovation
330000000.0,Фрунзенская,15.0,5.0,201.9,5.0,11,Designer
98000000.0,Профсоюзная,18.0,5.0,198.0,13.0,23,Without renovation
74999999.0,Беговая,5.0,5.0,260.0,38.0,44,Designer
76500000.0,Смоленская,9.0,4.0,116.4,5.0,6,Cosmetic
120000000.0,Маяковская,7.0,4.0,157.3,5.0,12,European-style renovation
169000000.0,Библиотека им. Ленина,5.0,4.0,137.6,4.0,5,Designer
36990000.0,Сретенский бульвар,5.0,4.0,88.5,5.0,6,European-style renovation
115000000.0,Филёвский парк,9.0,5.0,250.0,16.0,22,Designer
25500000.0,Кузьминки,17.0,4.0,95.7,4.0,23,European-style renovation
20000000.0,Щелковская,22.0,4.0,91.0,4.0,12,European-style renovation
140000000.0,Смоленская,9.0,4.0,179.1,6.0,8,Designer
37500000.0,Коптево,15.0,4.0,129.4,15.0,19,European-style renovation
60000000.0,Кунцевская,6.0,4.0,185.2,15.0,22,Designer
205104600.0,Арбатская,6.0,5.0,235.0,6.0,8,European-style renovation
437883750.0,Минская,25.0,5.0,320.0,1.0,7,European-style renovation
140000000.0,Кропоткинская,4.0,6.0,228.5,3.0,5,Designer
358933050.0,Третьяковская,5.0,5.0,185.6,4.0,7,European-style renovation
49600000.0,Юго-Западная,7.0,4.0,134.4,10.0,33,European-style renovation
62900000.0,Крылатское,13.0,4.0,150.0,26.0,34,Designer
267595625.0,Киевская,7.0,5.0,206.0,5.0,9,European-style renovation
150000000.0,Новослободская,4.0,5.0,350.0,17.0,17,Designer
25999999.0,Братиславская,6.0,4.0,112.8,3.0,3,European-style renovation
97307500.0,Кропоткинская,7.0,4.0,124.0,3.0,6,European-style renovation
185000000.0,Динамо,9.0,4.0,195.0,13.0,16,European-style renovation
110520000.0,Сретенский бульвар,5.0,4.0,122.8,3.0,5,Without renovation
32000000.0,Марьино,8.0,4.0,160.0,2.0,21,Cosmetic
139000000.0,Рабочий Посёлок,14.0,5.0,205.0,24.0,24,Designer
400000000.0,Лужники,8.0,5.0,202.0,1.0,7,European-style renovation
295500000.0,Кропоткинская,6.0,5.0,193.0,2.0,6,Designer
262730250.0,Деловой центр,3.0,4.0,175.2,40.0,60,Designer
57000000.0,Красные ворота,9.0,5.0,119.5,2.0,5,European-style renovation
30990000.0,Раменки,10.0,4.0,92.1,5.0,17,Cosmetic
445065044.0,Охотный ряд,4.0,4.0,207.9,5.0,15,Without renovation
265500000.0,Арбатская,9.0,4.0,161.6,2.0,8,European-style renovation
51000000.0,Сретенский бульвар,5.0,5.0,112.1,1.0,6,European-style renovation
200000000.0,Тверская,9.0,4.0,211.0,4.0,5,European-style renovation
11500000.0,Щербинка,12.0,4.0,70.3,5.0,9,Cosmetic
145000000.0,Аэропорт,12.0,5.0,370.0,14.0,14,Designer
220000000.0,Лужники,11.0,4.0,250.0,6.0,6,European-style renovation
161550000.0,Сретенский бульвар,5.0,4.0,179.5,4.0,5,Without renovation
29799000.0,Бауманская,11.0,4.0,96.0,2.0,5,European-style renovation
445279120.0,Парк культуры,8.0,5.0,208.0,3.0,6,Without renovation
49000000.0,Дмитровская,1.0,5.0,128.0,6.0,6,European-style renovation
180000000.0,Фрунзенская,9.0,4.0,187.0,7.0,12,Without renovation
189000000.0,Деловой центр,3.0,4.0,175.2,40.0,60,European-style renovation
243000000.0,Новокузнецкая,4.0,5.0,288.8,9.0,10,Without renovation
90088200.0,Баррикадная,11.0,6.0,183.0,3.0,5,Designer
340576250.0,Тверская,10.0,5.0,160.0,8.0,9,Designer
40000000.0,Зюзино,15.0,4.0,115.0,16.0,24,European-style renovation
88200000.0,Новые Черемушки,12.0,4.0,168.0,10.0,13,Designer
65000000.0,Новаторская,9.0,4.0,200.0,28.0,30,Designer
30900000.0,Калужская,19.0,4.0,103.0,5.0,22,European-style renovation
73000000.0,ЦСКА,12.0,4.0,197.0,21.0,23,Designer
34200000.0,Аминьевская,11.0,4.0,96.0,31.0,37,Without renovation
23500000.0,Гражданская,15.0,4.0,98.0,1.0,5,Cosmetic
115000000.0,ЗИЛ,19.0,5.0,125.5,3.0,14,Designer
27600000.0,Молодежная,12.0,4.0,87.4,3.0,14,Cosmetic
46799999.0,Профсоюзная,13.0,4.0,122.0,6.0,20,European-style renovation
350000000.0,Фрунзенская,12.0,6.0,310.0,2.0,6,Designer
130000000.0,ЗИЛ,16.0,6.0,222.0,1.0,3,Without renovation
102552300.0,Новаторская,15.0,5.0,201.0,8.0,15,European-style renovation
39900000.0,Фили,6.0,4.0,97.6,14.0,20,Without renovation
156750000.0,Тушинская,43.0,7.0,284.0,1.0,5,European-style renovation
69000000.0,Сокол,9.0,4.0,162.0,18.0,23,European-style renovation
220000000.0,Чистые пруды,6.0,7.0,315.0,5.0,6,European-style renovation
7500000.0,Прокшино,10.0,0.0,20.2,15.0,18,Without renovation
19500000.0,Смоленская,7.0,0.0,30.1,2.0,4,Designer
17950000.0,Китай-город,6.0,0.0,29.9,1.0,8,Designer
4800000.0,Селигерская,12.0,0.0,12.9,3.0,10,European-style renovation
6300000.0,Окская,15.0,0.0,16.5,4.0,5,Cosmetic
6409260.0,Селигерская,27.0,0.0,20.0,3.0,3,European-style renovation
6448147.0,Селигерская,27.0,0.0,19.2,2.0,3,European-style renovation
5758553.0,Селигерская,27.0,0.0,16.8,2.0,3,European-style renovation
6548801.0,Селигерская,27.0,0.0,20.1,2.0,3,European-style renovation
18175000.0,Аэропорт,3.0,0.0,40.3,4.0,4,Designer
8477000.0,Красный Балтиец,14.0,0.0,23.3,7.0,7,Without renovation
7555500.0,Аминьевская,18.0,0.0,21.9,6.0,9,Cosmetic
6723872.0,Красный Балтиец,15.0,0.0,15.6,3.0,4,European-style renovation
4550000.0,Пражская,10.0,0.0,18.0,1.0,9,Without renovation
11352621.0,Преображенская площадь,12.0,0.0,31.5,4.0,4,European-style renovation
9061253.0,Преображенская площадь,12.0,0.0,21.5,4.0,4,European-style renovation
11426600.0,Преображенская площадь,12.0,0.0,38.8,2.0,7,European-style renovation
10118827.0,Красный Балтиец,15.0,0.0,33.9,3.0,4,European-style renovation
7950000.0,Аминьевская,21.0,0.0,27.9,1.0,5,European-style renovation
6250000.0,Марьина Роща (Шереметьевская),17.0,0.0,13.8,3.0,6,European-style renovation
8600000.0,Тульская,12.0,0.0,23.7,1.0,4,European-style renovation
6940000.0,Бауманская,14.0,0.0,17.3,1.0,4,European-style renovation
11650000.0,Савеловская,18.0,0.0,23.2,10.0,14,Cosmetic
7480000.0,Нижегородская,2.0,0.0,22.0,9.0,10,Cosmetic
6870000.0,Тропарево,16.0,0.0,20.6,4.0,22,European-style renovation
6850000.0,Калитники,8.0,0.0,19.3,7.0,8,Without renovation
7700000.0,Тульская,12.0,0.0,15.4,2.0,4,European-style renovation
8557695.0,Преображенская площадь,12.0,0.0,28.6,2.0,3,European-style renovation
6000000.0,Зюзино,15.0,0.0,20.0,5.0,5,European-style renovation
6825000.0,Аминьевская,18.0,0.0,19.5,4.0,9,European-style renovation
75500000.0,Белорусская,9.0,0.0,244.4,4.0,6,Without renovation
5699999.0,Петровский парк,16.0,0.0,21.4,2.0,2,Designer
6450000.0,Бибирево,21.0,0.0,19.0,7.0,7,Cosmetic
18500000.0,Шелепиха,19.0,0.0,33.2,7.0,41,European-style renovation
4300000.0,Лихоборы,21.0,0.0,17.0,2.0,5,European-style renovation
13000000.0,Смоленская,6.0,0.0,19.0,1.0,7,Designer
11800000.0,Сухаревская,4.0,0.0,14.3,2.0,5,European-style renovation
4090000.0,Нижегородская,12.0,0.0,14.7,2.0,4,European-style renovation
4290000.0,Нижегородская,12.0,0.0,13.9,2.0,4,European-style renovation
6050000.0,Рязанский проспект,16.0,0.0,25.2,2.0,2,European-style renovation
5602490.0,Красный Балтиец,14.0,0.0,22.2,1.0,7,Without renovation
3990000.0,Нижегородская,12.0,0.0,13.8,3.0,4,European-style renovation
7890000.0,Бауманская,14.0,0.0,20.2,2.0,4,European-style renovation
8800000.0,Тульская,12.0,0.0,15.8,4.0,4,European-style renovation
4980000.0,Москворечье,20.0,0.0,16.6,2.0,5,Cosmetic
6000000.0,Волжская,10.0,0.0,21.8,1.0,5,Cosmetic
3870000.0,Сетунь,24.0,0.0,12.5,1.0,17,Cosmetic
3990000.0,Нижегородская,12.0,0.0,13.8,3.0,4,European-style renovation
3702000.0,Авиамоторная,16.0,0.0,11.3,1.0,3,Designer
13600000.0,Октябрьское поле,22.0,0.0,27.6,24.0,25,Designer
95000000.0,Арбатская,5.0,0.0,95.0,2.0,7,Designer
6500000.0,Окружная,3.0,0.0,18.0,5.0,5,European-style renovation
5900000.0,Тропарево,16.0,0.0,15.3,4.0,22,European-style renovation
8471617.0,Тульская,12.0,0.0,18.4,1.0,4,European-style renovation
9700000.0,Бутырская,8.0,0.0,21.6,29.0,32,Without renovation
6200000.0,Аминьевская,17.0,0.0,19.1,7.0,9,European-style renovation
5150000.0,Аминьевская,17.0,0.0,17.7,6.0,9,European-style renovation
5143000.0,Авиамоторная,16.0,0.0,16.6,1.0,3,Designer
8000000.0,Ботанический сад,18.0,0.0,25.5,2.0,18,European-style renovation
15517000.0,Маяковская,5.0,0.0,26.3,4.0,6,European-style renovation
5200000.0,Волжская,10.0,0.0,15.0,2.0,5,Designer
7900000.0,Окружная,8.0,0.0,19.0,5.0,5,Designer
16000000.0,Цветной бульвар,6.0,0.0,23.1,1.0,5,European-style renovation
6800000.0,Электрозаводская,12.0,0.0,15.7,7.0,8,Designer
6238552.0,Электрозаводская,12.0,0.0,15.9,7.0,8,Designer
11950000.0,Преображенская площадь,12.0,0.0,35.0,2.0,7,European-style renovation
4430000.0,Селигерская,8.0,0.0,13.0,2.0,3,European-style renovation
10175000.0,Маяковская,5.0,0.0,18.5,4.0,6,European-style renovation
12450000.0,Нагатинский Затон,11.0,0.0,29.0,8.0,17,European-style renovation
3950000.0,Измайлово,18.0,0.0,17.1,1.0,1,European-style renovation
4300000.0,Депо,6.0,0.0,16.0,1.0,2,Without renovation
4500000.0,Депо,6.0,0.0,16.0,1.0,2,European-style renovation
6200000.0,Бибирево,21.0,0.0,15.1,7.0,7,Cosmetic
6150000.0,Бибирево,21.0,0.0,17.6,7.0,7,Cosmetic
6900000.0,Бибирево,21.0,0.0,22.4,7.0,7,Cosmetic
7899000.0,Солнцево,7.0,0.0,22.5,15.0,23,Cosmetic
6460241.0,Электрозаводская,12.0,0.0,15.6,7.0,8,Designer
6633909.0,Электрозаводская,12.0,0.0,18.5,5.0,8,Designer
5900291.0,Преображенская площадь,12.0,0.0,15.7,2.0,4,European-style renovation
6437856.0,Преображенская площадь,12.0,0.0,20.2,2.0,4,European-style renovation
4150000.0,Бутово,14.0,0.0,17.0,2.0,14,European-style renovation
5250000.0,Некрасовка,18.0,0.0,24.0,2.0,18,European-style renovation
4950000.0,Некрасовка,18.0,0.0,22.0,2.0,18,European-style renovation
4150000.0,Некрасовка,18.0,0.0,17.0,2.0,18,Cosmetic
7490000.0,Медведково,14.0,0.0,25.1,41.0,45,European-style renovation
8150000.0,Солнцево,7.0,0.0,22.5,13.0,23,Without renovation
4390000.0,Нижегородская,12.0,0.0,16.8,3.0,4,European-style renovation
3590000.0,Нижегородская,12.0,0.0,14.1,2.0,4,European-style renovation
8699000.0,Прокшино,24.0,0.0,22.5,8.0,14,Cosmetic
6300000.0,Преображенская площадь,11.0,0.0,14.0,1.0,7,Designer
5929687.0,Преображенская площадь,12.0,0.0,16.6,2.0,4,Designer
8557695.0,Преображенская площадь,12.0,0.0,28.6,2.0,4,Designer
12950400.0,Преображенская площадь,12.0,0.0,42.6,1.0,7,Designer
9335650.0,Преображенская площадь,12.0,0.0,31.7,1.0,4,Designer
14044800.0,Преображенская площадь,12.0,0.0,46.2,2.0,3,Designer
13406400.0,Преображенская площадь,12.0,0.0,44.1,1.0,4,Designer
8746490.0,Преображенская площадь,12.0,0.0,24.8,2.0,4,Designer
9600000.0,Преображенская площадь,12.0,0.0,31.0,3.0,4,Designer
7864789.0,Преображенская площадь,12.0,0.0,22.3,2.0,4,Designer
7143486.0,Преображенская площадь,12.0,0.0,16.5,2.0,3,Designer
7850000.0,Преображенская площадь,12.0,0.0,20.6,3.0,4,Designer
8427130.0,Преображенская площадь,12.0,0.0,24.1,3.0,4,Designer
8174376.0,Преображенская площадь,12.0,0.0,23.6,2.0,4,Designer
7826473.0,Преображенская площадь,12.0,0.0,22.6,2.0,4,Designer
5700000.0,Окружная,7.0,0.0,20.0,2.0,5,European-style renovation
9300000.0,Окружная,12.0,0.0,19.7,12.0,19,European-style renovation
11000000.0,Орехово,20.0,0.0,26.7,17.0,22,European-style renovation
16500000.0,Смоленская,7.0,0.0,25.9,2.0,4,Designer
8200000.0,Прокшино,24.0,0.0,22.6,12.0,14,Designer
16900000.0,Шелепиха,13.0,0.0,34.0,23.0,37,Without renovation
15500000.0,Маяковская,2.0,0.0,25.0,2.0,8,Designer
7990000.0,Прокшино,10.0,0.0,22.5,15.0,18,Cosmetic
7716800.0,Аминьевская,18.0,0.0,21.2,5.0,9,Cosmetic
6318000.0,Аминьевская,18.0,0.0,15.6,5.0,9,European-style renovation
7650000.0,Коммунарка,36.0,0.0,27.0,3.0,17,Cosmetic
18750000.0,Трубная,7.0,0.0,25.0,3.0,5,Cosmetic
18000000.0,Китай-город,5.0,0.0,27.8,1.0,8,Designer
7198354.0,Селигерская,27.0,0.0,25.1,1.0,3,European-style renovation
6347750.0,Селигерская,27.0,0.0,19.2,1.0,3,European-style renovation
6307760.0,Селигерская,27.0,0.0,20.0,1.0,3,European-style renovation
11230000.0,Аэропорт,3.0,0.0,24.1,4.0,4,Designer
5200000.0,Коммунарка,56.0,0.0,19.5,3.0,9,Without renovation
10600000.0,Стрешнево,4.0,0.0,27.9,14.0,28,Cosmetic
8200000.0,Филатов Луг,15.0,0.0,21.5,8.0,18,European-style renovation
13200000.0,Сухаревская,4.0,0.0,20.0,2.0,5,Designer
5250000.0,Академическая,13.0,0.0,15.5,1.0,5,Without renovation
6950000.0,Зюзино,15.0,0.0,17.1,4.0,5,Designer
10880000.0,Озёрная,9.0,0.0,19.9,11.0,33,Cosmetic
8250000.0,Солнцево,7.0,0.0,23.4,8.0,23,Cosmetic
7900000.0,Коммунарка,26.0,0.0,30.0,5.0,14,Without renovation
5950000.0,Электрозаводская,12.0,0.0,18.2,8.0,8,Designer
8200000.0,Улица 1905 года,12.0,0.0,17.3,1.0,5,Cosmetic
11495000.0,Аминьевская,10.0,0.0,28.8,33.0,37,Without renovation
13200000.0,Хорошево,12.0,0.0,27.6,5.0,27,Without renovation
7700000.0,Царицыно,25.0,0.0,28.0,2.0,11,Cosmetic
8300000.0,Коммунарка,12.0,0.0,24.4,6.0,15,Designer
8500000.0,Чкаловская,13.0,0.0,16.5,5.0,8,European-style renovation
7000000.0,Сухаревская,2.0,0.0,13.0,3.0,3,Cosmetic
8250000.0,Павшино,17.0,0.0,19.6,3.0,25,Cosmetic
4400000.0,Беломорская,18.0,0.0,15.6,1.0,9,European-style renovation
11900000.0,Нижегородская,10.0,0.0,25.6,4.0,28,European-style renovation
5100000.0,Преображенская площадь,15.0,0.0,14.0,1.0,5,European-style renovation
4000000.0,Серпуховская,8.0,0.0,18.0,1.0,6,Without renovation
5260000.0,Серпуховская,8.0,0.0,23.9,1.0,6,Without renovation
15500000.0,Водный стадион,7.0,0.0,49.8,3.0,26,Without renovation
10300000.0,Калитники,10.0,0.0,22.8,6.0,13,European-style renovation
4900000.0,Некрасовка,8.0,0.0,17.0,2.0,17,European-style renovation
4200000.0,Некрасовка,6.0,0.0,13.0,2.0,25,Cosmetic
7890000.0,Электрозаводская,12.0,0.0,27.0,1.0,8,Cosmetic
120855915.0,Спортивная,28.0,0.0,148.6,12.0,16,Without renovation
7900000.0,Трикотажная,15.0,0.0,20.0,18.0,19,Without renovation
9500000.0,Авиамоторная,18.0,0.0,30.0,8.0,22,Cosmetic
5450000.0,Аминьевская,18.0,0.0,11.0,8.0,9,European-style renovation
3700000.0,Гражданская,7.0,0.0,18.0,1.0,5,Without renovation
7890000.0,Рижская,9.0,0.0,26.2,4.0,4,European-style renovation
5400000.0,Рязанский проспект,16.0,0.0,15.2,6.0,6,Designer
3650000.0,Юго-Восточная,11.0,0.0,11.5,2.0,10,Without renovation
3750000.0,Первомайская,16.0,0.0,14.2,1.0,5,Without renovation
11200000.0,Нижегородская,9.0,0.0,28.9,29.0,32,Designer
4660000.0,Юго-Восточная,14.0,0.0,20.0,8.0,9,European-style renovation
7750000.0,Лианозово,41.0,0.0,19.8,13.0,33,Cosmetic
8400000.0,Прокшино,13.0,0.0,21.2,8.0,18,Without renovation
10750000.0,Ботанический сад,20.0,0.0,32.0,11.0,18,Without renovation
8260000.0,Медведково,17.0,0.0,30.0,1.0,6,Cosmetic
7900000.0,Аэропорт,3.0,0.0,15.3,2.0,4,Designer
7646000.0,Аминьевская,18.0,0.0,21.9,5.0,9,European-style renovation
7600000.0,Коммунарка,49.0,0.0,21.5,15.0,17,European-style renovation
13290000.0,Бауманская,8.0,0.0,30.0,6.0,9,Designer
5700000.0,Окружная,7.0,0.0,20.0,2.0,5,Designer
7800000.0,Измайлово,9.0,0.0,18.4,3.0,4,Cosmetic
3550000.0,Пражская,10.0,0.0,12.5,1.0,9,Without renovation
4790000.0,Серпуховская,8.0,0.0,24.4,1.0,6,Without renovation
3990000.0,Курская,14.0,0.0,17.2,1.0,8,Without renovation
10500000.0,Речной вокзал,24.0,0.0,35.7,1.0,17,Designer
5150000.0,Рассказовка,6.0,0.0,20.4,2.0,23,Cosmetic
8150000.0,Селигерская,17.0,0.0,27.0,20.0,22,Cosmetic
7190000.0,Калитники,8.0,0.0,25.5,4.0,8,Without renovation
9689000.0,Прокшино,14.0,0.0,29.5,10.0,19,Without renovation
4800000.0,Люблино,11.0,0.0,20.0,1.0,9,Cosmetic
4500000.0,Медведково,9.0,0.0,18.0,1.0,9,Cosmetic
15200000.0,Ховрино,3.0,0.0,30.5,3.0,30,European-style renovation
7290000.0,Медведково,14.0,0.0,25.0,40.0,45,European-style renovation
13000000.0,Стахановская,2.0,0.0,29.1,8.0,19,Designer
4400000.0,Беломорская,18.0,0.0,15.6,1.0,9,European-style renovation
7890000.0,Петровский парк,16.0,0.0,28.1,2.0,2,Designer
12500000.0,Аннино,9.0,0.0,34.1,16.0,25,Designer
6550000.0,Окружная,3.0,0.0,17.8,2.0,5,Cosmetic
5500000.0,Рижская,9.0,0.0,14.0,3.0,4,Cosmetic
11900000.0,Савеловская,17.0,0.0,27.0,12.0,14,Cosmetic
8000000.0,Медведково,22.0,0.0,19.8,10.0,33,Cosmetic
4650000.0,Беломорская,18.0,0.0,16.3,1.0,9,European-style renovation
14050000.0,Водный стадион,13.0,0.0,32.0,7.0,21,Designer
4650000.0,Красный Строитель,13.0,0.0,19.3,1.0,9,Without renovation
10900000.0,Давыдково,20.0,0.0,29.5,9.0,30,Without renovation
3850000.0,Солнцево,18.0,0.0,15.1,1.0,9,Cosmetic
5400000.0,Солнцево,18.0,0.0,22.7,1.0,9,Cosmetic
7900000.0,Калитники,8.0,0.0,22.1,2.0,21,Cosmetic
8290000.0,Нижегородская,9.0,0.0,23.8,25.0,33,Without renovation
6850000.0,Силикатная,30.0,0.0,23.6,8.0,15,Cosmetic
8250000.0,Сретенский бульвар,7.0,0.0,15.9,1.0,3,Without renovation
5600000.0,Беломорская,23.0,0.0,12.3,4.0,9,European-style renovation
4150000.0,Ясенево,9.0,0.0,14.5,1.0,16,Cosmetic
4000000.0,Ясенево,9.0,0.0,14.5,1.0,16,Without renovation
7600000.0,Прокшино,18.0,0.0,24.6,2.0,16,Cosmetic
4890000.0,Бунинская Аллея,12.0,0.0,19.0,1.0,12,European-style renovation
7990000.0,Солнцево,7.0,0.0,23.0,17.0,23,Cosmetic
13900000.0,Селигерская,16.0,0.0,28.3,9.0,44,Cosmetic
5500000.0,Домодедовская,16.0,0.0,16.8,1.0,9,European-style renovation
13503400.0,Бульвар Рокоссовского,8.0,0.0,25.2,20.0,29,Without renovation
5990000.0,Петровский парк,16.0,0.0,22.5,2.0,2,Designer
6450000.0,Петровский парк,16.0,0.0,24.2,2.0,2,Designer
6950000.0,Петровский парк,16.0,0.0,24.5,2.0,2,Designer
8200000.0,Петровский парк,16.0,0.0,29.0,2.0,2,Designer
7350000.0,Петровский парк,16.0,0.0,25.4,2.0,2,Cosmetic
3900000.0,Щелковская,12.0,0.0,11.6,1.0,9,European-style renovation
9200000.0,Сокол,10.0,0.0,29.3,6.0,14,Designer
9000000.0,Селигерская,17.0,0.0,21.4,3.0,22,Cosmetic
4850000.0,Беломорская,11.0,0.0,16.2,1.0,9,European-style renovation
4250000.0,Отрадное,19.0,0.0,17.5,1.0,9,Without renovation
22000000.0,Динамо,8.0,0.0,33.4,6.0,6,Designer
9900000.0,Прокшино,13.0,0.0,24.0,11.0,18,European-style renovation
6300000.0,Марьина Роща (Шереметьевская),18.0,0.0,17.0,5.0,9,European-style renovation
4200000.0,Некрасовка,6.0,0.0,13.0,2.0,25,European-style renovation
8350000.0,Владыкино,18.0,0.0,21.0,14.0,35,Cosmetic
6100000.0,Владыкино,3.0,0.0,19.6,7.0,16,European-style renovation
13800000.0,Сухаревская,11.0,0.0,29.0,12.0,16,European-style renovation
15900000.0,Фили,14.0,0.0,33.6,23.0,25,Designer
14500000.0,Калужская,10.0,0.0,29.3,26.0,34,Cosmetic
15900000.0,Шелепиха,5.0,0.0,30.0,6.0,33,Cosmetic
6100000.0,Силикатная,32.0,0.0,20.7,6.0,13,European-style renovation
7200000.0,Тургеневская,3.0,0.0,16.0,1.0,8,Without renovation
9500000.0,Тургеневская,3.0,0.0,19.1,1.0,8,European-style renovation
5600000.0,Владыкино,3.0,0.0,18.7,1.0,16,European-style renovation
5900000.0,Владыкино,3.0,0.0,19.2,4.0,16,European-style renovation
7400000.0,Электрозаводская,12.0,0.0,21.4,1.0,8,European-style renovation
4300000.0,Молодежная,19.0,0.0,14.2,1.0,5,European-style renovation
13200000.0,Динамо,8.0,0.0,18.9,6.0,6,Designer
4150000.0,Академическая,13.0,0.0,12.5,1.0,5,Without renovation
9400000.0,Нижегородская,14.0,0.0,25.4,15.0,33,European-style renovation
7050000.0,Прокшино,10.0,0.0,21.7,9.0,18,Without renovation
3800000.0,Планерная,15.0,0.0,11.7,1.0,9,European-style renovation
11900000.0,Хорошёвская,11.0,0.0,25.0,4.0,23,Designer
6100000.0,Соколиная Гора,11.0,0.0,17.1,2.0,3,European-style renovation
4850000.0,Бунинская Аллея,12.0,0.0,18.0,1.0,12,Cosmetic
3550000.0,Ясенево,7.0,0.0,12.0,1.0,9,Cosmetic
4900000.0,Новопеределкино,10.0,0.0,17.0,1.0,14,Cosmetic
4250000.0,Бунинская Аллея,12.0,0.0,20.5,1.0,12,Cosmetic
3950000.0,Новогиреево,26.0,0.0,16.9,1.0,9,Cosmetic
4550000.0,Покровское,32.0,0.0,19.0,2.0,18,Cosmetic
6500000.0,Силикатная,27.0,0.0,23.0,10.0,14,Without renovation
7800000.0,Улица Горчакова,30.0,0.0,19.2,12.0,15,Designer
4700000.0,Ясенево,7.0,0.0,19.5,1.0,9,Cosmetic
7000000.0,Тропарево,16.0,0.0,20.5,4.0,22,European-style renovation
3950000.0,Домодедовская,10.0,0.0,14.0,1.0,9,Without renovation
15400000.0,Динамо,12.0,0.0,26.3,9.0,40,European-style renovation
8400000.0,Саларьево,19.0,0.0,24.7,12.0,22,European-style renovation
12750000.0,Нагорная,2.0,0.0,28.8,2.0,27,Without renovation
4200000.0,Кунцевская,9.0,0.0,14.0,1.0,5,Without renovation
5850000.0,Сокол,9.0,0.0,18.6,1.0,8,Cosmetic
7490000.0,Улица Дмитриевского,31.0,0.0,19.6,15.0,25,Cosmetic
9200000.0,Тульская,14.0,0.0,18.5,3.0,11,European-style renovation
6350000.0,Внуково,25.0,0.0,22.8,4.0,9,Cosmetic
8990000.0,Отрадное,20.0,0.0,25.2,6.0,25,Designer
3650000.0,Выхино,17.0,0.0,11.5,1.0,9,European-style renovation
4700000.0,Ясенево,9.0,0.0,19.2,1.0,16,Without renovation
6000000.0,Некрасовка,25.0,0.0,20.0,18.0,18,Without renovation
6600000.0,Окружная,8.0,0.0,18.4,5.0,5,Designer
7800000.0,Прокшино,11.0,0.0,20.3,2.0,9,Cosmetic
9300000.0,Окская,13.0,0.0,22.4,12.0,17,European-style renovation
6350000.0,Петровский парк,16.0,0.0,24.2,2.0,2,Designer
5050000.0,Сокол,2.0,0.0,14.2,2.0,9,Without renovation
5900000.0,Покровское,32.0,0.0,27.5,2.0,18,Without renovation
8700000.0,Филатов Луг,13.0,0.0,19.6,5.0,17,Cosmetic
4200000.0,Косино,15.0,0.0,17.2,1.0,12,Without renovation
12200000.0,Селигерская,18.0,0.0,29.0,3.0,23,Designer
3600000.0,Текстильщики,14.0,0.0,13.4,2.0,12,Cosmetic
4450000.0,Медведково,9.0,0.0,18.0,1.0,9,Without renovation
9100000.0,Бульвар Рокоссовского,18.0,0.0,20.0,24.0,33,European-style renovation
13000000.0,Чистые пруды,8.0,0.0,18.7,1.0,4,European-style renovation
17100000.0,Международная,3.0,0.0,15.0,32.0,82,Designer
16500000.0,Народное Ополчение,11.0,0.0,32.9,13.0,17,European-style renovation
8150000.0,Текстильщики,22.0,0.0,19.7,7.0,21,European-style renovation
3760000.0,Цветной бульвар,8.0,0.0,14.0,1.0,4,Cosmetic
8300000.0,Павшино,17.0,0.0,23.2,15.0,25,European-style renovation
3850000.0,Люблино,6.0,0.0,11.0,1.0,12,European-style renovation
4750000.0,Лианозово,10.0,0.0,22.5,1.0,12,Cosmetic
7299000.0,Прокшино,24.0,0.0,21.4,3.0,14,Without renovation
12200000.0,Угрешская,8.0,0.0,24.6,16.0,30,European-style renovation
11000000.0,Давыдково,20.0,0.0,25.2,4.0,30,Without renovation
13000000.0,Селигерская,13.0,0.0,26.0,28.0,45,Designer
7100000.0,Окружная,8.0,0.0,25.0,2.0,5,Designer
8400000.0,Локомотив,17.0,0.0,24.0,3.0,39,Designer
6150000.0,Марьина Роща (Шереметьевская),18.0,0.0,17.0,5.0,9,European-style renovation
4590000.0,Таганская,15.0,0.0,17.0,1.0,14,Cosmetic
4500000.0,Рязанский проспект,16.0,0.0,16.9,2.0,6,European-style renovation
10900000.0,Калитники,8.0,0.0,38.0,2.0,8,Without renovation
4500000.0,Таганская,15.0,0.0,16.8,1.0,14,Cosmetic
4500000.0,Рязанский проспект,15.0,0.0,16.9,2.0,4,Without renovation
5454565.0,Калитники,8.0,0.0,14.4,4.0,8,Without renovation
8418000.0,Красный Балтиец,14.0,0.0,17.0,4.0,9,Cosmetic
4650000.0,Юго-Восточная,8.0,0.0,15.1,1.0,14,Cosmetic
5793800.0,Коломенская,10.0,0.0,19.6,1.0,5,Cosmetic
5679000.0,Чкаловская,13.0,0.0,12.5,3.0,8,Without renovation
5120000.0,Пятницкое шоссе,20.0,0.0,20.5,4.0,28,Cosmetic
11900000.0,Чистые пруды,8.0,0.0,14.6,1.0,4,European-style renovation
17000000.0,Шелепиха,13.0,0.0,34.8,22.0,37,Designer
10700000.0,Чистые пруды,8.0,0.0,13.2,1.0,4,European-style renovation
11500000.0,Аминьевская,15.0,0.0,27.8,9.0,41,Cosmetic
6500000.0,Коммунарка,12.0,0.0,22.5,7.0,16,Without renovation
7189000.0,Селигерская,18.0,0.0,30.4,17.0,17,European-style renovation
8100000.0,Селигерская,17.0,0.0,23.0,16.0,22,Without renovation
16000000.0,Шелепиха,13.0,0.0,35.1,26.0,37,Without renovation
11999000.0,Локомотив,17.0,0.0,19.3,16.0,39,Designer
8250000.0,Сретенский бульвар,7.0,0.0,16.0,1.0,3,Cosmetic
8000000.0,Волгоградский проспект,8.0,0.0,36.0,3.0,21,Without renovation
6850000.0,Сретенский бульвар,7.0,0.0,13.3,1.0,3,Without renovation
6650000.0,Сокол,2.0,0.0,20.5,2.0,9,Without renovation
3851000.0,Люблино,8.0,0.0,11.4,1.0,12,European-style renovation
3651000.0,Выхино,17.0,0.0,11.8,1.0,9,Cosmetic
3550000.0,Щелковская,20.0,0.0,15.5,1.0,9,Cosmetic
3690000.0,Кантемировская,9.0,0.0,13.0,2.0,24,Cosmetic
4900000.0,Некрасовка,8.0,0.0,18.2,2.0,18,European-style renovation
5100000.0,Некрасовка,8.0,0.0,20.5,2.0,17,European-style renovation
5050000.0,Сокол,2.0,0.0,14.5,2.0,9,Cosmetic
6650000.0,Сокол,2.0,0.0,21.0,2.0,9,Cosmetic
5070000.0,Окружная,5.0,0.0,19.5,1.0,5,Cosmetic
5200000.0,Окружная,5.0,0.0,20.8,3.0,5,Cosmetic
5309075.0,Окружная,5.0,0.0,20.3,2.0,5,Cosmetic
4950000.0,Окружная,5.0,0.0,19.8,4.0,5,Cosmetic
5150000.0,Окружная,5.0,0.0,20.6,5.0,5,Cosmetic
6760000.0,Окружная,5.0,0.0,25.1,1.0,5,Cosmetic
6600000.0,Солнцево,11.0,0.0,20.7,2.0,19,Cosmetic
4800000.0,Беломорская,6.0,0.0,16.5,1.0,12,Cosmetic
4350000.0,Бунинская Аллея,12.0,0.0,21.0,1.0,12,Cosmetic
3700000.0,Первомайская,7.0,0.0,11.5,1.0,10,Cosmetic
3950000.0,Выхино,17.0,0.0,11.5,1.0,9,Cosmetic
3750000.0,Планерная,13.0,0.0,11.5,1.0,9,Cosmetic
4200000.0,Пражская,15.0,0.0,15.3,1.0,9,European-style renovation
13500000.0,Беговая,11.0,0.0,22.5,9.0,25,Cosmetic
4800000.0,Калитники,19.0,0.0,20.0,4.0,4,European-style renovation
14500000.0,Хорошево,21.0,0.0,22.0,19.0,39,Designer
20900000.0,Белорусская,4.0,0.0,24.0,8.0,12,Without renovation
3600000.0,Покровское,12.0,0.0,15.3,1.0,9,Without renovation
5600000.0,Улица 1905 года,9.0,0.0,12.5,1.0,4,Designer
7000000.0,Улица Горчакова,30.0,0.0,24.6,11.0,15,Without renovation
4490000.0,Нижегородская,12.0,0.0,16.1,2.0,4,European-style renovation
4990000.0,Нижегородская,12.0,0.0,18.0,3.0,4,Designer
31000000.0,Белорусская,11.0,0.0,46.0,2.0,4,European-style renovation
12643000.0,Таганская,7.0,0.0,26.9,2.0,6,Without renovation
6417000.0,Окская,15.0,0.0,18.6,1.0,5,European-style renovation
12200000.0,Аэропорт,3.0,0.0,27.3,3.0,4,Without renovation
6850000.0,Сретенский бульвар,7.0,0.0,13.2,1.0,3,Cosmetic
6340000.0,Бауманская,14.0,0.0,15.4,1.0,4,European-style renovation
9200000.0,Спартак,7.0,0.0,28.6,3.0,22,European-style renovation
8800000.0,Коммунарка,12.0,0.0,22.7,6.0,16,Designer
7200000.0,Сокольники,13.0,0.0,36.0,1.0,7,Cosmetic
10999999.0,Отрадное,23.0,0.0,20.6,3.0,21,European-style renovation
4891000.0,Бунинская Аллея,12.0,0.0,19.5,1.0,12,European-style renovation
4900000.0,Шипиловская,19.0,0.0,16.0,1.0,9,Designer
11800000.0,Бульвар Рокоссовского,6.0,0.0,23.0,8.0,31,European-style renovation
7700000.0,Новогиреево,13.0,0.0,14.7,1.0,9,Designer
7900000.0,Проспект Вернадского,9.0,0.0,18.3,6.0,10,European-style renovation
10900000.0,Проспект Вернадского,9.0,0.0,18.0,10.0,10,Designer
10500000.0,Профсоюзная,22.0,0.0,35.5,15.0,23,Without renovation
9000000.0,Селигерская,11.0,0.0,27.0,8.0,9,European-style renovation
8400000.0,Владыкино,12.0,0.0,20.0,12.0,33,Cosmetic
4850000.0,Бунинская Аллея,16.0,0.0,17.9,1.0,6,Cosmetic
6850000.0,Трубная,7.0,0.0,13.2,1.0,3,Without renovation
19000000.0,Китай-город,6.0,0.0,29.9,1.0,8,European-style renovation
8500000.0,Коммунарка,12.0,0.0,25.0,3.0,15,European-style renovation
8790000.0,Коммунарка,14.0,0.0,21.0,13.0,15,Designer
13650000.0,Селигерская,13.0,0.0,26.5,12.0,45,Designer
7325000.0,Окружная,5.0,0.0,29.3,4.0,5,Cosmetic
4150000.0,Ясенево,16.0,0.0,11.7,1.0,9,European-style renovation
4550000.0,Беломорская,7.0,0.0,13.5,1.0,12,Cosmetic
4290000.0,Тестовская,16.0,0.0,24.0,1.0,5,Cosmetic
6000000.0,Окружная,7.0,0.0,18.0,5.0,5,Cosmetic
4200000.0,Люблино,5.0,0.0,14.0,1.0,9,Without renovation
6290000.0,Окская,15.0,0.0,16.0,3.0,5,European-style renovation
4551000.0,Покровское,32.0,0.0,19.0,2.0,18,Without renovation
3650000.0,Отрадное,6.0,0.0,14.0,1.0,12,Cosmetic
5050000.0,Сокол,2.0,0.0,14.2,2.0,9,Cosmetic
7800000.0,Тургеневская,3.0,0.0,16.0,1.0,8,Without renovation
16500000.0,Дмитровская,6.0,0.0,30.0,16.0,58,European-style renovation
4900000.0,Некрасовка,8.0,0.0,18.5,2.0,17,European-style renovation
3600000.0,Щелковская,19.0,0.0,15.5,1.0,12,Without renovation
10200000.0,Курьяново,8.0,0.0,27.2,15.0,32,Designer
12700000.0,Дмитровская,13.0,0.0,26.0,29.0,47,Cosmetic
5100000.0,Некрасовка,8.0,0.0,21.0,2.0,17,European-style renovation
3620000.0,Тестовская,16.0,0.0,19.3,1.0,5,Cosmetic
4350000.0,Бунинская Аллея,11.0,0.0,20.5,1.0,9,Without renovation
6600000.0,Красный Балтиец,14.0,0.0,18.2,1.0,7,Cosmetic
5602490.0,Красный Балтиец,14.0,0.0,22.2,1.0,7,Cosmetic
5100000.0,Рязанский проспект,16.0,0.0,18.0,2.0,2,Cosmetic
12500000.0,Октябрьское поле,22.0,0.0,28.0,5.0,25,Cosmetic
5000000.0,Рязанский проспект,16.0,0.0,17.9,2.0,2,Cosmetic
5000000.0,Рязанский проспект,16.0,0.0,16.9,2.0,2,Cosmetic
4250000.0,Молодежная,12.0,0.0,14.0,1.0,14,Cosmetic
4300000.0,Бунинская Аллея,10.0,0.0,20.0,1.0,9,Cosmetic
11500000.0,Говорово,9.0,0.0,33.7,24.0,25,Designer
4150000.0,Люблино,11.0,0.0,11.5,1.0,9,Cosmetic
3550000.0,Щелковская,15.0,0.0,15.0,1.0,9,Cosmetic
4900000.0,Шипиловская,19.0,0.0,15.5,1.0,9,European-style renovation
5100001.0,Некрасовка,8.0,0.0,20.5,2.0,17,European-style renovation
8500000.0,Трубная,6.0,0.0,16.0,1.0,7,Cosmetic
49370000.0,Фили,6.0,0.0,102.0,29.0,42,Without renovation
8249500.0,Сретенский бульвар,7.0,0.0,15.8,1.0,3,Without renovation
4650000.0,Южная,6.0,0.0,19.0,1.0,9,Cosmetic
4700000.0,Академическая,9.0,0.0,15.0,1.0,12,Cosmetic
3600000.0,Кантемировская,6.0,0.0,12.5,1.0,9,Cosmetic
6800000.0,Окружная,3.0,0.0,19.0,5.0,5,Designer
6200000.0,Окружная,3.0,0.0,18.4,3.0,5,European-style renovation
4750000.0,Южная,13.0,0.0,20.5,1.0,9,Without renovation
5600000.0,Улица 1905 года,9.0,0.0,12.6,1.0,4,Cosmetic
4200000.0,Новогиреево,25.0,0.0,20.0,1.0,12,Cosmetic
4300000.0,Молодежная,19.0,0.0,14.2,1.0,5,Cosmetic
4949000.0,Рассказовка,6.0,0.0,20.2,2.0,23,Without renovation
5749000.0,Академическая,13.0,0.0,20.2,1.0,5,Without renovation
5400000.0,Сокол,4.0,0.0,16.0,1.0,8,Cosmetic
4900000.0,Войковская,12.0,0.0,16.0,1.0,14,Cosmetic
6817600.0,Красный Балтиец,14.0,0.0,15.6,5.0,9,European-style renovation
5200000.0,Щелковская,12.0,0.0,18.5,1.0,9,Cosmetic
3650000.0,Чертановская,11.0,0.0,12.5,1.0,9,Cosmetic
4350000.0,Пражская,9.0,0.0,17.0,1.0,9,Cosmetic
3900000.0,Щелковская,12.0,0.0,11.7,1.0,9,Cosmetic
4100000.0,Рассказовка,9.0,0.0,15.0,2.0,20,Cosmetic
4750000.0,Беломорская,8.0,0.0,16.0,1.0,12,Cosmetic
4100000.0,Соколиная Гора,16.0,0.0,16.8,1.0,5,Cosmetic
3600000.0,Щелковская,20.0,0.0,15.5,1.0,9,Cosmetic
9199999.0,Рассказовка,18.0,0.0,27.6,4.0,12,Cosmetic
4800000.0,Новопеределкино,10.0,0.0,16.0,1.0,14,Cosmetic
5099000.0,Некрасовка,8.0,0.0,20.0,2.0,17,European-style renovation
7800000.0,Тургеневская,3.0,0.0,17.0,1.0,8,Cosmetic
14500000.0,Сухаревская,4.0,0.0,19.6,2.0,5,European-style renovation
10600000.0,Маяковская,9.0,0.0,13.1,2.0,6,European-style renovation
4150000.0,Планерная,6.0,0.0,11.2,1.0,9,European-style renovation
4250000.0,Улица Горчакова,9.0,0.0,19.0,1.0,9,Cosmetic
49900000.0,Маяковская,5.0,0.0,61.0,4.0,13,Without renovation
17000000.0,Фили,17.0,0.0,29.4,12.0,25,Designer
4450000.0,Некрасовка,14.0,0.0,18.5,2.0,17,Cosmetic
4000000.0,Соколиная Гора,10.0,0.0,16.0,1.0,14,Cosmetic
9899999.0,Коптево,18.0,0.0,31.0,3.0,5,European-style renovation
4900000.0,Некрасовка,8.0,0.0,18.5,2.0,17,European-style renovation
5000000.0,Шипиловская,6.0,0.0,16.5,1.0,9,European-style renovation
8350000.0,Проспект Вернадского,9.0,0.0,18.3,5.0,10,Cosmetic
8130940.0,Юго-Восточная,14.0,0.0,27.8,8.0,9,European-style renovation
3550000.0,Щелковская,21.0,0.0,13.0,1.0,5,Cosmetic
10100000.0,Тургеневская,3.0,0.0,18.0,1.0,8,Cosmetic
3800000.0,Новопеределкино,10.0,0.0,13.8,1.0,14,European-style renovation
8200000.0,Сухаревская,7.0,0.0,15.0,1.0,5,Cosmetic
3980000.0,Бунинская Аллея,12.0,0.0,15.2,1.0,12,Cosmetic
3650000.0,Выхино,17.0,0.0,12.0,1.0,9,Cosmetic
17600000.0,Народное Ополчение,19.0,0.0,37.9,11.0,28,European-style renovation
5050000.0,Сокол,2.0,0.0,14.2,2.0,9,Without renovation
3650000.0,Выхино,17.0,0.0,11.7,1.0,9,European-style renovation
11000000.0,Отрадное,23.0,0.0,20.6,3.0,21,Designer
22500000.0,Маяковская,6.0,0.0,38.0,11.0,12,European-style renovation
3800000.0,Новопеределкино,10.0,0.0,13.8,1.0,14,European-style renovation
3950000.0,Медведково,9.0,0.0,15.0,1.0,9,Cosmetic
4300000.0,Молодежная,15.0,0.0,14.4,1.0,5,Cosmetic
4450000.0,Медведково,9.0,0.0,18.0,1.0,9,Cosmetic
14000000.0,Беговая,12.0,0.0,22.2,23.0,25,European-style renovation
3950000.0,Медведково,8.0,0.0,15.0,1.0,9,Without renovation
15500000.0,Аминьевская,11.0,0.0,26.8,20.0,37,Designer
3800000.0,Новопеределкино,10.0,0.0,13.8,1.0,14,Cosmetic
8550000.0,Сретенский бульвар,7.0,0.0,16.5,1.0,3,Without renovation
4450000.0,Некрасовка,18.0,0.0,19.2,2.0,17,Without renovation
3600000.0,Медведково,8.0,0.0,13.0,1.0,9,Without renovation
4000000.0,Ясенево,6.0,0.0,14.5,1.0,9,Cosmetic
4700000.0,Ясенево,7.0,0.0,19.2,1.0,9,Cosmetic
13000000.0,Аминьевская,15.0,0.0,27.9,37.0,43,Without renovation
7700000.0,Угрешская,9.0,0.0,22.5,3.0,30,Cosmetic
4000000.0,Ясенево,7.0,0.0,14.5,1.0,9,Cosmetic
4900000.0,Новопеределкино,10.0,0.0,17.5,1.0,14,European-style renovation
4000000.0,Бунинская Аллея,12.0,0.0,21.0,1.0,9,Cosmetic
4700000.0,Ясенево,4.0,0.0,19.5,1.0,9,Cosmetic
3550000.0,Ясенево,7.0,0.0,12.0,1.0,16,Cosmetic
4700000.0,Ясенево,7.0,0.0,19.7,1.0,9,Cosmetic
4000000.0,Ясенево,7.0,0.0,14.5,1.0,9,Cosmetic
14500000.0,ЦСКА,11.0,0.0,32.1,13.0,15,Designer
13000000.0,Динамо,8.0,0.0,22.0,6.0,6,Without renovation
5251000.0,Академическая,13.0,0.0,20.0,1.0,5,Without renovation
5100000.0,Некрасовка,8.0,0.0,20.5,2.0,18,Cosmetic
4150000.0,Рассказовка,6.0,0.0,15.5,2.0,23,Cosmetic
5100000.0,Преображенская площадь,14.0,0.0,13.7,1.0,5,Cosmetic
5200000.0,Щелковская,13.0,0.0,18.5,1.0,12,Cosmetic
4800000.0,Новогиреево,6.0,0.0,13.5,1.0,14,Cosmetic
4000000.0,Ясенево,7.0,0.0,14.5,1.0,9,Cosmetic
3600000.0,Медведково,9.0,0.0,13.2,1.0,9,Cosmetic
3950000.0,Медведково,7.0,0.0,15.0,1.0,9,Cosmetic
8250000.0,Трубная,6.0,0.0,16.0,1.0,3,Cosmetic
5050000.0,Сокол,2.0,0.0,14.5,1.0,9,Cosmetic
3550000.0,Кантемировская,5.0,0.0,12.0,1.0,9,Cosmetic
3600000.0,Академическая,11.0,0.0,12.0,1.0,5,Cosmetic
7400000.0,Владыкино,10.0,0.0,19.8,13.0,33,Cosmetic
4650000.0,Молодежная,16.0,0.0,14.2,1.0,5,European-style renovation
4990000.0,Отрадное,12.0,0.0,21.0,1.0,9,Cosmetic
4899000.0,Отрадное,12.0,0.0,19.0,1.0,9,Cosmetic
4699000.0,Отрадное,12.0,0.0,17.8,1.0,9,Without renovation
9500000.0,Алтуфьево,19.0,0.0,26.7,25.0,25,Cosmetic
12800000.0,Аминьевская,11.0,0.0,28.0,10.0,37,Without renovation
5200000.0,Щелковская,12.0,0.0,18.7,1.0,9,European-style renovation
4899000.0,Отрадное,10.0,0.0,19.0,1.0,9,Without renovation
4990000.0,Отрадное,12.0,0.0,21.1,1.0,9,Without renovation
4950000.0,Рассказовка,6.0,0.0,20.0,2.0,23,Cosmetic
3600000.0,Отрадное,12.0,0.0,14.0,1.0,9,Without renovation
5075000.0,Окружная,5.0,0.0,20.3,3.0,5,Without renovation
4850000.0,Беломорская,11.0,0.0,17.5,1.0,9,Cosmetic
4990000.0,Отрадное,11.0,0.0,21.0,1.0,17,Cosmetic
3550000.0,Бибирево,11.0,0.0,14.0,1.0,9,Cosmetic
13800000.0,Медведково,16.0,0.0,30.0,13.0,18,Designer
3690000.0,Кантемировская,5.0,0.0,13.1,2.0,14,Cosmetic
8400000.0,Волгоградский проспект,8.0,0.0,37.5,2.0,21,Without renovation
5100000.0,Отрадное,12.0,0.0,21.5,1.0,9,Cosmetic
7200000.0,Семеновская,16.0,0.0,20.0,2.0,2,European-style renovation
5500000.0,Домодедовская,15.0,0.0,17.0,1.0,9,European-style renovation
5500000.0,Домодедовская,16.0,0.0,16.8,1.0,9,Cosmetic
5100000.0,Орехово,15.0,0.0,15.5,1.0,9,European-style renovation
3550000.0,Ясенево,7.0,0.0,12.0,1.0,9,Without renovation
7400000.0,Курская,10.0,0.0,16.3,4.0,4,Cosmetic
22960000.0,Белорусская,4.0,0.0,34.1,2.0,12,Without renovation
4100000.0,Новопеределкино,12.0,0.0,13.8,1.0,14,European-style renovation
5900000.0,Ботанический сад,19.0,0.0,25.0,2.0,18,Without renovation
4400000.0,Отрадное,7.0,0.0,17.2,1.0,12,Cosmetic
5250000.0,Отрадное,7.0,0.0,22.7,1.0,12,Cosmetic
4400000.0,Отрадное,7.0,0.0,16.8,1.0,12,Cosmetic
4851000.0,Бунинская Аллея,12.0,0.0,17.7,1.0,12,European-style renovation
10900000.0,Красный Балтиец,14.0,0.0,34.2,5.0,7,Designer
5500000.0,Домодедовская,15.0,0.0,16.8,1.0,9,Cosmetic
5199000.0,Щелковская,12.0,0.0,18.2,1.0,9,European-style renovation
4849008.0,Беломорская,11.0,0.0,17.7,1.0,9,Cosmetic
4149000.0,Академическая,13.0,0.0,12.5,1.0,5,Without renovation
4800000.0,Некрасовка,4.0,0.0,21.0,1.0,17,Cosmetic
4800000.0,Некрасовка,9.0,0.0,18.0,1.0,17,Cosmetic
4300000.0,Щукинская,11.0,0.0,14.2,1.0,9,Without renovation
13200000.0,Шелепиха,13.0,0.0,26.0,14.0,24,Designer
4900000.0,Шипиловская,8.0,0.0,17.0,1.0,9,Cosmetic
5100000.0,Окружная,5.0,0.0,20.4,4.0,5,Without renovation
4900000.0,Окружная,5.0,0.0,19.6,4.0,5,Without renovation
4750000.0,Шелепиха,8.0,0.0,11.4,1.0,5,Cosmetic
3550000.0,Ясенево,7.0,0.0,12.2,1.0,9,Cosmetic
5200000.0,Калитники,16.0,0.0,15.0,3.0,10,Cosmetic
4900000.0,Новопеределкино,10.0,0.0,17.0,1.0,14,European-style renovation
10500000.0,Проспект Вернадского,9.0,0.0,17.9,10.0,10,Designer
5500000.0,Домодедовская,16.0,0.0,17.0,1.0,9,European-style renovation
4850000.0,Некрасовка,12.0,0.0,20.0,2.0,17,Cosmetic
7500000.0,Коммунарка,26.0,0.0,29.0,2.0,14,Cosmetic
13440000.0,Селигерская,13.0,0.0,26.6,7.0,45,Designer
9990000.0,Курьяново,8.0,0.0,27.7,18.0,32,Designer
7650000.0,Тропарево,16.0,0.0,20.6,8.0,22,Designer
7200000.0,Владыкино,3.0,0.0,20.0,9.0,16,Designer
4899007.0,Новопеределкино,13.0,0.0,17.0,1.0,14,Cosmetic
4890008.0,Бунинская Аллея,9.0,0.0,19.0,1.0,16,Cosmetic
5200000.0,Отрадное,6.0,0.0,22.4,2.0,12,Cosmetic
7285000.0,Солнцево,14.0,0.0,21.6,17.0,24,Cosmetic
5100000.0,Щелковская,15.0,0.0,18.5,1.0,9,European-style renovation
4700000.0,Отрадное,7.0,0.0,18.7,1.0,12,Without renovation
4350000.0,Отрадное,14.0,0.0,17.0,1.0,20,Cosmetic
7305000.0,Солнцево,14.0,0.0,21.6,20.0,24,Cosmetic
7825000.0,Солнцево,14.0,0.0,20.9,8.0,24,Cosmetic
8130000.0,Солнцево,14.0,0.0,21.6,12.0,24,European-style renovation
10900000.0,Красный Балтиец,14.0,0.0,34.0,4.0,7,Designer
4990000.0,Отрадное,12.0,0.0,21.0,1.0,9,Without renovation
4850000.0,Лианозово,10.0,0.0,22.5,1.0,12,Without renovation
14500000.0,Стрешнево,16.0,0.0,30.6,17.0,22,Designer
6700000.0,Проспект Вернадского,9.0,0.0,13.3,10.0,10,Designer
4250000.0,Отрадное,19.0,0.0,17.5,1.0,9,Cosmetic
4850000.0,Селигерская,11.0,0.0,13.0,8.0,9,European-style renovation
12000000.0,Авиамоторная,16.0,0.0,22.3,4.0,28,Without renovation
10200000.0,Тургеневская,4.0,0.0,19.5,1.0,8,European-style renovation
11000000.0,Аннино,11.0,0.0,36.0,4.0,13,European-style renovation
4250000.0,Отрадное,16.0,0.0,17.5,1.0,9,Cosmetic
3550000.0,Отрадное,19.0,0.0,13.5,1.0,9,Cosmetic
4350000.0,Отрадное,7.0,0.0,17.0,1.0,12,Cosmetic
5100000.0,Преображенская площадь,17.0,0.0,13.7,1.0,5,Cosmetic
4850000.0,Отрадное,5.0,0.0,23.5,1.0,9,Without renovation
7190000.0,Электрозаводская,12.0,0.0,15.6,5.0,8,Designer
4750000.0,Окружная,5.0,0.0,19.0,5.0,5,Without renovation
8000000.0,Калитники,16.0,0.0,26.0,2.0,10,Designer
5050000.0,Бунинская Аллея,12.0,0.0,17.7,1.0,13,European-style renovation
3900000.0,Яхромская,27.0,0.0,15.0,2.0,9,Without renovation
5278000.0,Калитники,8.0,0.0,14.6,1.0,8,Without renovation
7400000.0,Саларьево,26.0,0.0,25.4,8.0,22,Without renovation
8000000.0,Покровское,33.0,0.0,33.8,15.0,20,Without renovation
7749900.0,Некрасовка,18.0,0.0,36.4,2.0,17,Without renovation
5550000.0,Таганская,15.0,0.0,20.6,1.0,14,Cosmetic
13000000.0,Чистые пруды,8.0,0.0,17.2,1.0,4,European-style renovation
10700000.0,Чистые пруды,8.0,0.0,12.0,1.0,4,European-style renovation
4899000.0,Шипиловская,19.0,0.0,15.4,1.0,9,European-style renovation
5199008.0,Отрадное,7.0,0.0,22.5,1.0,12,Cosmetic
8249008.0,Сретенский бульвар,7.0,0.0,16.2,1.0,3,Without renovation
10380000.0,Речной вокзал,7.0,0.0,24.0,9.0,12,Cosmetic
8149000.0,Красный Балтиец,15.0,0.0,15.6,3.0,4,Designer
3700000.0,Яхромская,27.0,0.0,13.0,2.0,9,Cosmetic
4250000.0,Беломорская,16.0,0.0,12.0,1.0,9,Designer
3551000.0,Новогиреево,4.0,0.0,11.0,1.0,9,Without renovation
5750000.0,Сокол,2.0,0.0,16.2,2.0,9,Without renovation
5100000.0,Пятницкое шоссе,20.0,0.0,23.0,10.0,28,European-style renovation
3700000.0,Яхромская,27.0,0.0,13.0,2.0,9,Without renovation
3650000.0,Отрадное,6.0,0.0,14.0,1.0,12,Without renovation
4890000.0,Бунинская Аллея,13.0,0.0,19.0,1.0,9,Without renovation
7600000.0,Беломорская,23.0,0.0,18.5,3.0,9,Cosmetic
8700000.0,Семеновская,18.0,0.0,21.1,2.0,2,European-style renovation
13990000.0,Селигерская,13.0,0.0,26.3,4.0,45,Designer
3899000.0,Яхромская,27.0,0.0,15.1,2.0,9,Without renovation
4750000.0,Академическая,13.0,0.0,14.5,1.0,5,Cosmetic
3649000.0,Отрадное,3.0,0.0,14.0,2.0,12,Cosmetic
5150000.0,Рассказовка,6.0,0.0,20.4,1.0,23,Cosmetic
4990000.0,Отрадное,12.0,0.0,21.0,1.0,9,Cosmetic
6999999.0,Селигерская,18.0,0.0,30.4,17.0,17,Designer
9647000.0,ЗИЛ,15.0,0.0,21.0,16.0,28,Cosmetic
9695000.0,ЗИЛ,15.0,0.0,21.0,18.0,28,Cosmetic
10126000.0,ЗИЛ,15.0,0.0,22.8,10.0,26,Cosmetic
10175000.0,ЗИЛ,15.0,0.0,22.8,12.0,26,Cosmetic
5950000.0,Трубная,7.0,0.0,11.5,1.0,3,Cosmetic
5100000.0,Отрадное,12.0,0.0,21.0,1.0,9,Without renovation
4000000.0,Выхино,21.0,0.0,11.7,1.0,9,Cosmetic
5200000.0,Щелковская,12.0,0.0,18.5,1.0,9,European-style renovation
7990000.0,Сокол,11.0,0.0,17.5,3.0,5,European-style renovation
4950000.0,Селигерская,12.0,0.0,16.0,9.0,10,European-style renovation
5000000.0,Шипиловская,6.0,0.0,16.0,1.0,9,Cosmetic
3600000.0,Медведково,9.0,0.0,13.0,1.0,9,Cosmetic
10499000.0,Авиамоторная,5.0,0.0,20.0,10.0,23,Cosmetic
7900000.0,Зюзино,15.0,0.0,28.0,4.0,5,Designer
4550000.0,Покровское,32.0,0.0,19.0,2.0,18,Without renovation
58000000.0,Динамо,8.0,0.0,92.0,10.0,21,Designer
22000000.0,Трикотажная,24.0,0.0,57.0,23.0,25,Designer
7199000.0,Тургеневская,4.0,0.0,16.3,1.0,8,Without renovation
4450000.0,Щелковская,19.0,0.0,15.3,3.0,16,European-style renovation
4150000.0,Перово,21.0,0.0,17.0,1.0,6,Cosmetic
5050000.0,Некрасовка,25.0,0.0,22.0,2.0,18,Cosmetic
5150000.0,Некрасовка,25.0,0.0,24.0,2.0,18,Cosmetic
6950000.0,Измайлово,8.0,0.0,18.0,2.0,2,Cosmetic
5000000.0,Некрасовка,8.0,0.0,25.0,2.0,18,Without renovation
4900000.0,Некрасовка,4.0,0.0,23.0,2.0,17,Without renovation
4950000.0,Некрасовка,6.0,0.0,22.0,2.0,25,Without renovation
4350000.0,Отрадное,7.0,0.0,17.0,1.0,12,Cosmetic
16000000.0,Хорошево,23.0,0.0,25.0,17.0,19,European-style renovation
17000000.0,Первомайская,7.0,0.0,83.2,1.0,3,Designer
5200000.0,Отрадное,6.0,0.0,22.5,1.0,12,Cosmetic
5800000.0,Измайлово,8.0,0.0,18.0,2.0,2,Cosmetic
7999999.0,Филатов Луг,15.0,0.0,19.5,14.0,18,Cosmetic
6700000.0,Сокол,9.0,0.0,19.5,1.0,8,Cosmetic
6300000.0,Ботанический сад,18.0,0.0,25.3,8.0,18,Without renovation
9500000.0,Свиблово,11.0,0.0,20.0,4.0,25,European-style renovation
10201000.0,Тургеневская,3.0,0.0,19.4,1.0,8,European-style renovation
4800000.0,Новогиреево,4.0,0.0,14.2,1.0,9,European-style renovation
14200000.0,Октябрьское поле,22.0,0.0,27.5,7.0,25,European-style renovation
21200000.0,Маяковская,6.0,0.0,37.0,10.0,12,Designer
4300000.0,Молодежная,19.0,0.0,14.5,1.0,5,European-style renovation
7800000.0,Тургеневская,3.0,0.0,16.0,1.0,8,Cosmetic
4250000.0,Отрадное,19.0,0.0,17.4,1.0,9,Cosmetic
10200000.0,Тургеневская,4.0,0.0,19.1,1.0,8,European-style renovation
7800000.0,Тургеневская,4.0,0.0,16.0,1.0,8,Without renovation
15300000.0,Аминьевская,11.0,0.0,29.0,23.0,37,Designer
16700000.0,Аминьевская,10.0,0.0,32.0,4.0,37,European-style renovation
10950000.0,Стрешнево,8.0,0.0,26.6,16.0,28,European-style renovation
21000000.0,Угрешская,8.0,0.0,68.7,22.0,30,Without renovation
4964600.0,Селигерская,12.0,0.0,13.9,7.0,10,European-style renovation
6850000.0,Сретенский бульвар,7.0,0.0,13.5,1.0,3,Cosmetic
42500000.0,Минская,19.0,0.0,111.0,9.0,21,Designer
4500000.0,Некрасовка,18.0,0.0,19.5,2.0,17,Without renovation
5350000.0,Отрадное,14.0,0.0,23.5,1.0,9,Cosmetic
4990000.0,Отрадное,8.0,0.0,21.0,1.0,9,Cosmetic
4350000.0,Бунинская Аллея,12.0,0.0,20.5,1.0,12,Cosmetic
7200000.0,Сокол,9.0,0.0,18.8,5.0,14,European-style renovation
6700000.0,Сокол,9.0,0.0,23.0,1.0,8,Cosmetic
6700000.0,Сокол,9.0,0.0,22.7,1.0,8,Cosmetic
10400000.0,Селигерская,17.0,0.0,24.8,16.0,22,European-style renovation
5800000.0,Селигерская,12.0,0.0,19.2,8.0,10,Cosmetic
10535000.0,Беговая,9.0,0.0,30.1,3.0,5,European-style renovation
11800000.0,Аминьевская,15.0,0.0,27.9,25.0,43,Without renovation
5000000.0,Бульвар Рокоссовского,10.0,0.0,17.7,1.0,5,Cosmetic
10250000.0,Озёрная,9.0,0.0,20.0,29.0,33,European-style renovation
5025000.0,Окружная,5.0,0.0,20.1,3.0,5,Without renovation
4650000.0,Отрадное,7.0,0.0,18.7,1.0,12,Without renovation
5200000.0,Отрадное,7.0,0.0,22.5,1.0,12,Without renovation
4200000.0,Преображенская площадь,16.0,0.0,13.1,2.0,7,European-style renovation
4349000.0,Бунинская Аллея,12.0,0.0,20.7,1.0,12,Without renovation
5249000.0,Отрадное,7.0,0.0,22.5,1.0,12,Without renovation
3649000.0,Отрадное,3.0,0.0,14.1,1.0,12,Without renovation
3800000.0,Люблино,10.0,0.0,13.0,1.0,12,Cosmetic
9000000.0,Хорошёвская,11.0,0.0,25.0,12.0,23,Without renovation
6700000.0,Сокол,9.0,0.0,19.2,1.0,8,Without renovation
4700000.0,Орехово,10.0,0.0,16.0,1.0,9,Cosmetic
4900000.0,Домодедовская,15.0,0.0,17.0,1.0,9,Cosmetic
3550000.0,Отрадное,19.0,0.0,13.5,1.0,9,Without renovation
4990000.0,Отрадное,12.0,0.0,21.5,1.0,9,Cosmetic
6700000.0,Сокол,10.0,0.0,19.2,1.0,8,Without renovation
24000000.0,Динамо,8.0,0.0,37.2,6.0,6,Designer
4200000.0,Новогиреево,25.0,0.0,19.8,1.0,12,Without renovation
3950000.0,Новогиреево,25.0,0.0,17.0,1.0,12,Without renovation
4200000.0,Автозаводская,7.0,0.0,14.4,1.0,5,European-style renovation
11500000.0,Верхние Лихоборы,8.0,0.0,27.6,9.0,21,Designer
4450000.0,Медведково,9.0,0.0,18.2,1.0,9,Cosmetic
3700000.0,Ясенево,10.0,0.0,14.0,1.0,9,Cosmetic
3600000.0,Выхино,16.0,0.0,12.0,1.0,9,Cosmetic
5350000.0,Отрадное,14.0,0.0,23.5,1.0,9,Without renovation
5350001.0,Отрадное,14.0,0.0,23.6,1.0,9,Cosmetic
5100000.0,Некрасовка,8.0,0.0,20.9,2.0,17,European-style renovation
6700000.0,Сокол,9.0,0.0,19.2,1.0,8,Cosmetic
5350000.0,Красный Балтиец,8.0,0.0,16.0,1.0,5,Cosmetic
9200000.0,Соколиная Гора,10.0,0.0,30.0,1.0,4,Designer
5250000.0,Отрадное,7.0,0.0,22.5,1.0,12,Cosmetic
4349000.0,Бунинская Аллея,12.0,0.0,21.0,1.0,12,Cosmetic
8500000.0,Красный Балтиец,14.0,0.0,27.0,5.0,7,Designer
5350000.0,Орехово,6.0,0.0,23.9,1.0,9,Cosmetic
5000000.0,Окружная,5.0,0.0,20.0,2.0,5,Cosmetic
5075000.0,Окружная,5.0,0.0,20.3,2.0,5,Cosmetic
8477000.0,Красный Балтиец,14.0,0.0,23.3,7.0,7,Cosmetic
6350000.0,Тропарево,16.0,0.0,18.0,3.0,22,Designer
6700000.0,Ботанический сад,19.0,0.0,23.9,9.0,18,Without renovation
11300000.0,Хорошёвская,11.0,0.0,25.0,12.0,23,Designer
7490000.0,Преображенская площадь,11.0,0.0,17.1,2.0,7,Cosmetic
10200000.0,Хорошево,23.0,0.0,24.0,5.0,27,Without renovation
3800000.0,Ясенево,22.0,0.0,19.4,1.0,17,Without renovation
3650000.0,Юго-Восточная,11.0,0.0,11.5,2.0,10,Cosmetic
10750000.0,Красный Балтиец,14.0,0.0,22.0,6.0,7,Without renovation
10500000.0,Новопеределкино,8.0,0.0,27.0,14.0,23,Cosmetic
4300000.0,Таганская,15.0,0.0,15.6,1.0,14,Cosmetic
12500000.0,Верхние Котлы,10.0,0.0,29.5,3.0,16,European-style renovation
8500000.0,Хорошёвская,11.0,0.0,26.2,6.0,23,Without renovation
6450000.0,Ботанический сад,20.0,0.0,24.6,4.0,17,Without renovation
6500000.0,Улица 1905 года,6.0,0.0,18.8,5.0,5,Cosmetic
99000000.0,Новослободская,8.0,0.0,110.0,3.0,13,Without renovation
10500000.0,Депо,16.0,0.0,26.0,10.0,15,European-style renovation
4100000.0,Селигерская,18.0,0.0,12.7,17.0,17,European-style renovation
10950000.0,Красный Балтиец,14.0,0.0,22.1,5.0,7,Without renovation
11000000.0,Красный Балтиец,14.0,0.0,22.0,5.0,7,Without renovation
6300000.0,Владыкино,4.0,0.0,20.3,3.0,16,European-style renovation
8000000.0,Спартак,7.0,0.0,24.7,5.0,22,Without renovation
13500000.0,Площадь Ильича,10.0,0.0,32.0,5.0,10,European-style renovation
3800000.0,Планерная,15.0,0.0,11.7,1.0,9,European-style renovation
7300000.0,Аминьевская,21.0,0.0,30.0,1.0,5,European-style renovation
7799999.0,Филатов Луг,10.0,0.0,19.7,17.0,22,Cosmetic
7200000.0,Марьино,20.0,0.0,30.4,2.0,6,Designer
6080000.0,Внуково,25.0,0.0,20.0,4.0,9,Cosmetic
7500000.0,Тропарево,16.0,0.0,20.8,4.0,22,Designer
7250000.0,Тропарево,16.0,0.0,20.7,5.0,22,European-style renovation
9150000.0,Тропарево,16.0,0.0,19.6,14.0,22,European-style renovation
13200000.0,Хорошево,12.0,0.0,27.6,5.0,27,Without renovation
8500000.0,Солнцево,7.0,0.0,23.4,11.0,23,Cosmetic
8000000.0,Сколково,25.0,0.0,29.0,6.0,24,Without renovation
9490000.0,Прокшино,25.0,0.0,24.0,13.0,14,Cosmetic
6800000.0,Марьина Роща,9.0,0.0,14.9,9.0,10,Designer
7900000.0,Марьина Роща,9.0,0.0,17.4,9.0,10,Designer
10100000.0,Марьина Роща,9.0,0.0,23.5,9.0,10,Designer
4250000.0,Беломорская,16.0,0.0,11.4,1.0,9,Cosmetic
13500000.0,Ростокино,14.0,0.0,35.0,6.0,58,Designer
5600000.0,Савеловская,13.0,0.0,19.5,1.0,5,Cosmetic
5900000.0,Беговая,9.0,0.0,12.0,5.0,5,European-style renovation
7800000.0,Ботанический сад,13.0,0.0,28.0,4.0,5,European-style renovation
6700000.0,Окружная,8.0,0.0,18.1,3.0,5,European-style renovation
5200000.0,Щелковская,12.0,0.0,19.0,1.0,9,Designer
8400000.0,Рижская,18.0,0.0,25.3,2.0,23,Cosmetic
6000000.0,Первомайская,17.0,0.0,24.7,6.0,6,Cosmetic
10250000.0,Говорово,13.0,0.0,21.6,19.0,21,European-style renovation
6000000.0,Перерва,18.0,0.0,32.0,2.0,2,European-style renovation
7700000.0,Бабушкинская,24.0,0.0,17.5,2.0,5,European-style renovation
7700000.0,Коммунарка,26.0,0.0,29.8,3.0,14,Without renovation
380000000.0,Ломоносовский проспект,24.0,0.0,304.0,3.0,12,Without renovation
296000000.0,Ломоносовский проспект,24.0,0.0,238.0,3.0,12,Without renovation
82000000.0,Ломоносовский проспект,24.0,0.0,66.0,3.0,12,Without renovation
3850000.0,Яхромская,23.0,0.0,15.4,2.0,9,Without renovation
16000000.0,Аминьевская,9.0,0.0,24.1,11.0,34,Designer
19000000.0,Китай-город,6.0,0.0,27.8,1.0,8,European-style renovation
4900000.0,Шипиловская,19.0,0.0,16.0,1.0,9,European-style renovation
6300000.0,Пятницкое шоссе,24.0,0.0,20.0,15.0,25,Cosmetic
18990000.0,Аэропорт,3.0,0.0,43.4,2.0,4,Designer
13500000.0,Преображенская площадь,8.0,0.0,31.5,2.0,7,European-style renovation
6400000.0,Сокольники,13.0,0.0,30.0,1.0,7,Cosmetic
9700000.0,Чертановская,14.0,0.0,37.0,2.0,6,Cosmetic
5700000.0,Нагатинский Затон,1.0,0.0,12.0,1.0,12,Cosmetic
30000000.0,Улица 1905 года,13.0,0.0,59.0,13.0,17,European-style renovation
8000000.0,Проспект Вернадского,9.0,0.0,14.4,2.0,10,Designer
19297000.0,Преображенская площадь,9.0,0.0,53.0,3.0,10,European-style renovation
5400000.0,Юго-Восточная,10.0,0.0,15.0,1.0,14,European-style renovation
7000000.0,Ботанический сад,20.0,0.0,25.1,10.0,18,Without renovation
7200000.0,Бульвар Рокоссовского,10.0,0.0,18.0,4.0,5,European-style renovation
17500000.0,Динамо,12.0,0.0,25.7,8.0,36,Designer
22000000.0,Москва-Товарная,4.0,0.0,42.0,12.0,19,European-style renovation
7450000.0,Внуково,39.0,0.0,29.0,2.0,17,European-style renovation
9100000.0,Водный стадион,9.0,0.0,20.2,10.0,22,Cosmetic
7200000.0,Ольховая,24.0,0.0,23.1,2.0,22,European-style renovation
10600000.0,Рижская,20.0,0.0,29.0,4.0,21,Cosmetic
9700000.0,Бунинская Аллея,40.0,0.0,28.0,13.0,15,Designer
7200000.0,Тургеневская,4.0,0.0,16.5,1.0,8,Cosmetic
8500000.0,Проспект Вернадского,4.0,0.0,14.4,2.0,9,Designer
7500000.0,Новослободская,10.0,0.0,18.5,1.0,6,Without renovation
7600000.0,Авиамоторная,7.0,0.0,24.6,1.0,6,Cosmetic
5600000.0,Мичуринский проспект,10.0,0.0,13.5,1.0,5,Without renovation
5600000.0,Савеловская,13.0,0.0,19.0,1.0,5,Without renovation
5600000.0,Гражданская,9.0,0.0,20.8,1.0,5,Cosmetic
5950000.0,Фонвизинская,14.0,0.0,19.0,1.0,5,Without renovation
5900000.0,Соколиная Гора,8.0,0.0,19.0,1.0,5,Without renovation
11300000.0,Кожуховская,8.0,0.0,23.3,25.0,69,Without renovation
9300000.0,Бульвар Рокоссовского,28.0,0.0,22.2,9.0,18,Cosmetic
19000000.0,Китай-город,5.0,0.0,27.8,2.0,5,Designer
6800000.0,Ольховая,23.0,0.0,26.0,1.0,24,European-style renovation
4100000.0,Некрасовка,6.0,0.0,13.0,2.0,25,European-style renovation
6500000.0,Щелковская,7.0,0.0,17.0,1.0,9,Cosmetic
8800000.0,Саларьево,19.0,0.0,19.6,23.0,24,Cosmetic
6500000.0,Калитники,8.0,0.0,27.0,1.0,8,Without renovation
5100000.0,Первомайская,12.0,0.0,16.0,4.0,5,European-style renovation
4550000.0,Автозаводская,7.0,0.0,18.3,5.0,5,Cosmetic
5404400.0,Коломенская,10.0,0.0,18.3,1.0,5,Cosmetic
6550000.0,Силикатная,32.0,0.0,23.9,9.0,12,European-style renovation
9625000.0,ЗИЛ,15.0,0.0,21.0,15.0,28,Cosmetic
10400000.0,Селигерская,16.0,0.0,24.9,16.0,22,European-style renovation
4100000.0,Соколиная Гора,16.0,0.0,16.8,1.0,5,Without renovation
20000000.0,Раменки,11.0,0.0,36.9,6.0,15,Without renovation
12032000.0,Таганская,7.0,0.0,25.6,2.0,6,Without renovation
4100000.0,Соколиная Гора,16.0,0.0,17.0,1.0,5,European-style renovation
4450000.0,Медведково,10.0,0.0,18.0,1.0,14,Cosmetic
5100000.0,Семеновская,16.0,0.0,13.4,1.0,2,European-style renovation
12800000.0,Дмитровская,14.0,0.0,26.5,29.0,49,Designer
55000000.0,Технопарк,12.0,0.0,138.0,16.0,21,Without renovation
16800000.0,Павелецкая,18.0,0.0,27.6,8.0,18,Without renovation
7750000.0,Некрасовка,18.0,0.0,36.3,2.0,17,Without renovation
10300000.0,Селигерская,24.0,0.0,26.0,11.0,25,Cosmetic
4600000.0,Беломорская,11.0,0.0,14.8,1.0,9,Cosmetic
12350000.0,Новогиреево,26.0,0.0,51.4,1.0,16,European-style renovation
12000000.0,Селигерская,24.0,0.0,35.2,1.0,21,European-style renovation
8800000.0,Волгоградский проспект,8.0,0.0,29.5,5.0,21,European-style renovation
4450000.0,Медведково,9.0,0.0,18.5,1.0,9,Cosmetic
16000000.0,Павелецкая,18.0,0.0,25.8,18.0,46,Without renovation
7899999.0,Прокшино,13.0,0.0,22.0,15.0,18,Cosmetic
3850000.0,Новогиреево,10.0,0.0,14.0,1.0,5,Without renovation
7700000.0,Солнцево,7.0,0.0,23.3,16.0,23,Without renovation
7000000.0,Прокшино,18.0,0.0,21.1,8.0,16,Cosmetic
5000000.0,Прокшино,18.0,0.0,22.0,5.0,16,Cosmetic
3590000.0,Тестовская,16.0,0.0,19.0,1.0,5,Cosmetic
3850000.0,Улица Горчакова,14.0,0.0,12.0,1.0,14,Cosmetic
14000000.0,Селигерская,18.0,0.0,38.0,4.0,23,Designer
3950000.0,Покровское,32.0,0.0,17.6,2.0,18,Without renovation
6900000.0,Медведково,17.0,0.0,40.0,1.0,6,Designer
13400000.0,Ботанический сад,2.0,0.0,28.0,15.0,25,European-style renovation
6200000.0,Калитники,8.0,0.0,19.5,2.0,8,Without renovation
10450000.0,Ботанический сад,18.0,0.0,32.2,18.0,18,Without renovation
15000000.0,Нагатинский Затон,11.0,0.0,28.0,10.0,17,European-style renovation
68000000.0,Славянский бульвар,23.0,0.0,101.0,11.0,22,Without renovation
120000000.0,Пролетарская,12.0,0.0,161.1,13.0,18,Designer
12500000.0,Чистые пруды,8.0,0.0,16.4,1.0,4,European-style renovation
5099000.0,Некрасовка,8.0,0.0,20.6,2.0,17,European-style renovation
4800000.0,Новопеределкино,10.0,0.0,16.5,1.0,14,Cosmetic
9800000.0,Новогиреево,26.0,0.0,47.0,1.0,16,European-style renovation
12000000.0,Локомотив,18.0,0.0,18.0,21.0,39,Cosmetic
11500000.0,Чистые пруды,8.0,0.0,14.1,1.0,4,European-style renovation
4550000.0,Покровское,32.0,0.0,19.0,2.0,18,Without renovation
4400000.0,Беломорская,18.0,0.0,15.6,1.0,9,Cosmetic
7600000.0,Улица Скобелевская,12.0,0.0,20.1,33.0,33,Cosmetic
8100000.0,Проспект Вернадского,9.0,0.0,17.3,7.0,10,Designer
3600000.0,Отрадное,12.0,0.0,14.0,1.0,9,Without renovation
7900000.0,Некрасовка,13.0,0.0,25.0,22.0,22,Cosmetic
6300000.0,Красносельская,4.0,0.0,16.8,4.0,5,Cosmetic
13450000.0,Октябрьское поле,21.0,0.0,27.5,4.0,24,Designer
4415000.0,Бауманская,6.0,0.0,20.3,1.0,3,Cosmetic
7200000.0,Прокшино,10.0,0.0,22.0,6.0,18,Without renovation
5500000.0,Рязанский проспект,15.0,0.0,16.5,2.0,4,Cosmetic
4650000.0,Беломорская,18.0,0.0,16.3,1.0,9,Cosmetic
6005300.0,Селигерская,27.0,0.0,19.3,3.0,3,Cosmetic
4200000.0,Южная,16.0,0.0,17.5,1.0,9,Cosmetic
15000000.0,Шелепиха,19.0,0.0,32.8,24.0,41,Without renovation
41800000.0,Маяковская,6.0,0.0,88.2,8.0,12,Without renovation
10950000.0,Текстильщики,16.0,0.0,28.5,9.0,22,Designer
16490000.0,ЦСКА,6.0,0.0,33.0,14.0,15,Designer
7998000.0,Красный Балтиец,14.0,0.0,22.3,6.0,7,Without renovation
3550000.0,Щелковская,21.0,0.0,15.5,1.0,9,Cosmetic
5350000.0,Орехово,6.0,0.0,23.5,1.0,9,Cosmetic
5517000.0,Селигерская,27.0,0.0,19.2,1.0,3,Cosmetic
12600000.0,Маяковская,9.0,0.0,17.1,2.0,6,European-style renovation
6855000.0,Сретенский бульвар,7.0,0.0,13.7,1.0,3,Without renovation
5250000.0,Академическая,13.0,0.0,20.0,1.0,5,Cosmetic
7750000.0,Новогиреево,26.0,0.0,37.0,1.0,16,European-style renovation
7200000.0,Нагатинский Затон,20.0,0.0,17.0,17.0,18,Without renovation
5100000.0,Тропарево,7.0,0.0,19.0,1.0,16,Without renovation
64800000.0,Новокузнецкая,10.0,0.0,61.6,1.0,8,Without renovation
6842000.0,Окружная,8.0,0.0,31.1,5.0,5,Without renovation
9500000.0,Новодачная,15.0,0.0,28.6,7.0,11,European-style renovation
7900000.0,Улица Скобелевская,12.0,0.0,21.0,5.0,33,Cosmetic
15700000.0,Маяковская,3.0,0.0,22.0,2.0,8,European-style renovation
7500000.0,Калитники,8.0,0.0,28.4,3.0,8,Without renovation
5950000.0,Владыкино,4.0,0.0,18.3,2.0,16,European-style renovation
15000000.0,Аминьевская,10.0,0.0,28.8,28.0,37,European-style renovation
12950000.0,Коммунарка,14.0,0.0,40.0,20.0,25,Designer
15700000.0,Маяковская,3.0,0.0,23.1,2.0,8,European-style renovation
6800000.0,Коммунарка,54.0,0.0,18.0,13.0,16,Cosmetic
27500000.0,Аминьевская,5.0,0.0,71.0,19.0,42,European-style renovation
8600000.0,Калитники,8.0,0.0,21.5,6.0,8,European-style renovation
11500000.0,Хорошево,21.0,0.0,23.0,14.0,39,Without renovation
7050000.0,Аминьевская,18.0,0.0,16.9,3.0,9,Cosmetic
41000000.0,Технопарк,14.0,0.0,61.1,19.0,20,Without renovation
3750000.0,Юго-Восточная,10.0,0.0,14.8,1.0,9,Cosmetic
10920000.0,Угрешская,7.0,0.0,23.5,13.0,30,European-style renovation
7236000.0,Калитники,8.0,0.0,26.8,3.0,8,Without renovation
15699000.0,Шелепиха,13.0,0.0,35.0,6.0,19,European-style renovation
8900000.0,Марьина Роща,8.0,0.0,32.0,5.0,7,Designer
22000000.0,Белорусская,4.0,0.0,34.0,2.0,12,Cosmetic
39500000.0,Технопарк,14.0,0.0,70.8,2.0,15,Without renovation
4800000.0,Чертановская,13.0,0.0,19.0,1.0,9,Cosmetic
15700000.0,Динамо,12.0,0.0,26.0,8.0,36,European-style renovation
11500000.0,Сокол,10.0,0.0,25.1,10.0,14,Designer
3550000.0,Ясенево,7.0,0.0,12.0,1.0,16,Cosmetic
15500000.0,Площадь Ильича,8.0,0.0,50.0,2.0,16,Cosmetic
13800000.0,Савеловская,9.0,0.0,31.8,6.0,10,Without renovation
15400000.0,Кунцевская,8.0,0.0,53.3,11.0,29,Without renovation
14000000.0,Ботанический сад,20.0,0.0,60.0,16.0,18,Designer
7800000.0,Филатов Луг,11.0,0.0,19.6,14.0,22,Cosmetic
6800000.0,Новогиреево,26.0,0.0,28.4,2.0,16,European-style renovation
13337500.0,Китай-город,7.0,0.0,19.4,3.0,3,Designer
6500000.0,Беговая,5.0,0.0,17.0,6.0,6,European-style renovation
15200000.0,Красносельская,8.0,0.0,29.0,1.0,9,European-style renovation
22000000.0,Курская,9.0,0.0,19.6,3.0,11,Designer
9665000.0,Беговая,9.0,0.0,29.7,5.0,5,European-style renovation
6850000.0,Первомайская,19.0,0.0,23.2,2.0,5,Cosmetic
5000000.0,Шипиловская,6.0,0.0,16.0,1.0,9,Without renovation
14500000.0,Цветной бульвар,6.0,0.0,24.4,1.0,5,European-style renovation
10500000.0,Солнцево,8.0,0.0,32.1,9.0,23,European-style renovation
15500000.0,Смоленская,5.0,0.0,17.3,2.0,6,Without renovation
9565152.0,Беговая,9.0,0.0,30.1,3.0,5,European-style renovation
11850000.0,Угрешская,8.0,0.0,25.5,13.0,33,Without renovation
6840000.0,Тульская,12.0,0.0,11.1,1.0,4,European-style renovation
9150000.0,Хорошёвская,11.0,0.0,24.7,5.0,23,Without renovation
100000000.0,Минская,29.0,0.0,164.0,15.0,53,Without renovation
10800000.0,Лесопарковая,9.0,0.0,38.0,2.0,23,Without renovation
4850000.0,Беломорская,11.0,0.0,17.5,1.0,9,European-style renovation
167500000.0,Минская,15.0,0.0,167.0,6.0,8,Without renovation
14490000.0,Курская,9.0,0.0,21.0,5.0,11,European-style renovation
12099000.0,Шаболовская,17.0,0.0,29.2,6.0,13,Without renovation
4575000.0,Ботанический сад,13.0,0.0,18.3,3.0,5,Without renovation
12500000.0,Хорошево,23.0,0.0,22.0,14.0,27,Without renovation
4670000.0,Селигерская,8.0,0.0,13.0,2.0,3,European-style renovation
5000000.0,Шипиловская,6.0,0.0,16.5,1.0,9,Cosmetic
5300000.0,Коммунарка,56.0,0.0,19.8,2.0,9,Without renovation
9500000.0,Аэропорт,3.0,0.0,24.1,2.0,4,Designer
14000000.0,ЦСКА,11.0,0.0,32.0,11.0,15,Designer
14450000.0,Динамо,8.0,0.0,22.0,2.0,6,Designer
29500000.0,Аминьевская,11.0,0.0,71.0,12.0,25,Without renovation
8900000.0,Нижегородская,9.0,0.0,22.7,25.0,33,Without renovation
4450000.0,Медведково,9.0,0.0,18.0,1.0,9,Cosmetic
154718925.0,Минская,29.0,0.0,187.0,31.0,53,Without renovation
4900000.0,Шипиловская,19.0,0.0,15.5,1.0,9,Cosmetic
48000000.0,Аминьевская,13.0,0.0,100.0,7.0,26,Without renovation
16200000.0,Смоленская,5.0,0.0,16.2,2.0,6,Designer
21000000.0,Алексеевская,4.0,0.0,38.9,5.0,15,Without renovation
7600000.0,Бунинская Аллея,39.0,0.0,24.9,8.0,15,Cosmetic
9000000.0,Саларьево,26.0,0.0,26.5,1.0,22,Cosmetic
15300000.0,Владыкино,22.0,0.0,29.7,25.0,31,Cosmetic
11490000.0,Улица 1905 года,6.0,0.0,22.0,4.0,5,Designer
4700000.0,Лихоборы,21.0,0.0,14.0,1.0,5,European-style renovation
9311000.0,Калитники,8.0,0.0,36.2,5.0,8,Without renovation
5700000.0,Коньково,7.0,0.0,16.5,1.0,9,Cosmetic
7690000.0,Электрозаводская,12.0,0.0,25.0,1.0,8,Designer
136471230.0,Охотный ряд,7.0,0.0,85.2,2.0,5,Without renovation
16500000.0,Давыдково,20.0,0.0,37.5,9.0,16,European-style renovation
155000000.0,Выставочная,9.0,0.0,225.0,15.0,21,Without renovation
13000000.0,Аминьевская,15.0,0.0,29.1,10.0,41,Without renovation
7700000.0,Улица Скобелевская,13.0,0.0,21.2,25.0,33,Without renovation
6930000.0,Окружная,8.0,0.0,31.5,2.0,5,Cosmetic
10600000.0,Красный Балтиец,14.0,0.0,38.0,6.0,7,European-style renovation
5950000.0,Сретенский бульвар,7.0,0.0,11.8,1.0,3,Without renovation
8650000.0,Чкаловская,13.0,0.0,21.5,3.0,8,Without renovation
18100000.0,Китай-город,5.0,0.0,29.9,1.0,7,Designer
21000000.0,Алексеевская,4.0,0.0,38.9,4.0,15,Designer
14000000.0,ЗИЛ,18.0,0.0,25.5,9.0,16,Cosmetic
3750000.0,Юго-Восточная,10.0,0.0,14.8,1.0,9,Without renovation
186000000.0,Кропоткинская,11.0,0.0,184.0,2.0,8,Without renovation
71500000.0,Хорошёвская,11.0,0.0,130.0,17.0,24,Without renovation
80000000.0,Выставочная,9.0,0.0,100.0,5.0,21,Designer
14700000.0,Аминьевская,11.0,0.0,30.3,5.0,37,Designer
86450000.0,Хорошёвская,11.0,0.0,133.0,20.0,24,Designer
34500000.0,Аминьевская,11.0,0.0,73.0,4.0,37,Without renovation
18000000.0,Алексеевская,4.0,0.0,32.5,5.0,15,Designer
10199000.0,Тургеневская,3.0,0.0,19.1,1.0,8,European-style renovation
7600000.0,Рижская,21.0,0.0,26.7,1.0,3,Cosmetic
9100000.0,Окружная,12.0,0.0,19.7,12.0,19,European-style renovation
12100000.0,Тургеневская,4.0,0.0,23.5,1.0,8,Designer
49000000.0,Хорошёвская,13.0,0.0,94.0,5.0,24,Without renovation
34000000.0,Аминьевская,13.0,0.0,96.0,3.0,26,Without renovation
12600000.0,Маяковская,9.0,0.0,19.0,2.0,6,Designer
10500000.0,Бульвар Рокоссовского,6.0,0.0,21.0,2.0,31,Cosmetic
12100000.0,Маяковская,9.0,0.0,18.2,2.0,6,Designer
6350000.0,Тропарево,16.0,0.0,18.0,4.0,22,Designer
40500000.0,Аминьевская,5.0,0.0,97.0,6.0,42,Without renovation
13200000.0,Речной вокзал,6.0,0.0,32.0,4.0,33,European-style renovation
7349000.0,Тестовская,18.0,0.0,20.3,1.0,5,Without renovation
15400000.0,Давыдково,20.0,0.0,30.0,10.0,30,Designer
391766220.0,Охотный ряд,7.0,0.0,253.0,4.0,5,Without renovation
15000000.0,Маяковская,3.0,0.0,25.0,2.0,8,European-style renovation
361496520.0,Охотный ряд,7.0,0.0,193.0,2.0,5,Without renovation
16000000.0,Смоленская,7.0,0.0,25.9,2.0,4,European-style renovation
362854800.0,Охотный ряд,7.0,0.0,214.0,3.0,5,Without renovation
10299000.0,Аэропорт,3.0,0.0,24.0,3.0,4,European-style renovation
11500000.0,Хорошёвская,11.0,0.0,33.0,11.0,23,Without renovation
43000000.0,Серпуховская,10.0,0.0,63.0,5.0,14,Designer
5950000.0,Окружная,7.0,0.0,18.6,2.0,5,Designer
14500000.0,Хорошево,23.0,0.0,25.0,11.0,27,Designer
6480000.0,Рижская,9.0,0.0,24.2,4.0,4,European-style renovation
5800000.0,Беговая,9.0,0.0,14.6,4.0,5,European-style renovation
11800000.0,Сухаревская,4.0,0.0,17.0,2.0,5,European-style renovation
13000000.0,Каширская,19.0,0.0,32.0,8.0,24,Cosmetic
7590000.0,Рижская,9.0,0.0,26.2,4.0,4,Cosmetic
10600000.0,Маяковская,9.0,0.0,14.6,2.0,6,Designer
16450000.0,Смоленская,5.0,0.0,18.2,2.0,6,Designer
10490000.0,Улица 1905 года,6.0,0.0,18.9,5.0,5,Designer
10400000.0,Озёрная,9.0,0.0,25.5,33.0,33,Cosmetic
10200000.0,Тургеневская,4.0,0.0,19.0,1.0,8,European-style renovation
13900000.0,Октябрьское поле,22.0,0.0,28.0,18.0,25,Designer
9000000.0,Перерва,15.0,0.0,25.0,21.0,25,European-style renovation
15000000.0,Водный стадион,14.0,0.0,30.0,9.0,21,Designer
4500000.0,Коньково,7.0,0.0,11.6,1.0,9,Cosmetic
11600000.0,Хорошево,21.0,0.0,24.5,16.0,39,Without renovation
3750000.0,Ховрино,11.0,0.0,15.0,1.0,12,Without renovation
5850000.0,Шелепиха,8.0,0.0,14.5,1.0,5,Cosmetic
365000000.0,Фрунзенская,10.0,0.0,228.0,11.0,12,Without renovation
14000000.0,Калитники,12.0,0.0,20.0,3.0,7,Designer
26500000.0,Аминьевская,5.0,0.0,70.0,20.0,42,Without renovation
20611500.0,Павелецкая,7.0,0.0,45.3,10.0,14,Without renovation
6266834.0,Калитники,8.0,0.0,25.7,2.0,8,Without renovation
52500000.0,Улица 1905 года,14.0,0.0,50.0,5.0,13,Designer
7315000.0,Электрозаводская,8.0,0.0,20.9,1.0,3,Without renovation
140000000.0,Красные ворота,7.0,0.0,130.0,8.0,8,Designer
5900000.0,Силикатная,32.0,0.0,24.5,12.0,12,Without renovation
6960000.0,Калитники,8.0,0.0,25.0,4.0,8,Without renovation
13500000.0,Хорошево,23.0,0.0,25.0,16.0,19,Designer
20000000.0,Электрозаводская,17.0,0.0,62.5,6.0,7,Without renovation
10200000.0,Тургеневская,4.0,0.0,19.1,1.0,8,Cosmetic
27840000.0,Электрозаводская,17.0,0.0,92.8,6.0,7,Without renovation
4200000.0,Алтуфьево,7.0,0.0,17.0,1.0,12,Cosmetic
3650000.0,Выхино,17.0,0.0,11.5,1.0,9,Cosmetic
16585000.0,Электрозаводская,17.0,0.0,56.7,6.0,7,Without renovation
5300000.0,Сходненская,16.0,0.0,18.0,1.0,5,Designer
10180000.0,Коптево,13.0,0.0,28.3,7.0,20,Without renovation
8085000.0,Филатов Луг,14.0,0.0,20.0,5.0,16,European-style renovation
18141000.0,Электрозаводская,17.0,0.0,64.5,6.0,7,Without renovation
6090000.0,Калитники,8.0,0.0,19.7,2.0,8,Without renovation
48000000.0,Деловой центр,1.0,0.0,58.0,77.0,97,Designer
8040000.0,Чкаловская,13.0,0.0,20.1,3.0,8,Without renovation
6140000.0,Тропарево,16.0,0.0,17.3,5.0,22,Designer
7989000.0,Аэропорт,3.0,0.0,15.3,2.0,4,European-style renovation
12200000.0,Аэропорт,3.0,0.0,27.1,3.0,4,Designer
12500000.0,Смоленская,7.0,0.0,19.4,2.0,4,European-style renovation
65000000.0,Новаторская,10.0,0.0,171.0,23.0,32,Without renovation
8490000.0,Красный Балтиец,14.0,0.0,18.0,7.0,9,Without renovation
11800000.0,Автозаводская,6.0,0.0,50.0,1.0,13,Cosmetic
7150000.0,Прокшино,10.0,0.0,22.0,9.0,18,Without renovation
8750000.0,Сокол,10.0,0.0,24.9,11.0,14,European-style renovation
5100000.0,Преображенская площадь,17.0,0.0,14.0,1.0,5,European-style renovation
5100000.0,Преображенская площадь,17.0,0.0,13.9,1.0,5,European-style renovation
17000000.0,Павелецкая,18.0,0.0,27.6,9.0,18,Without renovation
10400000.0,Аэропорт,3.0,0.0,22.9,4.0,4,Designer
5100000.0,Преображенская площадь,14.0,0.0,14.0,1.0,5,European-style renovation
8966943.0,Калитники,8.0,0.0,31.4,2.0,8,Cosmetic
6101987.0,Калитники,8.0,0.0,17.3,2.0,8,Cosmetic
6985000.0,Силикатная,30.0,0.0,24.5,13.0,16,European-style renovation
4950000.0,Шипиловская,19.0,0.0,16.0,1.0,9,Designer
8480000.0,Чкаловская,13.0,0.0,21.2,3.0,8,Without renovation
15500000.0,Шелепиха,19.0,0.0,32.8,27.0,41,Without renovation
7542696.0,Калитники,8.0,0.0,27.8,2.0,8,Cosmetic
13525000.0,Селигерская,13.0,0.0,26.1,9.0,45,European-style renovation
17000000.0,Беломорская,23.0,0.0,34.5,12.0,15,European-style renovation
7161000.0,Чкаловская,13.0,0.0,17.9,3.0,8,Without renovation
12280000.0,Электрозаводская,17.0,0.0,32.8,7.0,7,Without renovation
4500000.0,Сетунь,29.0,0.0,16.0,1.0,14,European-style renovation
4400000.0,Покровское,32.0,0.0,17.5,2.0,18,Without renovation
18882500.0,Павелецкая,7.0,0.0,41.5,10.0,14,Without renovation
4999998.0,Преображенская площадь,17.0,0.0,13.8,1.0,5,Cosmetic
8470117.0,Калитники,8.0,0.0,34.0,3.0,8,Cosmetic
14472000.0,Электрозаводская,17.0,0.0,53.6,6.0,7,Without renovation
7760000.0,Чкаловская,13.0,0.0,19.4,3.0,8,Without renovation
10100000.0,Филатов Луг,7.0,0.0,26.8,6.0,16,European-style renovation
7050000.0,Чкаловская,13.0,0.0,17.5,3.0,8,Without renovation
9200000.0,Красный Балтиец,14.0,0.0,22.2,4.0,7,Cosmetic
11250000.0,Угрешская,9.0,0.0,24.2,3.0,30,European-style renovation
5561905.0,Калитники,8.0,0.0,14.5,5.0,8,Without renovation
5800000.0,Окружная,8.0,0.0,18.1,5.0,5,European-style renovation
10200000.0,Аэропорт,3.0,0.0,20.3,2.0,4,Designer
4599000.0,Войковская,12.0,0.0,14.6,1.0,9,Without renovation
6424900.0,Чкаловская,13.0,0.0,15.0,3.0,8,Without renovation
5590000.0,Зюзино,15.0,0.0,20.0,3.0,5,European-style renovation
11019132.0,Калужская,11.0,0.0,21.6,45.0,58,Without renovation
6920000.0,Чкаловская,13.0,0.0,17.3,3.0,8,Without renovation
4600000.0,Беломорская,11.0,0.0,13.5,1.0,9,European-style renovation
8650000.0,Чкаловская,13.0,0.0,21.5,3.0,8,Without renovation
13300000.0,Бауманская,8.0,0.0,30.0,6.0,9,European-style renovation
6560000.0,Чкаловская,13.0,0.0,16.4,3.0,8,Without renovation
6400000.0,Спартак,7.0,0.0,16.2,5.0,22,European-style renovation
14000000.0,Давыдково,22.0,0.0,42.0,7.0,7,Designer
11797000.0,Таганская,7.0,0.0,25.1,2.0,6,Designer
4999000.0,Шипиловская,6.0,0.0,16.2,1.0,9,European-style renovation
8650000.0,Ботанический сад,18.0,0.0,24.0,18.0,18,Without renovation
8800000.0,Озёрная,22.0,0.0,31.6,5.0,21,Cosmetic
13900000.0,Рабочий Посёлок,22.0,0.0,24.0,7.0,29,Without renovation
5250000.0,Академическая,13.0,0.0,15.5,1.0,5,Without renovation
7000000.0,Чкаловская,13.0,0.0,17.5,3.0,8,Without renovation
4150000.0,Соколиная Гора,16.0,0.0,16.8,1.0,5,Without renovation
4700000.0,Выхино,21.0,0.0,16.6,1.0,9,Cosmetic
14000000.0,Селигерская,13.0,0.0,26.0,28.0,45,Designer
5990000.0,Чкаловская,13.0,0.0,13.3,3.0,8,Without renovation
6027000.0,Аминьевская,18.0,0.0,14.7,7.0,9,Cosmetic
10900000.0,ЗИЛ,14.0,0.0,77.0,3.0,5,Without renovation
4150007.0,Молодежная,21.0,0.0,14.2,1.0,5,Cosmetic
11250000.0,Бутырская,21.0,0.0,27.1,4.0,8,Without renovation
17300000.0,Курская,12.0,0.0,34.6,2.0,5,Cosmetic
8800000.0,Текстильщики,18.0,0.0,26.0,24.0,24,European-style renovation
6480000.0,Дмитровская,11.0,0.0,25.9,1.0,8,Without renovation
295000000.0,Ломоносовский проспект,24.0,0.0,237.0,4.0,12,Without renovation
3850000.0,Люблино,8.0,0.0,11.0,1.0,12,Cosmetic
3670000.0,Депо,6.0,0.0,18.0,1.0,2,European-style renovation
13800000.0,Говорово,15.0,0.0,42.3,1.0,12,Designer
25000000.0,Хорошёвская,13.0,0.0,45.0,21.0,24,Without renovation
4750000.0,Южная,13.0,0.0,20.2,1.0,9,Without renovation
11800000.0,Сухаревская,4.0,0.0,17.0,2.0,5,European-style renovation
5300000.0,Бибирево,21.0,0.0,17.3,2.0,10,Cosmetic
4100000.0,Соколиная Гора,15.0,0.0,16.9,1.0,5,Without renovation
3850000.0,Люблино,6.0,0.0,12.0,1.0,9,European-style renovation
3950000.0,Молодежная,19.0,0.0,11.0,1.0,5,European-style renovation
5076000.0,Дмитровская,11.0,0.0,19.0,2.0,8,Without renovation
4700000.0,Коньково,7.0,0.0,15.0,1.0,9,Cosmetic
7150000.0,Аминьевская,18.0,0.0,22.0,1.0,9,Cosmetic
13000000.0,Селигерская,13.0,0.0,28.0,3.0,45,Designer
4150000.0,Лианозово,9.0,0.0,17.3,1.0,16,Without renovation
7950000.0,Перерва,18.0,0.0,21.6,6.0,25,Without renovation
23000000.0,Фили,16.0,0.0,46.4,9.0,21,Designer
10000000.0,Сокол,10.0,0.0,40.0,10.0,14,European-style renovation
4750000.0,Лианозово,12.0,0.0,22.5,1.0,16,Without renovation
3690000.0,Кантемировская,5.0,0.0,13.0,1.0,14,Without renovation
3849000.0,Люблино,8.0,0.0,11.1,1.0,12,European-style renovation
11999000.0,Трикотажная,12.0,0.0,27.0,2.0,23,Cosmetic
5500000.0,Лихоборы,21.0,0.0,28.0,4.0,5,Designer
11500000.0,Локомотив,17.0,0.0,23.6,17.0,39,European-style renovation
3800000.0,Ясенево,11.0,0.0,11.0,1.0,9,Cosmetic
16000000.0,Фили,6.0,0.0,26.0,10.0,20,Cosmetic
50999999.0,Смоленская,9.0,0.0,63.0,2.0,13,Designer
7600000.0,Сокол,10.0,0.0,50.0,8.0,14,European-style renovation
11690000.0,Сокол,10.0,0.0,70.0,1.0,14,European-style renovation
9900000.0,Бутырская,8.0,0.0,21.7,32.0,32,Without renovation
3800000.0,Калитники,16.0,0.0,11.3,9.0,10,Cosmetic
7500000.0,Тропарево,16.0,0.0,18.0,12.0,22,Designer
4200000.0,Алтуфьево,10.0,0.0,17.1,1.0,9,Cosmetic
5076000.0,Дмитровская,11.0,0.0,18.4,2.0,8,Without renovation
4850000.0,Комсомольская,11.0,0.0,22.7,1.0,2,Without renovation
7041400.0,Солнцево,11.0,0.0,21.8,1.0,14,European-style renovation
10463160.0,Фонвизинская,21.0,0.0,23.5,16.0,31,Without renovation
3900000.0,Бабушкинская,13.0,0.0,16.0,2.0,5,Cosmetic
7900000.0,Электрозаводская,12.0,0.0,28.2,8.0,8,Designer
6500000.0,Кожуховская,8.0,0.0,18.8,1.0,7,Cosmetic
3800000.0,Планерная,14.0,0.0,12.0,1.0,9,European-style renovation
13850000.0,Курская,12.0,0.0,27.7,2.0,5,Cosmetic
5950000.0,Тестовская,18.0,0.0,15.9,1.0,5,Cosmetic
9200000.0,Окружная,12.0,0.0,20.0,12.0,19,Designer
6800000.0,Калитники,16.0,0.0,19.5,3.0,10,European-style renovation
8000000.0,Домодедовская,18.0,0.0,23.4,14.0,25,Cosmetic
3800000.0,Планерная,14.0,0.0,11.7,1.0,9,European-style renovation
4300000.0,Дмитровская,11.0,0.0,17.2,1.0,8,Without renovation
4800000.0,Новогиреево,4.0,0.0,14.0,1.0,9,Cosmetic
8370000.0,Южная,14.0,0.0,46.5,2.0,6,Without renovation
6490000.0,Свиблово,11.0,0.0,19.0,1.0,4,Cosmetic
8600000.0,Электрозаводская,17.0,0.0,24.5,6.0,7,Without renovation
7700000.0,Лесопарковая,9.0,0.0,28.0,2.0,23,Without renovation
4390000.0,Кантемировская,5.0,0.0,17.4,2.0,14,Without renovation
13400000.0,Ботанический сад,2.0,0.0,27.1,21.0,25,European-style renovation
13500000.0,Аминьевская,6.0,0.0,25.2,23.0,29,European-style renovation
7104000.0,Электрозаводская,8.0,0.0,22.2,2.0,3,Without renovation
11700000.0,Аэропорт,3.0,0.0,26.0,3.0,4,Designer
9800000.0,Лесопарковая,9.0,0.0,35.0,2.0,23,Without renovation
5100000.0,Некрасовка,8.0,0.0,20.5,2.0,17,European-style renovation
8350000.0,Улица Скобелевская,12.0,0.0,20.9,21.0,33,Cosmetic
16400000.0,Хорошево,16.0,0.0,29.8,10.0,26,Cosmetic
5750000.0,Савеловская,9.0,0.0,14.5,1.0,4,Without renovation
6650000.0,Электрозаводская,8.0,0.0,19.0,1.0,3,Without renovation
4900000.0,Некрасовка,6.0,0.0,17.0,2.0,17,Cosmetic
3800000.0,Новопеределкино,11.0,0.0,13.8,1.0,14,Cosmetic
7050000.0,Окружная,7.0,0.0,24.5,1.0,5,European-style renovation
4351000.0,Бунинская Аллея,12.0,0.0,20.0,1.0,12,Cosmetic
3550000.0,Беломорская,11.0,0.0,11.0,1.0,9,European-style renovation
3599000.0,Медведково,9.0,0.0,13.0,1.0,9,Without renovation
5750000.0,Кузьминки,12.0,0.0,16.0,1.0,5,European-style renovation
3550000.0,Новогиреево,12.0,0.0,11.5,1.0,5,European-style renovation
5299008.0,Некрасовка,8.0,0.0,23.7,2.0,17,Cosmetic
7650000.0,Бульвар Рокоссовского,10.0,0.0,19.1,5.0,5,European-style renovation
6469452.0,Динамо,5.0,0.0,12.1,2.0,12,European-style renovation
4950000.0,Рассказовка,6.0,0.0,21.5,2.0,23,Cosmetic
6750000.0,Коммунарка,26.0,0.0,25.5,2.0,14,Without renovation
6600000.0,Лесопарковая,9.0,0.0,23.5,2.0,23,Without renovation
5940000.0,Чкаловская,13.0,0.0,13.2,3.0,8,Without renovation
6150000.0,Волгоградский проспект,7.0,0.0,19.2,1.0,5,European-style renovation
5100000.0,Преображенская площадь,17.0,0.0,13.8,1.0,5,European-style renovation
9950000.0,Прокшино,29.0,0.0,37.0,9.0,15,Cosmetic
9100000.0,Аэропорт,3.0,0.0,19.9,2.0,4,Designer
14500000.0,Хорошево,23.0,0.0,24.6,12.0,19,Designer
10500000.0,Беговая,12.0,0.0,27.0,5.0,5,Cosmetic
8999000.0,Калитники,8.0,0.0,26.1,7.0,8,European-style renovation
5250000.0,Академическая,13.0,0.0,15.5,1.0,5,Without renovation
3950000.0,Рассказовка,6.0,0.0,15.5,2.0,23,Without renovation
4150000.0,Рассказовка,6.0,0.0,15.5,2.0,23,Cosmetic
6900000.0,Прокшино,22.0,0.0,22.4,5.0,15,Without renovation
8364000.0,Первомайская,19.0,0.0,32.8,2.0,5,European-style renovation
13890000.0,Курская,9.0,0.0,22.2,2.0,11,Without renovation
4900000.0,Щелковская,12.0,0.0,18.9,1.0,9,Cosmetic
9200000.0,Лесопарковая,9.0,0.0,33.0,2.0,23,Without renovation
7900000.0,Прокшино,25.0,0.0,24.0,2.0,14,Cosmetic
12750000.0,Саларьево,26.0,0.0,53.9,19.0,22,Without renovation
11806238.0,Калитники,8.0,0.0,38.0,5.0,8,Designer
4900000.0,Шипиловская,19.0,0.0,15.6,1.0,9,European-style renovation
7020000.0,Тропарево,16.0,0.0,20.6,6.0,22,Designer
5950000.0,Калитники,8.0,0.0,21.6,4.0,8,Without renovation
11903000.0,Новокузнецкая,9.0,0.0,17.2,2.0,7,Designer
22000000.0,Тверская,4.0,0.0,35.0,5.0,10,Cosmetic
8750000.0,Люблино,13.0,0.0,26.9,13.0,14,Cosmetic
4850000.0,Некрасовка,9.0,0.0,24.3,2.0,17,Cosmetic
3750000.0,Юго-Восточная,10.0,0.0,14.8,1.0,9,Cosmetic
3850000.0,Люблино,8.0,0.0,11.0,1.0,12,European-style renovation
4850000.0,Бунинская Аллея,12.0,0.0,18.0,1.0,12,European-style renovation
6500000.0,Проспект Вернадского,9.0,0.0,14.3,6.0,10,Without renovation
4850000.0,Некрасовка,7.0,0.0,23.0,2.0,17,Cosmetic
19250000.0,Беломорская,4.0,0.0,47.0,25.0,35,European-style renovation
7699000.0,Прокшино,13.0,0.0,23.0,7.0,18,Without renovation
10700000.0,Измайлово,9.0,0.0,26.4,4.0,4,Designer
10300000.0,Октябрьское поле,23.0,0.0,27.4,6.0,25,Designer
5700000.0,Южная,14.0,0.0,30.0,2.0,6,Without renovation
5850000.0,Окская,15.0,0.0,15.4,4.0,5,European-style renovation
4800000.0,Люблино,11.0,0.0,20.0,1.0,9,Without renovation
9000000.0,Красный Балтиец,14.0,0.0,22.2,3.0,7,Cosmetic
4200000.0,Алтуфьево,22.0,0.0,14.0,1.0,12,Cosmetic
7850850.0,Красный Балтиец,14.0,0.0,23.3,7.0,7,Cosmetic
13425000.0,Аэропорт,3.0,0.0,29.6,3.0,4,Designer
10400000.0,Аэропорт,3.0,0.0,22.9,3.0,4,Designer
4650000.0,Жулебино,6.0,0.0,18.6,1.0,14,Without renovation
7200000.0,Тургеневская,3.0,0.0,16.0,1.0,8,Without renovation
16700000.0,Аминьевская,10.0,0.0,30.0,4.0,37,Designer
6749801.0,Селигерская,27.0,0.0,20.1,2.0,3,Designer
5750000.0,Красный Балтиец,7.0,0.0,19.6,1.0,5,Cosmetic
7800000.0,Тургеневская,5.0,0.0,14.5,1.0,8,Without renovation
4000000.0,Выхино,21.0,0.0,12.0,1.0,9,Cosmetic
14300000.0,Авиамоторная,18.0,0.0,30.0,6.0,17,Without renovation
5750000.0,Академическая,14.0,0.0,20.0,1.0,5,Without renovation
12500000.0,Площадь Ильича,10.0,0.0,31.7,10.0,10,Designer
25918000.0,Электрозаводская,17.0,0.0,85.2,7.0,7,Without renovation
9400000.0,Аэропорт,3.0,0.0,17.8,4.0,4,Designer
4149000.0,Лианозово,10.0,0.0,17.3,1.0,12,Cosmetic
3880000.0,Бунинская Аллея,11.0,0.0,14.1,1.0,12,Cosmetic
15377000.0,Электрозаводская,17.0,0.0,45.2,7.0,7,Without renovation
5750000.0,Академическая,13.0,0.0,20.0,1.0,5,Without renovation
5750000.0,Академическая,14.0,0.0,20.0,1.0,5,Without renovation
3800000.0,Новопеределкино,12.0,0.0,11.8,1.0,14,European-style renovation
9400000.0,Аэропорт,3.0,0.0,17.8,2.0,4,Designer
7800000.0,Гражданская,7.0,0.0,37.0,1.0,5,Without renovation
8000000.0,Коломенская,12.0,0.0,27.0,1.0,9,European-style renovation
14200000.0,Красносельская,8.0,0.0,30.3,4.0,4,European-style renovation
8800000.0,Прокшино,14.0,0.0,29.5,10.0,19,Without renovation
5650000.0,Кузьминки,12.0,0.0,15.7,3.0,5,Cosmetic
16500000.0,Электрозаводская,11.0,0.0,32.2,3.0,11,Cosmetic
15500000.0,Студенческая,10.0,0.0,32.2,3.0,10,Cosmetic
3800000.0,Ясенево,18.0,0.0,11.3,1.0,9,European-style renovation
19000000.0,Шелепиха,13.0,0.0,30.0,22.0,24,Designer
6499000.0,Кожуховская,7.0,0.0,19.0,1.0,5,Without renovation
12000000.0,Савеловская,15.0,0.0,27.1,8.0,12,Designer
10000000.0,ЗИЛ,14.0,0.0,40.0,2.0,5,European-style renovation
3799000.0,Ясенево,19.0,0.0,11.0,1.0,9,European-style renovation
3990000.0,Бунинская Аллея,12.0,0.0,11.3,1.0,12,Cosmetic
4700000.0,Селигерская,12.0,0.0,15.0,3.0,10,European-style renovation
19970000.0,Электрозаводская,17.0,0.0,58.7,7.0,7,Without renovation
24375000.0,Динамо,9.0,0.0,32.5,3.0,16,Without renovation
3900000.0,Жулебино,6.0,0.0,14.0,1.0,14,Without renovation
3750000.0,Первомайская,16.0,0.0,14.7,1.0,5,Cosmetic
6650000.0,Первомайская,17.0,0.0,19.5,6.0,6,European-style renovation
5500000.0,Лесопарковая,9.0,0.0,20.0,2.0,23,Without renovation
7700000.0,Царицыно,27.0,0.0,25.0,15.0,15,European-style renovation
6100000.0,Электрозаводская,12.0,0.0,18.4,8.0,8,Designer
4200000.0,Волжская,10.0,0.0,12.0,1.0,5,Cosmetic
3900000.0,Депо,8.0,0.0,15.9,1.0,9,Without renovation
18400000.0,Авиамоторная,18.0,0.0,43.5,12.0,23,European-style renovation
3990000.0,Лихоборы,21.0,0.0,12.0,1.0,5,Designer
6500000.0,Динамо,5.0,0.0,17.6,2.0,12,European-style renovation
5745128.0,Рязанский проспект,16.0,0.0,19.5,2.0,6,European-style renovation
4599000.0,Войковская,12.0,0.0,14.5,1.0,9,Without renovation
6700000.0,Улица Горчакова,30.0,0.0,19.0,15.0,15,Without renovation
4100000.0,Рязанский проспект,15.0,0.0,12.0,2.0,4,Cosmetic
12390000.0,Электрозаводская,17.0,0.0,35.3,6.0,7,Without renovation
8450000.0,Локомотив,17.0,0.0,23.5,3.0,39,Designer
5750000.0,Красный Балтиец,8.0,0.0,19.6,1.0,5,Without renovation
5750000.0,Академическая,13.0,0.0,20.0,1.0,5,Without renovation
6650000.0,Автозаводская,6.0,0.0,20.0,4.0,5,Cosmetic
8700000.0,Первомайская,7.0,0.0,30.0,3.0,3,European-style renovation
3650000.0,Академическая,15.0,0.0,12.5,1.0,5,Without renovation
3550000.0,Медведково,9.0,0.0,13.0,1.0,9,Cosmetic
8800000.0,Лесопарковая,9.0,0.0,22.9,21.0,23,Designer
4350000.0,Бунинская Аллея,12.0,0.0,20.6,1.0,12,Cosmetic
5950000.0,Первомайская,17.0,0.0,17.5,6.0,6,European-style renovation
3950000.0,Академическая,13.0,0.0,12.5,1.0,5,Without renovation
8800000.0,Китай-город,6.0,0.0,15.3,1.0,6,Cosmetic
4990000.0,Гражданская,7.0,0.0,24.2,1.0,5,Without renovation
12093000.0,Электрозаводская,17.0,0.0,32.3,7.0,7,Without renovation
6050000.0,Первомайская,17.0,0.0,16.5,6.0,6,European-style renovation
5140000.0,Первомайская,17.0,0.0,17.1,6.0,6,Cosmetic
4150000.0,Рассказовка,6.0,0.0,15.8,2.0,23,Without renovation
4250000.0,Лианозово,10.0,0.0,17.5,1.0,12,Cosmetic
9800000.0,Аэропорт,3.0,0.0,19.7,3.0,4,Designer
3690000.0,Кантемировская,5.0,0.0,13.0,2.0,14,Cosmetic
3900000.0,Депо,8.0,0.0,15.9,1.0,9,Cosmetic
6850000.0,Ольховая,26.0,0.0,29.5,7.0,23,Cosmetic
22944000.0,Электрозаводская,17.0,0.0,71.7,6.0,7,Without renovation
13000000.0,Давыдково,22.0,0.0,52.0,2.0,7,European-style renovation
9700000.0,Аэропорт,3.0,0.0,25.9,3.0,4,Designer
3600000.0,Покровское,12.0,0.0,15.3,1.0,9,Without renovation
5800000.0,Калитники,16.0,0.0,14.0,7.0,10,Designer
10500000.0,Аэропорт,3.0,0.0,27.3,3.0,4,Designer
4650000.0,Жулебино,6.0,0.0,18.6,1.0,14,Cosmetic
4000000.0,Юго-Восточная,11.0,0.0,15.5,2.0,10,Cosmetic
4400000.0,Беломорская,18.0,0.0,15.5,1.0,9,Cosmetic
3900000.0,Жулебино,6.0,0.0,14.6,1.0,14,Cosmetic
7200000.0,Прокшино,22.0,0.0,29.1,15.0,15,Without renovation
8700000.0,ЗИЛ,14.0,0.0,43.0,2.0,5,Designer
7900000.0,Аэропорт,3.0,0.0,15.3,3.0,4,Designer
6400000.0,Андроновка,8.0,0.0,18.8,3.0,5,Cosmetic
3750000.0,Первомайская,16.0,0.0,14.2,1.0,5,Cosmetic
5900000.0,Электрозаводская,12.0,0.0,15.8,8.0,8,Designer
3800000.0,Планерная,15.0,0.0,11.7,1.0,9,Without renovation
10300000.0,Аэропорт,3.0,0.0,27.3,3.0,4,Designer
5450000.0,Первомайская,17.0,0.0,17.1,6.0,6,Cosmetic
3600000.0,Гражданская,7.0,0.0,16.6,1.0,5,Without renovation
4500000.0,Некрасовка,19.0,0.0,22.5,2.0,25,Cosmetic
3550000.0,Гражданская,7.0,0.0,16.2,1.0,5,Without renovation
6695000.0,Некрасовка,18.0,0.0,37.0,2.0,18,Cosmetic
6500000.0,Прокшино,18.0,0.0,22.5,4.0,16,Without renovation
5500000.0,Первомайская,12.0,0.0,20.0,3.0,5,European-style renovation
4100000.0,Некрасовка,19.0,0.0,19.5,2.0,25,Without renovation
24116400.0,Электрозаводская,17.0,0.0,87.0,6.0,7,Without renovation
3850000.0,Гражданская,7.0,0.0,19.0,1.0,5,Without renovation
5749000.0,Красный Балтиец,7.0,0.0,20.0,1.0,5,Without renovation
10200000.0,Бутырская,12.0,0.0,22.0,24.0,33,Cosmetic
3950000.0,Планерная,7.0,0.0,12.0,1.0,9,European-style renovation
7000000.0,Красносельская,3.0,0.0,15.1,3.0,3,Designer
4990000.0,Гражданская,7.0,0.0,28.6,1.0,5,Without renovation
6250000.0,Речной вокзал,12.0,0.0,18.3,4.0,4,Designer
4150000.0,Рассказовка,6.0,0.0,15.3,2.0,23,Without renovation
4400000.0,Текстильщики,14.0,0.0,17.0,2.0,12,Cosmetic
4800000.0,Текстильщики,14.0,0.0,23.2,2.0,12,Without renovation
3990000.0,Гражданская,7.0,0.0,20.2,1.0,5,Without renovation
4914000.0,Ботанический сад,13.0,0.0,18.9,4.0,5,Cosmetic
4966000.0,Ботанический сад,13.0,0.0,19.1,3.0,5,Cosmetic
5226000.0,Ботанический сад,13.0,0.0,20.1,3.0,5,Cosmetic
8199999.0,Солнцево,7.0,0.0,24.0,8.0,23,Cosmetic
4950000.0,Рассказовка,6.0,0.0,20.0,2.0,23,Without renovation
4888000.0,Ботанический сад,13.0,0.0,18.8,2.0,5,Cosmetic
5850000.0,Рассказовка,3.0,0.0,23.5,8.0,9,Cosmetic
5000000.0,Шипиловская,6.0,0.0,16.0,1.0,9,European-style renovation
34000000.0,Красногвардейская,9.0,0.0,71.7,30.0,30,Without renovation
5200000.0,Щелковская,8.0,0.0,18.5,1.0,9,European-style renovation
22592000.0,Электрозаводская,17.0,0.0,70.6,6.0,7,Without renovation
6350000.0,Сокольники,19.0,0.0,18.2,2.0,3,Designer
5100000.0,Тропарево,7.0,0.0,19.0,1.0,16,Cosmetic
4995000.0,Гражданская,9.0,0.0,20.8,1.0,5,Cosmetic
5750000.0,Красный Балтиец,9.0,0.0,19.5,1.0,5,Cosmetic
5500000.0,Тропарево,16.0,0.0,15.8,9.0,16,Designer
7900000.0,Филатов Луг,9.0,0.0,21.5,6.0,15,European-style renovation
4862000.0,Ботанический сад,13.0,0.0,18.7,5.0,5,Cosmetic
4990000.0,Сходненская,16.0,0.0,26.9,8.0,8,Cosmetic
4100000.0,Беломорская,14.0,0.0,11.5,1.0,9,Cosmetic
4810000.0,Ботанический сад,13.0,0.0,18.5,3.0,5,Cosmetic
20350000.0,Электрозаводская,17.0,0.0,55.0,6.0,7,Without renovation
5500000.0,Кантемировская,7.0,0.0,20.6,2.0,2,Designer
4850000.0,Трикотажная,13.0,0.0,20.0,1.0,17,Cosmetic
3900000.0,Медведково,12.0,0.0,11.6,1.0,9,Cosmetic
6200000.0,Калитники,8.0,0.0,21.0,3.0,8,Without renovation
4843000.0,Электрозаводская,8.0,0.0,16.7,3.0,3,Without renovation
8900000.0,Аэропорт,3.0,0.0,19.9,3.0,4,Designer
3800000.0,Планерная,15.0,0.0,12.0,1.0,9,European-style renovation
6940000.0,Бауманская,14.0,0.0,17.3,1.0,4,European-style renovation
6109000.0,Аминьевская,18.0,0.0,14.9,8.0,9,European-style renovation
4860000.0,Юго-Восточная,14.0,0.0,17.0,8.0,9,European-style renovation
8000000.0,Площадь Ильича,10.0,0.0,20.9,8.0,16,Cosmetic
9500000.0,Аэропорт,3.0,0.0,24.1,2.0,4,Designer
3650000.0,Юго-Восточная,11.0,0.0,11.5,2.0,10,Cosmetic
7500000.0,Медведково,27.0,0.0,20.0,13.0,33,European-style renovation
8200000.0,Некрасовка,16.0,0.0,32.4,2.0,22,European-style renovation
4090000.0,Нижегородская,12.0,0.0,15.4,2.0,4,European-style renovation
3800000.0,Ясенево,18.0,0.0,11.0,1.0,9,European-style renovation
3880000.0,Бунинская Аллея,12.0,0.0,14.0,1.0,12,Without renovation
5100000.0,Некрасовка,8.0,0.0,20.5,2.0,17,Without renovation
12200000.0,Аэропорт,3.0,0.0,27.1,4.0,4,Designer
11400000.0,Аэропорт,3.0,0.0,25.8,3.0,4,Designer
8520000.0,Аэропорт,3.0,0.0,18.4,3.0,4,Designer
11700000.0,Измайлово,9.0,0.0,26.6,4.0,4,Designer
5210000.0,Юго-Восточная,14.0,0.0,25.0,8.0,9,European-style renovation
8300000.0,Солнцево,14.0,0.0,21.6,13.0,22,Designer
8700000.0,Саларьево,12.0,0.0,20.1,1.0,25,Cosmetic
7637500.0,Солнцево,11.0,0.0,24.1,1.0,14,European-style renovation
13600000.0,Измайлово,9.0,0.0,31.8,4.0,4,Cosmetic
6050000.0,Речной вокзал,12.0,0.0,16.7,4.0,4,Designer
6699000.0,Солнцево,11.0,0.0,21.0,1.0,14,European-style renovation
6839000.0,Речной вокзал,12.0,0.0,21.9,2.0,4,Cosmetic
4700000.0,Семеновская,18.0,0.0,20.0,2.0,2,European-style renovation
5920050.0,Солнцево,11.0,0.0,18.3,1.0,14,European-style renovation
6789305.0,Лесопарковая,11.0,0.0,18.4,1.0,22,European-style renovation
9200000.0,Сокол,9.0,0.0,19.3,6.0,14,Designer
4810000.0,Ботанический сад,13.0,0.0,18.5,2.0,5,Without renovation
4720000.0,Улица Скобелевская,16.0,0.0,13.1,3.0,34,European-style renovation
5100000.0,Улица Скобелевская,16.0,0.0,15.5,3.0,34,European-style renovation
4652000.0,Речной вокзал,12.0,0.0,11.8,4.0,4,Cosmetic
12500000.0,Аэропорт,3.0,0.0,29.6,2.0,4,Designer
4675000.0,Ботанический сад,10.0,0.0,18.7,2.0,5,Without renovation
4150000.0,Улица Скобелевская,16.0,0.0,11.2,3.0,34,European-style renovation
9900000.0,Калитники,8.0,0.0,26.1,7.0,8,Designer
4150000.0,Улица Скобелевская,16.0,0.0,11.4,3.0,34,European-style renovation
6900000.0,Лесопарковая,11.0,0.0,18.7,1.0,22,European-style renovation
4275000.0,Ботанический сад,10.0,0.0,17.1,2.0,5,Cosmetic
3550000.0,Нижегородская,12.0,0.0,11.8,2.0,4,European-style renovation
5000000.0,Улица Скобелевская,16.0,0.0,15.9,3.0,34,European-style renovation
5890000.0,Петровский парк,16.0,0.0,22.4,2.0,2,Designer
5304000.0,Окружная,5.0,0.0,20.4,1.0,5,Without renovation
8699000.0,Локомотив,16.0,0.0,20.0,27.0,33,European-style renovation
11700000.0,Алексеевская,6.0,0.0,25.0,8.0,12,Cosmetic
3950000.0,Новогиреево,25.0,0.0,17.0,1.0,9,Cosmetic
9250000.0,Савеловская,16.0,0.0,19.7,7.0,14,Cosmetic
6150000.0,Силикатная,30.0,0.0,24.8,13.0,15,Cosmetic
5200000.0,Окружная,5.0,0.0,20.8,3.0,5,Without renovation
8450000.0,Коммунарка,14.0,0.0,22.0,6.0,15,European-style renovation
7325000.0,Окружная,5.0,0.0,29.3,4.0,5,Without renovation
5800000.0,Бауманская,17.0,0.0,21.1,1.0,5,Designer
4780000.0,Некрасовка,6.0,0.0,20.0,2.0,17,Cosmetic
4600000.0,Некрасовка,6.0,0.0,18.5,2.0,17,Cosmetic
5400000.0,Некрасовка,6.0,0.0,23.0,2.0,17,Cosmetic
7325000.0,Окружная,5.0,0.0,29.3,2.0,5,Without renovation
6400000.0,Щербинка,12.0,0.0,29.2,13.0,18,Without renovation
10900000.0,Красносельская,21.0,0.0,33.8,2.0,3,Designer
7900000.0,Ботанический сад,13.0,0.0,24.0,3.0,5,Designer
7400000.0,Перово,16.0,0.0,24.8,3.0,5,Cosmetic
8300000.0,Текстильщики,21.0,0.0,24.9,6.0,23,Cosmetic
7500000.0,Прокшино,15.0,0.0,23.6,11.0,18,Cosmetic
10800000.0,Водный стадион,15.0,0.0,35.6,3.0,15,Designer
4800000.0,Селигерская,27.0,0.0,13.6,2.0,3,Cosmetic
9400000.0,Яхромская,8.0,0.0,23.8,18.0,25,Designer
4000000.0,Покровское,27.0,0.0,23.1,12.0,16,Without renovation
11300000.0,Технопарк,9.0,0.0,30.0,9.0,15,European-style renovation
7700000.0,Коммунарка,8.0,0.0,24.4,5.0,16,Cosmetic
5050000.0,Рязанский проспект,16.0,0.0,26.9,1.0,6,European-style renovation
9500000.0,Лесопарковая,9.0,0.0,22.2,6.0,23,European-style renovation
6800000.0,Сретенский бульвар,7.0,0.0,14.0,1.0,3,Cosmetic
7200000.0,Семеновская,18.0,0.0,28.0,2.0,2,Cosmetic
12300000.0,Аминьевская,15.0,0.0,28.1,24.0,43,Cosmetic
7500000.0,Саларьево,19.0,0.0,23.2,4.0,22,Cosmetic
5550000.0,Студенческая,9.0,0.0,12.3,1.0,5,Cosmetic
15325000.0,Международная,3.0,0.0,25.0,43.0,60,Cosmetic
5390000.0,ВДНХ,10.0,0.0,22.8,1.0,8,European-style renovation
9590000.0,Саларьево,12.0,0.0,21.0,14.0,25,European-style renovation
6900000.0,Алексеевская,10.0,0.0,16.2,4.0,5,Cosmetic
4150000.0,Академическая,13.0,0.0,12.6,1.0,5,Cosmetic
5950000.0,Рассказовка,3.0,0.0,20.0,9.0,9,Cosmetic
5700000.0,Селигерская,12.0,0.0,18.0,1.0,10,Cosmetic
5499000.0,Окружная,7.0,0.0,18.0,5.0,5,Cosmetic
9100000.0,Владыкино,12.0,0.0,20.0,14.0,33,Cosmetic
5400000.0,Некрасовка,18.0,0.0,24.0,2.0,18,Cosmetic
9850000.0,Марксистская,4.0,0.0,16.0,2.0,4,Cosmetic
7500000.0,Прокшино,12.0,0.0,21.0,11.0,16,Without renovation
5050000.0,Рязанский проспект,17.0,0.0,26.7,1.0,1,European-style renovation
15500000.0,Водный стадион,7.0,0.0,49.8,3.0,26,Without renovation
13200000.0,Хорошево,12.0,0.0,27.6,5.0,27,Cosmetic
22000000.0,Площадь Ильича,10.0,0.0,31.0,12.0,14,European-style renovation
6723872.0,Красный Балтиец,15.0,0.0,15.6,3.0,4,European-style renovation
9500000.0,Селигерская,9.0,0.0,15.0,9.0,9,Cosmetic
16807440.0,Бауманская,10.0,0.0,36.0,4.0,9,Cosmetic
10900000.0,Рассказовка,6.0,0.0,27.5,5.0,23,Cosmetic
9200000.0,Владыкино,12.0,0.0,19.8,3.0,33,Designer
12490000.0,Хорошево,23.0,0.0,25.0,14.0,19,Cosmetic
5850000.0,Рассказовка,3.0,0.0,21.9,8.0,9,Cosmetic
6100000.0,Тропарево,16.0,0.0,17.5,4.0,22,European-style renovation
12490000.0,Профсоюзная,22.0,0.0,48.8,13.0,23,Cosmetic
8900000.0,Селигерская,17.0,0.0,22.0,7.0,22,Without renovation
6600000.0,Силикатная,30.0,0.0,24.0,6.0,16,European-style renovation
12500000.0,Октябрьское поле,22.0,0.0,28.6,5.0,25,Cosmetic
5900000.0,Тропарево,16.0,0.0,16.6,4.0,22,European-style renovation
9900000.0,Рижская,20.0,0.0,24.0,5.0,21,European-style renovation
10700000.0,Рижская,20.0,0.0,24.0,15.0,21,European-style renovation
8200000.0,Прокшино,13.0,0.0,21.1,14.0,17,Cosmetic
8200000.0,Прокшино,13.0,0.0,21.2,11.0,17,Cosmetic
16000000.0,Народное Ополчение,29.0,0.0,39.0,18.0,27,Cosmetic
9695000.0,Бульвар Рокоссовского,26.0,0.0,27.7,23.0,23,Designer
8500000.0,Ботанический сад,19.0,0.0,30.2,14.0,18,Without renovation
7000000.0,Беломорская,23.0,0.0,17.0,7.0,9,Cosmetic
5400000.0,Москва-Товарная,19.0,0.0,22.8,1.0,4,Designer
11900000.0,Озёрная,9.0,0.0,20.1,15.0,33,Cosmetic
8950000.0,Чкаловская,13.0,0.0,20.1,4.0,8,Cosmetic
8300000.0,Нижегородская,9.0,0.0,22.7,17.0,33,Without renovation
14550000.0,Беговая,4.0,0.0,39.4,6.0,6,Designer
4100000.0,Рязанский проспект,15.0,0.0,11.8,1.0,4,European-style renovation
4700000.0,Рязанский проспект,15.0,0.0,15.6,1.0,4,European-style renovation
12100000.0,Юго-Западная,16.0,0.0,24.0,2.0,12,Cosmetic
9500000.0,Коломенская,23.0,0.0,20.0,6.0,35,Cosmetic
5999999.0,Аминьевская,18.0,0.0,12.4,1.0,9,Designer
7400000.0,Прокшино,20.0,0.0,22.4,8.0,16,Cosmetic
5176000.0,Пятницкое шоссе,20.0,0.0,20.1,14.0,28,Cosmetic
7090000.0,Прокшино,13.0,0.0,21.2,12.0,17,Without renovation
8300000.0,Коммунарка,12.0,0.0,24.4,6.0,15,Cosmetic
14852000.0,Таганская,7.0,0.0,31.6,2.0,6,Cosmetic
8350000.0,Владыкино,13.0,0.0,19.8,4.0,35,Cosmetic
4599000.0,Первомайская,17.0,0.0,24.7,6.0,6,European-style renovation
7990000.0,Бибирево,21.0,0.0,22.4,7.0,7,Cosmetic
5984822.0,Электрозаводская,12.0,0.0,15.6,6.0,8,Designer
4950000.0,Окружная,5.0,0.0,19.8,3.0,5,Without renovation
15260000.0,Аминьевская,5.0,0.0,32.5,4.0,42,Without renovation
13850000.0,Окружная,8.0,0.0,35.0,1.0,5,Designer
10600000.0,Достоевская,11.0,0.0,20.0,15.0,17,Cosmetic
8950000.0,Преображенская площадь,12.0,0.0,21.1,1.0,4,Designer
6950000.0,Улица Дмитриевского,30.0,0.0,20.0,21.0,24,Cosmetic
8149000.0,Солнцево,7.0,0.0,23.2,4.0,23,Cosmetic
7700000.0,Прокшино,13.0,0.0,25.2,2.0,18,Cosmetic
18500000.0,Профсоюзная,22.0,0.0,45.4,18.0,23,European-style renovation
17100000.0,Селигерская,16.0,0.0,33.0,8.0,44,Cosmetic
5350000.0,Семеновская,6.0,0.0,13.3,4.0,4,Designer
5075000.0,Окружная,5.0,0.0,20.3,5.0,5,Without renovation
9800000.0,Тульская,13.0,0.0,20.6,8.0,11,Designer
14000000.0,Селигерская,13.0,0.0,25.2,28.0,45,Designer
8100000.0,Домодедовская,17.0,0.0,29.0,2.0,20,Cosmetic
7000000.0,Окружная,8.0,0.0,18.6,3.0,5,European-style renovation
9700000.0,Аннино,12.0,0.0,25.0,18.0,26,European-style renovation
16990000.0,Фили,17.0,0.0,30.0,14.0,25,Cosmetic
7479546.0,Красный Балтиец,15.0,0.0,15.0,4.0,4,European-style renovation
8200000.0,Прокшино,13.0,0.0,21.2,7.0,17,Without renovation
